seq,t_us,ax,ay,az,gx,gy,gz,roll,pitch,g_lat,g_lon,yaw_rate,lat,lon,gps_spd,sats,gps_fix
0,1586119,-4.240,1.397,-8.827,0.187,-17.101,6.403,171.004,25.381,0.142,-0.432,6.403,0.000000,0.000000,0.00,0,0
1,1596110,-4.374,1.257,-9.012,2.537,-18.016,5.854,171.544,25.437,0.128,-0.446,5.854,0.000000,0.000000,0.00,0,0
2,1606110,-4.467,1.241,-9.173,4.856,-18.047,4.847,171.832,25.428,0.127,-0.455,4.847,4.637713,-74.084417,0.09,0,1
3,1616118,-4.595,1.200,-9.321,6.962,-17.040,3.992,172.104,25.467,0.122,-0.469,3.992,4.637713,-74.084417,0.09,0,1
4,1626108,-4.667,1.154,-9.442,8.763,-15.209,3.168,172.378,25.496,0.118,-0.476,3.168,4.637713,-74.084417,0.09,0,1
5,1636114,-4.655,1.202,-9.634,9.678,-12.523,2.802,172.562,25.425,0.123,-0.475,2.802,4.637713,-74.084417,0.09,0,1
6,1646103,-4.629,1.036,-9.687,10.044,-9.258,3.077,172.887,25.355,0.106,-0.472,3.077,4.637713,-74.084417,0.09,0,1
7,1656122,-4.569,0.833,-9.648,9.068,-6.481,3.351,173.338,25.294,0.085,-0.466,3.351,4.637713,-74.084417,0.09,0,1
8,1666112,-4.603,0.833,-9.701,6.718,-4.680,2.985,173.703,25.264,0.085,-0.469,2.985,4.637713,-74.084417,0.09,0,1
9,1676125,-4.581,0.925,-9.744,4.734,-3.734,2.588,173.921,25.213,0.094,-0.467,2.588,4.637713,-74.084417,0.09,0,1
10,1686113,-4.626,0.925,-9.658,3.758,-3.063,2.070,174.095,25.238,0.094,-0.472,2.070,4.637713,-74.084417,0.09,0,1
11,1696131,-4.712,0.910,-9.593,3.605,-2.880,1.185,174.252,25.349,0.093,-0.481,1.185,4.637713,-74.084417,0.09,0,1
12,1706119,-4.841,0.973,-9.643,4.185,-3.215,0.055,174.341,25.521,0.099,-0.494,0.055,4.637713,-74.084417,0.09,0,1
13,1716113,-5.005,1.031,-9.759,5.497,-3.459,-1.226,174.386,25.748,0.105,-0.510,-1.226,4.637713,-74.084417,0.09,4,1
14,1726121,-5.153,1.050,-9.821,7.084,-3.185,-1.989,174.422,26.036,0.107,-0.525,-1.989,4.637713,-74.084417,0.09,4,1
15,1736117,-5.282,1.028,-9.749,7.755,-2.147,-1.928,174.466,26.420,0.105,-0.539,-1.928,4.637713,-74.084417,0.09,4,1
16,1746107,-5.363,0.958,-9.773,7.206,-0.865,-1.348,174.558,26.822,0.098,-0.547,-1.348,4.637713,-74.084417,0.09,4,1
17,1756122,-5.463,0.983,-9.859,4.887,0.783,-0.128,174.601,27.228,0.100,-0.557,-0.128,4.637713,-74.084417,0.09,4,1
18,1766113,-5.430,1.142,-10.116,2.781,3.132,2.192,174.506,27.486,0.116,-0.554,2.192,4.637713,-74.084417,0.09,4,1
19,1776123,-5.380,1.286,-10.354,0.401,7.252,5.793,174.301,27.626,0.131,-0.549,5.793,4.637713,-74.084417,0.09,4,1
20,1786110,-5.282,1.159,-10.361,-0.667,12.318,9.485,174.212,27.726,0.118,-0.539,9.485,4.637713,-74.084417,0.09,4,1
21,1796117,-5.122,0.840,-10.196,-0.759,16.591,11.744,174.375,27.802,0.086,-0.522,11.744,4.637713,-74.084417,0.09,4,1
22,1806115,-4.934,0.623,-10.073,-0.728,19.032,12.140,174.689,27.804,0.064,-0.503,12.140,4.637713,-74.084417,0.09,4,1
23,1816121,-4.757,0.517,-10.066,-0.637,19.612,10.889,175.054,27.688,0.053,-0.485,10.889,4.637713,-74.084417,0.09,4,1
24,1826110,-4.684,0.443,-10.013,-0.789,19.124,9.150,175.435,27.542,0.045,-0.478,9.150,4.637713,-74.084417,0.09,4,1
25,1836139,-4.717,0.476,-9.965,-1.736,17.842,7.319,175.735,27.429,0.049,-0.481,7.319,4.637713,-74.084417,0.09,4,1
26,1846115,-4.753,0.643,-9.984,-3.231,16.041,6.159,175.858,27.321,0.066,-0.485,6.159,4.637713,-74.084417,0.09,4,1
27,1856111,-4.796,0.778,-9.922,-4.513,14.760,6.312,175.847,27.251,0.079,-0.489,6.312,4.637713,-74.084417,0.09,4,1
28,1866105,-4.839,0.869,-9.874,-6.191,13.814,7.746,175.748,27.216,0.089,-0.493,7.746,4.637713,-74.084417,0.09,4,1
29,1876130,-4.879,0.946,-9.905,-7.747,13.173,10.004,175.590,27.189,0.097,-0.498,10.004,4.637713,-74.084417,0.09,4,1
30,1886112,-4.874,0.913,-9.881,-8.846,13.173,12.690,175.463,27.167,0.093,-0.497,12.690,4.637713,-74.084417,0.09,4,1
31,1896127,-4.846,0.816,-9.699,-9.945,13.600,15.314,175.400,27.187,0.083,-0.494,15.314,4.637713,-74.084417,0.09,4,1
32,1906105,-4.836,0.746,-9.514,-10.830,14.027,17.389,175.377,27.258,0.076,-0.493,17.389,4.637713,-74.084417,0.09,4,1
33,1916110,-4.805,0.681,-9.446,-10.891,14.363,18.580,175.403,27.326,0.069,-0.490,18.580,4.637713,-74.084417,0.09,4,1
34,1926122,-4.798,0.534,-9.418,-10.403,15.156,18.915,175.539,27.398,0.054,-0.489,18.915,4.637713,-74.084417,0.09,4,1
35,1938718,-4.684,0.476,-9.345,-6.405,18.239,17.237,175.744,27.474,0.049,-0.478,17.237,4.637713,-74.084417,0.09,4,1
36,1946101,-4.684,0.476,-9.345,-6.405,18.239,17.237,175.925,27.504,0.049,-0.478,17.237,4.637713,-74.084417,0.09,4,1
37,1956102,-4.626,0.409,-9.221,-3.261,20.131,15.619,176.159,27.548,0.042,-0.472,15.619,4.637713,-74.084417,0.09,4,1
38,1966130,-4.533,0.320,-9.086,0.523,21.596,13.514,176.464,27.585,0.033,-0.462,13.514,4.637713,-74.084417,0.09,4,1
39,1976115,-4.464,0.141,-8.911,4.795,22.603,11.103,176.904,27.636,0.014,-0.455,11.103,4.637713,-74.084417,0.09,4,1
40,1986106,-4.424,-0.081,-8.745,8.946,23.243,8.631,177.501,27.711,-0.008,-0.451,8.631,4.637713,-74.084417,0.09,4,1
41,1996116,-4.450,-0.389,-8.627,12.364,23.213,5.915,178.301,27.824,-0.040,-0.454,5.915,4.637713,-74.084417,0.09,4,1
42,2006118,-4.507,-0.637,-8.620,14.317,23.488,3.229,179.224,27.958,-0.065,-0.460,3.229,4.637713,-74.084417,0.09,4,1
43,2016141,-4.598,-0.789,-8.639,14.713,24.434,0.849,180.168,28.128,-0.080,-0.469,0.849,4.637713,-74.084417,0.09,4,1
44,2026119,-4.579,-0.915,-8.551,13.371,26.051,-0.616,181.102,28.305,-0.093,-0.467,-0.616,4.637713,-74.084417,0.09,4,1
45,2036116,-4.474,-0.934,-8.409,9.861,28.279,-0.830,181.937,28.464,-0.095,-0.456,-0.830,4.637713,-74.084417,0.09,4,1
46,2046128,-4.252,-0.744,-8.147,4.795,30.079,0.086,182.520,28.576,-0.076,-0.434,0.086,4.637713,-74.084417,0.09,4,1
47,2056116,-3.944,-0.462,-7.950,-0.088,30.598,1.856,182.796,28.558,-0.047,-0.402,1.856,4.637713,-74.084417,0.09,4,1
48,2066109,-3.680,-0.254,-7.684,-3.780,29.561,4.236,182.857,28.446,-0.026,-0.375,4.236,4.637713,-74.084417,0.09,4,1
49,2078107,-3.358,-0.025,-7.395,-8.205,21.565,8.082,182.707,28.163,-0.003,-0.342,8.082,4.637713,-74.084417,0.09,4,1
50,2086111,-3.358,-0.025,-7.395,-8.205,21.565,8.082,182.547,27.881,-0.003,-0.342,8.082,4.637713,-74.084417,0.09,4,1
51,2096113,-3.282,0.129,-7.491,-8.602,16.377,8.967,182.272,27.496,0.013,-0.335,8.967,4.637713,-74.084417,0.09,4,1
52,2106126,-3.262,0.098,-7.535,-7.503,11.342,9.302,182.057,27.076,0.010,-0.333,9.302,4.637713,-74.084417,0.09,4,1
53,2116111,-3.274,0.088,-7.669,-5.428,6.672,8.814,181.888,26.623,0.009,-0.334,8.814,4.637713,-74.084417,0.09,4,1
54,2126106,-3.251,0.124,-7.854,-2.834,2.369,7.807,181.731,26.107,0.013,-0.331,7.807,4.637713,-74.084417,0.09,4,1
55,2136125,-3.310,0.098,-8.137,-0.210,-1.537,6.983,181.632,25.568,0.010,-0.338,6.983,4.637713,-74.084417,0.09,4,1
56,2146115,-3.429,-0.025,-8.315,2.049,-4.466,6.434,181.648,25.082,-0.003,-0.350,6.434,4.637713,-74.084417,0.09,4,1
57,2156127,-3.499,-0.206,-8.423,3.147,-6.175,5.793,181.795,24.639,-0.021,-0.357,5.793,4.637713,-74.084417,0.09,4,1
58,2166115,-3.515,-0.249,-8.575,2.567,-6.786,5.121,181.947,24.206,-0.025,-0.358,5.121,4.637713,-74.084417,0.09,4,1
59,2176113,-3.551,-0.141,-8.685,1.377,-6.725,4.603,182.000,23.809,-0.014,-0.362,4.603,4.637713,-74.084417,0.09,4,1
60,2186117,-3.563,-0.035,-8.731,0.126,-6.084,4.328,181.965,23.452,-0.004,-0.363,4.328,4.637713,-74.084417,0.09,4,1
61,2196110,-3.582,0.105,-8.786,-0.851,-5.199,3.931,181.832,23.135,0.011,-0.365,3.931,4.637713,-74.084417,0.09,4,1
62,2206115,-3.558,0.397,-8.827,-1.522,-3.887,3.718,181.518,22.835,0.040,-0.363,3.718,4.637713,-74.084417,0.09,4,1
63,2216119,-3.460,0.638,-8.776,-1.095,-1.995,4.114,181.078,22.535,0.065,-0.353,4.114,4.637713,-74.084417,0.09,4,1
64,2226105,-3.363,0.746,-8.699,0.279,-0.682,4.816,180.615,22.235,0.076,-0.343,4.816,4.637713,-74.084417,0.09,4,1
65,2236107,-3.248,0.768,-8.690,1.896,-0.133,5.335,180.189,21.906,0.078,-0.331,5.335,4.637713,-74.084417,0.09,4,1
66,2246105,-3.165,0.679,-8.697,3.575,-0.011,5.701,179.870,21.561,0.069,-0.323,5.701,4.637713,-74.084417,0.09,4,1
67,2256107,-3.110,0.537,-8.685,4.643,-0.286,5.854,179.675,21.219,0.055,-0.317,5.854,4.637713,-74.084417,0.09,4,1
68,2266105,-3.057,0.373,-8.702,4.612,-0.469,5.793,179.598,20.875,0.038,-0.312,5.793,4.637713,-74.084417,0.09,4,1
69,2276107,-3.000,0.409,-8.738,3.330,-0.835,5.915,179.493,20.519,0.042,-0.306,5.915,4.637713,-74.084417,0.09,4,1
70,2286097,-2.886,0.527,-8.745,1.835,-1.628,6.434,179.308,20.122,0.054,-0.294,6.434,4.637713,-74.084417,0.09,4,1
71,2297092,-2.888,0.676,-8.800,0.279,-5.229,8.875,179.039,19.696,0.069,-0.295,8.875,4.637713,-74.084417,0.09,4,1
72,2306107,-2.888,0.676,-8.800,0.279,-5.229,8.875,178.785,19.328,0.069,-0.295,8.875,4.637713,-74.084417,0.09,4,1
73,2316108,-2.921,0.833,-8.896,-0.118,-7.610,10.035,178.457,18.971,0.085,-0.298,10.035,4.637713,-74.084417,0.09,4,1
74,2326107,-3.062,0.999,-9.040,-0.118,-9.563,11.652,178.067,18.676,0.102,-0.312,11.652,4.637713,-74.084417,0.09,4,1
75,2336110,-3.241,1.057,-9.216,0.950,-10.326,13.727,177.696,18.462,0.108,-0.330,13.727,4.637713,-74.084417,0.09,4,1
76,2346107,-3.310,1.021,-9.391,2.781,-10.051,15.253,177.404,18.276,0.104,-0.338,15.253,4.637713,-74.084417,0.09,4,1
77,2356108,-3.403,0.925,-9.547,5.192,-9.166,15.986,177.220,18.138,0.094,-0.347,15.986,4.637713,-74.084417,0.09,4,1
78,2366107,-3.458,0.819,-9.701,8.122,-7.610,16.016,177.141,18.029,0.083,-0.353,16.016,4.637713,-74.084417,0.09,4,1
79,2376108,-3.451,0.643,-9.852,10.685,-5.290,15.497,177.192,17.927,0.066,-0.352,15.497,4.637713,-74.084417,0.09,4,1
80,2386109,-3.403,0.416,-9.898,11.906,-2.269,14.826,177.370,17.834,0.042,-0.347,14.826,4.637713,-74.084417,0.09,4,1
81,2396108,-3.363,0.204,-9.881,11.784,0.783,13.849,177.643,17.764,0.021,-0.343,13.849,4.637713,-74.084417,0.09,4,1
82,2406107,-3.305,0.214,-9.833,10.410,2.919,12.537,177.874,17.701,0.022,-0.337,12.537,4.637713,-74.084417,0.09,4,1
83,2416108,-3.267,0.428,-9.847,8.671,4.231,11.866,177.956,17.634,0.044,-0.333,11.866,4.637713,-74.084417,0.09,4,1
84,2426107,-3.236,0.660,-9.771,7.145,5.055,12.446,177.892,17.578,0.067,-0.330,12.446,4.637713,-74.084417,0.09,4,1
85,2436108,-3.196,0.869,-9.747,5.924,5.360,14.155,177.708,17.511,0.089,-0.326,14.155,4.637713,-74.084417,0.09,4,1
86,2446107,-3.146,0.893,-9.713,5.406,5.208,16.443,177.520,17.431,0.091,-0.321,16.443,4.637713,-74.084417,0.09,4,1
87,2456108,-3.117,0.785,-9.713,5.314,4.933,18.671,177.403,17.343,0.080,-0.318,18.671,4.637713,-74.084417,0.09,4,1
88,2466107,-3.150,0.582,-9.703,5.497,4.872,19.983,177.402,17.283,0.059,-0.321,19.983,4.637713,-74.084417,0.09,4,1
89,2476108,-3.189,0.351,-9.691,5.650,5.116,19.526,177.524,17.253,0.036,-0.325,19.526,4.637713,-74.084417,0.09,4,1
90,2486107,-3.210,0.206,-9.648,5.772,5.391,17.969,177.712,17.247,0.021,-0.327,17.969,4.637713,-74.084417,0.09,4,1
91,2496108,-3.248,0.211,-9.533,5.924,5.299,15.742,177.882,17.278,0.022,-0.331,15.742,4.637713,-74.084417,0.09,4,1
92,2506107,-3.282,0.320,-9.394,5.924,4.872,13.636,177.977,17.343,0.033,-0.335,13.636,4.637713,-74.084417,0.09,4,1
93,2516108,-3.391,0.537,-9.396,5.619,3.987,12.415,177.944,17.446,0.055,-0.346,12.415,4.637713,-74.084417,0.09,4,1
94,2526108,-3.472,0.850,-9.497,4.795,3.102,13.209,177.741,17.551,0.087,-0.354,13.209,4.637713,-74.084417,0.09,4,1
95,2536122,-3.556,1.139,-9.682,3.971,2.858,16.138,177.405,17.649,0.116,-0.363,16.138,4.637713,-74.084417,0.09,4,1
96,2546108,-3.608,1.279,-9.922,3.666,3.590,20.502,177.036,17.730,0.130,-0.368,20.502,4.637713,-74.084417,0.09,4,1
97,2556116,-3.596,1.364,-10.148,3.361,5.726,25.294,176.667,17.782,0.139,-0.367,25.294,4.637713,-74.084417,0.09,4,1
98,2566122,-3.520,1.202,-10.138,4.307,8.717,29.352,176.413,17.829,0.123,-0.359,29.352,4.637713,-74.084417,0.09,4,1
99,2596872,-3.231,0.459,-10.217,14.317,10.212,25.019,176.928,17.655,0.047,-0.330,25.019,4.637713,-74.084417,0.09,4,1
100,2598339,-3.231,0.459,-10.217,14.317,10.212,25.019,177.280,17.538,0.047,-0.330,25.019,4.637705,-74.084408,0.08,4,1
101,2599733,-3.231,0.459,-10.217,14.317,10.212,25.019,177.478,17.474,0.047,-0.330,25.019,4.637705,-74.084408,0.08,4,1
102,2606120,-3.231,0.459,-10.217,14.317,10.212,25.019,177.607,17.434,0.047,-0.330,25.019,4.637705,-74.084408,0.08,4,1
103,2616111,-3.346,0.570,-10.292,15.141,8.381,22.059,177.671,17.426,0.058,-0.341,22.059,4.637705,-74.084408,0.08,4,1
104,2626113,-3.465,0.807,-10.378,14.744,6.886,20.807,177.601,17.447,0.082,-0.353,20.807,4.637705,-74.084408,0.08,4,1
105,2636117,-3.620,1.055,-10.359,13.371,6.672,21.601,177.395,17.536,0.108,-0.369,21.601,4.637705,-74.084408,0.08,4,1
106,2646123,-3.716,1.207,-10.193,11.234,6.978,23.981,177.103,17.687,0.123,-0.379,23.981,4.637705,-74.084408,0.08,4,1
107,2656127,-3.806,1.327,-9.922,9.129,6.795,26.941,176.741,17.907,0.135,-0.388,26.941,4.637705,-74.084408,0.08,4,1
108,2666124,-3.863,1.404,-9.718,8.030,5.116,29.322,176.348,18.151,0.143,-0.394,29.322,4.637705,-74.084408,0.08,4,1
109,2676123,-3.987,1.407,-9.624,8.763,2.431,30.665,175.990,18.421,0.143,-0.407,30.665,4.637705,-74.084408,0.08,4,1
110,2686124,-4.164,1.342,-9.650,11.418,-0.377,30.939,175.726,18.718,0.137,-0.425,30.939,4.637705,-74.084408,0.08,4,1
111,2696130,-4.364,1.171,-9.732,15.385,-2.056,30.085,175.616,19.050,0.119,-0.445,30.085,4.637705,-74.084408,0.08,4,1
112,2706117,-4.524,0.987,-9.862,19.138,-1.934,28.773,175.651,19.402,0.101,-0.461,28.773,4.637705,-74.084408,0.08,4,1
113,2716123,-4.638,0.799,-9.927,21.855,0.325,27.521,175.806,19.783,0.082,-0.473,27.521,4.637705,-74.084408,0.08,4,1
114,2726110,-4.645,0.667,-9.934,23.106,4.292,26.301,176.026,20.172,0.068,-0.474,26.301,4.637705,-74.084408,0.08,4,1
115,2736109,-4.576,0.582,-9.819,23.197,8.931,25.080,176.266,20.566,0.059,-0.467,25.080,4.637705,-74.084408,0.08,4,1
116,2746117,-4.450,0.614,-9.653,22.282,13.417,23.829,176.456,20.946,0.063,-0.454,23.829,4.637705,-74.084408,0.08,4,1
117,2756126,-4.281,0.773,-9.502,20.512,17.048,22.913,176.526,21.283,0.079,-0.437,22.913,4.637705,-74.084408,0.08,4,1
118,2766122,-4.085,0.828,-9.197,18.711,19.856,22.394,176.529,21.591,0.084,-0.417,22.394,4.637705,-74.084408,0.08,4,1
119,2776118,-3.842,0.840,-8.944,16.331,21.260,22.150,176.491,21.824,0.086,-0.392,22.150,4.637705,-74.084408,0.08,4,1
120,2786105,-3.623,1.043,-8.692,13.920,20.924,21.723,176.307,21.977,0.106,-0.369,21.723,4.637705,-74.084408,0.08,4,1
121,2796106,-3.460,1.250,-8.406,12.852,18.513,21.540,175.988,22.067,0.127,-0.353,21.540,4.637705,-74.084408,0.08,4,1
122,2806118,-3.420,1.366,-8.248,13.188,14.241,21.845,175.616,22.119,0.139,-0.349,21.845,4.637705,-74.084408,0.08,4,1
123,2816132,-3.417,1.298,-8.258,13.889,9.450,22.486,175.320,22.121,0.132,-0.348,22.486,4.637705,-74.084408,0.08,4,1
124,2826128,-3.513,1.149,-8.313,14.225,5.208,23.279,175.141,22.125,0.117,-0.358,23.279,4.637705,-74.084408,0.08,4,1
125,2836106,-3.613,0.999,-8.466,13.737,2.125,23.981,175.067,22.123,0.102,-0.368,23.981,4.637705,-74.084408,0.08,4,1
126,2846106,-3.701,0.647,-8.529,13.157,-0.102,23.890,175.196,22.137,0.066,-0.377,23.890,4.637705,-74.084408,0.08,4,1
127,2856116,-3.689,0.334,-8.534,13.279,-0.621,22.761,175.494,22.143,0.034,-0.376,22.761,4.637705,-74.084408,0.08,4,1
128,2866127,-3.708,0.105,-8.565,12.516,-1.354,20.899,175.891,22.147,0.011,-0.378,20.899,4.637705,-74.084408,0.08,4,1
129,2876127,-3.747,0.156,-8.661,10.716,-1.811,19.251,176.212,22.144,0.016,-0.382,19.251,4.637705,-74.084408,0.08,4,1
130,2886108,-3.804,0.291,-8.711,8.488,-1.232,18.671,176.413,22.164,0.030,-0.388,18.671,4.637705,-74.084408,0.08,4,1
131,2896117,-3.742,0.471,-8.668,6.199,0.447,19.404,176.475,22.177,0.048,-0.382,19.404,4.637705,-74.084408,0.08,4,1
132,2906106,-3.570,0.616,-8.594,4.215,2.522,20.807,176.431,22.140,0.063,-0.364,20.807,4.637705,-74.084408,0.08,4,1
133,2916127,-3.375,0.606,-8.469,2.903,3.926,22.120,176.379,22.049,0.062,-0.344,22.120,4.637705,-74.084408,0.08,4,1
134,2928548,-3.167,0.594,-8.346,2.110,4.078,22.669,176.321,21.874,0.061,-0.323,22.669,4.637705,-74.084408,0.08,4,1
135,2936126,-3.003,0.662,-8.387,1.774,2.827,22.394,176.232,21.621,0.067,-0.306,22.394,4.637705,-74.084408,0.08,4,1
136,2946121,-2.941,0.705,-8.426,2.598,1.057,21.174,176.134,21.333,0.072,-0.300,21.174,4.637705,-74.084408,0.08,4,1
137,2956120,-2.905,0.628,-8.354,4.124,-0.560,19.709,176.099,21.049,0.064,-0.296,19.709,4.637705,-74.084408,0.08,4,1
138,2966129,-2.857,0.549,-8.416,5.161,-2.208,17.786,176.124,20.739,0.056,-0.291,17.786,4.637705,-74.084408,0.08,4,1
139,2976116,-2.893,0.459,-8.510,6.016,-3.856,15.497,176.209,20.442,0.047,-0.295,15.497,4.637705,-74.084408,0.08,4,1
140,2986105,-2.986,0.349,-8.613,6.291,-5.138,13.239,176.355,20.187,0.036,-0.304,13.239,4.637705,-74.084408,0.08,4,1
141,2996132,-3.005,0.380,-8.714,5.467,-5.809,11.439,176.467,19.939,0.039,-0.306,11.439,4.637705,-74.084408,0.08,4,1
142,3006106,-3.005,0.488,-8.740,4.093,-6.053,10.218,176.498,19.704,0.050,-0.306,10.218,4.637705,-74.084408,0.08,4,1
143,3016115,-2.948,0.561,-8.699,2.964,-6.694,9.821,176.476,19.460,0.057,-0.301,9.821,4.637705,-74.084408,0.08,4,1
144,3026111,-2.893,0.597,-8.632,1.805,-7.884,9.730,176.422,19.209,0.061,-0.295,9.730,4.637705,-74.084408,0.08,4,1
145,3036114,-2.886,0.556,-8.599,1.072,-9.868,9.699,176.387,18.963,0.057,-0.294,9.699,4.637705,-74.084408,0.08,4,1
146,3046121,-2.910,0.491,-8.647,0.065,-12.432,9.577,176.384,18.719,0.050,-0.297,9.577,4.637705,-74.084408,0.08,4,1
147,3056114,-3.074,0.484,-8.851,-1.034,-15.300,8.845,176.381,18.514,0.049,-0.313,8.845,4.637705,-74.084408,0.08,4,1
148,3066121,-3.310,0.568,-9.192,-2.132,-17.375,8.112,176.334,18.361,0.058,-0.338,8.112,4.637705,-74.084408,0.08,4,1
149,3076111,-3.556,0.657,-9.478,-2.590,-17.497,7.776,176.251,18.284,0.067,-0.363,7.776,4.637705,-74.084408,0.08,4,1
150,3086137,-3.687,0.713,-9.701,-2.590,-15.239,7.929,176.156,18.253,0.073,-0.376,7.929,4.637705,-74.084408,0.08,4,1
151,3096164,-3.706,0.751,-9.867,-2.956,-10.753,8.417,176.052,18.250,0.077,-0.378,8.417,4.637705,-74.084408,0.08,4,1
152,3106121,-3.627,0.652,-9.845,-2.682,-5.229,8.417,176.006,18.269,0.067,-0.370,8.417,4.637705,-74.084408,0.08,4,1
153,3116121,-3.432,0.520,-9.636,-1.919,-0.194,7.471,176.029,18.284,0.053,-0.350,7.471,4.637705,-74.084408,0.08,4,1
154,3126119,-3.181,0.435,-9.331,-1.247,2.980,5.305,176.092,18.264,0.044,-0.324,5.305,4.637705,-74.084408,0.08,4,1
155,3136113,-2.905,0.457,-9.117,-0.637,3.834,2.375,176.139,18.158,0.047,-0.296,2.375,4.637705,-74.084408,0.08,4,1
156,3146106,-2.788,0.546,-8.964,-0.027,2.583,-0.219,176.137,18.015,0.056,-0.284,-0.219,4.637705,-74.084408,0.08,4,1
157,3156125,-2.769,0.715,-8.906,0.248,-0.225,-1.928,176.046,17.855,0.073,-0.282,-1.928,4.637705,-74.084408,0.08,4,1
158,3166115,-2.831,0.925,-9.040,0.126,-3.642,-1.989,175.859,17.684,0.094,-0.289,-1.989,4.637705,-74.084408,0.08,4,1
159,3176119,-2.964,1.004,-9.252,0.187,-6.542,-0.372,175.657,17.531,0.102,-0.302,-0.372,4.637705,-74.084408,0.08,4,1
160,3186121,-3.217,0.954,-9.509,-0.210,-8.220,2.192,175.506,17.452,0.097,-0.328,2.192,4.637705,-74.084408,0.08,4,1
161,3196108,-3.410,0.855,-9.787,-0.667,-8.006,5.182,175.424,17.427,0.087,-0.348,5.182,4.637705,-74.084408,0.08,4,1
162,3206100,-3.527,0.713,-10.068,-0.881,-5.748,7.319,175.424,17.435,0.073,-0.360,7.319,4.637705,-74.084408,0.08,4,1
163,3216100,-3.522,0.553,-10.359,-1.430,-1.872,8.692,175.500,17.437,0.056,-0.359,8.692,4.637705,-74.084408,0.08,4,1
164,3226099,-3.422,0.303,-10.421,-1.766,3.071,8.814,175.683,17.437,0.031,-0.349,8.814,4.637705,-74.084408,0.08,4,1
165,3236115,-3.279,-0.035,-10.102,-1.430,7.435,6.983,176.008,17.462,-0.004,-0.334,6.983,4.637705,-74.084408,0.08,4,1
166,3246113,-3.148,-0.126,-9.867,-1.064,9.541,3.443,176.356,17.480,-0.013,-0.321,3.443,4.637705,-74.084408,0.08,4,1
167,3256103,-3.050,0.050,-9.939,-1.430,9.785,-0.524,176.590,17.448,0.005,-0.311,-0.524,4.637705,-74.084408,0.08,4,1
168,3266099,-3.069,0.245,-9.982,-1.797,9.358,-3.179,176.711,17.416,0.025,-0.313,-3.179,4.637705,-74.084408,0.08,4,1
169,3276109,-3.127,0.341,-9.987,-2.376,8.809,-4.522,176.772,17.405,0.035,-0.319,-4.522,4.637705,-74.084408,0.08,4,1
170,3289843,-3.186,0.421,-9.982,-3.597,8.076,-4.614,176.761,17.409,0.043,-0.325,-4.614,4.637705,-74.084408,0.08,4,1
171,3296103,-3.220,0.479,-10.013,-5.367,6.795,-3.912,176.729,17.416,0.049,-0.328,-3.912,4.637705,-74.084408,0.08,4,1
172,3306100,-3.301,0.525,-10.114,-6.924,4.841,-3.210,176.666,17.426,0.053,-0.337,-3.210,4.637705,-74.084408,0.08,4,1
173,3316114,-3.346,0.503,-10.121,-7.931,2.736,-3.057,176.609,17.434,0.051,-0.341,-3.057,4.637705,-74.084408,0.08,4,1
174,3326114,-3.389,0.368,-10.152,-7.839,0.203,-3.515,176.622,17.433,0.038,-0.346,-3.515,4.637705,-74.084408,0.08,4,1
175,3336106,-3.501,0.177,-10.136,-7.259,-2.391,-4.827,176.728,17.458,0.018,-0.357,-4.827,4.637705,-74.084408,0.08,4,1
176,3346102,-3.611,-0.040,-10.056,-6.954,-5.107,-6.811,176.931,17.515,-0.004,-0.368,-6.811,4.637705,-74.084408,0.08,4,1
177,3356119,-3.727,-0.110,-9.977,-7.625,-7.671,-8.734,177.145,17.604,-0.011,-0.380,-8.734,4.637705,-74.084408,0.08,4,1
178,3366119,-3.906,-0.020,-9.864,-9.243,-9.838,-9.802,177.286,17.760,-0.002,-0.398,-9.802,4.637705,-74.084408,0.08,4,1
179,3376108,-4.078,0.076,-9.912,-12.173,-11.638,-9.069,177.343,17.950,0.008,-0.416,-9.069,4.637705,-74.084408,0.08,4,1
180,3386102,-4.238,0.223,-10.006,-15.957,-12.065,-7.055,177.293,18.170,0.023,-0.432,-7.055,4.637705,-74.084408,0.08,4,1
181,3396101,-4.381,0.399,-10.116,-19.497,-11.028,-4.125,177.134,18.420,0.041,-0.447,-4.125,4.637705,-74.084408,0.08,4,1
182,3406102,-4.462,0.469,-10.198,-22.365,-8.495,-0.799,176.931,18.692,0.048,-0.455,-0.799,4.637705,-74.084408,0.08,4,1
183,3416119,-4.483,0.512,-10.253,-24.715,-4.772,1.826,176.705,18.976,0.052,-0.457,1.826,4.637705,-74.084408,0.08,4,1
184,3426106,-4.479,0.541,-10.198,-25.051,-0.408,2.833,176.480,19.286,0.055,-0.457,2.833,4.637705,-74.084408,0.08,4,1
185,3436102,-4.386,0.438,-10.025,-22.945,4.048,1.826,176.337,19.608,0.045,-0.447,1.826,4.637705,-74.084408,0.08,4,1
186,3446119,-4.293,0.288,-9.735,-19.741,8.137,-1.379,176.301,19.957,0.029,-0.438,-1.379,4.637705,-74.084408,0.08,4,1
187,3456109,-4.142,0.201,-9.398,-15.591,11.342,-6.109,176.346,20.308,0.021,-0.422,-6.109,4.637705,-74.084408,0.08,4,1
188,3466108,-3.997,0.112,-9.038,-10.769,13.112,-11.694,176.474,20.654,0.011,-0.408,-11.694,4.637705,-74.084408,0.08,4,1
189,3476103,-3.913,0.038,-8.637,-5.794,13.051,-17.309,176.676,21.015,0.004,-0.399,-17.309,4.637705,-74.084408,0.08,4,1
190,3486103,-3.835,0.069,-8.411,-2.498,11.036,-21.734,176.875,21.340,0.007,-0.391,-21.734,4.637705,-74.084408,0.08,4,1
191,3496102,-3.911,0.132,-8.301,-0.515,8.137,-24.084,177.041,21.672,0.013,-0.399,-24.084,4.637705,-74.084408,0.08,4,1
192,3506100,-4.011,0.160,-8.298,-0.484,5.604,-23.626,177.179,22.001,0.016,-0.409,-23.626,4.637705,-74.084408,0.08,4,1
193,3516100,-4.087,0.122,-8.356,-2.224,4.201,-21.002,177.313,22.314,0.012,-0.417,-21.002,4.637705,-74.084408,0.08,4,1
194,3526119,-4.066,0.025,-8.414,-5.031,4.109,-17.645,177.464,22.579,0.003,-0.415,-17.645,4.637705,-74.084408,0.08,4,1
195,3536123,-3.966,-0.093,-8.354,-7.900,4.963,-14.746,177.643,22.801,-0.009,-0.404,-14.746,4.637705,-74.084408,0.08,4,1
196,3546123,-3.737,-0.167,-8.229,-10.403,5.940,-13.159,177.829,22.935,-0.017,-0.381,-13.159,4.637705,-74.084408,0.08,4,1
197,3556115,-3.463,-0.105,-8.041,-12.417,6.306,-13.220,177.949,22.970,-0.011,-0.353,-13.220,4.637705,-74.084408,0.08,4,1
198,3566108,-3.267,0.110,-8.003,-13.851,5.940,-14.135,177.922,22.912,0.011,-0.333,-14.135,4.637705,-74.084408,0.08,4,1
199,3590972,-2.864,0.775,-7.924,-14.492,4.597,-15.936,177.276,22.607,0.079,-0.292,-15.936,4.637705,-74.084408,0.08,4,1
200,3592367,-2.864,0.775,-7.924,-14.492,4.597,-15.936,176.793,22.330,0.079,-0.292,-15.936,4.637705,-74.084408,0.08,4,1
201,3596246,-2.676,1.028,-7.904,-14.278,3.743,-15.814,176.277,21.968,0.105,-0.273,-15.814,4.637705,-74.084408,0.08,4,1
202,3606119,-2.509,1.178,-7.900,-13.393,2.583,-15.264,175.726,21.533,0.120,-0.256,-15.264,4.637697,-74.084405,0.09,4,1
203,3616116,-2.366,1.272,-7.794,-12.417,1.179,-14.837,175.166,21.060,0.130,-0.241,-14.837,4.637697,-74.084405,0.09,4,1
204,3626111,-2.242,1.407,-7.811,-11.837,-1.171,-14.532,174.582,20.531,0.143,-0.229,-14.532,4.637697,-74.084405,0.09,4,1
205,3636121,-2.156,1.511,-7.876,-11.410,-4.131,-14.166,174.000,19.962,0.154,-0.220,-14.166,4.637697,-74.084405,0.09,4,1
206,3646117,-2.061,1.590,-7.888,-11.104,-6.877,-13.769,173.425,19.359,0.162,-0.210,-13.769,4.637697,-74.084405,0.09,4,1
207,3656123,-2.023,1.706,-7.909,-10.738,-10.234,-13.494,172.839,18.750,0.174,-0.206,-13.494,4.637697,-74.084405,0.09,4,1
208,3666106,-1.958,1.812,-7.972,-10.555,-14.079,-13.189,172.251,18.111,0.185,-0.200,-13.189,4.637697,-74.084405,0.09,4,1
209,3676119,-1.977,1.810,-7.953,-10.067,-18.535,-12.914,171.717,17.497,0.185,-0.202,-12.914,4.637697,-74.084405,0.09,4,1
210,3686113,-2.080,1.853,-8.005,-9.548,-24.150,-12.579,171.214,16.932,0.189,-0.212,-12.579,4.637697,-74.084405,0.09,4,1
211,3696119,-2.347,2.010,-8.418,-9.365,-30.376,-11.938,170.721,16.435,0.205,-0.239,-11.938,4.637697,-74.084405,0.09,4,1
212,3706115,-2.721,2.137,-8.769,-8.755,-35.381,-10.534,170.252,16.065,0.218,-0.277,-10.534,4.637697,-74.084405,0.09,4,1
213,3716110,-3.038,2.137,-9.016,-8.114,-38.707,-8.276,169.857,15.809,0.218,-0.310,-8.276,4.637697,-74.084405,0.09,4,1
214,3726110,-3.355,2.195,-9.379,-8.449,-40.447,-5.468,169.504,15.644,0.224,-0.342,-5.468,4.637697,-74.084405,0.09,4,1
215,3736127,-3.575,2.248,-9.706,-8.694,-40.630,-2.233,169.187,15.534,0.229,-0.365,-2.233,4.637697,-74.084405,0.09,4,1
216,3746116,-3.787,2.234,-9.852,-8.144,-39.379,0.971,168.923,15.512,0.228,-0.386,0.971,4.637697,-74.084405,0.09,4,1
217,3756120,-4.035,2.200,-9.972,-7.198,-37.151,3.626,168.715,15.595,0.224,-0.411,3.626,4.637697,-74.084405,0.09,4,1
218,3766119,-4.219,2.207,-10.232,-6.161,-34.221,5.762,168.556,15.732,0.225,-0.430,5.762,4.637697,-74.084405,0.09,4,1
219,3776127,-4.352,2.268,-10.501,-4.513,-29.643,7.715,168.423,15.910,0.231,-0.444,7.715,4.637697,-74.084405,0.09,4,1
220,3786113,-4.452,2.253,-10.650,-2.285,-23.082,9.485,168.341,16.151,0.230,-0.454,9.485,4.637697,-74.084405,0.09,4,1
221,3796124,-4.450,2.171,-10.678,0.462,-15.636,10.920,168.328,16.439,0.221,-0.454,10.920,4.637697,-74.084405,0.09,4,1
222,3806116,-4.347,2.099,-10.654,3.330,-8.251,11.622,168.370,16.743,0.214,-0.443,11.622,4.637697,-74.084405,0.09,4,1
223,3816113,-4.154,2.012,-10.527,6.352,-1.628,11.378,168.462,17.033,0.205,-0.424,11.378,4.637697,-74.084405,0.09,4,1
224,3826121,-3.980,1.935,-10.311,9.525,3.712,10.676,168.593,17.317,0.197,-0.406,10.676,4.637697,-74.084405,0.09,4,1
225,3836112,-3.782,1.838,-10.162,12.180,7.466,9.730,168.767,17.561,0.187,-0.386,9.730,4.637697,-74.084405,0.09,4,1
226,3846117,-3.637,1.788,-10.013,14.408,9.816,8.692,168.959,17.772,0.182,-0.371,8.692,4.637697,-74.084405,0.09,4,1
227,3856122,-3.503,1.761,-9.869,15.324,10.823,8.173,169.145,17.942,0.180,-0.357,8.173,4.637697,-74.084405,0.09,4,1
228,3866112,-3.427,1.790,-9.780,15.476,10.701,8.784,169.296,18.079,0.183,-0.349,8.784,4.637697,-74.084405,0.09,4,1
229,3876113,-3.439,1.742,-9.747,14.744,10.060,10.554,169.448,18.209,0.178,-0.351,10.554,4.637697,-74.084405,0.09,4,1
230,3886122,-3.513,1.634,-9.749,13.188,8.900,12.995,169.624,18.352,0.167,-0.358,12.995,4.637697,-74.084405,0.09,4,1
231,3896123,-3.575,1.544,-9.775,10.502,7.741,15.650,169.804,18.497,0.157,-0.365,15.650,4.637697,-74.084405,0.09,4,1
232,3906104,-3.687,1.515,-9.888,7.176,6.856,18.397,169.961,18.652,0.155,-0.376,18.397,4.637697,-74.084405,0.09,4,1
233,3916120,-3.861,1.518,-10.001,3.910,6.581,21.204,170.082,18.846,0.155,-0.394,21.204,4.637697,-74.084405,0.09,4,1
234,3928367,-3.971,1.636,-10.191,0.736,7.069,23.676,170.122,19.049,0.167,-0.405,23.676,4.637697,-74.084405,0.09,4,1
235,3936124,-4.006,1.771,-10.285,-1.491,8.717,25.873,170.089,19.243,0.181,-0.409,25.873,4.637697,-74.084405,0.09,4,1
236,3946115,-3.999,1.860,-10.366,-2.560,11.036,27.826,170.017,19.426,0.190,-0.408,27.826,4.637697,-74.084405,0.09,4,1
237,3956132,-3.947,1.846,-10.313,-2.498,13.264,28.986,169.954,19.602,0.188,-0.402,28.986,4.637697,-74.084405,0.09,4,1
238,3966124,-3.906,1.790,-10.268,-1.644,14.577,28.986,169.924,19.769,0.183,-0.398,28.986,4.637697,-74.084405,0.09,4,1
239,3976117,-3.909,1.805,-10.306,-0.942,15.126,28.467,169.899,19.923,0.184,-0.399,28.467,4.637697,-74.084405,0.09,4,1
240,3986114,-3.921,1.957,-10.397,-0.515,15.614,28.101,169.822,20.056,0.200,-0.400,28.101,4.637697,-74.084405,0.09,4,1
241,3996118,-3.913,2.181,-10.469,-0.027,16.469,28.437,169.667,20.168,0.222,-0.399,28.437,4.637697,-74.084405,0.09,4,1
242,4006117,-3.808,2.296,-10.522,0.645,17.750,29.780,169.485,20.232,0.234,-0.388,29.780,4.637697,-74.084405,0.09,4,1
243,4016121,-3.634,2.246,-10.455,1.652,19.154,31.305,169.343,20.248,0.229,-0.371,31.305,4.637697,-74.084405,0.09,4,1
244,4026104,-3.410,2.118,-10.304,3.086,19.429,31.885,169.265,20.199,0.216,-0.348,31.885,4.637697,-74.084405,0.09,4,1
245,4036116,-3.229,1.896,-10.186,5.345,17.903,30.970,169.300,20.087,0.193,-0.329,30.970,4.637697,-74.084405,0.09,4,1
246,4046114,-3.146,1.496,-9.922,8.610,14.943,28.254,169.520,19.964,0.153,-0.321,28.254,4.637697,-74.084405,0.09,4,1
247,4056121,-3.146,1.185,-9.574,11.387,10.121,23.829,169.871,19.858,0.121,-0.321,23.829,4.637697,-74.084405,0.09,4,1
248,4066124,-3.246,1.093,-9.288,13.004,3.132,18.671,170.237,19.783,0.112,-0.331,18.671,4.637697,-74.084405,0.09,4,1
249,4076114,-3.646,1.310,-9.225,13.615,-5.565,14.612,170.470,19.811,0.134,-0.372,14.612,4.637697,-74.084405,0.09,4,1
250,4086110,-4.281,1.679,-9.456,13.798,-12.676,13.605,170.528,19.985,0.171,-0.437,13.605,4.637697,-74.084405,0.09,4,1
251,4096121,-4.884,1.969,-9.713,13.127,-15.239,16.108,170.463,20.300,0.201,-0.498,16.108,4.637697,-74.084405,0.09,4,1
252,4106118,-5.304,2.161,-9.828,12.180,-12.798,21.235,170.319,20.738,0.220,-0.541,21.235,4.637697,-74.084405,0.09,4,1
253,4116125,-5.511,2.381,-9.871,10.746,-6.298,27.582,170.080,21.258,0.243,-0.562,27.582,4.637697,-74.084405,0.09,4,1
254,4126106,-5.492,2.451,-9.759,11.265,2.492,33.808,169.820,21.831,0.250,-0.560,33.808,4.637697,-74.084405,0.09,4,1
255,4136111,-5.289,2.239,-9.458,14.012,12.440,38.325,169.669,22.446,0.228,-0.539,38.325,4.637697,-74.084405,0.09,4,1
256,4146129,-4.862,1.983,-9.072,17.460,21.870,39.698,169.639,23.028,0.202,-0.496,39.698,4.637697,-74.084405,0.09,4,1
257,4156120,-4.369,1.865,-8.697,21.275,28.950,38.202,169.664,23.511,0.190,-0.445,38.202,4.637697,-74.084405,0.09,4,1
258,4166108,-3.928,1.754,-8.248,25.517,33.070,34.601,169.733,23.900,0.179,-0.401,34.601,4.637697,-74.084405,0.09,4,1
259,4176116,-3.518,1.814,-7.852,30.033,33.803,29.749,169.757,24.154,0.185,-0.359,29.749,4.637697,-74.084405,0.09,4,1
260,4186122,-3.220,1.906,-7.487,34.306,31.666,24.958,169.717,24.291,0.194,-0.328,24.958,4.637697,-74.084405,0.09,4,1
261,4196109,-3.053,2.034,-7.191,38.242,26.875,21.082,169.594,24.340,0.207,-0.311,21.082,4.637697,-74.084405,0.09,4,1
262,4206101,-3.005,2.200,-7.131,41.050,20.222,19.190,169.398,24.301,0.224,-0.306,19.190,4.637697,-74.084405,0.09,4,1
263,4216104,-3.060,2.200,-7.102,43.003,13.112,19.434,169.228,24.233,0.224,-0.312,19.434,4.637697,-74.084405,0.09,4,1
264,4226099,-3.222,2.000,-7.184,43.553,6.093,21.570,169.207,24.185,0.204,-0.329,21.570,4.637697,-74.084405,0.09,4,1
265,4236104,-3.432,1.660,-7.383,42.423,0.172,24.683,169.405,24.168,0.169,-0.350,24.683,4.637697,-74.084405,0.09,4,1
266,4246103,-3.632,1.224,-7.496,39.616,-4.100,27.704,169.833,24.206,0.125,-0.370,27.704,4.637697,-74.084405,0.09,4,1
267,4256106,-3.804,0.819,-7.547,35.557,-7.030,30.024,170.435,24.299,0.083,-0.388,30.024,4.637697,-74.084405,0.09,4,1
268,4266106,-3.935,0.551,-7.657,30.583,-9.288,31.397,171.109,24.405,0.056,-0.401,31.397,4.637697,-74.084405,0.09,4,1
269,4277933,-4.076,0.469,-7.864,25.089,-10.753,31.916,171.775,24.488,0.048,-0.416,31.916,4.637697,-74.084405,0.09,4,1
270,4286105,-4.202,0.488,-7.960,20.237,-11.363,32.160,172.302,24.617,0.050,-0.428,32.160,4.637697,-74.084405,0.09,4,1
271,4296106,-4.285,0.546,-8.058,15.843,-11.028,32.282,172.718,24.752,0.056,-0.437,32.282,4.637697,-74.084405,0.09,4,1
272,4306107,-4.302,0.633,-8.183,12.333,-9.471,32.343,173.024,24.868,0.065,-0.439,32.343,4.637697,-74.084405,0.09,4,1
273,4316116,-4.204,0.645,-8.135,10.349,-7.274,32.435,173.280,24.963,0.066,-0.429,32.435,4.637697,-74.084405,0.09,4,1
274,4326105,-4.087,0.544,-8.022,9.495,-5.565,31.519,173.560,25.042,0.055,-0.417,31.519,4.637697,-74.084405,0.09,4,1
275,4336108,-3.940,0.411,-7.926,9.068,-4.985,29.535,173.887,25.076,0.042,-0.402,29.535,4.637697,-74.084405,0.09,4,1
276,4346104,-3.770,0.286,-7.885,8.854,-5.535,26.758,174.257,25.034,0.029,-0.384,26.758,4.637697,-74.084405,0.09,4,1
277,4356106,-3.725,0.180,-7.904,8.274,-6.359,23.768,174.656,24.963,0.018,-0.380,23.768,4.637697,-74.084405,0.09,4,1
278,4366105,-3.694,0.177,-7.878,6.840,-7.183,21.174,175.011,24.882,0.018,-0.377,21.174,4.637697,-74.084405,0.09,4,1
279,4376106,-3.658,0.235,-7.895,4.521,-7.884,19.373,175.285,24.779,0.024,-0.373,19.373,4.637697,-74.084405,0.09,4,1
280,4386105,-3.606,0.361,-7.849,1.805,-8.861,18.458,175.438,24.660,0.037,-0.368,18.458,4.637697,-74.084405,0.09,4,1
281,4396106,-3.510,0.394,-7.794,-1.217,-10.173,18.366,175.531,24.503,0.040,-0.358,18.366,4.637697,-74.084405,0.09,4,1
282,4406105,-3.398,0.423,-7.760,-4.604,-11.913,18.641,175.568,24.296,0.043,-0.347,18.641,4.637697,-74.084405,0.09,4,1
283,4416106,-3.293,0.510,-7.710,-7.900,-14.629,18.793,175.519,24.037,0.052,-0.336,18.793,4.637697,-74.084405,0.09,4,1
284,4426102,-3.260,0.650,-7.724,-10.403,-18.505,18.519,175.370,23.741,0.066,-0.332,18.519,4.637697,-74.084405,0.09,4,1
285,4436105,-3.282,0.836,-7.842,-12.447,-23.021,17.847,175.112,23.409,0.085,-0.335,17.847,4.637697,-74.084405,0.09,4,1
286,4446102,-3.401,1.055,-8.061,-13.393,-27.477,17.023,174.757,23.071,0.108,-0.347,17.023,4.637697,-74.084405,0.09,4,1
287,4456115,-3.611,1.277,-8.258,-13.393,-31.413,16.291,174.323,22.777,0.130,-0.368,16.291,4.637697,-74.084405,0.09,4,1
288,4466105,-3.882,1.409,-8.548,-12.264,-34.679,15.558,173.888,22.537,0.144,-0.396,15.558,4.637697,-74.084405,0.09,4,1
289,4476115,-4.214,1.409,-8.928,-10.128,-36.785,14.704,173.537,22.365,0.144,-0.430,14.704,4.637697,-74.084405,0.09,4,1
290,4486104,-4.536,1.313,-9.197,-7.503,-37.181,13.483,173.305,22.286,0.134,-0.463,13.483,4.637697,-74.084405,0.09,4,1
291,4496106,-4.779,1.262,-9.610,-4.421,-36.510,11.774,173.171,22.238,0.129,-0.487,11.774,4.637697,-74.084405,0.09,4,1
292,4506105,-5.005,1.156,-10.006,-1.125,-34.343,9.730,173.148,22.228,0.118,-0.510,9.730,4.637697,-74.084405,0.09,4,1
293,4516108,-5.129,1.036,-10.397,2.201,-30.376,7.471,173.229,22.235,0.106,-0.523,7.471,4.637697,-74.084405,0.09,4,1
294,4526118,-5.113,0.905,-10.693,4.978,-24.822,5.121,173.397,22.241,0.092,-0.521,5.121,4.637697,-74.084405,0.09,4,1
295,4536129,-4.965,0.604,-10.726,7.084,-18.596,2.619,173.699,22.250,0.062,-0.506,2.619,4.637697,-74.084405,0.09,4,1
296,4546121,-4.743,0.223,-10.376,8.396,-13.744,-0.860,174.149,22.285,0.023,-0.484,-0.860,4.637697,-74.084405,0.09,4,1
297,4556130,-4.510,0.018,-9.967,8.946,-12.798,-5.590,174.659,22.310,0.002,-0.460,-5.590,4.637697,-74.084405,0.09,4,1
298,4566109,-4.412,0.199,-9.855,8.671,-15.941,-10.443,175.043,22.286,0.020,-0.450,-10.443,4.637697,-74.084405,0.09,4,1
299,4614264,-5.060,1.147,-10.573,0.096,-26.988,-3.424,174.800,21.346,0.117,-0.516,-3.424,4.637713,-74.084430,0.07,4,1
300,4615689,-5.041,1.101,-10.856,-3.109,-24.059,2.802,174.523,20.826,0.112,-0.514,2.802,4.637713,-74.084430,0.07,4,1
301,4617088,-5.041,1.101,-10.856,-3.109,-24.059,2.802,174.321,20.595,0.112,-0.514,2.802,4.637713,-74.084430,0.07,4,1
302,4618489,-5.041,1.101,-10.856,-3.109,-24.059,2.802,174.190,20.591,0.112,-0.514,2.802,4.637713,-74.084430,0.07,4,1
303,4619860,-5.041,1.101,-10.856,-3.109,-24.059,2.802,174.119,20.761,0.112,-0.514,2.802,4.637713,-74.084430,0.07,4,1
304,4626117,-5.013,0.980,-11.214,-6.801,-18.688,7.868,174.128,20.933,0.100,-0.511,7.868,4.637713,-74.084430,0.07,4,1
305,4636121,-4.865,0.751,-11.108,-8.297,-11.608,10.431,174.235,21.094,0.077,-0.496,10.431,4.637713,-74.084430,0.07,4,1
306,4646125,-4.636,0.578,-10.895,-7.961,-5.077,9.577,174.409,21.230,0.059,-0.473,9.577,4.637713,-74.084430,0.07,4,1
307,4656120,-4.376,0.686,-10.693,-6.252,-0.530,6.067,174.512,21.310,0.070,-0.446,6.067,4.637713,-74.084430,0.07,4,1
308,4666128,-4.254,0.836,-10.436,-3.353,1.912,1.734,174.543,21.394,0.085,-0.434,1.734,4.637713,-74.084430,0.07,4,1
309,4676115,-4.262,0.958,-10.330,0.370,2.705,-2.172,174.537,21.495,0.098,-0.435,-2.172,4.637713,-74.084430,0.07,4,1
310,4686128,-4.345,1.171,-10.347,4.124,3.041,-4.797,174.462,21.617,0.119,-0.443,-4.797,4.637713,-74.084430,0.07,4,1
311,4696115,-4.536,1.200,-10.371,6.992,4.262,-5.133,174.409,21.811,0.122,-0.463,-5.133,4.637713,-74.084430,0.07,4,1
312,4706127,-4.774,1.026,-10.474,8.366,7.252,-3.607,174.461,22.093,0.105,-0.487,-3.607,4.637713,-74.084430,0.07,4,1
313,4716115,-4.927,0.749,-10.532,8.122,12.227,-1.257,174.636,22.447,0.076,-0.502,-1.257,4.637713,-74.084430,0.07,4,1
314,4726125,-4.939,0.416,-10.443,6.657,18.391,0.940,174.933,22.848,0.042,-0.504,0.940,4.637713,-74.084430,0.07,4,1
315,4736123,-4.858,0.112,-10.268,3.880,24.861,2.192,175.316,23.277,0.011,-0.495,2.192,4.637713,-74.084430,0.07,4,1
316,4746117,-4.650,0.009,-9.927,0.401,30.873,2.466,175.680,23.706,0.001,-0.474,2.466,4.637713,-74.084430,0.07,4,1
317,4756124,-4.402,0.042,-9.480,-3.322,35.237,2.100,175.963,24.124,0.004,-0.449,2.100,4.637713,-74.084430,0.07,4,1
318,4766116,-4.166,0.177,-9.081,-6.771,37.465,1.429,176.118,24.505,0.018,-0.425,1.429,4.637713,-74.084430,0.07,4,1
319,4776137,-3.968,0.431,-8.750,-9.762,37.831,0.879,176.096,24.838,0.044,-0.405,0.879,4.637713,-74.084430,0.07,4,1
320,4786126,-3.863,0.684,-8.536,-11.989,36.885,0.940,175.911,25.127,0.070,-0.394,0.940,4.637713,-74.084430,0.07,4,1
321,4796106,-3.749,0.884,-8.327,-13.546,35.328,1.490,175.608,25.365,0.090,-0.382,1.490,4.637713,-74.084430,0.07,4,1
322,4806116,-3.637,1.021,-8.147,-14.309,33.589,2.588,175.236,25.551,0.104,-0.371,2.588,4.637713,-74.084430,0.07,4,1
323,4816122,-3.563,1.079,-7.979,-14.553,31.270,3.687,174.846,25.698,0.110,-0.363,3.687,4.637713,-74.084430,0.07,4,1
324,4826131,-3.472,1.031,-7.871,-14.156,28.340,4.694,174.509,25.787,0.105,-0.354,4.694,4.637713,-74.084430,0.07,4,1
325,4836117,-3.437,0.958,-7.835,-13.546,25.380,5.335,174.245,25.834,0.098,-0.350,5.335,4.637713,-74.084430,0.07,4,1
326,4846114,-3.353,0.939,-7.808,-12.905,22.694,5.610,174.016,25.817,0.096,-0.342,5.610,4.637713,-74.084430,0.07,4,1
327,4856105,-3.253,0.869,-7.816,-11.776,20.375,5.701,173.857,25.731,0.089,-0.332,5.701,4.637713,-74.084430,0.07,4,1
328,4866124,-3.091,0.739,-7.621,-10.219,17.720,5.488,173.788,25.587,0.075,-0.315,5.488,4.637713,-74.084430,0.07,4,1
329,4876124,-2.969,0.739,-7.446,-8.846,14.088,4.603,173.728,25.395,0.075,-0.303,4.603,4.637713,-74.084430,0.07,4,1
330,4886117,-2.907,0.775,-7.352,-7.107,9.419,3.657,173.660,25.160,0.079,-0.296,3.657,4.637713,-74.084430,0.07,4,1
331,4896113,-2.864,0.840,-7.362,-4.787,3.926,3.107,173.581,24.866,0.086,-0.292,3.107,4.637713,-74.084430,0.07,4,1
332,4906108,-2.976,0.845,-7.559,-2.468,-1.201,3.290,173.539,24.566,0.086,-0.304,3.290,4.637713,-74.084430,0.07,4,1
333,4916123,-3.098,0.831,-7.878,-0.362,-4.314,4.023,173.549,24.259,0.085,-0.316,4.023,4.637713,-74.084430,0.07,4,1
334,4926110,-3.172,0.737,-8.109,1.774,-5.351,4.999,173.643,23.961,0.075,-0.323,4.999,4.637713,-74.084430,0.07,4,1
335,4938301,-3.191,0.640,-8.258,3.727,-4.863,5.671,173.813,23.658,0.065,-0.325,5.671,4.637713,-74.084430,0.07,4,1
336,4946113,-3.124,0.585,-8.375,5.039,-3.612,5.976,174.014,23.350,0.060,-0.319,5.976,4.637713,-74.084430,0.07,4,1
337,4956116,-2.969,0.568,-8.428,6.992,-2.025,5.823,174.228,22.998,0.058,-0.303,5.823,4.637713,-74.084430,0.07,4,1
338,4966133,-2.821,0.445,-8.382,9.434,-0.591,5.243,174.513,22.624,0.045,-0.288,5.243,4.637713,-74.084430,0.07,4,1
339,4976116,-2.659,0.305,-8.325,11.570,0.081,4.084,174.869,22.216,0.031,-0.271,4.084,4.637713,-74.084430,0.07,4,1
340,4986107,-2.521,0.276,-8.363,12.760,0.081,2.527,175.225,21.765,0.028,-0.257,2.527,4.637713,-74.084430,0.07,4,1
341,4996121,-2.385,0.298,-8.423,13.371,0.111,1.246,175.548,21.274,0.030,-0.243,1.246,4.637713,-74.084430,0.07,4,1
342,5006114,-2.175,0.363,-8.387,13.004,0.203,0.544,175.807,20.720,0.037,-0.222,0.544,4.637713,-74.084430,0.07,4,1
343,5016117,-1.927,0.515,-8.270,11.357,-0.469,0.361,175.944,20.090,0.053,-0.197,0.361,4.637713,-74.084430,0.07,4,1
344,5026119,-1.643,0.676,-8.202,9.678,-2.696,0.605,175.964,19.346,0.069,-0.168,0.605,4.637713,-74.084430,0.07,4,1
345,5036113,-1.450,0.782,-8.037,8.305,-6.969,0.757,175.903,18.532,0.080,-0.148,0.757,4.637713,-74.084430,0.07,4,1
346,5046125,-1.350,0.872,-8.065,6.474,-14.141,0.452,175.781,17.657,0.089,-0.138,0.452,4.637713,-74.084430,0.07,4,1
347,5056123,-1.438,1.019,-8.313,5.222,-23.448,-0.280,175.593,16.787,0.104,-0.147,-0.280,4.637713,-74.084430,0.07,4,1
348,5066126,-1.703,1.250,-8.642,4.032,-33.122,-0.738,175.310,15.996,0.127,-0.174,-0.738,4.637713,-74.084430,0.07,4,1
349,5076121,-2.137,1.421,-9.050,2.751,-41.576,-0.433,174.982,15.355,0.145,-0.218,-0.433,4.637713,-74.084430,0.07,4,1
350,5086106,-2.690,1.655,-9.516,1.743,-47.893,0.757,174.595,14.898,0.169,-0.274,0.757,4.637713,-74.084430,0.07,4,1
351,5096122,-3.243,1.882,-10.040,0.340,-51.402,3.107,174.166,14.605,0.192,-0.331,3.107,4.637713,-74.084430,0.07,4,1
352,5106113,-3.711,1.973,-10.493,-0.606,-51.799,6.342,173.759,14.455,0.201,-0.378,6.342,4.637713,-74.084430,0.07,4,1
353,5116130,-4.164,1.976,-10.897,-1.095,-49.144,9.730,173.408,14.456,0.201,-0.425,9.730,4.637713,-74.084430,0.07,4,1
354,5126114,-4.498,1.913,-11.180,-0.820,-43.804,12.507,173.130,14.587,0.195,-0.459,12.507,4.637713,-74.084430,0.07,4,1
355,5136133,-4.748,1.838,-11.363,0.004,-36.632,14.460,172.923,14.838,0.187,-0.484,14.460,4.637713,-74.084430,0.07,4,1
356,5146103,-4.901,1.841,-11.512,1.194,-28.179,15.589,172.751,15.179,0.188,-0.500,15.589,4.637713,-74.084430,0.07,4,1
357,5156113,-4.915,1.805,-11.598,3.025,-18.627,15.742,172.628,15.576,0.184,-0.501,15.742,4.637713,-74.084430,0.07,4,1
358,5166123,-4.858,1.723,-11.512,5.711,-8.678,15.436,172.565,16.030,0.176,-0.495,15.436,4.637713,-74.084430,0.07,4,1
359,5176114,-4.743,1.624,-11.291,8.701,0.508,14.338,172.560,16.528,0.166,-0.484,14.338,4.637713,-74.084430,0.07,4,1
360,5186114,-4.560,1.568,-11.051,11.295,7.649,12.476,172.588,17.026,0.160,-0.465,12.476,4.637713,-74.084430,0.07,4,1
361,5196104,-4.388,1.641,-10.784,13.554,12.288,10.523,172.589,17.505,0.167,-0.447,10.523,4.637713,-74.084430,0.07,4,1
362,5206114,-4.271,1.653,-10.460,15.446,15.095,9.607,172.581,17.977,0.169,-0.436,9.607,4.637713,-74.084430,0.07,4,1
363,5216103,-4.233,1.621,-10.191,16.544,15.858,9.913,172.579,18.446,0.165,-0.432,9.913,4.637713,-74.084430,0.07,4,1
364,5226117,-4.273,1.559,-10.128,17.002,15.034,11.530,172.604,18.897,0.159,-0.436,11.530,4.637713,-74.084430,0.07,4,1
365,5236117,-4.386,1.388,-10.181,16.209,13.936,14.368,172.698,19.342,0.141,-0.447,14.368,4.637713,-74.084430,0.07,4,1
366,5246121,-4.536,1.151,-10.169,14.134,13.691,17.725,172.867,19.812,0.117,-0.463,17.725,4.637713,-74.084430,0.07,4,1
367,5256117,-4.688,1.038,-10.309,10.624,14.821,21.570,173.046,20.291,0.106,-0.478,21.570,4.637713,-74.084430,0.07,4,1
368,5266115,-4.712,0.980,-10.443,7.115,17.018,25.294,173.209,20.741,0.100,-0.481,25.294,4.637713,-74.084430,0.07,4,1
369,5276109,-4.619,0.886,-10.402,3.971,20.527,28.406,173.370,21.164,0.090,-0.471,28.406,4.637713,-74.084430,0.07,4,1
370,5288015,-4.457,0.819,-10.292,1.469,23.915,30.665,173.520,21.585,0.083,-0.454,30.665,4.637713,-74.084430,0.07,4,1
371,5296107,-4.223,0.872,-10.244,0.096,26.021,31.550,173.623,21.873,0.089,-0.431,31.550,4.637713,-74.084430,0.07,4,1
372,5306107,-4.054,0.867,-10.133,0.187,26.723,31.244,173.717,22.096,0.088,-0.413,31.244,4.637713,-74.084430,0.07,4,1
373,5316116,-3.911,0.790,-10.078,0.828,26.631,30.482,173.842,22.256,0.081,-0.399,30.482,4.637713,-74.084430,0.07,4,1
374,5326107,-3.830,0.725,-10.119,1.103,26.631,29.169,173.990,22.365,0.074,-0.391,29.169,4.637713,-74.084430,0.07,4,1
375,5336119,-3.716,0.727,-10.109,1.164,26.631,27.369,174.125,22.422,0.074,-0.379,27.369,4.637713,-74.084430,0.07,4,1
376,5346115,-3.627,0.790,-10.100,1.194,26.295,25.324,174.222,22.438,0.081,-0.370,25.324,4.637713,-74.084430,0.07,4,1
377,5356107,-3.551,0.809,-10.018,0.797,25.532,23.249,174.297,22.425,0.082,-0.362,23.249,4.637713,-74.084430,0.07,4,1
378,5366119,-3.448,0.884,-9.725,1.103,24.006,21.143,174.323,22.398,0.090,-0.352,21.143,4.637713,-74.084430,0.07,4,1
379,5376107,-3.401,1.012,-9.485,1.743,20.436,18.610,174.283,22.354,0.103,-0.347,18.610,4.637713,-74.084430,0.07,4,1
380,5386119,-3.487,1.149,-9.425,2.842,15.553,16.016,174.188,22.310,0.117,-0.356,16.016,4.637713,-74.084430,0.07,4,1
381,5396111,-3.673,1.178,-9.295,4.978,10.212,13.758,174.099,22.318,0.120,-0.374,13.758,4.637713,-74.084430,0.07,4,1
382,5406107,-3.942,1.166,-9.343,6.901,5.238,11.988,174.043,22.382,0.119,-0.402,11.988,4.637713,-74.084430,0.07,4,1
383,5416119,-4.312,1.154,-9.523,8.396,1.301,10.798,174.021,22.522,0.118,-0.440,10.798,4.637713,-74.084430,0.07,4,1
384,5426116,-4.693,1.050,-9.687,9.464,-1.048,10.279,174.067,22.748,0.107,-0.479,10.279,4.637713,-74.084430,0.07,4,1
385,5436099,-5.051,1.040,-9.867,10.014,-1.110,10.431,174.127,23.056,0.106,-0.515,10.431,4.637713,-74.084430,0.07,4,1
386,5446112,-5.370,1.089,-9.972,10.075,1.484,11.439,174.167,23.457,0.111,-0.548,11.439,4.637713,-74.084430,0.07,4,1
387,5456120,-5.537,1.062,-10.013,10.349,6.550,12.903,174.220,23.925,0.108,-0.565,12.903,4.637713,-74.084430,0.07,4,1
388,5466116,-5.554,0.990,-10.011,10.838,13.142,14.551,174.305,24.425,0.101,-0.566,14.551,4.637713,-74.084430,0.07,4,1
389,5476116,-5.444,0.804,-9.780,12.272,20.344,15.558,174.471,24.963,0.082,-0.555,15.558,4.637713,-74.084430,0.07,4,1
390,5486116,-5.203,0.643,-9.490,13.462,26.845,15.436,174.701,25.492,0.066,-0.531,15.436,4.637713,-74.084430,0.07,4,1
391,5496107,-4.939,0.623,-9.297,14.256,31.788,14.368,174.922,25.967,0.064,-0.504,14.368,4.637713,-74.084430,0.07,4,1
392,5506107,-4.655,0.592,-9.040,14.713,36.030,13.178,175.138,26.386,0.060,-0.475,13.178,4.637713,-74.084430,0.07,4,1
393,5516119,-4.378,0.640,-8.743,14.652,39.723,12.263,175.302,26.756,0.065,-0.446,12.263,4.637713,-74.084430,0.07,4,1
394,5526134,-4.066,0.739,-8.553,14.073,42.653,11.622,175.389,27.030,0.075,-0.415,11.622,4.637713,-74.084430,0.07,4,1
395,5536125,-3.770,0.782,-8.327,13.798,44.880,11.225,175.432,27.218,0.080,-0.384,11.225,4.637713,-74.084430,0.07,4,1
396,5546107,-3.487,0.701,-8.010,13.706,46.040,10.645,175.501,27.336,0.071,-0.356,10.645,4.637713,-74.084430,0.07,4,1
397,5556116,-3.224,0.626,-7.756,12.669,45.735,9.638,175.584,27.369,0.064,-0.329,9.638,4.637713,-74.084430,0.07,4,1
398,5566111,-3.010,0.590,-7.619,11.265,44.270,8.570,175.663,27.306,0.060,-0.307,8.570,4.637713,-74.084430,0.07,4,1
399,5591273,-2.724,0.529,-7.242,7.450,37.892,5.671,175.786,27.556,0.054,-0.278,5.671,4.637713,-74.084430,0.07,4,1
400,5592664,-2.724,0.529,-7.242,7.450,37.892,5.671,175.861,27.480,0.054,-0.278,5.671,4.637713,-74.084430,0.07,4,1
401,5596116,-2.647,0.616,-7.177,5.467,32.918,3.992,175.820,27.126,0.063,-0.270,3.992,4.637713,-74.084430,0.07,4,1
402,5606113,-2.566,0.766,-7.268,3.575,27.394,2.772,175.670,26.690,0.078,-0.262,2.772,4.637723,-74.084442,0.05,4,1
403,5616167,-2.559,0.804,-7.311,1.774,22.023,2.222,175.496,26.236,0.082,-0.261,2.222,4.637723,-74.084442,0.05,4,1
404,5626111,-2.559,0.770,-7.335,-0.088,17.048,2.283,175.345,25.776,0.079,-0.261,2.283,4.637723,-74.084442,0.05,4,1
405,5636115,-2.538,0.710,-7.448,-2.651,12.166,2.527,175.229,25.281,0.072,-0.259,2.527,4.637723,-74.084442,0.05,4,1
406,5646111,-2.545,0.592,-7.513,-5.245,7.496,2.466,175.177,24.782,0.060,-0.259,2.466,4.637723,-74.084442,0.05,4,1
407,5656130,-2.573,0.505,-7.585,-7.931,2.858,1.490,175.161,24.287,0.052,-0.262,1.490,4.637723,-74.084442,0.05,4,1
408,5666114,-2.616,0.597,-7.672,-10.738,-1.934,-0.219,175.069,23.797,0.061,-0.267,-0.219,4.637723,-74.084442,0.05,4,1
409,5676135,-2.721,0.811,-7.732,-12.844,-6.542,-2.050,174.839,23.346,0.083,-0.277,-2.050,4.637723,-74.084442,0.05,4,1
410,5686112,-2.843,1.045,-7.856,-13.882,-10.784,-3.240,174.491,22.930,0.107,-0.290,-3.240,4.637723,-74.084442,0.05,4,1
411,5696126,-3.022,1.274,-8.111,-14.644,-14.018,-3.454,174.057,22.555,0.130,-0.308,-3.454,4.637723,-74.084442,0.05,4,1
412,5706120,-3.172,1.467,-8.320,-14.889,-15.575,-2.600,173.569,22.225,0.150,-0.323,-2.600,4.637723,-74.084442,0.05,4,1
413,5716118,-3.229,1.494,-8.459,-14.461,-15.453,-0.952,173.124,21.926,0.152,-0.329,-0.952,4.637723,-74.084442,0.05,4,1
414,5726128,-3.148,1.371,-8.543,-13.943,-14.263,0.422,172.789,21.612,0.140,-0.321,0.422,4.637723,-74.084442,0.05,4,1
415,5736111,-3.017,1.330,-8.570,-13.393,-12.920,0.757,172.510,21.272,0.136,-0.308,0.757,4.637723,-74.084442,0.05,4,1
416,5746110,-2.881,1.313,-8.527,-12.661,-12.065,-0.036,172.265,20.909,0.134,-0.294,-0.036,4.637723,-74.084442,0.05,4,1
417,5756106,-2.726,1.318,-8.478,-10.982,-11.974,-1.776,172.049,20.510,0.134,-0.278,-1.776,4.637723,-74.084442,0.05,4,1
418,5766120,-2.623,1.376,-8.483,-9.212,-12.584,-3.759,171.836,20.085,0.140,-0.268,-3.759,4.637723,-74.084442,0.05,4,1
419,5776123,-2.564,1.479,-8.529,-7.473,-13.835,-5.560,171.606,19.644,0.151,-0.261,-5.560,4.637723,-74.084442,0.05,4,1
420,5786111,-2.557,1.568,-8.627,-5.459,-15.392,-6.689,171.376,19.204,0.160,-0.261,-6.689,4.637723,-74.084442,0.05,4,1
421,5796112,-2.614,1.614,-8.702,-3.902,-17.040,-7.055,171.162,18.799,0.165,-0.267,-7.055,4.637723,-74.084442,0.05,4,1
422,5806119,-2.690,1.646,-8.841,-2.407,-18.688,-7.147,170.976,18.426,0.168,-0.274,-7.147,4.637723,-74.084442,0.05,4,1
423,5816114,-2.786,1.503,-8.923,-1.095,-19.847,-6.597,170.894,18.107,0.153,-0.284,-6.597,4.637723,-74.084442,0.05,4,1
424,5826128,-2.881,1.361,-9.052,-0.851,-20.854,-6.170,170.899,17.831,0.139,-0.294,-6.170,4.637723,-74.084442,0.05,4,1
425,5836108,-2.955,1.315,-9.175,-1.369,-21.953,-6.292,170.930,17.584,0.134,-0.301,-6.292,4.637723,-74.084442,0.05,4,1
426,5846111,-3.069,1.356,-9.293,-1.766,-22.930,-6.628,170.944,17.380,0.138,-0.313,-6.628,4.637723,-74.084442,0.05,4,1
427,5856133,-3.229,1.339,-9.514,-2.010,-23.784,-7.025,170.977,17.222,0.137,-0.329,-7.025,4.637723,-74.084442,0.05,4,1
428,5866111,-3.425,1.337,-9.691,-2.315,-24.059,-7.421,171.018,17.129,0.136,-0.349,-7.421,4.637723,-74.084442,0.05,4,1
429,5876111,-3.568,1.301,-9.843,-2.041,-24.059,-7.879,171.083,17.082,0.133,-0.364,-7.879,4.637723,-74.084442,0.05,4,1
430,5886118,-3.727,1.260,-10.104,-2.224,-23.601,-8.703,171.175,17.069,0.128,-0.380,-8.703,4.637723,-74.084442,0.05,4,1
431,5896122,-3.911,1.204,-10.260,-2.651,-22.075,-9.374,171.289,17.121,0.123,-0.399,-9.374,4.637723,-74.084442,0.05,4,1
432,5906116,-4.073,1.149,-10.361,-3.353,-19.634,-10.382,171.416,17.240,0.117,-0.415,-10.382,4.637723,-74.084442,0.05,4,1
433,5916113,-4.197,1.207,-10.467,-4.391,-16.704,-11.480,171.504,17.406,0.123,-0.428,-11.480,4.637723,-74.084442,0.05,4,1
434,5930715,-4.297,1.284,-10.505,-5.367,-13.408,-12.274,171.515,17.564,0.131,-0.438,-12.274,4.637723,-74.084442,0.05,4,1
435,5936105,-4.383,1.279,-10.515,-6.130,-9.807,-12.762,171.556,17.840,0.130,-0.447,-12.762,4.637723,-74.084442,0.05,4,1
436,5946119,-4.417,1.248,-10.604,-6.893,-5.992,-12.976,171.604,18.129,0.127,-0.450,-12.976,4.637723,-74.084442,0.05,4,1
437,5956118,-4.335,1.243,-10.666,-8.083,-1.567,-12.976,171.642,18.395,0.127,-0.442,-12.976,4.637723,-74.084442,0.05,4,1
438,5966119,-4.207,1.204,-10.688,-9.640,3.254,-12.945,171.680,18.635,0.123,-0.429,-12.945,4.637723,-74.084442,0.05,4,1
439,5976112,-3.954,1.077,-10.529,-11.227,7.680,-13.311,171.747,18.827,0.110,-0.403,-13.311,4.637723,-74.084442,0.05,4,1
440,5986132,-3.608,0.956,-10.191,-12.844,10.853,-14.349,171.832,18.949,0.097,-0.368,-14.349,4.637723,-74.084442,0.05,4,1
441,5996128,-3.298,0.958,-9.756,-14.797,11.464,-16.577,171.872,19.002,0.098,-0.336,-16.577,4.637723,-74.084442,0.05,4,1
442,6006112,-3.055,1.175,-9.408,-16.933,9.083,-19.201,171.770,18.970,0.120,-0.312,-19.201,4.637723,-74.084442,0.05,4,1
443,6016111,-2.960,1.511,-9.122,-18.581,4.292,-20.605,171.482,18.888,0.154,-0.302,-20.605,4.637723,-74.084442,0.05,4,1
444,6026114,-3.026,1.858,-9.024,-19.558,-1.720,-20.452,171.031,18.792,0.189,-0.309,-20.452,4.637723,-74.084442,0.05,4,1
445,6036133,-3.177,2.183,-9.201,-20.473,-7.366,-18.377,170.473,18.680,0.223,-0.324,-18.377,4.637723,-74.084442,0.05,4,1
446,6046112,-3.425,2.321,-9.487,-21.053,-10.997,-14.288,169.921,18.604,0.237,-0.349,-14.288,4.637723,-74.084442,0.05,4,1
447,6056112,-3.677,2.215,-9.754,-21.541,-11.669,-9.527,169.483,18.595,0.226,-0.375,-9.527,4.637723,-74.084442,0.05,4,1
448,6066131,-3.818,2.101,-10.025,-22.304,-9.502,-5.285,169.147,18.627,0.214,-0.389,-5.285,4.637723,-74.084442,0.05,4,1
449,6076121,-3.842,2.070,-10.145,-22.640,-4.985,-2.111,168.858,18.691,0.211,-0.392,-2.111,4.637723,-74.084442,0.05,4,1
450,6086112,-3.727,2.082,-10.088,-21.999,0.660,-0.341,168.587,18.767,0.212,-0.380,-0.341,4.637723,-74.084442,0.05,4,1
451,6096113,-3.525,2.092,-9.857,-20.046,6.123,0.208,168.330,18.839,0.213,-0.359,0.208,4.637723,-74.084442,0.05,4,1
452,6106112,-3.260,2.106,-9.636,-16.598,10.274,-0.402,168.098,18.866,0.215,-0.332,-0.402,4.637723,-74.084442,0.05,4,1
453,6116177,-3.029,1.964,-9.295,-11.898,12.532,-2.233,167.959,18.865,0.200,-0.309,-2.233,4.637723,-74.084442,0.05,4,1
454,6126118,-2.948,1.769,-8.947,-6.710,11.983,-4.888,167.936,18.876,0.180,-0.301,-4.888,4.637723,-74.084442,0.05,4,1
455,6136111,-2.941,1.624,-8.673,-1.705,8.656,-8.093,168.007,18.896,0.166,-0.300,-8.093,4.637723,-74.084442,0.05,4,1
456,6146109,-3.127,1.588,-8.747,1.682,3.590,-10.595,168.129,18.942,0.162,-0.319,-10.595,4.637723,-74.084442,0.05,4,1
457,6156113,-3.434,1.662,-8.932,3.452,-0.621,-11.083,168.238,19.049,0.170,-0.350,-11.083,4.637723,-74.084442,0.05,4,1
458,6166136,-3.720,1.725,-9.079,3.086,-2.727,-8.398,168.318,19.224,0.176,-0.379,-8.398,4.637723,-74.084442,0.05,4,1
459,6176111,-3.956,1.593,-9.209,1.560,-2.727,-3.698,168.452,19.465,0.162,-0.403,-3.698,4.637723,-74.084442,0.05,4,1
460,6186111,-4.047,1.462,-9.401,-0.637,-1.140,1.185,168.631,19.711,0.149,-0.413,1.185,4.637723,-74.084442,0.05,4,1
461,6196114,-4.104,1.296,-9.470,-2.529,1.820,5.305,168.862,19.980,0.132,-0.419,5.305,4.637723,-74.084442,0.05,4,1
462,6206103,-3.997,1.031,-9.391,-3.170,5.299,7.929,169.188,20.237,0.105,-0.408,7.929,4.637723,-74.084442,0.05,4,1
463,6216111,-3.754,0.770,-9.257,-3.231,8.504,8.326,169.606,20.431,0.079,-0.383,8.326,4.637723,-74.084442,0.05,4,1
464,6226107,-3.532,0.606,-9.002,-2.621,10.640,6.586,170.069,20.581,0.062,-0.360,6.586,4.637723,-74.084442,0.05,4,1
465,6236118,-3.322,0.587,-8.807,-1.705,10.853,3.321,170.508,20.663,0.060,-0.339,3.321,4.637723,-74.084442,0.05,4,1
466,6246118,-3.153,0.688,-8.642,-0.728,9.602,0.147,170.865,20.677,0.070,-0.321,0.147,4.637723,-74.084442,0.05,4,1
467,6256109,-3.050,0.843,-8.551,0.065,7.405,-1.989,171.118,20.636,0.086,-0.311,-1.989,4.637723,-74.084442,0.05,4,1
468,6266098,-3.026,0.980,-8.510,-0.088,4.841,-2.783,171.277,20.566,0.100,-0.309,-2.783,4.637723,-74.084442,0.05,4,1
469,6277912,-3.050,1.089,-8.548,-0.789,2.278,-1.867,171.361,20.480,0.111,-0.311,-1.867,4.637723,-74.084442,0.05,4,1
470,6286120,-3.050,1.183,-8.666,-1.919,0.416,0.117,171.392,20.363,0.121,-0.311,0.117,4.637723,-74.084442,0.05,4,1
471,6296117,-3.012,1.151,-8.791,-3.231,-0.591,2.405,171.433,20.209,0.117,-0.307,2.405,4.637723,-74.084442,0.05,4,1
472,6306115,-2.893,1.110,-8.793,-4.452,-1.048,4.206,171.480,20.009,0.113,-0.295,4.206,4.637723,-74.084442,0.05,4,1
473,6316110,-2.767,1.159,-8.836,-5.215,-1.720,5.152,171.495,19.753,0.118,-0.282,5.152,4.637723,-74.084442,0.05,4,1
474,6326109,-2.595,1.195,-8.856,-4.970,-2.971,5.213,171.495,19.423,0.122,-0.265,5.213,4.637723,-74.084442,0.05,4,1
475,6336122,-2.488,1.163,-8.762,-4.513,-4.924,4.389,171.508,19.063,0.119,-0.254,4.389,4.637723,-74.084442,0.05,4,1
476,6346118,-2.392,1.291,-8.685,-3.994,-8.068,2.833,171.455,18.665,0.132,-0.244,2.833,4.637723,-74.084442,0.05,4,1
477,6356112,-2.449,1.520,-8.723,-3.445,-12.279,1.307,171.300,18.276,0.155,-0.250,1.307,4.637723,-74.084442,0.05,4,1
478,6366114,-2.619,1.800,-8.954,-2.498,-16.704,0.818,171.049,17.918,0.184,-0.267,0.818,4.637723,-74.084442,0.05,4,1
479,6376110,-2.855,2.048,-9.249,-1.186,-20.122,1.703,170.743,17.617,0.209,-0.291,1.703,4.637723,-74.084442,0.05,4,1
480,6386109,-3.129,2.092,-9.545,0.340,-21.495,3.901,170.484,17.403,0.213,-0.319,3.901,4.637723,-74.084442,0.05,4,1
481,6396102,-3.334,1.988,-9.835,1.866,-20.519,6.556,170.331,17.265,0.203,-0.340,6.556,4.637723,-74.084442,0.05,4,1
482,6406118,-3.460,1.788,-10.083,3.239,-17.589,8.509,170.311,17.186,0.182,-0.353,8.509,4.637723,-74.084442,0.05,4,1
483,6416116,-3.472,1.564,-10.234,4.948,-13.408,9.211,170.414,17.143,0.159,-0.354,9.211,4.637723,-74.084442,0.05,4,1
484,6426120,-3.396,1.392,-10.217,6.413,-8.464,8.478,170.595,17.124,0.142,-0.346,8.478,4.637723,-74.084442,0.05,4,1
485,6436116,-3.231,1.318,-10.076,7.633,-3.917,6.556,170.798,17.103,0.134,-0.330,6.556,4.637723,-74.084442,0.05,4,1
486,6446118,-3.029,1.417,-9.903,8.763,-0.530,4.358,170.942,17.053,0.144,-0.309,4.358,4.637723,-74.084442,0.05,4,1
487,6456110,-2.843,1.554,-9.674,10.075,1.210,2.649,171.010,16.971,0.158,-0.290,2.649,4.637723,-74.084442,0.05,4,1
488,6466109,-2.705,1.629,-9.463,11.234,1.088,1.490,171.033,16.859,0.166,-0.276,1.490,4.637723,-74.084442,0.05,4,1
489,6476122,-2.662,1.655,-9.353,11.784,-0.560,1.246,171.039,16.735,0.169,-0.271,1.246,4.637723,-74.084442,0.05,4,1
490,6486120,-2.721,1.703,-9.408,11.387,-2.971,2.070,171.022,16.616,0.174,-0.277,2.070,4.637723,-74.084442,0.05,4,1
491,6496117,-2.838,1.718,-9.432,9.892,-4.863,3.748,170.988,16.535,0.175,-0.289,3.748,4.637723,-74.084442,0.05,4,1
492,6506115,-2.995,1.759,-9.550,8.061,-5.748,6.128,170.931,16.504,0.179,-0.305,6.128,4.637723,-74.084442,0.05,4,1
493,6516106,-3.112,1.766,-9.634,6.016,-5.626,8.570,170.863,16.514,0.180,-0.317,8.570,4.637723,-74.084442,0.05,4,1
494,6526127,-3.203,1.723,-9.699,4.582,-4.589,10.523,170.812,16.563,0.176,-0.327,10.523,4.637723,-74.084442,0.05,4,1
495,6536129,-3.208,1.626,-9.706,4.063,-3.032,11.713,170.803,16.626,0.166,-0.327,11.713,4.637723,-74.084442,0.05,4,1
496,6546125,-3.153,1.600,-9.641,3.849,-1.384,11.835,170.800,16.686,0.163,-0.321,11.835,4.637723,-74.084442,0.05,4,1
497,6556117,-3.079,1.629,-9.540,4.032,-0.163,11.194,170.778,16.735,0.166,-0.314,11.194,4.637723,-74.084442,0.05,4,1
498,6566113,-3.019,1.740,-9.449,4.521,0.355,10.309,170.704,16.769,0.177,-0.308,10.309,4.637723,-74.084442,0.05,4,1
499,6589538,-2.981,2.101,-9.269,5.894,0.355,10.554,170.484,16.775,0.214,-0.304,10.554,4.637723,-74.084442,0.05,4,1
500,6590980,-2.981,2.101,-9.269,5.894,0.355,10.554,170.249,16.800,0.214,-0.304,10.554,4.637723,-74.084442,0.05,4,1
501,6596112,-2.983,2.176,-9.307,6.931,-0.133,11.896,169.999,16.820,0.222,-0.304,11.896,4.637723,-74.084442,0.05,4,1
502,6606105,-2.979,2.123,-9.281,8.274,-0.499,13.788,169.808,16.838,0.216,-0.304,13.788,4.637737,-74.084452,0.04,4,1
503,6616129,-2.986,1.990,-9.297,9.251,-0.865,15.375,169.712,16.856,0.203,-0.304,15.375,4.637737,-74.084452,0.04,4,1
504,6626123,-2.993,1.836,-9.305,10.197,-1.354,16.413,169.710,16.874,0.187,-0.305,16.413,4.637737,-74.084452,0.04,4,1
505,6636121,-3.017,1.713,-9.326,10.838,-2.208,17.084,169.777,16.893,0.175,-0.308,17.084,4.637737,-74.084452,0.04,4,1
506,6646120,-3.086,1.653,-9.360,10.868,-2.880,17.634,169.870,16.932,0.169,-0.315,17.634,4.637737,-74.084452,0.04,4,1
507,6656137,-3.162,1.687,-9.391,10.380,-3.368,18.366,169.937,16.991,0.172,-0.322,18.366,4.637737,-74.084452,0.04,4,1
508,6666125,-3.227,1.781,-9.439,9.953,-3.581,19.709,169.955,17.061,0.182,-0.329,19.709,4.637737,-74.084452,0.04,4,1
509,6676117,-3.308,1.829,-9.535,10.014,-3.368,21.631,169.959,17.147,0.186,-0.337,21.631,4.637737,-74.084452,0.04,4,1
510,6686107,-3.317,1.788,-9.588,10.441,-2.757,23.798,169.989,17.229,0.182,-0.338,23.798,4.637737,-74.084452,0.04,4,1
511,6696126,-3.291,1.650,-9.564,10.777,-2.086,25.843,170.082,17.307,0.168,-0.336,25.843,4.637737,-74.084452,0.04,4,1
512,6706107,-3.265,1.530,-9.617,10.899,-1.537,27.247,170.228,17.367,0.156,-0.333,27.247,4.637737,-74.084452,0.04,4,1
513,6716132,-3.270,1.506,-9.718,10.838,-1.415,28.223,170.380,17.413,0.154,-0.333,28.223,4.637737,-74.084452,0.04,4,1
514,6726112,-3.284,1.477,-9.780,10.746,-1.171,29.139,170.537,17.455,0.151,-0.335,29.139,4.637737,-74.084452,0.04,4,1
515,6736107,-3.298,1.448,-9.845,10.288,-0.591,30.085,170.694,17.497,0.148,-0.336,30.085,4.637737,-74.084452,0.04,4,1
516,6746115,-3.310,1.458,-9.881,9.403,0.020,31.122,170.829,17.541,0.149,-0.338,31.122,4.637737,-74.084452,0.04,4,1
517,6756119,-3.308,1.484,-9.900,8.305,0.416,32.252,170.932,17.581,0.151,-0.337,32.252,4.637737,-74.084452,0.04,4,1
518,6766128,-3.344,1.544,-10.001,7.298,0.722,33.503,170.999,17.621,0.157,-0.341,33.503,4.637737,-74.084452,0.04,4,1
519,6776121,-3.367,1.638,-10.071,6.352,1.362,34.876,171.016,17.663,0.167,-0.343,34.876,4.637737,-74.084452,0.04,4,1
520,6786114,-3.339,1.682,-10.040,5.589,2.522,36.432,171.003,17.703,0.171,-0.340,36.432,4.637737,-74.084452,0.04,4,1
521,6796105,-3.284,1.737,-9.999,4.734,4.078,38.080,170.956,17.737,0.177,-0.335,38.080,4.637737,-74.084452,0.04,4,1
522,6806152,-3.234,1.771,-9.929,4.246,5.116,39.148,170.888,17.766,0.181,-0.330,39.148,4.637737,-74.084452,0.04,4,1
523,6816116,-3.155,1.831,-9.895,4.582,5.787,39.362,170.799,17.771,0.187,-0.322,39.362,4.637737,-74.084452,0.04,4,1
524,6826109,-3.091,1.846,-9.845,5.619,6.215,39.057,170.717,17.758,0.188,-0.315,39.057,4.637737,-74.084452,0.04,4,1
525,6836107,-3.088,1.826,-9.787,7.115,6.642,38.538,170.658,17.757,0.186,-0.315,38.538,4.637737,-74.084452,0.04,4,1
526,6846121,-3.060,1.720,-9.749,8.366,6.917,37.897,170.659,17.754,0.175,-0.312,37.897,4.637737,-74.084452,0.04,4,1
527,6856117,-3.079,1.597,-9.660,9.098,6.978,37.043,170.715,17.773,0.163,-0.314,37.043,4.637737,-74.084452,0.04,4,1
528,6866115,-3.158,1.585,-9.586,8.854,6.795,36.310,170.764,17.832,0.162,-0.322,36.310,4.637737,-74.084452,0.04,4,1
529,6876112,-3.260,1.641,-9.466,8.183,6.642,35.944,170.768,17.943,0.167,-0.332,35.944,4.637737,-74.084452,0.04,4,1
530,6886119,-3.360,1.749,-9.319,7.298,6.642,36.249,170.702,18.105,0.178,-0.343,36.249,4.637737,-74.084452,0.04,4,1
531,6896119,-3.425,1.843,-9.230,6.077,6.642,37.317,170.578,18.292,0.188,-0.349,37.317,4.637737,-74.084452,0.04,4,1
532,6906111,-3.508,1.916,-9.129,5.406,6.611,38.813,170.414,18.512,0.195,-0.358,38.813,4.637737,-74.084452,0.04,4,1
533,6916112,-3.603,1.930,-9.062,5.375,6.398,40.125,170.248,18.763,0.197,-0.367,40.125,4.637737,-74.084452,0.04,4,1
534,6926116,-3.677,1.838,-9.064,6.199,6.428,40.949,170.147,19.029,0.187,-0.375,40.949,4.637737,-74.084452,0.04,4,1
535,6938264,-3.744,1.708,-9.028,7.054,6.795,41.193,170.126,19.329,0.174,-0.382,41.193,4.637737,-74.084452,0.04,4,1
536,6946130,-3.816,1.621,-8.966,8.030,7.405,40.766,170.144,19.645,0.165,-0.389,40.766,4.637737,-74.084452,0.04,4,1
537,6956110,-3.835,1.518,-8.928,8.976,8.259,40.156,170.217,19.962,0.155,-0.391,40.156,4.637737,-74.084452,0.04,4,1
538,6966125,-3.832,1.448,-8.851,9.556,9.358,39.576,170.318,20.278,0.148,-0.391,39.576,4.637737,-74.084452,0.04,4,1
539,6976115,-3.861,1.455,-8.872,9.770,10.914,39.332,170.411,20.593,0.148,-0.394,39.332,4.637737,-74.084452,0.04,4,1
540,6986152,-3.773,1.436,-8.810,9.586,12.929,39.332,170.500,20.876,0.146,-0.385,39.332,4.637737,-74.084452,0.04,4,1
541,6996122,-3.618,1.373,-8.630,9.312,14.851,39.667,170.596,21.122,0.140,-0.369,39.667,4.637737,-74.084452,0.04,4,1
542,7006105,-3.401,1.342,-8.462,9.037,15.980,40.034,170.684,21.293,0.137,-0.347,40.034,4.637737,-74.084452,0.04,4,1
543,7016131,-3.129,1.192,-8.303,9.007,15.980,39.881,170.831,21.357,0.122,-0.319,39.881,4.637737,-74.084452,0.04,4,1
544,7026124,-2.945,1.050,-8.161,8.671,14.485,39.148,171.028,21.344,0.107,-0.300,39.148,4.637737,-74.084452,0.04,4,1
545,7036120,-2.728,0.971,-8.070,8.213,11.799,38.141,171.243,21.217,0.099,-0.278,38.141,4.637737,-74.084452,0.04,4,1
546,7046107,-2.626,0.855,-7.907,7.664,8.748,36.493,171.491,21.050,0.087,-0.268,36.493,4.637737,-74.084452,0.04,4,1
547,7056126,-2.559,0.932,-7.902,6.504,4.597,34.418,171.665,20.823,0.095,-0.261,34.418,4.637737,-74.084452,0.04,4,1
548,7066118,-2.571,1.009,-7.859,5.345,0.020,32.892,171.769,20.583,0.103,-0.262,32.892,4.637737,-74.084452,0.04,4,1
549,7076114,-2.662,1.180,-7.907,3.910,-4.405,32.374,171.760,20.354,0.120,-0.271,32.374,4.637737,-74.084452,0.04,4,1
550,7086114,-2.724,1.397,-8.034,2.903,-7.915,32.496,171.636,20.114,0.142,-0.278,32.496,4.637737,-74.084452,0.04,4,1
551,7096114,-2.850,1.400,-8.140,1.988,-10.234,33.076,171.521,19.916,0.143,-0.291,33.076,4.637737,-74.084452,0.04,4,1
552,7106117,-2.926,1.460,-8.265,1.560,-11.669,33.442,171.391,19.734,0.149,-0.298,33.442,4.637737,-74.084452,0.04,4,1
553,7116181,-2.933,1.489,-8.394,2.018,-12.523,33.350,171.272,19.541,0.152,-0.299,33.350,4.637737,-74.084452,0.04,4,1
554,7126114,-2.905,1.462,-8.483,3.239,-12.981,32.465,171.194,19.331,0.149,-0.296,32.465,4.637737,-74.084452,0.04,4,1
555,7136114,-2.871,1.373,-8.519,5.100,-13.439,30.665,171.189,19.115,0.140,-0.293,30.665,4.637737,-74.084452,0.04,4,1
556,7146110,-2.798,1.378,-8.553,6.596,-14.141,28.010,171.197,18.869,0.141,-0.285,28.010,4.637737,-74.084452,0.04,4,1
557,7156110,-2.771,1.474,-8.579,8.213,-15.819,25.263,171.174,18.609,0.150,-0.283,25.263,4.637737,-74.084452,0.04,4,1
558,7166127,-2.793,1.597,-8.663,9.892,-18.169,23.066,171.114,18.341,0.163,-0.285,23.066,4.637737,-74.084452,0.04,4,1
559,7176115,-2.907,1.684,-8.822,10.990,-20.336,22.059,171.040,18.101,0.172,-0.296,22.059,4.637737,-74.084452,0.04,4,1
560,7186122,-3.024,1.737,-8.983,11.387,-22.136,22.242,170.965,17.891,0.177,-0.308,22.242,4.637737,-74.084452,0.04,4,1
561,7196115,-3.146,1.737,-9.144,11.051,-23.509,23.035,170.906,17.714,0.177,-0.321,23.035,4.637737,-74.084452,0.04,4,1
562,7206115,-3.262,1.701,-9.288,10.288,-24.242,24.164,170.875,17.574,0.173,-0.333,24.164,4.637737,-74.084452,0.04,4,1
563,7216116,-3.353,1.670,-9.396,9.373,-24.730,25.263,170.861,17.464,0.170,-0.342,25.263,4.637737,-74.084452,0.04,4,1
564,7226105,-3.427,1.701,-9.490,8.427,-25.279,25.934,170.832,17.374,0.173,-0.349,25.934,4.637737,-74.084452,0.04,4,1
565,7236121,-3.544,1.742,-9.646,8.091,-25.646,26.240,170.797,17.312,0.178,-0.361,26.240,4.637737,-74.084452,0.04,4,1
566,7246102,-3.675,1.797,-9.797,8.427,-25.127,26.453,170.755,17.289,0.183,-0.375,26.453,4.637737,-74.084452,0.04,4,1
567,7256121,-3.789,1.713,-9.883,9.312,-23.937,26.301,170.768,17.313,0.175,-0.386,26.301,4.637737,-74.084452,0.04,4,1
568,7266105,-3.932,1.655,-9.994,10.044,-22.350,25.751,170.820,17.391,0.169,-0.401,25.751,4.637737,-74.084452,0.04,4,1
569,7280133,-4.028,1.701,-10.059,10.868,-19.878,24.866,170.888,17.442,0.173,-0.411,24.866,4.637737,-74.084452,0.04,4,1
570,7286098,-4.056,1.788,-10.186,11.418,-16.918,24.286,170.898,17.585,0.182,-0.414,24.286,4.637737,-74.084452,0.04,4,1
571,7296120,-4.059,1.879,-10.169,11.997,-12.981,24.347,170.873,17.753,0.192,-0.414,24.347,4.637737,-74.084452,0.04,4,1
572,7306100,-3.956,1.899,-10.004,12.974,-8.983,24.897,170.837,17.929,0.194,-0.403,24.897,4.637737,-74.084452,0.04,4,1
573,7316105,-3.751,1.785,-9.862,13.859,-6.023,25.355,170.850,18.061,0.182,-0.383,25.355,4.637737,-74.084452,0.04,4,1
574,7326109,-3.615,1.662,-9.701,14.500,-4.558,25.263,170.910,18.169,0.170,-0.369,25.263,4.637737,-74.084452,0.04,4,1
575,7336103,-3.532,1.621,-9.619,14.774,-4.375,24.805,170.981,18.250,0.165,-0.360,24.805,4.637737,-74.084452,0.04,4,1
576,7346099,-3.489,1.638,-9.571,14.317,-4.711,24.409,171.030,18.310,0.167,-0.356,24.409,4.637737,-74.084452,0.04,4,1
577,7356115,-3.479,1.638,-9.528,13.859,-4.894,24.378,171.068,18.366,0.167,-0.355,24.378,4.637737,-74.084452,0.04,4,1
578,7366099,-3.510,1.643,-9.473,13.218,-5.199,24.622,171.090,18.435,0.168,-0.358,24.622,4.637737,-74.084452,0.04,4,1
579,7376119,-3.532,1.643,-9.466,12.486,-5.382,25.110,171.104,18.507,0.168,-0.360,25.110,4.637737,-74.084452,0.04,4,1
580,7386118,-3.563,1.619,-9.466,12.058,-5.260,25.568,171.123,18.588,0.165,-0.363,25.568,4.637737,-74.084452,0.04,4,1
581,7396115,-3.596,1.590,-9.487,11.753,-4.772,25.904,171.153,18.679,0.162,-0.367,25.904,4.637737,-74.084452,0.04,4,1
582,7406099,-3.592,1.472,-9.470,11.448,-3.765,25.782,171.230,18.776,0.150,-0.366,25.782,4.637737,-74.084452,0.04,4,1
583,7416115,-3.572,1.277,-9.396,11.448,-2.513,25.263,171.387,18.884,0.130,-0.364,25.263,4.637737,-74.084452,0.04,4,1
584,7426117,-3.494,1.173,-9.300,10.807,-1.628,24.042,171.569,18.977,0.120,-0.356,24.042,4.637737,-74.084452,0.04,4,1
585,7436115,-3.422,1.214,-9.163,9.648,-1.323,22.547,171.698,19.055,0.124,-0.349,22.547,4.637737,-74.084452,0.04,4,1
586,7446112,-3.339,1.325,-8.973,8.366,-2.086,21.387,171.739,19.113,0.135,-0.340,21.387,4.637737,-74.084452,0.04,4,1
587,7456105,-3.298,1.532,-8.877,7.176,-3.734,20.930,171.658,19.143,0.156,-0.336,20.930,4.637737,-74.084452,0.04,4,1
588,7466100,-3.351,1.708,-8.856,6.443,-6.084,21.204,171.488,19.170,0.174,-0.342,21.204,4.637737,-74.084452,0.04,4,1
589,7476101,-3.482,1.797,-8.918,6.504,-8.342,21.937,171.295,19.218,0.183,-0.355,21.937,4.637737,-74.084452,0.04,4,1
590,7486118,-3.639,1.802,-9.069,6.748,-9.929,23.035,171.131,19.290,0.184,-0.371,23.035,4.637737,-74.084452,0.04,4,1
591,7496109,-3.823,1.682,-9.264,7.420,-10.082,23.951,171.059,19.402,0.171,-0.390,23.951,4.637737,-74.084452,0.04,4,1
592,7506107,-3.918,1.477,-9.389,8.305,-8.953,24.286,171.106,19.541,0.151,-0.400,24.286,4.637737,-74.084452,0.04,4,1
593,7516105,-3.963,1.289,-9.480,9.129,-7.091,23.707,171.250,19.694,0.131,-0.404,23.707,4.637737,-74.084452,0.04,4,1
594,7526099,-3.911,1.113,-9.427,9.861,-4.772,22.211,171.468,19.848,0.113,-0.399,22.211,4.637737,-74.084452,0.04,4,1
595,7536124,-3.825,1.045,-9.355,10.258,-3.002,20.380,171.700,19.986,0.107,-0.390,20.380,4.637737,-74.084452,0.04,4,1
596,7546106,-3.732,1.074,-9.285,10.227,-1.689,18.671,171.897,20.098,0.110,-0.381,18.671,4.637737,-74.084452,0.04,4,1
597,7556122,-3.603,1.132,-9.161,9.800,-0.957,17.542,172.040,20.174,0.115,-0.367,17.542,4.637737,-74.084452,0.04,4,1
598,7566119,-3.491,1.204,-9.072,9.129,-0.987,17.420,172.127,20.209,0.123,-0.356,17.420,4.637737,-74.084452,0.04,4,1
599,7596660,-3.308,1.166,-9.125,6.474,-2.849,19.343,172.272,20.062,0.119,-0.337,19.343,4.637737,-74.084452,0.04,4,1
600,7598072,-3.308,1.166,-9.125,6.474,-2.849,19.343,172.380,19.956,0.119,-0.337,19.343,4.637737,-74.084452,0.04,4,1
601,7599478,-3.308,1.166,-9.125,6.474,-2.849,19.343,172.452,19.892,0.119,-0.337,19.343,4.637737,-74.084452,0.04,4,1
602,7606110,-3.315,1.089,-9.192,5.985,-3.368,19.343,172.550,19.834,0.111,-0.338,19.343,4.637737,-74.084452,0.04,4,1
603,7616161,-3.296,1.014,-9.266,5.894,-3.459,18.793,172.681,19.761,0.103,-0.336,18.793,4.637757,-74.084455,0.00,4,1
604,7626112,-3.279,0.951,-9.300,5.680,-3.063,17.695,172.833,19.685,0.097,-0.334,17.695,4.637757,-74.084455,0.00,4,1
605,7636128,-3.243,0.985,-9.307,5.497,-2.696,16.291,172.951,19.601,0.100,-0.331,16.291,4.637757,-74.084455,0.00,4,1
606,7646122,-3.181,1.079,-9.257,5.222,-2.635,14.918,173.005,19.504,0.110,-0.324,14.918,4.637757,-74.084455,0.00,4,1
607,7656119,-3.134,1.142,-9.252,5.070,-2.788,13.910,173.020,19.391,0.116,-0.320,13.910,4.637757,-74.084455,0.00,4,1
608,7666127,-3.124,1.277,-9.204,5.253,-3.124,13.117,172.965,19.285,0.130,-0.319,13.117,4.637757,-74.084455,0.00,4,1
609,7676121,-3.086,1.310,-9.213,5.345,-3.856,12.659,172.899,19.163,0.134,-0.315,12.659,4.637757,-74.084455,0.00,4,1
610,7686129,-3.117,1.320,-9.252,5.161,-4.772,12.507,172.836,19.050,0.135,-0.318,12.507,4.637757,-74.084455,0.00,4,1
611,7696107,-3.136,1.294,-9.285,5.039,-5.596,12.507,172.792,18.943,0.132,-0.320,12.507,4.637757,-74.084455,0.00,4,1
612,7706126,-3.193,1.306,-9.369,4.795,-6.298,12.354,172.749,18.851,0.133,-0.326,12.354,4.637757,-74.084455,0.00,4,1
613,7716125,-3.265,1.306,-9.506,4.215,-6.542,12.018,172.714,18.775,0.133,-0.333,12.018,4.637757,-74.084455,0.00,4,1
614,7726117,-3.346,1.392,-9.578,3.758,-6.236,11.652,172.642,18.730,0.142,-0.341,11.652,4.637757,-74.084455,0.00,5,1
615,7736111,-3.384,1.496,-9.602,3.513,-5.596,11.652,172.527,18.705,0.153,-0.345,11.652,4.637757,-74.084455,0.00,5,1
616,7746119,-3.386,1.590,-9.590,3.697,-4.558,11.622,172.379,18.691,0.162,-0.345,11.622,4.637757,-74.084455,0.00,5,1
617,7756107,-3.365,1.631,-9.535,4.215,-3.490,11.622,172.224,18.687,0.166,-0.343,11.622,4.637757,-74.084455,0.00,5,1
618,7766128,-3.339,1.658,-9.547,4.765,-2.849,11.408,172.076,18.675,0.169,-0.340,11.408,4.637757,-74.084455,0.00,5,1
619,7776122,-3.351,1.614,-9.468,5.619,-2.513,10.981,171.961,18.685,0.165,-0.342,10.981,4.637757,-74.084455,0.00,5,1
620,7786121,-3.327,1.559,-9.425,6.016,-2.452,10.492,171.880,18.692,0.159,-0.339,10.492,4.637757,-74.084455,0.00,5,1
621,7796128,-3.334,1.643,-9.439,5.680,-2.574,10.157,171.765,18.696,0.168,-0.340,10.157,4.637757,-74.084455,0.00,5,1
622,7806109,-3.389,1.771,-9.492,5.222,-2.452,10.340,171.601,18.714,0.181,-0.346,10.340,4.637757,-74.084455,0.00,5,1
623,7816132,-3.420,1.855,-9.490,4.734,-2.056,11.072,171.407,18.744,0.189,-0.349,11.072,4.637757,-74.084455,0.00,5,1
624,7826105,-3.386,1.899,-9.468,4.368,-1.506,12.415,171.202,18.765,0.194,-0.345,12.415,4.637757,-74.084455,0.00,5,1
625,7836113,-3.360,1.913,-9.516,4.093,-1.079,13.666,171.009,18.770,0.195,-0.343,13.666,4.637757,-74.084455,0.00,5,1
626,7846121,-3.353,1.831,-9.521,4.460,-0.682,14.734,170.871,18.778,0.187,-0.342,14.734,4.637757,-74.084455,0.00,5,1
627,7856117,-3.341,1.708,-9.516,4.856,-0.225,14.979,170.802,18.788,0.174,-0.341,14.979,4.637757,-74.084455,0.00,5,1
628,7866128,-3.293,1.634,-9.492,4.734,0.294,14.704,170.770,18.787,0.167,-0.336,14.704,4.637757,-74.084455,0.00,5,1
629,7876122,-3.255,1.634,-9.432,4.673,0.722,14.033,170.735,18.783,0.167,-0.332,14.033,4.637757,-74.084455,0.00,5,1
630,7886118,-3.246,1.701,-9.355,4.398,0.935,13.483,170.663,18.787,0.173,-0.331,13.483,4.637757,-74.084455,0.00,5,1
631,7896124,-3.220,1.797,-9.302,3.941,0.599,13.392,170.543,18.781,0.183,-0.328,13.392,4.637757,-74.084455,0.00,5,1
632,7906117,-3.267,1.899,-9.309,3.544,0.142,13.849,170.383,18.787,0.194,-0.333,13.849,4.637757,-74.084455,0.00,5,1
633,7916127,-3.303,1.930,-9.305,3.208,-0.163,15.009,170.217,18.805,0.197,-0.337,15.009,4.637757,-74.084455,0.00,5,1
634,7926121,-3.298,1.911,-9.305,2.903,-0.102,16.230,170.069,18.821,0.195,-0.336,16.230,4.637757,-74.084455,0.00,5,1
635,7938381,-3.291,1.846,-9.276,2.476,0.203,17.573,169.953,18.840,0.188,-0.336,17.573,4.637757,-74.084455,0.00,5,1
636,7946128,-3.243,1.829,-9.252,2.506,0.477,18.366,169.854,18.845,0.186,-0.331,18.366,4.637757,-74.084455,0.00,5,1
637,7956121,-3.210,1.805,-9.204,3.025,0.599,18.397,169.774,18.845,0.184,-0.327,18.397,4.637757,-74.084455,0.00,5,1
638,7966118,-3.198,1.843,-9.194,3.788,0.416,18.091,169.689,18.837,0.188,-0.326,18.091,4.637757,-74.084455,0.00,5,1
639,7976121,-3.205,1.858,-9.209,4.917,0.172,17.695,169.615,18.829,0.189,-0.327,17.695,4.637757,-74.084455,0.00,5,1
640,7986110,-3.189,1.836,-9.201,6.260,-0.163,17.603,169.569,18.813,0.187,-0.325,17.603,4.637757,-74.084455,0.00,5,1
641,7996130,-3.172,1.802,-9.204,7.237,-0.469,17.603,169.552,18.789,0.184,-0.323,17.603,4.637757,-74.084455,0.00,5,1
642,8006119,-3.169,1.752,-9.170,7.969,-0.774,17.512,169.563,18.769,0.179,-0.323,17.512,4.637757,-74.084455,0.00,5,1
643,8016122,-3.198,1.684,-9.192,8.274,-1.628,17.695,169.610,18.754,0.172,-0.326,17.695,4.637757,-74.084455,0.00,5,1
644,8026119,-3.210,1.672,-9.249,8.213,-2.544,18.061,169.663,18.728,0.171,-0.327,18.061,4.637757,-74.084455,0.00,5,1
645,8036116,-3.227,1.605,-9.295,7.969,-3.002,18.763,169.745,18.703,0.164,-0.329,18.763,4.637757,-74.084455,0.00,5,1
646,8046125,-3.291,1.494,-9.372,7.633,-3.093,19.678,169.875,18.697,0.152,-0.336,19.678,4.637757,-74.084455,0.00,5,1
647,8056121,-3.317,1.419,-9.458,6.718,-2.941,20.380,170.027,18.694,0.145,-0.338,20.380,4.637757,-74.084455,0.00,5,1
648,8066108,-3.313,1.337,-9.497,5.863,-2.239,20.746,170.199,18.691,0.136,-0.338,20.746,4.637757,-74.084455,0.00,5,1
649,8076120,-3.289,1.337,-9.509,5.131,-1.048,20.838,170.353,18.688,0.136,-0.335,20.838,4.637757,-74.084455,0.00,5,1
650,8086119,-3.239,1.383,-9.509,4.673,0.050,20.533,170.470,18.674,0.141,-0.330,20.533,4.637757,-74.084455,0.00,5,1
651,8096120,-3.172,1.392,-9.514,4.673,0.966,20.106,170.573,18.641,0.142,-0.323,20.106,4.637757,-74.084455,0.00,5,1
652,8106118,-3.072,1.397,-9.427,4.978,1.851,19.526,170.664,18.588,0.142,-0.313,19.526,4.637757,-74.084455,0.00,5,1
653,8116166,-2.955,1.409,-9.331,5.375,2.217,18.854,170.738,18.506,0.144,-0.301,18.854,4.637757,-74.084455,0.00,5,1
654,8126132,-2.879,1.378,-9.269,5.528,1.973,18.366,170.819,18.403,0.141,-0.294,18.366,4.637757,-74.084455,0.00,5,1
655,8136106,-2.833,1.356,-9.240,5.284,1.027,17.878,170.900,18.284,0.138,-0.289,17.878,4.637757,-74.084455,0.00,5,1
656,8146119,-2.850,1.388,-9.235,4.856,-0.408,17.481,170.955,18.168,0.141,-0.291,17.481,4.637757,-74.084455,0.00,5,1
657,8156121,-2.912,1.429,-9.283,4.307,-1.781,17.328,170.986,18.068,0.146,-0.297,17.328,4.637757,-74.084455,0.00,5,1
658,8166105,-2.995,1.445,-9.422,3.697,-2.910,17.481,171.010,17.983,0.147,-0.305,17.481,4.637757,-74.084455,0.00,5,1
659,8176129,-3.096,1.438,-9.514,2.934,-3.337,17.725,171.035,17.930,0.147,-0.316,17.725,4.637757,-74.084455,0.00,5,1
660,8186125,-3.165,1.477,-9.576,2.171,-3.093,18.030,171.038,17.903,0.151,-0.323,18.030,4.637757,-74.084455,0.00,5,1
661,8196120,-3.229,1.549,-9.586,1.438,-2.635,18.458,171.002,17.906,0.158,-0.329,18.458,4.637757,-74.084455,0.00,5,1
662,8206106,-3.248,1.629,-9.588,1.377,-1.964,18.915,170.933,17.921,0.166,-0.331,18.915,4.637757,-74.084455,0.00,5,1
663,8216106,-3.282,1.650,-9.545,1.774,-1.048,19.343,170.859,17.962,0.168,-0.335,19.343,4.637757,-74.084455,0.00,5,1
664,8226111,-3.262,1.619,-9.518,2.567,-0.072,19.373,170.811,18.006,0.165,-0.333,19.373,4.637757,-74.084455,0.00,5,1
665,8236109,-3.246,1.578,-9.502,3.666,0.752,18.946,170.794,18.050,0.161,-0.331,18.946,4.637757,-74.084455,0.00,5,1
666,8246098,-3.210,1.559,-9.490,5.100,1.607,18.152,170.799,18.086,0.159,-0.327,18.152,4.637757,-74.084455,0.00,5,1
667,8256110,-3.177,1.503,-9.499,6.474,2.308,17.267,170.842,18.112,0.153,-0.324,17.267,4.637757,-74.084455,0.00,5,1
668,8266111,-3.119,1.407,-9.461,7.450,3.132,16.596,170.933,18.127,0.143,-0.318,16.596,4.637757,-74.084455,0.00,5,1
669,8276110,-3.031,1.356,-9.389,7.603,3.895,16.169,171.036,18.122,0.138,-0.309,16.169,4.637757,-74.084455,0.00,5,1
670,8288093,-2.945,1.335,-9.321,7.023,3.926,16.169,171.139,18.094,0.136,-0.300,16.169,4.637757,-74.084455,0.00,5,1
671,8296105,-2.874,1.344,-9.228,6.199,3.468,16.413,171.209,18.040,0.137,-0.293,16.413,4.637757,-74.084455,0.00,5,1
672,8306106,-2.824,1.330,-9.182,5.345,2.614,16.718,171.269,17.966,0.136,-0.288,16.718,4.637757,-74.084455,0.00,5,1
673,8316105,-2.805,1.313,-9.149,4.643,1.423,16.962,171.324,17.884,0.134,-0.286,16.962,4.637757,-74.084455,0.00,5,1
674,8326106,-2.802,1.335,-9.173,4.124,0.142,16.810,171.361,17.792,0.136,-0.286,16.810,4.637757,-74.084455,0.00,5,1
675,8336103,-2.833,1.339,-9.173,4.063,-1.140,16.504,171.392,17.709,0.137,-0.289,16.504,4.637757,-74.084455,0.00,5,1
676,8346103,-2.893,1.325,-9.283,4.521,-2.178,16.016,171.439,17.634,0.135,-0.295,16.016,4.637757,-74.084455,0.00,5,1
677,8356099,-2.988,1.272,-9.430,5.222,-2.757,15.345,171.524,17.582,0.130,-0.305,15.345,4.637757,-74.084455,0.00,5,1
678,8366100,-3.036,1.166,-9.482,5.711,-2.483,14.551,171.659,17.552,0.119,-0.310,14.551,4.637757,-74.084455,0.00,5,1
679,8376113,-3.088,1.026,-9.454,5.894,-1.934,13.422,171.848,17.557,0.105,-0.315,13.422,4.637757,-74.084455,0.00,5,1
680,8386112,-3.119,1.002,-9.506,5.497,-1.293,12.232,172.033,17.575,0.102,-0.318,12.232,4.637757,-74.084455,0.00,5,1
681,8396109,-3.155,1.057,-9.530,4.856,-0.652,11.439,172.173,17.607,0.108,-0.322,11.439,4.637757,-74.084455,0.00,5,1
682,8406109,-3.172,1.103,-9.480,4.185,0.020,11.164,172.273,17.657,0.112,-0.323,11.164,4.637757,-74.084455,0.00,5,1
683,8416106,-3.208,1.139,-9.451,3.513,0.691,11.133,172.341,17.727,0.116,-0.327,11.133,4.637757,-74.084455,0.00,5,1
684,8426106,-3.158,1.192,-9.413,2.873,1.179,11.286,172.370,17.780,0.122,-0.322,11.286,4.637757,-74.084455,0.00,5,1
685,8436103,-3.117,1.156,-9.369,2.567,1.576,11.500,172.409,17.822,0.118,-0.318,11.500,4.637757,-74.084455,0.00,5,1
686,8446103,-3.034,1.132,-9.329,2.567,1.515,11.469,172.454,17.831,0.115,-0.309,11.469,4.637757,-74.084455,0.00,5,1
687,8456099,-3.000,1.086,-9.333,2.720,0.996,10.859,172.519,17.821,0.111,-0.306,10.859,4.637757,-74.084455,0.00,5,1
688,8466100,-3.026,1.053,-9.353,3.147,0.203,9.882,172.599,17.812,0.107,-0.309,9.882,4.637757,-74.084455,0.00,5,1
689,8476108,-3.048,1.014,-9.415,3.452,-0.163,8.906,172.698,17.803,0.103,-0.311,8.906,4.637757,-74.084455,0.00,5,1
690,8486106,-3.026,0.975,-9.492,3.605,0.142,7.929,172.812,17.778,0.099,-0.309,7.929,4.637757,-74.084455,0.00,5,1
691,8496099,-3.024,0.973,-9.499,3.208,1.027,7.105,172.915,17.761,0.099,-0.308,7.105,4.637757,-74.084455,0.00,5,1
692,8506112,-2.950,1.028,-9.470,2.720,1.973,6.342,172.978,17.726,0.105,-0.301,6.342,4.637757,-74.084455,0.00,5,1
693,8516106,-2.859,1.067,-9.389,2.537,2.583,5.701,173.013,17.670,0.109,-0.292,5.701,4.637757,-74.084455,0.00,5,1
694,8526103,-2.798,1.113,-9.317,2.659,2.583,5.182,173.021,17.601,0.113,-0.285,5.182,4.637757,-74.084455,0.00,5,1
695,8536113,-2.759,1.086,-9.235,2.995,1.942,4.511,173.040,17.525,0.111,-0.281,4.511,4.637757,-74.084455,0.00,5,1
696,8546110,-2.750,1.014,-9.221,3.300,0.630,3.809,173.093,17.442,0.103,-0.280,3.809,4.637757,-74.084455,0.00,5,1
697,8556118,-2.781,0.999,-9.247,3.147,-1.262,3.016,173.150,17.357,0.102,-0.284,3.016,4.637757,-74.084455,0.00,5,1
698,8566106,-2.871,1.012,-9.341,2.720,-3.032,2.405,173.197,17.290,0.103,-0.293,2.405,4.637757,-74.084455,0.00,5,1
699,8624058,-3.134,0.937,-9.624,1.255,4.292,0.147,173.223,17.520,0.096,-0.320,0.147,4.637775,-74.084457,0.00,5,1
700,8625503,-3.134,0.937,-9.624,1.255,4.292,0.147,173.284,17.707,0.096,-0.320,0.147,4.637775,-74.084457,0.00,5,1
701,8626887,-3.134,0.937,-9.624,1.255,4.292,0.147,173.363,17.849,0.096,-0.320,0.147,4.637775,-74.084457,0.00,5,1
702,8628249,-3.134,0.937,-9.624,1.255,4.292,0.147,173.449,17.950,0.096,-0.320,0.147,4.637775,-74.084457,0.00,5,1
703,8629652,-3.134,0.937,-9.624,1.255,4.292,0.147,173.536,18.015,0.096,-0.320,0.147,4.637775,-74.084457,0.00,5,1
704,8631040,-2.976,0.942,-9.523,1.774,5.391,-1.196,173.617,17.981,0.096,-0.304,-1.196,4.637775,-74.084457,0.00,5,1
705,8636106,-2.976,0.942,-9.523,1.774,5.391,-1.196,173.688,17.939,0.096,-0.304,-1.196,4.637775,-74.084457,0.00,5,1
706,8646125,-2.850,0.930,-9.430,2.293,5.513,-2.477,173.753,17.850,0.095,-0.291,-2.477,4.637775,-74.084457,0.00,5,1
707,8656112,-2.752,0.891,-9.307,2.537,4.750,-3.637,173.827,17.734,0.091,-0.281,-3.637,4.637775,-74.084457,0.00,5,1
708,8666128,-2.740,0.877,-9.295,1.835,3.377,-4.309,173.893,17.619,0.089,-0.279,-4.309,4.637775,-74.084457,0.00,5,1
709,8676125,-2.793,0.903,-9.305,0.218,1.820,-4.309,173.920,17.531,0.092,-0.285,-4.309,4.637775,-74.084457,0.00,5,1
710,8686119,-2.859,0.990,-9.398,-1.827,0.691,-3.912,173.882,17.462,0.101,-0.292,-3.912,4.637775,-74.084457,0.00,5,1
711,8696115,-2.910,1.069,-9.485,-4.116,0.264,-3.271,173.788,17.407,0.109,-0.297,-3.271,4.637775,-74.084457,0.00,5,1
712,8706122,-2.950,1.122,-9.526,-5.794,0.630,-2.477,173.663,17.374,0.114,-0.301,-2.477,4.637775,-74.084457,0.00,5,1
713,8716112,-2.960,1.161,-9.576,-6.405,1.149,-2.386,173.527,17.346,0.118,-0.302,-2.386,4.637775,-74.084457,0.00,5,1
714,8726118,-2.945,1.195,-9.612,-5.977,1.729,-3.210,173.392,17.313,0.122,-0.300,-3.210,4.637775,-74.084457,0.00,5,1
715,8736132,-2.914,1.168,-9.578,-4.513,2.339,-4.797,173.294,17.280,0.119,-0.297,-4.797,4.637775,-74.084457,0.00,5,1
716,8746106,-2.895,1.113,-9.540,-3.017,2.858,-6.811,173.242,17.253,0.113,-0.295,-6.811,4.637775,-74.084457,0.00,5,1
717,8756123,-2.871,1.127,-9.504,-2.163,2.888,-8.795,173.194,17.222,0.115,-0.293,-8.795,4.637775,-74.084457,0.00,5,1
718,8766110,-2.857,1.200,-9.487,-1.644,2.766,-10.107,173.118,17.188,0.122,-0.291,-10.107,4.637775,-74.084457,0.00,5,1
719,8776125,-2.890,1.291,-9.451,-1.797,2.614,-10.412,173.001,17.173,0.132,-0.295,-10.412,4.637775,-74.084457,0.00,5,1
720,8786109,-2.917,1.335,-9.415,-2.376,2.522,-9.527,172.865,17.174,0.136,-0.297,-9.527,4.637775,-74.084457,0.00,5,1
721,8796129,-2.895,1.260,-9.396,-3.170,2.492,-8.184,172.767,17.170,0.128,-0.295,-8.184,4.637775,-74.084457,0.00,5,1
722,8806111,-2.921,1.180,-9.458,-4.238,2.186,-7.147,172.709,17.167,0.120,-0.298,-7.147,4.637775,-74.084457,0.00,5,1
723,8816113,-2.962,1.134,-9.571,-5.092,2.064,-6.628,172.675,17.167,0.116,-0.302,-6.628,4.637775,-74.084457,0.00,5,1
724,8826128,-2.998,1.103,-9.602,-5.428,2.736,-6.689,172.657,17.185,0.112,-0.306,-6.689,4.637775,-74.084457,0.00,5,1
725,8836126,-2.972,1.050,-9.590,-5.367,4.048,-7.421,172.665,17.205,0.107,-0.303,-7.421,4.637775,-74.084457,0.00,5,1
726,8846116,-2.876,1.019,-9.554,-4.909,5.360,-8.856,172.689,17.200,0.104,-0.293,-8.856,4.637775,-74.084457,0.00,5,1
727,8856109,-2.795,1.089,-9.446,-4.452,6.062,-10.504,172.678,17.179,0.111,-0.285,-10.504,4.637775,-74.084457,0.00,5,1
728,8866131,-2.688,1.207,-9.336,-4.177,6.428,-11.846,172.607,17.129,0.123,-0.274,-11.846,4.637775,-74.084457,0.00,5,1
729,8876117,-2.612,1.361,-9.223,-4.024,6.032,-12.426,172.464,17.057,0.139,-0.266,-12.426,4.637775,-74.084457,0.00,5,1
730,8886108,-2.507,1.443,-9.161,-4.085,5.238,-12.091,172.288,16.942,0.147,-0.256,-12.091,4.637775,-74.084457,0.00,5,1
731,8896118,-2.457,1.494,-9.117,-4.421,4.139,-11.389,172.095,16.808,0.152,-0.250,-11.389,4.637775,-74.084457,0.00,5,1
732,8906116,-2.449,1.462,-9.067,-4.726,2.797,-10.534,171.925,16.675,0.149,-0.250,-10.534,4.637775,-74.084457,0.00,5,1
733,8916131,-2.497,1.407,-9.088,-5.092,0.966,-9.985,171.793,16.555,0.143,-0.255,-9.985,4.637775,-74.084457,0.00,5,1
734,8926106,-2.623,1.400,-9.233,-5.489,-0.987,-10.076,171.682,16.466,0.143,-0.268,-10.076,4.637775,-74.084457,0.00,5,1
735,8938257,-2.788,1.436,-9.314,-5.703,-2.239,-10.259,171.548,16.426,0.146,-0.284,-10.259,4.637775,-74.084457,0.00,5,1
736,8946112,-2.910,1.532,-9.439,-5.855,-2.361,-10.382,171.405,16.429,0.156,-0.297,-10.382,4.637775,-74.084457,0.00,5,1
737,8956121,-3.036,1.588,-9.497,-5.916,-1.537,-10.382,171.252,16.485,0.162,-0.310,-10.382,4.637775,-74.084457,0.00,5,1
738,8966110,-3.098,1.621,-9.504,-5.520,-0.194,-10.107,171.099,16.574,0.165,-0.316,-10.107,4.637775,-74.084457,0.00,5,1
739,8976108,-3.105,1.588,-9.511,-4.879,1.301,-10.046,170.980,16.672,0.162,-0.317,-10.046,4.637775,-74.084457,0.00,5,1
740,8986112,-3.072,1.576,-9.478,-4.574,2.522,-10.076,170.876,16.765,0.161,-0.313,-10.076,4.637775,-74.084457,0.00,5,1
741,8996121,-3.012,1.602,-9.398,-4.268,3.346,-10.198,170.765,16.842,0.163,-0.307,-10.198,4.637775,-74.084457,0.00,5,1
742,9006120,-2.991,1.658,-9.300,-4.024,3.712,-10.076,170.631,16.920,0.169,-0.305,-10.076,4.637775,-74.084457,0.00,5,1
743,9016114,-2.931,1.696,-9.192,-4.024,3.438,-9.649,170.480,16.977,0.173,-0.299,-9.649,4.637775,-74.084457,0.00,5,1
744,9026106,-2.888,1.720,-9.149,-4.207,2.278,-8.917,170.325,17.005,0.175,-0.295,-8.917,4.637775,-74.084457,0.00,5,1
745,9036108,-2.926,1.769,-9.158,-4.513,0.722,-7.818,170.156,17.031,0.180,-0.298,-7.818,4.637775,-74.084457,0.00,5,1
746,9046127,-3.017,1.814,-9.257,-5.031,-0.774,-6.475,169.984,17.066,0.185,-0.308,-6.475,4.637775,-74.084457,0.00,5,1
747,9056116,-3.096,1.836,-9.403,-5.459,-1.201,-4.919,169.824,17.107,0.187,-0.316,-4.919,4.637775,-74.084457,0.00,5,1
748,9066121,-3.181,1.807,-9.487,-5.459,-0.652,-3.515,169.697,17.175,0.184,-0.324,-3.515,4.637775,-74.084457,0.00,5,1
749,9076109,-3.155,1.730,-9.542,-4.879,0.477,-2.722,169.624,17.233,0.176,-0.322,-2.722,4.637775,-74.084457,0.00,5,1
750,9086115,-3.110,1.641,-9.542,-3.811,1.790,-2.844,169.607,17.281,0.167,-0.317,-2.844,4.637775,-74.084457,0.00,5,1
751,9096114,-3.038,1.532,-9.516,-2.407,3.041,-3.668,169.651,17.313,0.156,-0.310,-3.668,4.637775,-74.084457,0.00,5,1
752,9106105,-2.941,1.470,-9.446,-1.095,3.926,-4.919,169.728,17.320,0.150,-0.300,-4.919,4.637775,-74.084457,0.00,5,1
753,9116106,-2.843,1.426,-9.329,-0.332,4.078,-6.201,169.818,17.303,0.145,-0.290,-6.201,4.637775,-74.084457,0.00,5,1
754,9126162,-2.755,1.453,-9.259,-0.271,3.316,-7.116,169.884,17.249,0.148,-0.281,-7.116,4.637775,-74.084457,0.00,5,1
755,9136131,-2.712,1.542,-9.194,-0.362,1.759,-7.177,169.897,17.173,0.157,-0.277,-7.177,4.637775,-74.084457,0.00,5,1
756,9146116,-2.757,1.547,-9.235,-0.606,-0.194,-6.506,169.909,17.100,0.158,-0.281,-6.506,4.637775,-74.084457,0.00,5,1
757,9156108,-2.871,1.438,-9.384,-1.186,-2.025,-5.438,169.975,17.047,0.147,-0.293,-5.438,4.637775,-74.084457,0.00,5,1
758,9166105,-3.031,1.306,-9.581,-2.132,-2.910,-4.339,170.101,17.035,0.133,-0.309,-4.339,4.637775,-74.084457,0.00,5,1
759,9176107,-3.177,1.255,-9.696,-3.567,-2.422,-3.729,170.235,17.075,0.128,-0.324,-3.729,4.637775,-74.084457,0.00,5,1
760,9186126,-3.229,1.243,-9.761,-4.726,-0.957,-3.454,170.356,17.138,0.127,-0.329,-3.454,4.637775,-74.084457,0.00,5,1
761,9196109,-3.220,1.303,-9.766,-5.306,0.813,-3.454,170.437,17.207,0.133,-0.328,-3.454,4.637775,-74.084457,0.00,5,1
762,9206111,-3.186,1.330,-9.682,-5.215,2.583,-3.881,170.495,17.284,0.136,-0.325,-3.881,4.637775,-74.084457,0.00,5,1
763,9216116,-3.098,1.366,-9.605,-4.696,4.048,-4.461,170.533,17.342,0.139,-0.316,-4.461,4.637775,-74.084457,0.00,5,1
764,9226113,-3.017,1.414,-9.497,-3.750,5.208,-5.255,170.547,17.385,0.144,-0.308,-5.255,4.637775,-74.084457,0.00,5,1
765,9236111,-2.910,1.443,-9.377,-2.712,6.215,-5.895,170.549,17.404,0.147,-0.297,-5.895,4.637775,-74.084457,0.00,5,1
766,9246108,-2.793,1.417,-9.233,-1.858,6.672,-6.475,170.561,17.395,0.144,-0.285,-6.475,4.637775,-74.084457,0.00,5,1
767,9256107,-2.705,1.366,-9.052,-1.247,6.032,-7.147,170.588,17.366,0.139,-0.276,-7.147,4.637775,-74.084457,0.00,5,1
768,9266105,-2.688,1.332,-8.964,-0.851,4.384,-8.184,170.627,17.329,0.136,-0.274,-8.184,4.637775,-74.084457,0.00,5,1
769,9277949,-2.769,1.349,-8.959,-0.912,1.790,-8.917,170.648,17.307,0.138,-0.282,-8.917,4.637775,-74.084457,0.00,5,1
770,9286114,-2.898,1.404,-9.057,-1.461,-0.652,-9.100,170.649,17.307,0.143,-0.295,-9.100,4.637775,-74.084457,0.00,5,1
771,9296112,-3.034,1.477,-9.216,-2.102,-2.025,-8.428,170.622,17.330,0.151,-0.309,-8.428,4.637775,-74.084457,0.00,5,1
772,9306111,-3.141,1.491,-9.269,-2.651,-2.239,-7.147,170.588,17.388,0.152,-0.320,-7.147,4.637775,-74.084457,0.00,5,1
773,9316112,-3.189,1.462,-9.252,-2.987,-1.598,-5.926,170.567,17.470,0.149,-0.325,-5.926,4.637775,-74.084457,0.00,5,1
774,9326111,-3.169,1.414,-9.182,-2.865,-0.774,-5.407,170.566,17.557,0.144,-0.323,-5.407,4.637775,-74.084457,0.00,5,1
775,9336112,-3.124,1.421,-9.185,-1.858,-0.194,-5.651,170.571,17.622,0.145,-0.319,-5.651,4.637775,-74.084457,0.00,5,1
776,9346110,-3.081,1.431,-9.189,-0.149,0.355,-6.597,170.588,17.669,0.146,-0.314,-6.597,4.637775,-74.084457,0.00,5,1
777,9356112,-2.986,1.339,-9.187,1.957,1.179,-8.001,170.665,17.680,0.137,-0.304,-8.001,4.637775,-74.084457,0.00,5,1
778,9366111,-2.898,1.245,-9.211,3.605,1.973,-9.771,170.798,17.658,0.127,-0.295,-9.771,4.637775,-74.084457,0.00,5,1
779,9376112,-2.850,1.224,-9.192,4.673,2.553,-11.511,170.940,17.625,0.125,-0.291,-11.511,4.637775,-74.084457,0.00,5,1
780,9386114,-2.774,1.228,-9.149,5.284,3.163,-13.128,171.072,17.572,0.125,-0.283,-13.128,4.637775,-74.084457,0.00,5,1
781,9396102,-2.643,1.267,-9.117,4.765,3.346,-14.105,171.168,17.471,0.129,-0.269,-14.105,4.637775,-74.084457,0.00,5,1
782,9406117,-2.538,1.310,-9.026,3.605,2.919,-13.983,171.219,17.337,0.134,-0.259,-13.983,4.637775,-74.084457,0.00,5,1
783,9416104,-2.435,1.320,-8.956,1.835,1.637,-13.403,171.240,17.163,0.135,-0.248,-13.403,4.637775,-74.084457,0.00,5,1
784,9426107,-2.423,1.332,-8.920,-0.057,-0.499,-12.823,171.234,16.982,0.136,-0.247,-12.823,4.637775,-74.084457,0.00,5,1
785,9436112,-2.514,1.339,-8.954,-2.041,-2.849,-12.640,171.209,16.829,0.137,-0.256,-12.640,4.637775,-74.084457,0.00,5,1
786,9446115,-2.616,1.385,-9.060,-3.963,-4.802,-12.701,171.154,16.703,0.141,-0.267,-12.701,4.637775,-74.084457,0.00,5,1
787,9456104,-2.755,1.433,-9.139,-5.245,-6.145,-13.189,171.074,16.623,0.146,-0.281,-13.189,4.637775,-74.084457,0.00,5,1
788,9466107,-2.893,1.503,-9.204,-6.100,-6.725,-14.044,170.964,16.595,0.153,-0.295,-14.044,4.637775,-74.084457,0.00,5,1
789,9476112,-2.995,1.583,-9.249,-6.557,-6.938,-15.203,170.825,16.604,0.161,-0.305,-15.203,4.637775,-74.084457,0.00,5,1
790,9486114,-3.091,1.648,-9.309,-6.466,-6.999,-16.485,170.672,16.642,0.168,-0.315,-16.485,4.637775,-74.084457,0.00,5,1
791,9496104,-3.174,1.723,-9.336,-6.222,-6.999,-17.706,170.502,16.707,0.176,-0.324,-17.706,4.637775,-74.084457,0.00,5,1
792,9506107,-3.265,1.814,-9.348,-6.374,-7.091,-18.469,170.302,16.800,0.185,-0.333,-18.469,4.637775,-74.084457,0.00,5,1
793,9516112,-3.358,1.957,-9.406,-6.679,-7.244,-18.408,170.055,16.911,0.200,-0.342,-18.408,4.637775,-74.084457,0.00,5,1
794,9526114,-3.448,2.036,-9.446,-7.015,-7.213,-17.431,169.792,17.043,0.208,-0.352,-17.431,4.637775,-74.084457,0.00,5,1
795,9536104,-3.508,2.113,-9.506,-7.625,-7.030,-15.875,169.515,17.180,0.215,-0.358,-15.875,4.637775,-74.084457,0.00,5,1
796,9546111,-3.580,2.128,-9.593,-7.931,-6.572,-14.074,169.259,17.326,0.217,-0.365,-14.074,4.637775,-74.084457,0.00,5,1
797,9556116,-3.623,2.046,-9.715,-8.175,-5.321,-12.274,169.067,17.475,0.209,-0.369,-12.274,4.637775,-74.084457,0.00,5,1
798,9566108,-3.627,1.973,-9.809,-8.144,-3.215,-11.083,168.931,17.624,0.201,-0.370,-11.083,4.637775,-74.084457,0.00,5,1
799,9589517,-3.198,1.850,-9.662,-6.435,6.337,-11.694,168.749,17.766,0.189,-0.326,-11.694,4.637775,-74.084457,0.00,5,1
800,9590942,-3.198,1.850,-9.662,-6.435,6.337,-11.694,168.657,17.857,0.189,-0.326,-11.694,4.637775,-74.084457,0.00,5,1
801,9596107,-3.198,1.850,-9.662,-6.435,6.337,-11.694,168.613,17.917,0.189,-0.326,-11.694,4.637775,-74.084457,0.00,5,1
802,9606117,-2.919,1.877,-9.430,-5.611,8.900,-12.640,168.546,17.902,0.191,-0.298,-12.640,4.637775,-74.084457,0.00,5,1
803,9616116,-2.619,1.923,-9.187,-5.001,10.029,-13.922,168.442,17.792,0.196,-0.267,-13.922,4.637792,-74.084458,0.00,5,1
804,9626177,-2.359,2.058,-8.985,-4.757,9.511,-15.081,168.262,17.587,0.210,-0.241,-15.081,4.637792,-74.084458,0.00,5,1
805,9636118,-2.173,2.190,-8.860,-4.726,7.466,-15.692,168.017,17.304,0.223,-0.222,-15.692,4.637792,-74.084458,0.00,5,1
806,9646110,-2.049,2.345,-8.747,-5.245,4.475,-15.631,167.698,16.967,0.239,-0.209,-15.631,4.637792,-74.084458,0.00,5,1
807,9656111,-2.013,2.501,-8.690,-6.100,0.752,-14.776,167.314,16.609,0.255,-0.205,-14.776,4.637792,-74.084458,0.00,5,1
808,9666115,-2.094,2.615,-8.752,-6.862,-3.490,-13.586,166.909,16.270,0.267,-0.214,-13.586,4.637792,-74.084458,0.00,5,1
809,9676145,-2.271,2.706,-8.916,-7.442,-7.213,-12.121,166.511,15.986,0.276,-0.232,-12.121,4.637792,-74.084458,0.00,5,1
810,9686122,-2.459,2.759,-9.043,-7.961,-9.807,-10.443,166.135,15.772,0.281,-0.251,-10.443,4.637792,-74.084458,0.00,5,1
811,9696113,-2.597,2.781,-9.175,-8.266,-11.760,-8.886,165.794,15.601,0.284,-0.265,-8.886,4.637792,-74.084458,0.00,5,1
812,9706124,-2.793,2.841,-9.295,-8.388,-13.133,-7.574,165.468,15.501,0.290,-0.285,-7.574,4.637792,-74.084458,0.00,5,1
813,9716126,-2.986,2.887,-9.518,-8.083,-13.805,-6.445,165.181,15.454,0.294,-0.304,-6.445,4.637792,-74.084458,0.00,5,1
814,9726110,-3.179,2.849,-9.665,-7.351,-13.683,-5.529,164.958,15.475,0.290,-0.324,-5.529,4.637792,-74.084458,0.00,5,1
815,9736117,-3.370,2.793,-9.792,-6.496,-13.072,-4.705,164.800,15.563,0.285,-0.344,-4.705,4.637792,-74.084458,0.00,5,1
816,9746115,-3.491,2.728,-9.845,-5.825,-11.882,-4.186,164.694,15.697,0.278,-0.356,-4.186,4.637792,-74.084458,0.00,5,1
817,9756109,-3.623,2.670,-9.756,-4.665,-10.845,-4.125,164.621,15.896,0.272,-0.369,-4.125,4.637792,-74.084458,0.00,5,1
818,9766119,-3.744,2.747,-9.723,-3.994,-10.387,-3.973,164.523,16.132,0.280,-0.382,-3.973,4.637792,-74.084458,0.00,5,1
819,9776116,-3.894,2.894,-9.807,-3.231,-10.143,-2.813,164.389,16.393,0.295,-0.397,-2.813,4.637792,-74.084458,0.00,5,1
820,9786113,-4.042,2.931,-9.859,-2.285,-9.258,-0.372,164.264,16.688,0.299,-0.412,-0.372,4.637792,-74.084458,0.00,5,1
821,9796120,-4.123,2.865,-9.859,-1.888,-7.488,2.924,164.181,17.010,0.292,-0.420,2.924,4.637792,-74.084458,0.00,5,1
822,9806117,-4.197,2.822,-9.970,-1.613,-4.924,6.647,164.137,17.344,0.288,-0.428,6.647,4.637792,-74.084458,0.00,5,1
823,9816118,-4.183,2.694,-9.934,-0.606,-1.964,9.943,164.154,17.685,0.275,-0.427,9.943,4.637792,-74.084458,0.00,5,1
824,9826110,-4.087,2.586,-9.881,0.614,1.057,12.232,164.221,18.004,0.264,-0.417,12.232,4.637792,-74.084458,0.00,5,1
825,9836106,-3.901,2.485,-9.787,2.476,4.231,13.727,164.333,18.275,0.253,-0.398,13.727,4.637792,-74.084458,0.00,5,1
826,9846126,-3.725,2.350,-9.689,5.192,6.886,14.429,164.508,18.500,0.240,-0.380,14.429,4.637792,-74.084458,0.00,5,1
827,9856134,-3.520,2.137,-9.595,7.939,8.900,14.277,164.778,18.666,0.218,-0.359,14.277,4.637792,-74.084458,0.00,5,1
828,9866116,-3.336,1.887,-9.480,10.685,10.457,13.453,165.154,18.783,0.192,-0.340,13.453,4.637792,-74.084458,0.00,5,1
829,9876116,-3.189,1.660,-9.367,12.699,11.098,12.415,165.612,18.857,0.169,-0.325,12.415,4.637792,-74.084458,0.00,5,1
830,9886118,-3.062,1.489,-9.302,13.279,11.189,11.652,166.115,18.886,0.152,-0.312,11.652,4.637792,-74.084458,0.00,5,1
831,9896113,-2.976,1.424,-9.257,12.638,10.670,11.378,166.600,18.879,0.145,-0.304,11.378,4.637792,-74.084458,0.00,5,1
832,9906119,-2.895,1.421,-9.235,11.021,9.633,12.079,167.033,18.830,0.145,-0.295,12.079,4.637792,-74.084458,0.00,5,1
833,9916120,-2.850,1.421,-9.225,8.793,8.351,13.636,167.411,18.755,0.145,-0.291,13.636,4.637792,-74.084458,0.00,5,1
834,9928368,-2.831,1.421,-9.317,6.199,6.825,15.742,167.754,18.661,0.145,-0.289,15.742,4.637792,-74.084458,0.00,5,1
835,9936109,-2.855,1.400,-9.406,4.154,5.757,17.603,168.061,18.552,0.143,-0.291,17.603,4.637792,-74.084458,0.00,5,1
836,9946117,-2.871,1.248,-9.485,2.873,5.421,18.641,168.408,18.449,0.127,-0.293,18.641,4.637792,-74.084458,0.00,5,1
837,9956113,-2.862,1.089,-9.564,2.293,5.574,18.427,168.800,18.343,0.111,-0.292,18.427,4.637792,-74.084458,0.00,5,1
838,9966117,-2.833,0.966,-9.550,2.140,6.123,16.596,169.216,18.242,0.098,-0.289,16.596,4.637792,-74.084458,0.00,5,1
839,9976109,-2.805,0.942,-9.547,2.171,6.642,13.758,169.611,18.142,0.096,-0.286,13.758,4.637792,-74.084458,0.00,5,1
840,9986137,-2.812,1.043,-9.478,1.957,6.886,10.645,169.923,18.063,0.106,-0.287,10.645,4.637792,-74.084458,0.00,5,1
841,9996121,-2.814,1.267,-9.408,1.499,6.856,8.021,170.099,17.995,0.129,-0.287,8.021,4.637792,-74.084458,0.00,5,1
842,10006118,-2.814,1.605,-9.369,0.706,6.672,6.739,170.095,17.930,0.164,-0.287,6.739,4.637792,-74.084458,0.00,5,1
843,10016119,-2.809,1.894,-9.281,0.248,6.520,6.952,169.947,17.870,0.193,-0.286,6.952,4.637792,-74.084458,0.00,5,1
844,10026108,-2.800,2.125,-9.230,0.218,5.879,8.173,169.699,17.805,0.217,-0.286,8.173,4.637792,-74.084458,0.00,5,1
845,10036128,-2.805,2.207,-9.264,0.858,5.330,9.882,169.443,17.736,0.225,-0.286,9.882,4.637792,-74.084458,0.00,5,1
846,10046115,-2.802,2.106,-9.266,2.323,5.025,11.225,169.265,17.670,0.215,-0.286,11.225,4.637792,-74.084458,0.00,5,1
847,10056110,-2.790,1.860,-9.259,4.124,4.780,11.683,169.230,17.610,0.190,-0.285,11.683,4.637792,-74.084458,0.00,5,1
848,10066125,-2.757,1.653,-9.269,5.924,4.506,10.676,169.311,17.541,0.169,-0.281,10.676,4.637792,-74.084458,0.00,5,1
849,10076112,-2.767,1.561,-9.278,7.298,3.773,8.875,169.441,17.475,0.159,-0.282,8.875,4.637792,-74.084458,0.00,5,1
850,10086112,-2.817,1.566,-9.345,8.305,3.102,7.044,169.573,17.421,0.160,-0.287,7.044,4.637792,-74.084458,0.00,5,1
851,10096104,-2.859,1.653,-9.415,8.946,2.919,5.976,169.667,17.377,0.169,-0.292,5.976,4.637792,-74.084458,0.00,5,1
852,10106116,-2.879,1.687,-9.430,9.434,3.346,6.006,169.744,17.346,0.172,-0.294,6.006,4.637792,-74.084458,0.00,5,1
853,10116106,-2.845,1.720,-9.463,9.159,4.201,7.075,169.800,17.306,0.175,-0.290,7.075,4.637792,-74.084458,0.00,5,1
854,10126128,-2.795,1.634,-9.502,8.793,4.780,8.631,169.891,17.251,0.167,-0.285,8.631,4.637792,-74.084458,0.00,5,1
855,10136109,-2.731,1.494,-9.530,8.335,5.177,9.943,170.035,17.175,0.152,-0.278,9.943,4.637792,-74.084458,0.00,5,1
856,10146107,-2.638,1.320,-9.542,7.603,5.574,10.554,170.242,17.071,0.135,-0.269,10.554,4.637792,-74.084458,0.00,5,1
857,10156111,-2.561,1.103,-9.562,6.992,6.093,10.157,170.527,16.948,0.112,-0.261,10.157,4.637792,-74.084458,0.00,5,1
858,10166113,-2.495,0.944,-9.547,5.741,6.459,8.753,170.850,16.813,0.096,-0.254,8.753,4.637792,-74.084458,0.00,5,1
859,10176117,-2.409,1.016,-9.454,5.222,6.215,6.678,171.107,16.658,0.104,-0.246,6.678,4.637792,-74.084458,0.00,5,1
860,10186120,-2.366,1.084,-9.485,4.398,5.360,4.786,171.307,16.483,0.111,-0.241,4.786,4.637792,-74.084458,0.00,5,1
861,10196109,-2.437,1.185,-9.458,3.178,4.475,3.321,171.432,16.347,0.121,-0.249,3.321,4.637792,-74.084458,0.00,5,1
862,10206120,-2.471,1.081,-9.485,1.499,3.651,3.107,171.581,16.226,0.110,-0.252,3.107,4.637792,-74.084458,0.00,5,1
863,10216115,-2.521,0.862,-9.494,-1.003,3.102,3.199,171.798,16.132,0.088,-0.257,3.199,4.637792,-74.084458,0.00,5,1
864,10226119,-2.645,0.968,-9.542,-5.123,2.919,2.558,171.913,16.091,0.099,-0.270,2.558,4.637792,-74.084458,0.00,5,1
865,10236114,-2.671,1.364,-9.607,-8.938,2.949,2.436,171.808,16.051,0.139,-0.272,2.436,4.637792,-74.084458,0.00,5,1
866,10246119,-2.681,1.778,-9.583,-11.654,3.865,3.443,171.498,16.021,0.181,-0.273,3.443,4.637792,-74.084458,0.00,5,1
867,10256114,-2.628,2.060,-9.516,-12.691,5.147,4.969,171.072,15.985,0.210,-0.268,4.969,4.637792,-74.084458,0.00,5,1
868,10266109,-2.542,2.178,-9.439,-12.173,6.093,6.342,170.622,15.929,0.222,-0.259,6.342,4.637792,-74.084458,0.00,5,1
869,10276104,-2.464,2.116,-9.401,-10.311,6.611,6.586,170.249,15.854,0.216,-0.251,6.586,4.637792,-74.084458,0.00,5,1
870,10289364,-2.354,1.937,-9.259,-5.428,5.787,3.565,169.988,15.758,0.198,-0.240,3.565,4.637792,-74.084458,0.00,5,1
871,10296116,-2.354,1.937,-9.259,-5.428,5.787,3.565,169.772,15.657,0.198,-0.240,3.565,4.637792,-74.084458,0.00,5,1
872,10306116,-2.385,1.990,-9.249,-3.475,4.780,1.398,169.566,15.569,0.203,-0.243,1.398,4.637792,-74.084458,0.00,5,1
873,10316116,-2.447,2.084,-9.242,-2.132,3.468,0.055,169.344,15.502,0.213,-0.250,0.055,4.637792,-74.084458,0.00,5,1
874,10326110,-2.492,2.147,-9.257,-1.491,2.522,0.361,169.118,15.448,0.219,-0.254,0.361,4.637792,-74.084458,0.00,5,1
875,10336107,-2.592,2.215,-9.281,-1.888,2.003,1.917,168.879,15.433,0.226,-0.264,1.917,4.637792,-74.084458,0.00,5,1
876,10346104,-2.719,2.268,-9.329,-2.743,1.576,4.358,168.631,15.462,0.231,-0.277,4.358,4.637792,-74.084458,0.00,5,1
877,10356116,-2.788,2.289,-9.389,-3.628,1.576,7.227,168.391,15.511,0.233,-0.284,7.227,4.637792,-74.084458,0.00,5,1
878,10366110,-2.862,2.272,-9.420,-4.391,2.186,9.943,168.174,15.590,0.232,-0.292,9.943,4.637792,-74.084458,0.00,5,1
879,10376107,-2.888,2.231,-9.444,-4.543,3.254,11.927,167.993,15.682,0.228,-0.295,11.927,4.637792,-74.084458,0.00,5,1
880,10386104,-2.836,2.125,-9.434,-3.780,4.841,12.995,167.879,15.764,0.217,-0.289,12.995,4.637792,-74.084458,0.00,5,1
881,10396098,-2.790,2.024,-9.314,-2.468,6.093,12.995,167.820,15.849,0.206,-0.285,12.995,4.637792,-74.084458,0.00,5,1
882,10406111,-2.705,1.988,-9.257,-0.942,6.733,11.866,167.790,15.904,0.203,-0.276,11.866,4.637792,-74.084458,0.00,5,1
883,10416113,-2.612,1.930,-9.204,0.919,6.764,10.401,167.801,15.923,0.197,-0.266,10.401,4.637792,-74.084458,0.00,5,1
884,10426120,-2.554,1.759,-9.081,2.598,6.398,9.119,167.895,15.930,0.179,-0.260,9.119,4.637792,-74.084458,0.00,5,1
885,10436116,-2.547,1.636,-9.009,2.842,5.238,8.021,168.036,15.935,0.167,-0.260,8.021,4.637792,-74.084458,0.00,5,1
886,10446111,-2.538,1.679,-8.937,1.499,3.712,7.410,168.127,15.928,0.171,-0.259,7.410,4.637792,-74.084458,0.00,5,1
887,10456107,-2.545,1.853,-8.870,-0.698,1.912,7.837,168.101,15.913,0.189,-0.259,7.837,4.637792,-74.084458,0.00,5,1
888,10466104,-2.621,2.077,-8.884,-2.712,-0.225,9.424,167.953,15.906,0.212,-0.267,9.424,4.637792,-74.084458,0.00,5,1
889,10476100,-2.716,2.241,-8.968,-3.750,-2.239,11.622,167.740,15.907,0.229,-0.277,11.622,4.637792,-74.084458,0.00,5,1
890,10486116,-2.807,2.239,-9.086,-3.658,-3.765,13.819,167.559,15.919,0.228,-0.286,13.819,4.637792,-74.084458,0.00,5,1
891,10496098,-2.871,2.089,-9.209,-2.407,-4.466,15.040,167.485,15.940,0.213,-0.293,15.040,4.637792,-74.084458,0.00,5,1
892,10506111,-2.929,1.875,-9.329,-0.484,-4.253,14.948,167.544,15.977,0.191,-0.299,14.948,4.637792,-74.084458,0.00,5,1
893,10516116,-2.900,1.629,-9.381,1.286,-3.520,13.605,167.731,16.005,0.166,-0.296,13.605,4.637792,-74.084458,0.00,5,1
894,10526116,-2.855,1.450,-9.357,2.812,-2.819,11.408,167.998,16.024,0.148,-0.291,11.408,4.637792,-74.084458,0.00,5,1
895,10536113,-2.824,1.402,-9.321,3.422,-2.361,9.119,168.271,16.039,0.143,-0.288,9.119,4.637792,-74.084458,0.00,5,1
896,10546149,-2.817,1.520,-9.326,3.239,-2.422,7.380,168.466,16.046,0.155,-0.287,7.380,4.637792,-74.084458,0.00,5,1
897,10556119,-2.788,1.687,-9.305,2.476,-2.635,7.166,168.562,16.037,0.172,-0.284,7.166,4.637792,-74.084458,0.00,5,1
898,10566121,-2.809,1.843,-9.297,1.591,-3.032,8.478,168.569,16.032,0.188,-0.286,8.478,4.637792,-74.084458,0.00,5,1
899,10596655,-2.855,1.547,-9.526,1.408,-3.124,13.788,168.729,15.943,0.158,-0.291,13.788,4.637792,-74.084458,0.00,5,1
900,10598035,-2.855,1.547,-9.526,1.408,-3.124,13.788,168.895,15.901,0.158,-0.291,13.788,4.637792,-74.084458,0.00,5,1
901,10599425,-2.819,1.315,-9.538,2.110,-2.086,13.148,169.189,15.897,0.134,-0.287,13.148,4.637792,-74.084458,0.00,5,1
902,10606114,-2.819,1.315,-9.538,2.110,-2.086,13.148,169.450,15.903,0.134,-0.287,13.148,4.637792,-74.084458,0.00,5,1
903,10616116,-2.769,1.175,-9.514,3.086,-0.987,10.920,169.762,15.898,0.120,-0.282,10.920,4.637792,-74.084458,0.00,5,1
904,10626177,-2.693,1.159,-9.454,3.819,-0.286,8.021,170.054,15.873,0.118,-0.275,8.021,4.637792,-74.084458,0.00,5,1
905,10636117,-2.659,1.253,-9.365,4.276,-0.194,5.213,170.267,15.845,0.128,-0.271,5.213,4.637792,-74.084458,0.00,5,1
906,10646120,-2.652,1.390,-9.353,4.185,-0.591,3.565,170.390,15.811,0.142,-0.270,3.565,4.637792,-74.084458,0.00,5,1
907,10656113,-2.652,1.489,-9.389,3.575,-1.232,3.199,170.450,15.768,0.152,-0.270,3.199,4.637792,-74.084458,0.00,5,1
908,10666124,-2.659,1.525,-9.427,2.476,-1.628,3.809,170.479,15.723,0.156,-0.271,3.809,4.637792,-74.084458,0.00,5,1
909,10676128,-2.688,1.486,-9.451,1.164,-1.872,4.999,170.515,15.690,0.152,-0.274,4.999,4.637792,-74.084458,0.00,5,1
910,10686122,-2.705,1.342,-9.475,0.004,-1.903,5.701,170.607,15.666,0.137,-0.276,5.701,4.637792,-74.084458,0.00,5,1
911,10696107,-2.719,1.224,-9.552,-1.034,-2.056,5.335,170.742,15.641,0.125,-0.277,5.335,4.637792,-74.084458,0.00,5,1
912,10706107,-2.769,1.166,-9.588,-1.827,-2.056,3.840,170.888,15.637,0.119,-0.282,3.840,4.637792,-74.084458,0.00,5,1
913,10716107,-2.836,1.214,-9.578,-2.407,-1.934,1.978,170.993,15.664,0.124,-0.289,1.978,4.637792,-74.084458,0.00,5,1
914,10726110,-2.874,1.344,-9.602,-3.200,-1.567,0.208,171.024,15.703,0.137,-0.293,0.208,4.637792,-74.084458,0.00,5,1
915,10736109,-2.881,1.556,-9.581,-3.994,-0.957,-0.921,170.945,15.746,0.159,-0.294,-0.921,4.637792,-74.084458,0.00,5,1
916,10746109,-2.890,1.744,-9.578,-4.665,-0.530,-0.860,170.781,15.789,0.178,-0.295,-0.860,4.637792,-74.084458,0.00,5,1
917,10756110,-2.917,1.872,-9.590,-5.459,-0.072,-0.189,170.566,15.840,0.191,-0.297,-0.189,4.637792,-74.084458,0.00,5,1
918,10766115,-2.917,1.867,-9.530,-5.642,0.416,0.757,170.363,15.899,0.190,-0.297,0.757,4.637792,-74.084458,0.00,5,1
919,10776110,-2.936,1.822,-9.557,-5.947,0.722,1.337,170.196,15.962,0.186,-0.299,1.337,4.637792,-74.084458,0.00,5,1
920,10786109,-2.948,1.819,-9.586,-5.977,1.240,1.551,170.046,16.027,0.186,-0.301,1.551,4.637792,-74.084458,0.00,5,1
921,10796119,-2.938,1.769,-9.626,-5.733,2.064,1.368,169.935,16.086,0.180,-0.300,1.368,4.637792,-74.084458,0.00,5,1
922,10806122,-2.919,1.723,-9.583,-5.092,3.041,0.483,169.856,16.148,0.176,-0.298,0.483,4.637792,-74.084458,0.00,5,1
923,10816122,-2.917,1.783,-9.588,-4.421,3.804,-0.433,169.762,16.209,0.182,-0.297,-0.433,4.637792,-74.084458,0.00,5,1
924,10826109,-2.893,1.684,-9.614,-3.658,4.506,-1.104,169.730,16.261,0.172,-0.295,-1.104,4.637792,-74.084458,0.00,5,1
925,10836114,-2.876,1.614,-9.559,-3.597,5.391,-1.715,169.727,16.318,0.165,-0.293,-1.715,4.637792,-74.084458,0.00,5,1
926,10846114,-2.821,1.580,-9.516,-4.146,6.276,-2.020,169.732,16.362,0.161,-0.288,-2.020,4.637792,-74.084458,0.00,5,1
927,10856111,-2.755,1.595,-9.442,-5.062,6.947,-2.050,169.715,16.389,0.163,-0.281,-2.050,4.637792,-74.084458,0.00,5,1
928,10866120,-2.662,1.667,-9.365,-6.191,7.283,-1.989,169.650,16.385,0.170,-0.271,-1.989,4.637792,-74.084458,0.00,5,1
929,10876115,-2.573,1.662,-9.324,-7.107,7.069,-1.379,169.581,16.347,0.170,-0.262,-1.379,4.637792,-74.084458,0.00,5,1
930,10886109,-2.519,1.585,-9.321,-7.839,6.764,-1.013,169.546,16.286,0.162,-0.257,-1.013,4.637792,-74.084458,0.00,5,1
931,10896105,-2.445,1.477,-9.307,-8.053,6.184,-1.501,169.560,16.195,0.151,-0.249,-1.501,4.637792,-74.084458,0.00,5,1
932,10906114,-2.440,1.366,-9.353,-7.870,5.513,-2.844,169.630,16.100,0.139,-0.249,-2.844,4.637792,-74.084458,0.00,5,1
933,10916117,-2.483,1.315,-9.449,-7.686,4.933,-4.888,169.725,16.016,0.134,-0.253,-4.888,4.637792,-74.084458,0.00,5,1
934,10928452,-2.499,1.426,-9.458,-8.358,5.086,-8.612,169.737,15.950,0.145,-0.255,-8.612,4.637792,-74.084458,0.00,5,1
935,10936117,-2.499,1.426,-9.458,-8.358,5.086,-8.612,169.770,15.881,0.145,-0.255,-8.612,4.637792,-74.084458,0.00,5,1
936,10946118,-2.478,1.523,-9.439,-9.395,5.421,-9.374,169.746,15.812,0.155,-0.253,-9.374,4.637792,-74.084458,0.00,5,1
937,10956117,-2.430,1.638,-9.446,-10.403,5.726,-9.649,169.661,15.728,0.167,-0.248,-9.649,4.637792,-74.084458,0.00,5,1
938,10966119,-2.361,1.742,-9.374,-11.288,6.062,-9.710,169.520,15.629,0.178,-0.241,-9.710,4.637792,-74.084458,0.00,5,1
939,10976105,-2.263,1.785,-9.355,-12.020,6.459,-9.771,169.363,15.499,0.182,-0.231,-9.771,4.637792,-74.084458,0.00,5,1
940,10986129,-2.185,1.730,-9.247,-12.295,6.398,-10.351,169.231,15.356,0.176,-0.223,-10.351,4.637792,-74.084458,0.00,5,1
941,10996119,-2.096,1.682,-9.132,-12.478,5.482,-11.999,169.121,15.188,0.171,-0.214,-11.999,4.637792,-74.084458,0.00,5,1
942,11006116,-2.113,1.807,-9.110,-12.234,3.102,-14.532,168.960,15.019,0.184,-0.215,-14.532,4.637792,-74.084458,0.00,5,1
943,11016119,-2.218,1.928,-9.161,-11.776,0.111,-16.821,168.765,14.875,0.197,-0.226,-16.821,4.637792,-74.084458,0.00,5,1
944,11026116,-2.447,1.998,-9.221,-11.410,-2.330,-18.347,168.562,14.813,0.204,-0.250,-18.347,4.637792,-74.084458,0.00,5,1
945,11036127,-2.700,2.121,-9.324,-11.806,-3.917,-18.865,168.325,14.835,0.216,-0.275,-18.865,4.637792,-74.084458,0.00,5,1
946,11046123,-2.919,2.265,-9.480,-13.180,-4.070,-18.255,168.046,14.925,0.231,-0.298,-18.255,4.637792,-74.084458,0.00,5,1
947,11056107,-3.098,2.453,-9.626,-14.767,-2.635,-16.516,167.707,15.070,0.250,-0.316,-16.516,4.637792,-74.084458,0.00,5,1
948,11066121,-3.127,2.639,-9.665,-15.865,0.477,-14.105,167.309,15.235,0.269,-0.319,-14.105,4.637792,-74.084458,0.00,5,1
949,11076112,-2.998,2.742,-9.612,-15.682,4.628,-12.029,166.893,15.376,0.280,-0.306,-12.029,4.637792,-74.084458,0.00,5,1
950,11086124,-2.783,2.706,-9.475,-13.302,8.870,-11.267,166.530,15.474,0.276,-0.284,-11.267,4.637792,-74.084458,0.00,5,1
951,11096118,-2.504,2.615,-9.369,-9.487,12.227,-12.579,166.256,15.493,0.267,-0.255,-12.579,4.637792,-74.084458,0.00,5,1
952,11106116,-2.139,2.472,-9.156,-4.574,14.332,-15.905,166.086,15.397,0.252,-0.218,-15.905,4.637792,-74.084458,0.00,5,1
953,11116125,-1.915,2.215,-8.930,0.736,14.485,-20.544,166.069,15.236,0.226,-0.195,-20.544,4.637792,-74.084458,0.00,5,1
954,11126178,-1.746,2.137,-8.834,4.063,12.898,-25.640,166.110,15.004,0.218,-0.178,-25.640,4.637792,-74.084458,0.00,5,1
955,11136105,-1.641,2.188,-8.795,6.260,10.029,-30.187,166.139,14.717,0.223,-0.167,-30.187,4.637792,-74.084458,0.00,5,1
956,11146110,-1.705,2.277,-8.759,7.145,6.856,-33.117,166.127,14.453,0.232,-0.174,-33.117,4.637792,-74.084458,0.00,5,1
957,11156106,-1.784,2.509,-8.836,6.779,3.254,-34.399,166.015,14.201,0.256,-0.182,-34.399,4.637792,-74.084458,0.00,5,1
958,11166115,-1.901,2.699,-8.952,5.741,0.142,-33.544,165.830,13.978,0.275,-0.194,-33.544,4.637792,-74.084458,0.00,5,1
959,11176125,-2.068,2.759,-9.079,4.215,-2.361,-31.011,165.636,13.810,0.281,-0.211,-31.011,4.637792,-74.084458,0.00,5,1
960,11186114,-2.211,2.745,-9.293,2.506,-4.192,-28.448,165.475,13.681,0.280,-0.225,-28.448,4.637792,-74.084458,0.00,5,1
961,11196106,-2.380,2.716,-9.523,1.255,-5.107,-26.342,165.356,13.605,0.277,-0.243,-26.342,4.637792,-74.084458,0.00,5,1
962,11206118,-2.533,2.586,-9.713,1.042,-5.077,-25.579,165.322,13.583,0.264,-0.258,-25.579,4.637792,-74.084458,0.00,5,1
963,11216105,-2.666,2.412,-9.847,1.560,-4.009,-26.373,165.383,13.619,0.246,-0.272,-26.373,4.637792,-74.084458,0.00,5,1
964,11226102,-2.762,2.263,-9.910,2.262,-2.819,-28.295,165.516,13.698,0.231,-0.282,-28.295,4.637792,-74.084458,0.00,5,1
965,11236116,-2.898,2.186,-9.943,2.995,-2.117,-31.164,165.681,13.831,0.223,-0.295,-31.164,4.637792,-74.084458,0.00,5,1
966,11246116,-3.079,2.207,-10.049,3.269,-1.811,-33.697,165.837,14.016,0.225,-0.314,-33.697,4.637792,-74.084458,0.00,5,1
967,11256116,-3.291,2.241,-10.124,2.720,-1.110,-34.674,165.968,14.267,0.229,-0.336,-34.674,4.637792,-74.084458,0.00,5,1
968,11268111,-3.582,2.306,-10.260,-3.231,2.217,-30.706,166.012,14.627,0.235,-0.365,-30.706,4.637792,-74.084458,0.00,5,1
969,11276114,-3.582,2.306,-10.260,-3.231,2.217,-30.706,166.062,14.958,0.235,-0.365,-30.706,4.637792,-74.084458,0.00,5,1
970,11286115,-3.704,2.289,-10.222,-8.053,4.658,-26.647,166.067,15.337,0.233,-0.378,-26.647,4.637792,-74.084458,0.00,5,1
971,11296096,-3.732,2.304,-10.152,-13.332,7.527,-21.948,166.011,15.732,0.235,-0.381,-21.948,4.637792,-74.084458,0.00,5,1
972,11306103,-3.654,2.424,-10.066,-18.093,10.640,-17.279,165.856,16.103,0.247,-0.373,-17.279,4.637792,-74.084458,0.00,5,1
973,11316110,-3.475,2.499,-9.924,-21.602,14.119,-13.281,165.635,16.425,0.255,-0.354,-13.281,4.637792,-74.084458,0.00,5,1
974,11326101,-3.243,2.504,-9.655,-23.159,16.835,-10.595,165.386,16.689,0.255,-0.331,-10.595,4.637792,-74.084458,0.00,5,1
975,11336098,-2.993,2.480,-9.504,-22.457,18.330,-9.588,165.156,16.865,0.253,-0.305,-9.588,4.637792,-74.084458,0.00,5,1
976,11346110,-2.778,2.381,-9.300,-20.504,19.063,-10.137,164.981,16.971,0.243,-0.283,-10.137,4.637792,-74.084458,0.00,5,1
977,11356098,-2.569,2.296,-9.069,-17.879,18.788,-11.572,164.856,17.006,0.234,-0.262,-11.572,4.637792,-74.084458,0.00,5,1
978,11366118,-2.409,2.306,-8.968,-15.743,17.781,-13.311,164.745,16.969,0.235,-0.246,-13.311,4.637792,-74.084458,0.00,5,1
979,11376114,-2.302,2.352,-8.908,-13.882,16.347,-14.746,164.630,16.879,0.240,-0.235,-14.746,4.637792,-74.084458,0.00,5,1
980,11386115,-2.216,2.477,-8.834,-12.569,14.851,-15.325,164.469,16.748,0.253,-0.226,-15.325,4.637792,-74.084458,0.00,5,1
981,11396096,-2.106,2.615,-8.735,-11.532,13.081,-14.623,164.253,16.565,0.267,-0.215,-14.623,4.637792,-74.084458,0.00,5,1
982,11406115,-2.051,2.718,-8.678,-10.799,10.670,-12.914,164.004,16.352,0.277,-0.209,-12.914,4.637792,-74.084458,0.00,5,1
983,11416114,-1.982,2.788,-8.726,-9.914,7.527,-10.809,163.757,16.087,0.284,-0.202,-10.809,4.637792,-74.084458,0.00,5,1
984,11426101,-1.977,2.800,-8.844,-8.510,4.323,-9.039,163.554,15.800,0.286,-0.202,-9.039,4.637792,-74.084458,0.00,5,1
985,11436110,-2.046,2.742,-8.980,-5.764,1.576,-8.337,163.437,15.529,0.280,-0.209,-8.337,4.637792,-74.084458,0.00,5,1
986,11446119,-2.125,2.627,-9.225,-2.285,-0.225,-8.703,163.445,15.277,0.268,-0.217,-8.703,4.637792,-74.084458,0.00,5,1
987,11456098,-2.230,2.434,-9.478,1.743,-1.201,-10.351,163.604,15.062,0.248,-0.227,-10.351,4.637792,-74.084458,0.00,5,1
988,11466109,-2.373,2.200,-9.670,5.833,-1.018,-12.914,163.911,14.913,0.224,-0.242,-12.914,4.637792,-74.084458,0.00,5,1
989,11476110,-2.504,1.978,-9.797,8.824,0.203,-15.875,164.330,14.833,0.202,-0.255,-15.875,4.637792,-74.084458,0.00,5,1
990,11486101,-2.628,1.911,-9.927,10.258,2.095,-18.560,164.771,14.816,0.195,-0.268,-18.560,4.637792,-74.084458,0.00,5,1
991,11496096,-2.683,1.957,-9.999,10.410,4.475,-20.300,165.165,14.836,0.200,-0.274,-20.300,4.637792,-74.084458,0.00,5,1
992,11506110,-2.662,2.022,-9.905,9.556,7.191,-20.819,165.486,14.880,0.206,-0.271,-20.819,4.637792,-74.084458,0.00,5,1
993,11516110,-2.612,2.140,-9.725,8.213,9.114,-20.422,165.703,14.933,0.218,-0.266,-20.422,4.637792,-74.084458,0.00,5,1
994,11526119,-2.516,2.248,-9.593,6.718,9.511,-19.659,165.830,14.958,0.229,-0.257,-19.659,4.637792,-74.084458,0.00,5,1
995,11536111,-2.471,2.337,-9.497,5.619,8.442,-18.865,165.887,14.959,0.238,-0.252,-18.865,4.637792,-74.084458,0.00,5,1
996,11546125,-2.497,2.364,-9.494,4.734,6.825,-17.980,165.920,14.956,0.241,-0.255,-17.980,4.637792,-74.084458,0.00,5,1
997,11556123,-2.628,2.337,-9.535,4.093,5.330,-17.431,165.961,14.991,0.238,-0.268,-17.431,4.637792,-74.084458,0.00,5,1
998,11566120,-2.738,2.280,-9.626,3.849,4.414,-17.584,166.031,15.052,0.232,-0.279,-17.584,4.637792,-74.084458,0.00,5,1
999,11602679,-3.010,2.378,-9.711,3.239,10.121,-19.445,166.083,15.484,0.243,-0.307,-19.445,4.637792,-74.084458,0.00,5,1
1000,11604086,-3.010,2.378,-9.711,3.239,10.121,-19.445,166.124,15.819,0.243,-0.307,-19.445,4.637792,-74.084458,0.00,5,1
1001,11605463,-3.010,2.378,-9.711,3.239,10.121,-19.445,166.153,16.058,0.243,-0.307,-19.445,4.637792,-74.084458,0.00,5,1
1002,11606865,-3.010,2.378,-9.711,3.239,10.121,-19.445,166.171,16.206,0.243,-0.307,-19.445,4.637792,-74.084458,0.00,5,1
1003,11616106,-2.888,2.391,-9.578,2.934,12.929,-19.171,166.160,16.317,0.244,-0.295,-19.171,4.637838,-74.084437,0.10,5,1
1004,11626120,-2.771,2.309,-9.444,2.751,14.943,-19.079,166.174,16.400,0.235,-0.283,-19.079,4.637838,-74.084437,0.10,5,1
1005,11636105,-2.590,2.347,-9.187,3.208,15.889,-19.537,166.138,16.429,0.239,-0.264,-19.537,4.637838,-74.084437,0.10,5,1
1006,11646110,-2.411,2.311,-9.060,4.154,15.156,-20.300,166.117,16.381,0.236,-0.246,-20.300,4.637838,-74.084437,0.10,5,1
1007,11656103,-2.302,2.243,-8.949,4.826,13.447,-21.246,166.124,16.285,0.229,-0.235,-21.246,4.637838,-74.084437,0.10,5,1
1008,11666115,-2.278,2.256,-8.959,4.460,11.769,-21.612,166.123,16.172,0.230,-0.232,-21.612,4.637838,-74.084437,0.10,5,1
1009,11676131,-2.237,2.357,-8.973,2.842,10.731,-20.941,166.059,16.037,0.240,-0.228,-20.941,4.637838,-74.084437,0.10,5,1
1010,11686121,-2.127,2.453,-8.892,0.919,10.396,-19.384,165.925,15.865,0.250,-0.217,-19.384,4.637838,-74.084437,0.10,5,1
1011,11696115,-1.970,2.564,-8.795,-0.515,9.877,-17.828,165.723,15.636,0.261,-0.201,-17.828,4.637838,-74.084437,0.10,5,1
1012,11706122,-1.808,2.665,-8.762,-0.851,8.504,-17.065,165.481,15.337,0.272,-0.184,-17.065,4.637838,-74.084437,0.10,5,1
1013,11716109,-1.713,2.687,-8.827,0.431,6.306,-17.065,165.271,14.991,0.274,-0.175,-17.065,4.637838,-74.084437,0.10,5,1
1014,11726116,-1.777,2.581,-8.983,2.781,3.956,-17.980,165.172,14.673,0.263,-0.181,-17.980,4.637838,-74.084437,0.10,5,1
1015,11736119,-1.882,2.388,-9.165,4.612,1.851,-19.445,165.211,14.400,0.244,-0.192,-19.445,4.637838,-74.084437,0.10,5,1
1016,11746110,-1.989,2.239,-9.365,5.436,0.660,-21.032,165.345,14.172,0.228,-0.203,-21.032,4.637838,-74.084437,0.10,5,1
1017,11756113,-2.085,2.183,-9.466,4.887,0.630,-22.222,165.500,13.997,0.223,-0.213,-22.222,4.637838,-74.084437,0.10,5,1
1018,11766110,-2.139,2.227,-9.504,3.330,0.844,-22.802,165.613,13.858,0.227,-0.218,-22.802,4.637838,-74.084437,0.10,5,1
1019,11776127,-2.201,2.248,-9.516,1.591,0.844,-22.863,165.692,13.755,0.229,-0.224,-22.863,4.637838,-74.084437,0.10,5,1
1020,11786117,-2.323,2.212,-9.581,0.126,0.386,-22.802,165.773,13.703,0.226,-0.237,-22.802,4.637838,-74.084437,0.10,5,1
1021,11796113,-2.476,2.243,-9.674,-1.980,-0.072,-22.558,165.825,13.706,0.229,-0.252,-22.558,4.637838,-74.084437,0.10,5,1
1022,11806117,-2.588,2.330,-9.715,-4.604,0.172,-21.612,165.815,13.751,0.238,-0.264,-21.612,4.637838,-74.084437,0.10,5,1
1023,11816105,-2.671,2.436,-9.735,-7.107,0.752,-20.300,165.739,13.828,0.248,-0.272,-20.300,4.637838,-74.084437,0.10,5,1
1024,11826109,-2.733,2.506,-9.766,-8.663,1.332,-19.384,165.628,13.925,0.256,-0.279,-19.384,4.637838,-74.084437,0.10,5,1
1025,11836111,-2.781,2.487,-9.792,-9.121,2.339,-18.591,165.532,14.041,0.254,-0.284,-18.591,4.637838,-74.084437,0.10,5,1
1026,11846111,-2.807,2.383,-9.763,-8.877,3.773,-18.438,165.488,14.178,0.243,-0.286,-18.438,4.637838,-74.084437,0.10,5,1
1027,11856114,-2.771,2.268,-9.778,-8.419,5.757,-19.110,165.502,14.309,0.231,-0.283,-19.110,4.637838,-74.084437,0.10,5,1
1028,11866123,-2.657,2.111,-9.624,-7.992,8.259,-20.361,165.571,14.427,0.215,-0.271,-20.361,4.637838,-74.084437,0.10,5,1
1029,11876106,-2.514,2.125,-9.391,-8.266,10.182,-22.375,165.604,14.518,0.217,-0.256,-22.375,4.637838,-74.084437,0.10,5,1
1030,11886111,-2.359,2.364,-9.216,-8.755,10.823,-24.267,165.503,14.553,0.241,-0.241,-24.267,4.637838,-74.084437,0.10,5,1
1031,11896106,-2.225,2.721,-9.060,-8.907,10.396,-25.060,165.230,14.529,0.277,-0.227,-25.060,4.637838,-74.084437,0.10,5,1
1032,11906126,-2.166,2.979,-8.937,-8.419,9.266,-24.328,164.849,14.474,0.304,-0.221,-24.328,4.637838,-74.084437,0.10,5,1
1033,11918258,-2.108,2.986,-8.968,-6.679,6.825,-20.422,164.494,14.378,0.304,-0.215,-20.422,4.637838,-74.084437,0.10,5,1
1034,11926109,-2.108,2.986,-8.968,-6.679,6.825,-20.422,164.185,14.282,0.304,-0.215,-20.422,4.637838,-74.084437,0.10,5,1
1035,11936111,-2.118,2.767,-9.016,-5.733,6.337,-18.774,164.014,14.194,0.282,-0.216,-18.774,4.637838,-74.084437,0.10,5,1
1036,11946110,-2.101,2.559,-9.084,-4.787,6.093,-18.347,163.968,14.104,0.261,-0.214,-18.347,4.637838,-74.084437,0.10,5,1
1037,11956128,-2.127,2.376,-9.213,-4.024,6.032,-19.262,164.032,14.024,0.242,-0.217,-19.262,4.637838,-74.084437,0.10,5,1
1038,11966118,-2.135,2.200,-9.223,-3.383,6.642,-21.124,164.177,13.962,0.224,-0.218,-21.124,4.637838,-74.084437,0.10,5,1
1039,11976107,-2.104,2.077,-9.134,-3.383,7.466,-23.138,164.358,13.910,0.212,-0.215,-23.138,4.637838,-74.084437,0.10,5,1
1040,11986114,-2.020,2.096,-9.105,-4.177,7.649,-25.183,164.505,13.829,0.214,-0.206,-25.183,4.637838,-74.084437,0.10,5,1
1041,11996107,-1.965,2.284,-9.074,-5.581,7.191,-26.556,164.539,13.723,0.233,-0.200,-26.556,4.637838,-74.084437,0.10,5,1
1042,12006108,-1.856,2.434,-9.021,-7.259,6.428,-26.525,164.479,13.570,0.248,-0.189,-26.525,4.637838,-74.084437,0.10,5,1
1043,12016116,-1.698,2.415,-8.863,-8.724,4.994,-25.671,164.400,13.357,0.246,-0.173,-25.671,4.637838,-74.084437,0.10,5,1
1044,12026111,-1.565,2.318,-8.699,-10.128,2.156,-25.060,164.338,13.087,0.236,-0.160,-25.060,4.637838,-74.084437,0.10,5,1
1045,12036117,-1.498,2.328,-8.623,-11.043,-2.391,-25.213,164.259,12.770,0.237,-0.153,-25.213,4.637838,-74.084437,0.10,5,1
1046,12046116,-1.546,2.448,-8.702,-11.898,-8.159,-25.884,164.130,12.437,0.250,-0.158,-25.884,4.637838,-74.084437,0.10,5,1
1047,12056108,-1.717,2.605,-8.865,-11.898,-13.256,-26.251,163.961,12.147,0.266,-0.175,-26.251,4.637838,-74.084437,0.10,5,1
1048,12066109,-1.820,2.803,-9.050,-11.135,-16.735,-25.701,163.748,11.873,0.286,-0.186,-25.701,4.637838,-74.084437,0.10,5,1
1049,12076109,-1.813,2.885,-9.456,-9.792,-17.986,-23.962,163.582,11.572,0.294,-0.185,-23.962,4.637838,-74.084437,0.10,5,1
1050,12086127,-1.744,2.692,-9.631,-8.175,-17.345,-22.253,163.548,11.261,0.274,-0.178,-22.253,4.637838,-74.084437,0.10,5,1
1051,12096113,-1.596,2.460,-9.538,-6.801,-16.582,-21.917,163.618,10.928,0.251,-0.163,-21.917,4.637838,-74.084437,0.10,5,1
1052,12106110,-1.457,2.513,-9.398,-5.733,-16.857,-22.985,163.653,10.565,0.256,-0.149,-22.985,4.637838,-74.084437,0.10,5,1
1053,12116109,-1.326,2.716,-9.197,-4.207,-18.382,-23.992,163.586,10.167,0.277,-0.135,-23.992,4.637838,-74.084437,0.10,5,1
1054,12126164,-1.395,3.046,-9.197,-2.895,-21.953,-24.175,163.392,9.791,0.311,-0.142,-24.175,4.637838,-74.084437,0.10,5,1
1055,12136131,-1.674,3.393,-9.259,-0.271,-25.402,-22.375,163.098,9.522,0.346,-0.171,-22.375,4.637838,-74.084437,0.10,5,1
1056,12146117,-1.984,3.635,-9.422,2.964,-27.690,-17.767,162.783,9.367,0.371,-0.202,-17.767,4.637838,-74.084437,0.10,5,1
1057,12156109,-2.232,3.632,-9.948,6.291,-27.599,-10.778,162.602,9.285,0.370,-0.228,-10.778,4.637838,-74.084437,0.10,5,1
1058,12166126,-2.507,3.169,-10.174,10.105,-23.723,-3.424,162.682,9.348,0.323,-0.256,-3.424,4.637838,-74.084437,0.10,5,1
1059,12176105,-2.666,2.429,-10.455,13.828,-17.467,2.375,163.114,9.519,0.248,-0.272,2.375,4.637838,-74.084437,0.10,5,1
1060,12186116,-2.566,1.670,-10.563,17.399,-9.380,4.786,163.862,9.717,0.170,-0.262,4.786,4.637838,-74.084437,0.10,5,1
1061,12196107,-2.395,0.999,-10.373,20.054,-1.079,3.962,164.845,9.934,0.102,-0.244,3.962,4.637838,-74.084437,0.10,5,1
1062,12206119,-2.082,0.406,-10.013,20.512,5.696,1.459,166.001,10.105,0.041,-0.212,1.459,4.637838,-74.084437,0.10,5,1
1063,12216117,-1.691,0.141,-9.574,18.253,10.762,-1.867,167.163,10.177,0.014,-0.172,-1.867,4.637838,-74.084437,0.10,5,1
1064,12226106,-1.305,0.223,-9.057,14.652,12.532,-5.468,168.158,10.120,0.023,-0.133,-5.468,4.637838,-74.084437,0.10,5,1
1065,12236110,-0.985,0.397,-8.438,11.051,10.396,-8.306,168.947,9.929,0.040,-0.100,-8.306,4.637838,-74.084437,0.10,5,1
1066,12246106,-0.795,0.553,-8.037,7.298,4.201,-9.924,169.544,9.617,0.056,-0.081,-9.924,4.637838,-74.084437,0.10,5,1
1067,12257948,-0.966,1.134,-7.599,0.218,-17.345,-9.558,169.681,9.212,0.116,-0.099,-9.558,4.637838,-74.084437,0.10,5,1
1068,12266116,-0.966,1.134,-7.599,0.218,-17.345,-9.558,169.809,8.872,0.116,-0.099,-9.558,4.637838,-74.084437,0.10,5,1
1069,12276099,-1.410,1.212,-8.169,-2.468,-30.376,-7.818,169.906,8.634,0.124,-0.144,-7.818,4.637838,-74.084437,0.10,5,1
1070,12286116,-2.046,1.412,-8.757,-4.146,-40.142,-5.651,169.925,8.579,0.144,-0.209,-5.651,4.637838,-74.084437,0.10,5,1
1071,12296099,-2.681,1.448,-9.209,-4.909,-45.329,-2.416,169.952,8.717,0.148,-0.273,-2.416,4.637838,-74.084437,0.10,5,1
1072,12306117,-3.117,1.301,-9.569,-4.848,-46.550,1.032,170.070,8.976,0.133,-0.318,1.032,4.637838,-74.084437,0.10,5,1
1073,12316099,-3.372,1.098,-9.823,-4.482,-44.780,3.412,170.287,9.304,0.112,-0.344,3.412,4.637838,-74.084437,0.10,5,1
1074,12326116,-3.518,0.980,-10.169,-3.902,-41.118,4.450,170.561,9.653,0.100,-0.359,4.450,4.637838,-74.084437,0.10,5,1
1075,12336099,-3.580,0.925,-10.328,-2.468,-35.411,4.603,170.856,10.032,0.094,-0.365,4.603,4.637838,-74.084437,0.10,5,1
1076,12346117,-3.496,0.978,-10.193,0.065,-28.575,4.114,171.125,10.430,0.100,-0.357,4.114,4.637838,-74.084437,0.10,5,1
1077,12356101,-3.296,0.963,-10.068,3.605,-21.831,3.260,171.406,10.798,0.098,-0.336,3.260,4.637838,-74.084437,0.10,5,1
1078,12366101,-2.983,0.908,-9.975,8.152,-16.460,1.520,171.729,11.075,0.093,-0.304,1.520,4.637838,-74.084437,0.10,5,1
1079,12376101,-2.728,0.864,-9.980,13.432,-12.798,-0.982,172.094,11.261,0.088,-0.278,-0.982,4.637838,-74.084437,0.10,5,1
1080,12386101,-2.583,0.717,-10.078,18.742,-10.356,-3.637,172.549,11.386,0.073,-0.263,-3.637,4.637838,-74.084437,0.10,5,1
1081,12396101,-2.430,0.459,-10.140,22.862,-7.915,-6.292,173.120,11.457,0.047,-0.248,-6.292,4.637838,-74.084437,0.10,5,1
1082,12406101,-2.285,0.283,-10.080,24.510,-4.772,-8.673,173.738,11.498,0.029,-0.233,-8.673,4.637838,-74.084437,0.10,5,1
1083,12416102,-2.056,0.214,-9.907,23.838,-2.025,-10.382,174.332,11.480,0.022,-0.210,-10.382,4.637838,-74.084437,0.10,5,1
1084,12426101,-1.837,0.252,-9.699,21.244,-0.591,-11.419,174.837,11.401,0.026,-0.187,-11.419,4.637838,-74.084437,0.10,5,1
1085,12436101,-1.655,0.399,-9.566,17.124,-1.140,-11.602,175.196,11.252,0.041,-0.169,-11.602,4.637838,-74.084437,0.10,5,1
1086,12446101,-1.474,0.643,-9.430,12.455,-3.337,-10.809,175.368,11.022,0.066,-0.150,-10.809,4.637838,-74.084437,0.10,5,1
1087,12456101,-1.405,0.958,-9.403,8.061,-6.359,-9.344,175.339,10.749,0.098,-0.143,-9.344,4.637838,-74.084437,0.10,5,1
1088,12466116,-1.426,1.183,-9.516,4.521,-9.654,-7.360,175.182,10.468,0.121,-0.145,-7.360,4.637838,-74.084437,0.10,5,1
1089,12476099,-1.529,1.253,-9.742,2.384,-12.401,-5.682,174.999,10.213,0.128,-0.156,-5.682,4.637838,-74.084437,0.10,5,1
1090,12486117,-1.698,1.241,-9.898,1.743,-14.079,-4.888,174.838,10.024,0.127,-0.173,-4.888,4.637838,-74.084437,0.10,5,1
1091,12496101,-1.844,1.231,-10.066,1.072,-14.720,-5.133,174.696,9.893,0.126,-0.188,-5.133,4.637838,-74.084437,0.10,5,1
1092,12506116,-2.032,1.361,-10.196,0.218,-14.415,-5.926,174.508,9.842,0.139,-0.207,-5.926,4.637838,-74.084437,0.10,5,1
1093,12516099,-2.170,1.597,-10.263,-0.179,-13.317,-6.628,174.236,9.853,0.163,-0.221,-6.628,4.637838,-74.084437,0.10,5,1
1094,12526117,-2.230,1.904,-10.294,-0.362,-11.730,-6.445,173.857,9.895,0.194,-0.227,-6.445,4.637838,-74.084437,0.10,5,1
1095,12536115,-2.297,2.200,-10.333,-0.057,-10.082,-5.041,173.391,9.968,0.224,-0.234,-5.041,4.637838,-74.084437,0.10,5,1
1096,12546116,-2.395,2.330,-10.393,1.499,-8.647,-2.844,172.928,10.080,0.238,-0.244,-2.844,4.637838,-74.084437,0.10,5,1
1097,12556106,-2.499,2.227,-10.450,3.605,-7.152,-0.280,172.566,10.235,0.227,-0.255,-0.280,4.637838,-74.084437,0.10,5,1
1098,12566110,-2.659,1.783,-10.479,6.382,-2.788,3.840,172.440,10.487,0.182,-0.271,3.840,4.637838,-74.084437,0.10,5,1
1099,12589593,-2.790,1.523,-10.407,7.389,2.705,5.518,172.500,10.877,0.155,-0.285,5.518,4.637838,-74.084437,0.10,5,1
1100,12590979,-2.790,1.523,-10.407,7.389,2.705,5.518,172.508,11.232,0.155,-0.285,5.518,4.637838,-74.084437,0.10,5,1
1101,12596109,-2.759,1.499,-10.352,7.542,5.330,6.251,172.500,11.565,0.153,-0.281,6.251,4.637838,-74.084437,0.10,5,1
1102,12606135,-2.705,1.426,-10.176,7.816,7.466,7.319,172.517,11.884,0.145,-0.276,7.319,4.637843,-74.084433,0.08,5,1
1103,12616127,-2.674,1.376,-9.970,7.572,8.748,8.570,172.541,12.196,0.140,-0.273,8.570,4.637843,-74.084433,0.08,5,1
1104,12626130,-2.662,1.390,-9.927,7.298,8.809,9.821,172.552,12.481,0.142,-0.271,9.821,4.637843,-74.084433,0.08,5,1
1105,12636114,-2.628,1.445,-9.927,7.115,8.839,11.347,172.535,12.726,0.147,-0.268,11.347,4.637843,-74.084433,0.08,5,1
1106,12646121,-2.707,1.417,-9.910,7.359,9.297,13.300,172.534,12.990,0.144,-0.276,13.300,4.637843,-74.084433,0.08,5,1
1107,12656131,-2.733,1.361,-9.917,7.664,10.212,15.253,172.562,13.252,0.139,-0.279,15.253,4.637843,-74.084433,0.08,5,1
1108,12666120,-2.681,1.339,-9.919,7.389,11.372,17.115,172.595,13.482,0.137,-0.273,17.115,4.637843,-74.084433,0.08,5,1
1109,12676121,-2.600,1.484,-9.953,6.809,12.745,19.129,172.558,13.665,0.151,-0.265,19.129,4.637843,-74.084433,0.08,5,1
1110,12686117,-2.547,1.737,-9.917,7.115,14.027,21.479,172.412,13.823,0.177,-0.260,21.479,4.637843,-74.084433,0.08,5,1
1111,12696113,-2.387,1.523,-9.987,9.220,15.095,23.951,172.397,13.907,0.155,-0.243,23.951,4.637843,-74.084433,0.08,5,1
1112,12706118,-2.299,1.216,-9.816,10.960,16.102,25.080,172.525,13.978,0.124,-0.234,25.080,4.637843,-74.084433,0.08,5,1
1113,12716113,-2.251,1.122,-9.763,11.753,15.919,24.500,172.690,14.028,0.114,-0.230,24.500,4.637843,-74.084433,0.08,5,1
1114,12726121,-2.158,1.255,-9.802,12.150,15.004,23.523,172.788,14.020,0.128,-0.220,23.523,4.637843,-74.084433,0.08,5,1
1115,12736122,-2.139,1.513,-9.814,12.425,14.088,23.127,172.767,13.992,0.154,-0.218,23.127,4.637843,-74.084433,0.08,5,1
1116,12746118,-2.099,1.781,-9.759,13.340,13.142,23.737,172.633,13.941,0.182,-0.214,23.737,4.637843,-74.084433,0.08,5,1
1117,12756104,-1.994,1.793,-9.715,14.713,11.860,25.110,172.515,13.841,0.183,-0.203,25.110,4.637843,-74.084433,0.08,5,1
1118,12766126,-1.939,1.643,-9.535,16.483,9.175,25.751,172.474,13.718,0.168,-0.198,25.751,4.637843,-74.084433,0.08,5,1
1119,12776121,-2.003,1.429,-9.331,18.253,4.231,25.171,172.536,13.609,0.146,-0.204,25.171,4.637843,-74.084433,0.08,5,1
1120,12786122,-2.271,1.286,-9.285,19.993,-2.544,23.096,172.671,13.571,0.131,-0.232,23.096,4.637843,-74.084433,0.08,5,1
1121,12796106,-2.807,1.318,-9.468,21.061,-9.319,21.082,172.804,13.686,0.134,-0.286,21.082,4.637843,-74.084433,0.08,5,1
1122,12806109,-3.367,1.453,-9.855,21.732,-13.683,21.021,172.897,13.931,0.148,-0.343,21.021,4.637843,-74.084433,0.08,5,1
1123,12816113,-3.856,1.544,-10.143,22.068,-14.263,22.852,172.964,14.299,0.157,-0.393,22.852,4.637843,-74.084433,0.08,5,1
1124,12826117,-4.197,1.571,-10.340,22.343,-11.638,25.721,173.031,14.761,0.160,-0.428,25.721,4.637843,-74.084433,0.08,5,1
1125,12836125,-4.259,1.426,-10.429,22.862,-7.183,28.925,173.163,15.241,0.145,-0.434,28.925,4.637843,-74.084433,0.08,5,1
1126,12846114,-4.216,1.332,-10.866,22.373,-0.682,31.733,173.341,15.670,0.136,-0.430,31.733,4.637843,-74.084433,0.08,5,1
1127,12856115,-4.064,1.045,-10.501,23.350,8.198,32.953,173.615,16.149,0.107,-0.414,32.953,4.637843,-74.084433,0.08,5,1
1128,12866119,-3.661,0.819,-10.088,24.540,15.736,31.946,173.960,16.570,0.083,-0.373,31.946,4.637843,-74.084433,0.08,5,1
1129,12876111,-3.158,0.732,-9.816,26.493,19.948,28.559,174.325,16.836,0.075,-0.322,28.559,4.637843,-74.084433,0.08,5,1
1130,12886122,-2.769,0.628,-9.403,29.087,20.070,23.768,174.720,16.974,0.064,-0.282,23.768,4.637843,-74.084433,0.08,5,1
1131,12896110,-2.538,0.534,-9.100,31.071,16.102,18.824,175.138,17.002,0.054,-0.259,18.824,4.637843,-74.084433,0.08,5,1
1132,12906128,-2.550,0.551,-9.009,31.284,9.877,14.582,175.516,16.987,0.056,-0.260,14.582,4.637843,-74.084433,0.08,5,1
1133,12916110,-2.795,0.626,-9.064,29.575,3.407,12.232,175.814,17.015,0.064,-0.285,12.232,4.637843,-74.084433,0.08,5,1
1134,12930492,-3.165,0.782,-9.264,25.913,-1.689,12.446,176.082,17.118,0.080,-0.323,12.446,4.637843,-74.084433,0.08,5,1
1135,12936113,-3.575,0.980,-9.530,21.397,-4.283,14.918,176.109,17.330,0.100,-0.365,14.918,4.637843,-74.084433,0.08,5,1
1136,12946113,-3.947,1.089,-9.759,17.002,-3.978,18.946,176.056,17.641,0.111,-0.402,18.946,4.637843,-74.084433,0.08,5,1
1137,12956119,-4.159,1.065,-9.879,12.730,-0.652,23.249,175.984,18.021,0.109,-0.424,23.249,4.637843,-74.084433,0.08,5,1
1138,12966128,-4.216,0.963,-9.864,8.885,5.055,26.758,175.928,18.449,0.098,-0.430,26.758,4.637843,-74.084433,0.08,5,1
1139,12976122,-4.114,0.920,-9.742,6.046,12.105,28.498,175.864,18.889,0.094,-0.419,28.498,4.637843,-74.084433,0.08,5,1
1140,12986125,-3.844,0.956,-9.504,4.948,19.124,27.643,175.768,19.291,0.097,-0.392,27.643,4.637843,-74.084433,0.08,5,1
1141,12996107,-3.582,0.985,-9.235,5.833,24.556,24.225,175.661,19.648,0.100,-0.365,24.225,4.637843,-74.084433,0.08,5,1
1142,13006112,-3.353,1.212,-8.856,6.901,27.546,19.587,175.440,19.963,0.124,-0.342,19.587,4.637843,-74.084433,0.08,5,1
1143,13016134,-3.053,1.556,-8.548,8.274,28.126,15.497,175.054,20.166,0.159,-0.311,15.497,4.637843,-74.084433,0.08,5,1
1144,13026112,-2.886,1.687,-8.224,10.349,26.906,12.446,174.618,20.312,0.172,-0.294,12.446,4.637843,-74.084433,0.08,5,1
1145,13036114,-2.778,1.831,-8.092,11.540,23.366,10.248,174.138,20.379,0.187,-0.283,10.248,4.637843,-74.084433,0.08,5,1
1146,13046116,-2.707,1.872,-8.094,12.333,18.452,9.363,173.681,20.359,0.191,-0.276,9.363,4.637843,-74.084433,0.08,5,1
1147,13056123,-2.790,1.696,-8.051,12.119,13.325,9.607,173.344,20.347,0.173,-0.285,9.607,4.637843,-74.084433,0.08,5,1
1148,13066125,-2.855,1.496,-8.080,10.075,8.168,10.004,173.122,20.320,0.153,-0.291,10.004,4.637843,-74.084433,0.08,5,1
1149,13076107,-2.948,1.388,-8.171,6.596,3.438,10.554,172.951,20.284,0.141,-0.301,10.554,4.637843,-74.084433,0.08,5,1
1150,13086130,-3.076,1.359,-8.301,2.567,-0.774,11.439,172.782,20.251,0.139,-0.314,11.439,4.637843,-74.084433,0.08,5,1
1151,13096108,-3.210,1.344,-8.426,-1.278,-4.100,12.293,172.609,20.231,0.137,-0.327,12.293,4.637843,-74.084433,0.08,5,1
1152,13106116,-3.310,1.354,-8.615,-4.970,-6.664,13.178,172.425,20.201,0.138,-0.338,13.178,4.637843,-74.084433,0.08,5,1
1153,13116122,-3.370,1.436,-8.759,-8.266,-7.976,13.941,172.195,20.162,0.146,-0.344,13.941,4.637843,-74.084433,0.08,5,1
1154,13126172,-3.441,1.499,-8.848,-11.043,-7.945,14.704,171.934,20.141,0.153,-0.351,14.704,4.637843,-74.084433,0.08,5,1
1155,13136130,-3.375,1.523,-8.942,-12.935,-7.213,15.253,171.671,20.084,0.155,-0.344,15.253,4.637843,-74.084433,0.08,5,1
1156,13146134,-3.298,1.556,-8.839,-14.187,-6.084,15.162,171.393,20.025,0.159,-0.336,15.162,4.637843,-74.084433,0.08,5,1
1157,13156107,-3.150,1.655,-8.793,-15.163,-5.413,14.368,171.075,19.916,0.169,-0.321,14.368,4.637843,-74.084433,0.08,5,1
1158,13166127,-3.024,1.836,-8.774,-15.407,-5.351,13.361,170.689,19.758,0.187,-0.308,13.361,4.637843,-74.084433,0.08,5,1
1159,13176114,-2.960,2.031,-8.733,-15.163,-5.657,12.598,170.238,19.581,0.207,-0.302,12.598,4.637843,-74.084433,0.08,5,1
1160,13186125,-2.936,2.265,-8.714,-14.187,-6.328,12.140,169.716,19.395,0.231,-0.299,12.140,4.637843,-74.084433,0.08,5,1
1161,13196129,-2.905,2.456,-8.745,-12.386,-6.938,12.201,169.166,19.192,0.250,-0.296,12.201,4.637843,-74.084433,0.08,5,1
1162,13206106,-2.898,2.480,-8.781,-9.701,-7.396,12.690,168.676,18.992,0.253,-0.295,12.690,4.637843,-74.084433,0.08,5,1
1163,13216108,-2.895,2.434,-8.896,-6.801,-7.823,13.148,168.286,18.789,0.248,-0.295,13.148,4.637843,-74.084433,0.08,5,1
1164,13226113,-2.871,2.340,-8.971,-3.994,-7.823,13.209,168.004,18.584,0.239,-0.293,13.209,4.637843,-74.084433,0.08,5,1
1165,13236101,-2.867,2.149,-9.045,-1.461,-7.701,13.025,167.863,18.391,0.219,-0.292,13.025,4.637843,-74.084433,0.08,5,1
1166,13246105,-2.850,1.978,-9.185,0.187,-7.701,12.354,167.841,18.192,0.202,-0.291,12.354,4.637843,-74.084433,0.08,5,1
1167,13256108,-2.828,1.879,-9.271,0.950,-7.610,11.530,167.882,17.992,0.192,-0.288,11.530,4.637843,-74.084433,0.08,5,1
1168,13268040,-2.826,1.872,-9.307,0.950,-7.823,10.737,167.924,17.783,0.191,-0.288,10.737,4.637843,-74.084433,0.08,5,1
1169,13276103,-2.852,2.005,-9.319,0.492,-8.892,10.370,167.902,17.602,0.204,-0.291,10.370,4.637843,-74.084433,0.08,5,1
1170,13286107,-2.945,2.190,-9.425,0.157,-10.814,10.859,167.805,17.439,0.223,-0.300,10.859,4.637843,-74.084433,0.08,5,1
1171,13296117,-3.110,2.318,-9.605,0.309,-13.408,12.140,167.679,17.306,0.236,-0.317,12.140,4.637843,-74.084433,0.08,5,1
1172,13306102,-3.408,2.258,-9.792,0.981,-15.697,13.971,167.615,17.260,0.230,-0.348,13.971,4.637843,-74.084433,0.08,5,1
1173,13316111,-3.704,2.096,-10.073,1.255,-16.521,15.711,167.653,17.292,0.214,-0.378,15.711,4.637843,-74.084433,0.08,5,1
1174,13326102,-4.054,1.911,-10.383,1.225,-15.788,16.779,167.790,17.422,0.195,-0.413,16.779,4.637843,-74.084433,0.08,5,1
1175,13336111,-4.347,1.744,-10.614,1.072,-13.194,17.115,168.000,17.642,0.178,-0.443,17.115,4.637843,-74.084433,0.08,5,1
1176,13346102,-4.583,1.694,-10.676,0.919,-9.227,16.871,168.217,17.958,0.173,-0.467,16.871,4.637843,-74.084433,0.08,5,1
1177,13356111,-4.686,1.795,-10.892,1.316,-4.558,16.321,168.394,18.294,0.183,-0.478,16.321,4.637843,-74.084433,0.08,5,1
1178,13366121,-4.793,1.870,-10.931,1.866,1.240,16.108,168.536,18.686,0.191,-0.489,16.108,4.637843,-74.084433,0.08,5,1
1179,13376112,-4.824,1.829,-10.883,3.330,7.374,16.504,168.694,19.124,0.186,-0.492,16.504,4.637843,-74.084433,0.08,5,1
1180,13386102,-4.698,1.788,-11.041,4.368,13.661,16.962,168.875,19.522,0.182,-0.479,16.962,4.637843,-74.084433,0.08,5,1
1181,13396117,-4.457,1.583,-10.943,5.345,20.283,17.359,169.126,19.887,0.161,-0.454,17.359,4.637843,-74.084433,0.08,5,1
1182,13406107,-4.018,1.313,-10.599,5.314,26.051,17.206,169.447,20.175,0.134,-0.410,17.206,4.637843,-74.084433,0.08,5,1
1183,13416099,-3.451,1.168,-10.107,4.337,29.011,15.711,169.771,20.323,0.119,-0.352,15.711,4.637843,-74.084433,0.08,5,1
1184,13426107,-2.950,1.081,-9.492,3.788,27.455,12.659,170.072,20.324,0.110,-0.301,12.659,4.637843,-74.084433,0.08,5,1
1185,13436117,-2.602,1.118,-9.040,3.697,20.588,8.784,170.307,20.168,0.114,-0.265,8.784,4.637843,-74.084433,0.08,5,1
1186,13446102,-2.509,1.436,-8.822,2.781,10.274,5.945,170.347,19.909,0.146,-0.256,5.945,4.637843,-74.084433,0.08,5,1
1187,13456103,-2.664,1.829,-8.786,1.042,-0.926,6.312,170.175,19.631,0.186,-0.272,6.312,4.637843,-74.084433,0.08,5,1
1188,13466102,-3.014,2.193,-8.949,-1.858,-10.417,10.798,169.835,19.408,0.224,-0.307,10.798,4.637843,-74.084433,0.08,5,1
1189,13476111,-3.417,2.407,-9.283,-5.398,-16.765,18.274,169.428,19.259,0.245,-0.348,18.274,4.637843,-74.084433,0.08,5,1
1190,13486102,-3.770,2.509,-9.631,-8.663,-19.512,26.636,169.018,19.183,0.256,-0.384,26.636,4.637843,-74.084433,0.08,5,1
1191,13496111,-4.011,2.504,-9.907,-10.158,-19.145,34.205,168.658,19.168,0.255,-0.409,34.205,4.637843,-74.084433,0.08,5,1
1192,13506102,-4.195,2.388,-10.124,-8.816,-16.063,39.545,168.407,19.225,0.244,-0.428,39.545,4.637843,-74.084433,0.08,5,1
1193,13516117,-4.273,2.224,-10.196,-5.306,-10.662,42.566,168.282,19.350,0.227,-0.436,42.566,4.637843,-74.084433,0.08,5,1
1194,13526107,-4.214,1.981,-10.224,0.157,-4.161,43.329,168.320,19.508,0.202,-0.430,43.329,4.637843,-74.084433,0.08,5,1
1195,13536117,-4.118,1.667,-10.229,6.657,2.827,42.689,168.546,19.690,0.170,-0.420,42.689,4.637843,-74.084433,0.08,5,1
1196,13546141,-4.030,1.335,-10.126,12.699,10.060,41.071,168.946,19.916,0.136,-0.411,41.071,4.637843,-74.084433,0.08,5,1
1197,13556113,-3.813,0.939,-10.023,17.063,16.987,39.087,169.520,20.127,0.096,-0.389,39.087,4.637843,-74.084433,0.08,5,1
1198,13566125,-3.551,0.623,-9.855,18.894,23.671,37.287,170.201,20.310,0.064,-0.362,37.287,4.637843,-74.084433,0.08,5,1
1199,13597798,-2.464,0.691,-8.971,14.927,34.901,35.303,171.046,20.845,0.070,-0.251,35.303,4.637843,-74.084433,0.08,5,1
1200,13599225,-2.464,0.691,-8.971,14.927,34.901,35.303,171.739,21.037,0.070,-0.251,35.303,4.637843,-74.084433,0.08,5,1
1201,13600602,-2.464,0.691,-8.971,14.927,34.901,35.303,172.267,20.948,0.070,-0.251,35.303,4.637843,-74.084433,0.08,5,1
1202,13606107,-2.046,0.561,-8.587,11.936,34.047,35.547,172.719,20.561,0.057,-0.209,35.547,4.637843,-74.084433,0.08,5,1
1203,13616109,-1.715,0.592,-8.234,7.816,30.415,35.334,173.052,20.047,0.060,-0.175,35.334,4.637850,-74.084428,0.09,5,1
1204,13626145,-1.488,0.804,-8.049,2.964,23.945,34.998,173.168,19.421,0.082,-0.152,34.998,4.637850,-74.084428,0.09,5,1
1205,13636117,-1.386,1.065,-8.032,-1.339,15.858,34.754,173.076,18.727,0.109,-0.141,34.754,4.637850,-74.084428,0.09,5,1
1206,13646112,-1.546,1.315,-7.835,-4.543,6.917,34.601,172.797,18.131,0.134,-0.158,34.601,4.637850,-74.084428,0.09,5,1
1207,13656112,-1.794,1.764,-8.053,-6.405,-2.757,34.937,172.293,17.607,0.180,-0.183,34.937,4.637850,-74.084428,0.09,5,1
1208,13666122,-2.225,2.140,-8.510,-7.137,-10.509,36.432,171.684,17.221,0.218,-0.227,36.432,4.637850,-74.084428,0.09,5,1
1209,13676132,-2.719,2.284,-8.750,-6.832,-14.751,39.210,171.089,17.032,0.233,-0.277,39.210,4.637850,-74.084428,0.09,5,1
1210,13686113,-3.100,2.357,-9.014,-6.283,-16.246,42.505,170.550,16.979,0.240,-0.316,42.505,4.637850,-74.084428,0.09,5,1
1211,13696107,-3.401,2.342,-9.266,-4.787,-15.148,45.466,170.107,17.034,0.239,-0.347,45.466,4.637850,-74.084428,0.09,5,1
1212,13706128,-3.608,2.159,-9.374,-1.613,-11.974,47.297,169.827,17.190,0.220,-0.368,47.297,4.637850,-74.084428,0.09,5,1
1213,13716111,-3.723,1.906,-9.458,2.018,-7.152,47.968,169.728,17.419,0.194,-0.380,47.968,4.637850,-74.084428,0.09,5,1
1214,13726137,-3.718,1.670,-9.449,6.870,-1.445,46.930,169.791,17.689,0.170,-0.379,46.930,4.637850,-74.084428,0.09,5,1
1215,13736109,-3.603,1.554,-9.374,11.631,4.048,44.611,169.940,17.955,0.158,-0.367,44.611,4.637850,-74.084428,0.09,5,1
1216,13746117,-3.403,1.527,-9.266,16.270,8.412,41.773,170.124,18.173,0.156,-0.347,41.773,4.637850,-74.084428,0.09,5,1
1217,13756116,-3.122,1.467,-8.992,20.237,11.220,39.576,170.337,18.321,0.150,-0.318,39.576,4.637850,-74.084428,0.09,5,1
1218,13766121,-2.871,1.376,-8.663,22.556,11.738,38.263,170.575,18.402,0.140,-0.293,38.263,4.637850,-74.084428,0.09,5,1
1219,13776109,-2.681,1.351,-8.512,23.106,9.846,38.294,170.798,18.393,0.138,-0.273,38.294,4.637850,-74.084428,0.09,5,1
1220,13786108,-2.588,1.315,-8.426,22.434,6.489,39.881,171.010,18.322,0.134,-0.264,39.881,4.637850,-74.084428,0.09,5,1
1221,13796113,-2.542,1.219,-8.428,20.268,2.644,42.902,171.236,18.202,0.124,-0.259,42.902,4.637850,-74.084428,0.09,5,1
1222,13806109,-2.519,1.132,-8.500,17.246,-1.018,46.656,171.465,18.038,0.115,-0.257,46.656,4.637850,-74.084428,0.09,5,1
1223,13816116,-2.533,0.966,-8.632,14.378,-4.100,50.135,171.743,17.850,0.098,-0.258,50.135,4.637850,-74.084428,0.09,5,1
1224,13826113,-2.528,0.763,-8.690,11.814,-6.786,52.546,172.082,17.644,0.078,-0.258,52.546,4.637850,-74.084428,0.09,5,1
1225,13836111,-2.583,0.679,-8.848,9.770,-9.288,53.248,172.424,17.436,0.069,-0.263,53.248,4.637850,-74.084428,0.09,5,1
1226,13846117,-2.650,0.664,-9.004,9.220,-11.028,52.546,172.748,17.237,0.068,-0.270,52.546,4.637850,-74.084428,0.09,5,1
1227,13856128,-2.752,0.686,-9.189,9.892,-12.035,50.867,173.049,17.066,0.070,-0.281,50.867,4.637850,-74.084428,0.09,5,1
1228,13866114,-2.802,0.758,-9.336,11.234,-12.248,48.762,173.310,16.908,0.077,-0.286,48.762,4.637850,-74.084428,0.09,5,1
1229,13876108,-2.848,0.831,-9.353,13.004,-11.821,47.175,173.535,16.782,0.085,-0.290,47.175,4.637850,-74.084428,0.09,5,1
1230,13886126,-2.814,0.850,-9.389,14.561,-11.241,46.137,173.749,16.652,0.087,-0.287,46.137,4.637850,-74.084428,0.09,5,1
1231,13896121,-2.750,0.799,-9.377,15.873,-10.784,45.618,173.983,16.511,0.082,-0.280,45.618,4.637850,-74.084428,0.09,5,1
1232,13906145,-2.719,0.693,-9.326,16.911,-11.241,45.527,174.256,16.370,0.071,-0.277,45.527,4.637850,-74.084428,0.09,5,1
1233,13916109,-2.693,0.561,-9.348,17.246,-12.493,45.832,174.573,16.216,0.057,-0.275,45.832,4.637850,-74.084428,0.09,5,1
1234,13930667,-2.733,0.402,-9.372,16.728,-13.835,46.442,175.005,16.014,0.041,-0.279,46.442,4.637850,-74.084428,0.09,5,1
1235,13936119,-2.798,0.283,-9.432,15.598,-15.178,46.900,175.388,15.900,0.029,-0.285,46.900,4.637850,-74.084428,0.09,5,1
1236,13946122,-2.912,0.240,-9.562,14.256,-16.521,46.869,175.750,15.816,0.024,-0.297,46.869,4.637850,-74.084428,0.09,5,1
1237,13956112,-3.055,0.242,-9.775,13.584,-16.918,46.686,176.078,15.766,0.025,-0.312,46.686,4.637850,-74.084428,0.09,5,1
1238,13966115,-3.220,0.218,-9.855,13.432,-16.094,45.954,176.390,15.786,0.022,-0.328,45.954,4.637850,-74.084428,0.09,5,1
1239,13976112,-3.301,0.279,-9.883,13.554,-14.629,44.947,176.652,15.846,0.028,-0.337,44.947,4.637850,-74.084428,0.09,5,1
1240,13986110,-3.308,0.368,-10.006,13.889,-13.133,43.879,176.859,15.901,0.038,-0.337,43.879,4.637850,-74.084428,0.09,5,1
1241,13996126,-3.298,0.387,-10.085,14.897,-11.577,43.177,177.051,15.952,0.039,-0.336,43.177,4.637850,-74.084428,0.09,5,1
1242,14006116,-3.334,0.279,-10.119,16.087,-10.234,42.566,177.288,16.021,0.028,-0.340,42.566,4.637850,-74.084428,0.09,5,1
1243,14016114,-3.367,0.122,-10.222,16.758,-8.678,41.895,177.581,16.100,0.012,-0.343,41.895,4.637850,-74.084428,0.09,5,1
1244,14026119,-3.360,-0.015,-10.311,16.941,-6.725,41.163,177.913,16.176,-0.002,-0.343,41.163,4.637850,-74.084428,0.09,5,1
1245,14036130,-3.360,-0.143,-10.378,16.483,-4.222,40.156,178.270,16.261,-0.015,-0.343,40.156,4.637850,-74.084428,0.09,5,1
1246,14046114,-3.310,-0.242,-10.417,15.049,-0.926,39.179,178.627,16.345,-0.025,-0.338,39.179,4.637850,-74.084428,0.09,5,1
1247,14056115,-3.220,-0.300,-10.453,13.035,2.919,38.263,178.962,16.419,-0.031,-0.328,38.263,4.637850,-74.084428,0.09,5,1
1248,14066114,-3.010,-0.278,-10.366,10.807,6.978,37.226,179.243,16.453,-0.028,-0.307,37.226,4.637850,-74.084428,0.09,5,1
1249,14076113,-2.755,-0.240,-10.246,8.061,10.457,36.219,179.462,16.429,-0.024,-0.281,36.219,4.637850,-74.084428,0.09,5,1
1250,14086138,-2.519,-0.167,-10.042,5.222,12.929,35.029,179.608,16.356,-0.017,-0.257,35.029,4.637850,-74.084428,0.09,5,1
1251,14096127,-2.309,-0.020,-9.891,2.598,13.936,33.320,179.654,16.225,-0.002,-0.235,33.320,4.637850,-74.084428,0.09,5,1
1252,14106117,-2.132,0.204,-9.804,0.736,13.661,31.733,179.578,16.034,0.021,-0.217,31.733,4.637850,-74.084428,0.09,5,1
1253,14116130,-2.008,0.385,-9.725,-0.484,12.532,30.420,179.415,15.801,0.039,-0.205,30.420,4.637850,-74.084428,0.09,5,1
1254,14126175,-1.932,0.517,-9.662,-1.644,11.067,29.474,179.192,15.544,0.053,-0.197,29.474,4.637850,-74.084428,0.09,5,1
1255,14136110,-1.882,0.633,-9.653,-3.445,9.663,29.108,178.917,15.271,0.065,-0.192,29.108,4.637850,-74.084428,0.09,5,1
1256,14146132,-1.834,0.761,-9.629,-5.611,8.259,28.895,178.583,14.987,0.078,-0.187,28.895,4.637850,-74.084428,0.09,5,1
1257,14156113,-1.815,0.884,-9.502,-7.381,6.459,28.589,178.198,14.709,0.090,-0.185,28.589,4.637850,-74.084428,0.09,5,1
1258,14166137,-1.846,1.033,-9.420,-8.449,3.590,27.857,177.760,14.445,0.105,-0.188,27.857,4.637850,-74.084428,0.09,5,1
1259,14176120,-1.987,1.274,-9.588,-8.694,-0.255,27.277,177.252,14.211,0.130,-0.203,27.277,4.637850,-74.084428,0.09,5,1
1260,14186115,-2.230,1.426,-9.739,-7.839,-3.276,27.155,176.732,14.055,0.145,-0.227,27.155,4.637850,-74.084428,0.09,5,1
1261,14196116,-2.521,1.477,-9.895,-6.801,-4.527,27.857,176.250,14.006,0.151,-0.257,27.857,4.637850,-74.084428,0.09,5,1
1262,14206114,-2.747,1.455,-10.104,-5.947,-3.734,28.711,175.835,14.038,0.148,-0.280,28.711,4.637850,-74.084428,0.09,5,1
1263,14216120,-2.926,1.335,-10.263,-5.092,-1.415,29.108,175.519,14.145,0.136,-0.298,29.108,4.637850,-74.084428,0.09,5,1
1264,14226128,-3.007,1.277,-10.321,-4.024,2.003,28.834,175.265,14.302,0.130,-0.307,28.834,4.637850,-74.084428,0.09,5,1
1265,14236119,-3.041,1.236,-10.282,-3.017,6.062,27.735,175.055,14.502,0.126,-0.310,27.735,4.637850,-74.084428,0.09,5,1
1266,14246112,-3.005,1.262,-10.083,-1.583,10.090,25.873,174.853,14.732,0.129,-0.306,25.873,4.637850,-74.084428,0.09,5,1
1267,14256109,-2.862,1.279,-9.840,0.431,13.325,23.768,174.663,14.946,0.130,-0.292,23.768,4.637850,-74.084428,0.09,5,1
1268,14268033,-2.733,1.294,-9.612,2.567,14.882,21.448,174.487,15.154,0.132,-0.279,21.448,4.637850,-74.084428,0.09,5,1
1269,14276106,-2.647,1.347,-9.415,4.276,14.760,19.495,174.303,15.307,0.137,-0.270,19.495,4.637850,-74.084428,0.09,5,1
1270,14286119,-2.576,1.344,-9.259,6.077,13.234,18.152,174.140,15.423,0.137,-0.263,18.152,4.637850,-74.084428,0.09,5,1
1271,14296106,-2.585,1.171,-9.197,7.664,11.311,17.512,174.082,15.526,0.119,-0.264,17.512,4.637850,-74.084428,0.09,5,1
1272,14306121,-2.664,0.867,-9.194,9.098,9.205,16.871,174.187,15.641,0.088,-0.272,16.871,4.637850,-74.084428,0.09,5,1
1273,14316106,-2.714,0.558,-9.187,9.861,7.313,15.864,174.438,15.755,0.057,-0.277,15.864,4.637850,-74.084428,0.09,5,1
1274,14326111,-2.802,0.255,-9.161,10.105,5.848,14.307,174.818,15.892,0.026,-0.286,14.307,4.637850,-74.084428,0.09,5,1
1275,14336106,-2.900,0.093,-9.093,9.556,4.719,12.568,175.240,16.060,0.009,-0.296,12.568,4.637850,-74.084428,0.09,5,1
1276,14346111,-2.924,0.139,-9.122,8.457,3.865,11.225,175.598,16.214,0.014,-0.298,11.225,4.637850,-74.084428,0.09,5,1
1277,14356116,-2.936,0.242,-9.098,7.694,3.621,10.737,175.871,16.362,0.025,-0.299,10.737,4.637850,-74.084428,0.09,5,1
1278,14366121,-2.869,0.271,-9.028,7.237,4.323,11.194,176.104,16.486,0.028,-0.293,11.194,4.637850,-74.084428,0.09,5,1
1279,14376106,-2.716,0.269,-8.937,7.145,5.177,11.988,176.317,16.552,0.027,-0.277,11.988,4.637850,-74.084428,0.09,5,1
1280,14386111,-2.499,0.264,-8.810,7.755,5.543,12.079,176.521,16.535,0.027,-0.255,12.079,4.637850,-74.084428,0.09,5,1
1281,14396116,-2.297,0.288,-8.783,9.342,5.208,11.500,176.711,16.424,0.029,-0.234,11.500,4.637850,-74.084428,0.09,5,1
1282,14406121,-2.108,0.242,-8.858,11.967,4.689,10.004,176.935,16.220,0.025,-0.215,10.004,4.637850,-74.084428,0.09,5,1
1283,14416106,-1.934,0.127,-8.925,15.110,4.689,7.563,177.229,15.943,0.013,-0.197,7.563,4.637850,-74.084428,0.09,5,1
1284,14426111,-1.682,0.035,-8.887,18.009,4.597,4.511,177.572,15.570,0.004,-0.171,4.511,4.637850,-74.084428,0.09,5,1
1285,14436116,-1.481,0.050,-8.920,19.657,4.292,1.490,177.897,15.124,0.005,-0.151,1.490,4.637850,-74.084428,0.09,5,1
1286,14446122,-1.300,0.103,-8.983,20.085,3.621,-1.287,178.175,14.614,0.010,-0.133,-1.287,4.637850,-74.084428,0.09,5,1
1287,14456106,-1.138,0.211,-8.937,19.261,2.461,-3.240,178.371,14.057,0.022,-0.116,-3.240,4.637850,-74.084428,0.09,5,1
1288,14466111,-0.992,0.411,-8.865,17.124,0.691,-4.339,178.432,13.459,0.042,-0.101,-4.339,4.637850,-74.084428,0.09,5,1
1289,14476116,-0.883,0.691,-8.846,14.439,-1.842,-4.919,178.324,12.829,0.070,-0.090,-4.919,4.637850,-74.084428,0.09,5,1
1290,14486121,-0.876,1.026,-8.839,11.845,-5.199,-4.858,178.036,12.211,0.105,-0.089,-4.858,4.637850,-74.084428,0.09,5,1
1291,14496106,-0.842,1.380,-9.002,8.976,-9.258,-3.881,177.581,11.578,0.141,-0.086,-3.881,4.637850,-74.084428,0.09,5,1
1292,14506111,-0.828,1.624,-9.072,6.870,-12.950,-2.172,177.032,10.947,0.166,-0.084,-2.172,4.637850,-74.084428,0.09,5,1
1293,14516116,-0.911,1.822,-9.177,5.131,-16.673,-0.677,176.426,10.362,0.186,-0.093,-0.677,4.637850,-74.084428,0.09,5,1
1294,14526121,-1.031,2.051,-9.317,4.032,-20.549,0.117,175.764,9.833,0.209,-0.105,0.117,4.637850,-74.084428,0.09,5,1
1295,14536119,-1.221,2.330,-9.569,3.636,-24.547,0.757,175.052,9.376,0.238,-0.125,0.757,4.637850,-74.084428,0.09,5,1
1296,14546117,-1.474,2.600,-9.819,4.246,-27.660,1.978,174.311,9.017,0.265,-0.150,1.978,4.637850,-74.084428,0.09,5,1
1297,14556121,-1.806,2.709,-10.114,5.284,-29.003,4.267,173.624,8.790,0.276,-0.184,4.267,4.637850,-74.084428,0.09,5,1
1298,14566116,-2.120,2.745,-10.409,6.352,-28.453,6.983,173.017,8.690,0.280,-0.216,6.983,4.637850,-74.084428,0.09,5,1
1299,14591005,-2.569,2.680,-10.854,7.847,-21.953,13.361,172.556,8.508,0.273,-0.262,13.361,4.637850,-74.084428,0.09,5,1
1300,14592439,-2.569,2.680,-10.854,7.847,-21.953,13.361,172.077,8.538,0.273,-0.262,13.361,4.637850,-74.084428,0.09,5,1
1301,14596109,-2.640,2.588,-11.017,8.640,-16.704,16.443,171.681,8.760,0.264,-0.269,16.443,4.637850,-74.084428,0.09,5,1
1302,14606117,-2.628,2.439,-10.988,9.983,-11.180,18.641,171.397,9.009,0.249,-0.268,18.641,4.637850,-74.084428,0.09,5,1
1303,14616106,-2.557,2.374,-10.837,11.326,-6.511,19.953,171.166,9.262,0.242,-0.261,19.953,4.637868,-74.084420,0.11,5,1
1304,14626140,-2.464,2.246,-10.738,12.638,-3.246,21.021,171.014,9.495,0.229,-0.251,21.021,4.637868,-74.084420,0.11,5,1
1305,14636105,-2.411,2.118,-10.621,13.004,-1.201,22.242,170.923,9.716,0.216,-0.246,22.242,4.637868,-74.084420,0.11,5,1
1306,14646111,-2.428,2.147,-10.491,12.058,0.203,24.103,170.810,9.948,0.219,-0.248,24.103,4.637868,-74.084420,0.11,5,1
1307,14656105,-2.476,2.268,-10.359,10.227,1.057,27.094,170.627,10.197,0.231,-0.252,27.094,4.637868,-74.084420,0.11,5,1
1308,14666115,-2.523,2.337,-10.265,8.335,1.729,31.336,170.405,10.458,0.238,-0.257,31.336,4.637868,-74.084420,0.11,5,1
1309,14676151,-2.581,2.296,-10.200,7.054,2.614,36.158,170.200,10.736,0.234,-0.263,36.158,4.637868,-74.084420,0.11,5,1
1310,14686113,-2.585,2.060,-10.085,6.413,3.621,40.674,170.097,11.019,0.210,-0.264,40.674,4.637868,-74.084420,0.11,5,1
1311,14696115,-2.595,1.740,-9.994,6.321,4.719,43.970,170.132,11.309,0.177,-0.265,43.970,4.637868,-74.084420,0.11,5,1
1312,14706136,-2.573,1.448,-9.934,5.924,5.543,45.771,170.285,11.585,0.148,-0.262,45.771,4.637868,-74.084420,0.11,5,1
1313,14716119,-2.545,1.233,-9.838,5.436,6.611,46.625,170.510,11.851,0.126,-0.259,46.625,4.637868,-74.084420,0.11,5,1
1314,14726126,-2.492,1.147,-9.713,4.978,7.618,46.808,170.746,12.097,0.117,-0.254,46.808,4.637868,-74.084420,0.11,5,1
1315,14736115,-2.426,1.185,-9.622,4.887,8.107,46.992,170.939,12.309,0.121,-0.247,46.992,4.637868,-74.084420,0.11,5,1
1316,14746109,-2.366,1.147,-9.509,5.070,8.137,47.541,171.130,12.491,0.117,-0.241,47.541,4.637868,-74.084420,0.11,5,1
1317,14756115,-2.335,1.062,-9.389,4.887,7.710,48.548,171.338,12.655,0.108,-0.238,48.548,4.637868,-74.084420,0.11,5,1
1318,14766118,-2.404,0.971,-9.331,4.337,6.978,49.647,171.564,12.839,0.099,-0.245,49.647,4.637868,-74.084420,0.11,5,1
1319,14776105,-2.437,0.930,-9.329,3.422,6.032,50.928,171.783,13.014,0.095,-0.249,50.928,4.637868,-74.084420,0.11,5,1
1320,14786112,-2.468,0.958,-9.271,2.262,5.421,52.668,171.958,13.191,0.098,-0.252,52.668,4.637868,-74.084420,0.11,5,1
1321,14796107,-2.514,0.973,-9.261,1.499,5.360,54.712,172.105,13.374,0.099,-0.256,54.712,4.637868,-74.084420,0.11,5,1
1322,14806130,-2.468,0.891,-9.223,0.797,5.665,56.910,172.272,13.531,0.091,-0.252,56.910,4.637868,-74.084420,0.11,5,1
1323,14816105,-2.404,0.768,-9.108,0.157,5.879,58.649,172.473,13.665,0.078,-0.245,58.649,4.637868,-74.084420,0.11,5,1
1324,14826110,-2.302,0.698,-9.007,0.157,5.787,59.656,172.689,13.753,0.071,-0.235,59.656,4.637868,-74.084420,0.11,5,1
1325,14836115,-2.168,0.590,-8.877,0.858,5.299,59.565,172.943,13.784,0.060,-0.221,59.565,4.637868,-74.084420,0.11,5,1
1326,14846111,-2.089,0.476,-8.805,1.072,4.201,58.863,173.234,13.774,0.049,-0.213,58.863,4.637868,-74.084420,0.11,5,1
1327,14856126,-2.023,0.414,-8.702,1.896,2.736,57.642,173.539,13.732,0.042,-0.206,57.642,4.637868,-74.084420,0.11,5,1
1328,14866107,-1.977,0.349,-8.654,2.415,0.294,56.360,173.857,13.654,0.036,-0.202,56.360,4.637868,-74.084420,0.11,5,1
1329,14876105,-2.001,0.394,-8.673,2.476,-2.361,55.384,174.129,13.567,0.040,-0.204,55.384,4.637868,-74.084420,0.11,5,1
1330,14886116,-2.101,0.370,-8.683,2.262,-4.650,55.079,174.391,13.512,0.038,-0.214,55.079,4.637868,-74.084420,0.11,5,1
1331,14896114,-2.201,0.373,-8.798,1.133,-6.664,55.384,174.623,13.477,0.038,-0.224,55.384,4.637868,-74.084420,0.11,5,1
1332,14906109,-2.278,0.423,-8.812,-0.362,-7.915,56.238,174.799,13.467,0.043,-0.232,56.238,4.637868,-74.084420,0.11,5,1
1333,14916110,-2.347,0.479,-8.781,-1.980,-8.769,57.367,174.918,13.485,0.049,-0.239,57.367,4.637868,-74.084420,0.11,5,1
1334,14928308,-2.371,0.566,-8.711,-3.292,-9.624,58.344,174.961,13.494,0.058,-0.242,58.344,4.637868,-74.084420,0.11,5,1
1335,14936117,-2.364,0.647,-8.699,-3.994,-10.662,58.924,174.963,13.512,0.066,-0.241,58.924,4.637868,-74.084420,0.11,5,1
1336,14946119,-2.344,0.693,-8.659,-3.750,-12.371,58.985,174.942,13.508,0.071,-0.239,58.985,4.637868,-74.084420,0.11,5,1
1337,14956108,-2.364,0.761,-8.654,-2.682,-14.171,58.497,174.898,13.496,0.078,-0.241,58.497,4.637868,-74.084420,0.11,5,1
1338,14966109,-2.426,0.729,-8.759,-1.064,-15.819,57.917,174.893,13.486,0.074,-0.247,57.917,4.637868,-74.084420,0.11,5,1
1339,14976108,-2.473,0.681,-8.904,0.706,-16.826,57.245,174.934,13.472,0.069,-0.252,57.245,4.637868,-74.084420,0.11,5,1
1340,14986135,-2.523,0.549,-8.983,2.049,-16.918,56.696,175.053,13.472,0.056,-0.257,56.696,4.637868,-74.084420,0.11,5,1
1341,14996107,-2.478,0.455,-8.995,2.323,-16.338,56.025,175.211,13.455,0.046,-0.253,56.025,4.637868,-74.084420,0.11,5,1
1342,15006113,-2.378,0.503,-8.940,2.140,-15.819,55.079,175.330,13.406,0.051,-0.242,55.079,4.637868,-74.084420,0.11,5,1
1343,15016124,-2.230,0.568,-8.774,1.743,-16.124,54.072,175.399,13.308,0.058,-0.227,54.072,4.637868,-74.084420,0.11,5,1
1344,15026110,-2.108,0.746,-8.551,1.255,-18.108,53.248,175.359,13.166,0.076,-0.215,53.248,4.637868,-74.084420,0.11,5,1
1345,15036128,-2.092,1.009,-8.442,0.889,-21.587,52.851,175.178,13.004,0.103,-0.213,52.851,4.637868,-74.084420,0.11,5,1
1346,15046111,-2.206,1.224,-8.433,0.950,-26.012,53.187,174.901,12.867,0.125,-0.225,53.187,4.637868,-74.084420,0.11,5,1
1347,15056109,-2.397,1.395,-8.584,1.438,-30.345,53.980,174.576,12.770,0.142,-0.244,53.980,4.637868,-74.084420,0.11,5,1
1348,15066116,-2.666,1.499,-8.783,2.964,-33.428,54.560,174.254,12.748,0.153,-0.272,54.560,4.637868,-74.084420,0.11,5,1
1349,15076113,-2.907,1.472,-8.956,5.436,-34.892,54.377,174.006,12.798,0.150,-0.296,54.377,4.637868,-74.084420,0.11,5,1
1350,15086120,-3.062,1.441,-9.113,8.457,-35.167,53.553,173.833,12.889,0.147,-0.312,53.553,4.637868,-74.084420,0.11,5,1
1351,15096107,-3.181,1.513,-9.165,11.997,-34.770,52.088,173.675,13.018,0.154,-0.324,52.088,4.637868,-74.084420,0.11,5,1
1352,15106111,-3.236,1.489,-9.175,15.873,-33.946,50.501,173.577,13.167,0.152,-0.330,50.501,4.637868,-74.084420,0.11,5,1
1353,15116121,-3.270,1.388,-9.098,20.146,-33.031,48.792,173.567,13.342,0.141,-0.333,48.792,4.637868,-74.084420,0.11,5,1
1354,15126171,-3.253,1.226,-9.024,23.960,-32.390,47.114,173.666,13.517,0.125,-0.332,47.114,4.637868,-74.084420,0.11,5,1
1355,15136112,-3.262,1.026,-9.137,26.829,-32.146,45.252,173.885,13.671,0.105,-0.333,45.252,4.637868,-74.084420,0.11,5,1
1356,15146115,-3.398,1.185,-9.271,28.172,-32.024,43.390,174.032,13.850,0.121,-0.347,43.390,4.637868,-74.084420,0.11,5,1
1357,15156117,-3.451,1.243,-9.473,29.484,-30.834,43.177,174.166,14.016,0.127,-0.352,43.177,4.637868,-74.084420,0.11,5,1
1358,15166131,-3.537,1.192,-9.586,30.155,-28.545,44.031,174.325,14.210,0.122,-0.361,44.031,4.637868,-74.084420,0.11,5,1
1359,15176109,-3.556,1.096,-9.727,29.972,-26.134,44.886,174.521,14.401,0.112,-0.363,44.886,4.637868,-74.084420,0.11,5,1
1360,15186115,-3.468,0.985,-9.828,29.667,-23.601,44.977,174.753,14.554,0.100,-0.354,44.977,4.637868,-74.084420,0.11,5,1
1361,15196110,-3.394,0.889,-9.895,29.270,-21.312,43.879,175.009,14.679,0.091,-0.346,43.879,4.637868,-74.084420,0.11,5,1
1362,15206108,-3.320,0.925,-9.939,28.477,-19.542,41.742,175.223,14.775,0.094,-0.339,41.742,4.637868,-74.084420,0.11,5,1
1363,15216107,-3.234,1.101,-9.857,26.951,-18.108,39.423,175.327,14.852,0.112,-0.330,39.423,4.637868,-74.084420,0.11,5,1
1364,15226114,-3.093,1.325,-9.821,25.486,-17.528,37.653,175.308,14.873,0.135,-0.315,37.653,4.637868,-74.084420,0.11,5,1
1365,15236114,-3.041,1.617,-9.821,23.686,-17.955,36.616,175.146,14.861,0.165,-0.310,36.616,4.637868,-74.084420,0.11,5,1
1366,15246104,-3.057,1.817,-9.775,22.434,-19.298,35.822,174.894,14.847,0.185,-0.312,35.822,4.637868,-74.084420,0.11,5,1
1367,15256118,-3.110,2.043,-9.816,21.794,-21.434,35.059,174.561,14.824,0.208,-0.317,35.059,4.637868,-74.084420,0.11,5,1
1368,15268125,-3.220,2.174,-9.987,22.068,-23.113,34.357,174.244,14.767,0.222,-0.328,34.357,4.637868,-74.084420,0.11,5,1
1369,15276108,-3.339,2.111,-10.090,22.617,-23.998,33.808,173.957,14.785,0.215,-0.340,33.808,4.637868,-74.084420,0.11,5,1
1370,15286120,-3.420,1.995,-10.169,22.282,-23.967,33.106,173.746,14.826,0.203,-0.349,33.106,4.637868,-74.084420,0.11,5,1
1371,15296111,-3.446,1.961,-10.212,21.366,-23.509,32.221,173.561,14.873,0.200,-0.351,32.221,4.637868,-74.084420,0.11,5,1
1372,15306106,-3.491,1.969,-10.232,19.840,-23.113,31.519,173.375,14.936,0.201,-0.356,31.519,4.637868,-74.084420,0.11,5,1
1373,15316098,-3.551,2.070,-10.232,17.613,-22.685,31.183,173.140,15.017,0.211,-0.362,31.183,4.637868,-74.084420,0.11,5,1
1374,15326108,-3.608,2.294,-10.313,15.415,-22.197,31.916,172.818,15.102,0.234,-0.368,31.916,4.637868,-74.084420,0.11,5,1
1375,15336103,-3.606,2.398,-10.390,13.615,-21.160,33.747,172.470,15.176,0.245,-0.368,33.747,4.637868,-74.084420,0.11,5,1
1376,15346116,-3.558,2.359,-10.450,12.547,-19.420,36.127,172.159,15.237,0.241,-0.363,36.127,4.637868,-74.084420,0.11,5,1
1377,15356108,-3.613,2.234,-10.522,11.845,-17.162,37.928,171.923,15.329,0.228,-0.368,37.928,4.637868,-74.084420,0.11,5,1
1378,15366121,-3.596,2.084,-10.635,11.143,-14.110,38.813,171.767,15.426,0.213,-0.367,38.813,4.637868,-74.084420,0.11,5,1
1379,15376111,-3.534,1.879,-10.585,10.380,-10.082,38.843,171.694,15.541,0.192,-0.360,38.843,4.637868,-74.084420,0.11,5,1
1380,15386103,-3.360,1.867,-10.417,9.037,-6.359,37.775,171.607,15.636,0.190,-0.343,37.775,4.637868,-74.084420,0.11,5,1
1381,15396111,-3.196,2.094,-10.251,7.694,-3.887,36.738,171.409,15.699,0.214,-0.326,36.738,4.637868,-74.084420,0.11,5,1
1382,15406121,-3.096,2.318,-10.104,6.779,-2.788,36.280,171.111,15.740,0.236,-0.316,36.280,4.637868,-74.084420,0.11,5,1
1383,15416108,-2.983,2.518,-9.977,6.199,-2.727,36.493,170.735,15.742,0.257,-0.304,36.493,4.637868,-74.084420,0.11,5,1
1384,15426116,-2.941,2.629,-9.847,5.802,-3.276,37.501,170.324,15.734,0.268,-0.300,37.501,4.637868,-74.084420,0.11,5,1
1385,15436103,-2.988,2.682,-9.754,5.680,-4.405,38.782,169.911,15.744,0.274,-0.305,38.782,4.637868,-74.084420,0.11,5,1
1386,15446113,-3.050,2.694,-9.701,5.772,-5.748,39.820,169.518,15.772,0.275,-0.311,39.820,4.637868,-74.084420,0.11,5,1
1387,15456103,-3.153,2.658,-9.701,6.413,-7.213,40.583,169.177,15.825,0.271,-0.321,40.583,4.637868,-74.084420,0.11,5,1
1388,15466113,-3.336,2.559,-9.809,7.450,-8.678,40.796,168.925,15.924,0.261,-0.340,40.796,4.637868,-74.084420,0.11,5,1
1389,15476103,-3.558,2.456,-9.903,8.488,-9.471,40.919,168.755,16.085,0.250,-0.363,40.919,4.637868,-74.084420,0.11,5,1
1390,15486108,-3.751,2.352,-9.936,9.220,-9.319,41.010,168.651,16.308,0.240,-0.383,41.010,4.637868,-74.084420,0.11,5,1
1391,15496116,-3.835,2.190,-9.980,9.495,-8.464,41.315,168.630,16.553,0.223,-0.391,41.315,4.637868,-74.084420,0.11,5,1
1392,15506103,-3.935,2.234,-9.917,9.007,-6.603,41.926,168.582,16.841,0.228,-0.401,41.926,4.637868,-74.084420,0.11,5,1
1393,15516108,-3.985,2.475,-9.843,8.549,-4.558,43.116,168.424,17.148,0.252,-0.406,43.116,4.637868,-74.084420,0.11,5,1
1394,15526116,-3.973,2.588,-9.763,9.312,-2.757,45.221,168.230,17.451,0.264,-0.405,45.221,4.637868,-74.084420,0.11,5,1
1395,15536115,-3.890,2.579,-9.602,10.563,-1.079,47.571,168.047,17.738,0.263,-0.397,47.571,4.637868,-74.084420,0.11,5,1
1396,15546132,-3.813,2.528,-9.521,12.852,-0.225,49.524,167.912,17.995,0.258,-0.389,49.524,4.637868,-74.084420,0.11,5,1
1397,15556118,-3.823,2.427,-9.451,16.087,0.050,50.348,167.853,18.253,0.247,-0.390,50.348,4.637868,-74.084420,0.11,5,1
1398,15566111,-3.894,2.210,-9.571,20.146,0.538,50.501,167.943,18.514,0.225,-0.397,50.501,4.637868,-74.084420,0.11,5,1
1399,15609074,-3.611,1.243,-9.778,27.989,18.788,49.463,169.354,19.384,0.127,-0.368,49.463,4.637868,-74.084420,0.11,5,1
1400,15610484,-3.611,1.243,-9.778,27.989,18.788,49.463,170.469,20.031,0.127,-0.368,49.463,4.637890,-74.084410,0.09,5,1
1401,15611899,-3.611,1.243,-9.778,27.989,18.788,49.463,171.284,20.466,0.127,-0.368,49.463,4.637890,-74.084410,0.09,5,1
1402,15613295,-3.327,1.147,-9.602,27.348,23.182,47.632,171.856,20.661,0.117,-0.339,47.632,4.637890,-74.084410,0.09,5,1
1403,15616113,-3.327,1.147,-9.602,27.348,23.182,47.632,172.208,20.697,0.117,-0.339,47.632,4.637890,-74.084410,0.09,5,1
1404,15626137,-3.093,1.226,-9.362,26.188,25.899,45.771,172.447,20.680,0.125,-0.315,45.771,4.637890,-74.084410,0.09,5,1
1405,15636123,-2.859,1.284,-9.129,25.852,26.845,44.245,172.610,20.598,0.131,-0.292,44.245,4.637890,-74.084410,0.09,5,1
1406,15646109,-2.707,1.397,-8.980,24.571,26.478,43.451,172.671,20.470,0.142,-0.276,43.451,4.637890,-74.084410,0.09,5,1
1407,15656104,-2.547,1.364,-8.795,23.228,25.563,43.268,172.722,20.300,0.139,-0.260,43.268,4.637890,-74.084410,0.09,5,1
1408,15666123,-2.423,1.202,-8.692,21.305,23.488,43.268,172.835,20.089,0.123,-0.247,43.268,4.637890,-74.084410,0.09,5,1
1409,15676122,-2.352,1.026,-8.678,18.650,20.527,42.505,173.012,19.844,0.105,-0.240,42.505,4.637890,-74.084410,0.09,5,1
1410,15686126,-2.335,0.939,-8.692,15.751,17.232,41.010,173.195,19.587,0.096,-0.238,41.010,4.637890,-74.084410,0.09,5,1
1411,15696106,-2.354,0.864,-8.745,13.432,14.058,38.599,173.385,19.331,0.088,-0.240,38.599,4.637890,-74.084410,0.09,5,1
1412,15706112,-2.418,0.814,-8.726,11.265,11.006,35.212,173.563,19.108,0.083,-0.247,35.212,4.637890,-74.084410,0.09,5,1
1413,15716106,-2.588,0.915,-8.783,9.007,7.557,31.244,173.656,18.947,0.093,-0.264,31.244,4.637890,-74.084410,0.09,5,1
1414,15726115,-2.805,1.151,-8.949,7.084,3.956,27.796,173.612,18.843,0.117,-0.286,27.796,4.637890,-74.084410,0.09,5,1
1415,15736124,-3.055,1.335,-9.086,5.650,1.668,25.873,173.477,18.818,0.136,-0.312,25.873,4.637890,-74.084410,0.09,5,1
1416,15746118,-3.262,1.371,-9.074,3.697,0.508,25.660,173.316,18.877,0.140,-0.333,25.660,4.637890,-74.084410,0.09,5,1
1417,15756119,-3.367,1.458,-9.096,1.438,-0.438,25.995,173.108,18.963,0.149,-0.343,25.995,4.637890,-74.084410,0.09,5,1
1418,15766125,-3.437,1.489,-8.978,-0.118,-1.445,26.484,172.878,19.080,0.152,-0.350,26.484,4.637890,-74.084410,0.09,5,1
1419,15776111,-3.551,1.460,-8.964,-1.339,-3.307,26.941,172.668,19.223,0.149,-0.362,26.941,4.637890,-74.084410,0.09,5,1
1420,15786106,-3.637,1.445,-9.033,-2.315,-5.779,26.850,172.479,19.357,0.147,-0.371,26.850,4.637890,-74.084410,0.09,5,1
1421,15796125,-3.811,1.549,-9.182,-3.017,-7.488,26.545,172.260,19.509,0.158,-0.389,26.545,4.637890,-74.084410,0.09,5,1
1422,15806125,-4.033,1.732,-9.394,-3.139,-7.884,26.941,171.990,19.694,0.177,-0.411,26.941,4.637890,-74.084410,0.09,5,1
1423,15816123,-4.178,1.749,-9.595,-1.827,-5.901,28.132,171.762,19.906,0.178,-0.426,28.132,4.637890,-74.084410,0.09,5,1
1424,15826111,-4.216,1.658,-9.711,0.187,-1.384,29.627,171.620,20.142,0.169,-0.430,29.627,4.637890,-74.084410,0.09,5,1
1425,15836120,-4.092,1.648,-9.715,2.964,4.414,30.451,171.520,20.365,0.168,-0.417,30.451,4.637890,-74.084410,0.09,5,1
1426,15846112,-3.785,1.438,-9.617,7.786,10.548,30.329,171.559,20.527,0.147,-0.386,30.329,4.637890,-74.084410,0.09,5,1
1427,15856119,-3.539,1.009,-9.528,10.410,16.743,28.834,171.809,20.659,0.103,-0.361,28.834,4.637890,-74.084410,0.09,5,1
1428,15866119,-3.246,1.166,-9.240,12.119,21.077,26.758,171.967,20.738,0.119,-0.331,26.758,4.637890,-74.084410,0.09,5,1
1429,15876121,-2.724,1.130,-8.988,16.453,22.664,25.294,172.155,20.635,0.115,-0.278,25.294,4.637890,-74.084410,0.09,5,1
1430,15886109,-2.340,0.908,-8.769,18.559,22.755,23.432,172.444,20.397,0.093,-0.239,23.432,4.637890,-74.084410,0.09,5,1
1431,15896102,-2.008,0.715,-8.608,19.962,20.863,21.296,172.813,20.023,0.073,-0.205,21.296,4.637890,-74.084410,0.09,5,1
1432,15906124,-1.834,0.452,-8.757,19.444,17.628,19.861,173.287,19.550,0.046,-0.187,19.861,4.637890,-74.084410,0.09,5,1
1433,15916123,-1.775,0.293,-8.904,17.246,14.882,18.885,173.787,19.045,0.030,-0.181,18.885,4.637890,-74.084410,0.09,5,1
1434,15928396,-1.672,0.192,-9.009,13.493,12.990,18.397,174.291,18.519,0.020,-0.171,18.397,4.637890,-74.084410,0.09,5,1
1435,15936121,-1.601,0.127,-9.069,9.007,11.616,18.030,174.726,17.958,0.013,-0.163,18.030,4.637890,-74.084410,0.09,5,1
1436,15946118,-1.493,0.158,-9.100,4.215,10.274,17.023,175.068,17.375,0.016,-0.152,17.023,4.637890,-74.084410,0.09,5,1
1437,15956115,-1.388,0.259,-9.096,-0.362,8.290,15.162,175.290,16.771,0.026,-0.142,15.162,4.637890,-74.084410,0.09,5,1
1438,15966117,-1.291,0.423,-9.072,-4.757,5.757,13.086,175.374,16.145,0.043,-0.132,13.086,4.637890,-74.084410,0.09,5,1
1439,15976106,-1.214,0.734,-9.163,-9.121,2.400,10.981,175.264,15.493,0.075,-0.124,10.981,4.637890,-74.084410,0.09,5,1
1440,15986127,-1.121,1.007,-9.158,-12.295,-1.537,8.906,175.003,14.810,0.103,-0.114,8.906,4.637890,-74.084410,0.09,5,1
1441,15996116,-1.152,1.175,-8.983,-14.614,-6.359,6.586,174.649,14.160,0.120,-0.117,6.586,4.637890,-74.084410,0.09,5,1
1442,16006114,-1.319,1.433,-8.889,-16.903,-12.371,4.664,174.170,13.588,0.146,-0.135,4.664,4.637890,-74.084410,0.09,5,1
1443,16016111,-1.627,1.752,-8.976,-19.283,-18.810,3.901,173.561,13.136,0.179,-0.166,3.901,4.637890,-74.084410,0.09,5,1
1444,16026112,-2.075,2.181,-9.295,-21.480,-24.028,4.969,172.812,12.837,0.222,-0.212,4.969,4.637890,-74.084410,0.09,5,1
1445,16036111,-2.473,2.518,-9.612,-23.342,-25.920,8.478,171.990,12.676,0.257,-0.252,8.478,4.637890,-74.084410,0.09,5,1
1446,16046114,-2.721,2.704,-9.823,-25.234,-24.517,14.033,171.159,12.615,0.276,-0.277,14.033,4.637890,-74.084410,0.09,5,1
1447,16056116,-2.843,2.798,-9.996,-26.302,-20.641,20.380,170.363,12.622,0.285,-0.290,20.380,4.637890,-74.084410,0.09,5,1
1448,16066118,-2.821,2.827,-10.248,-25.234,-14.720,26.026,169.654,12.649,0.288,-0.288,26.026,4.637890,-74.084410,0.09,5,1
1449,16076116,-2.671,2.661,-10.321,-22.426,-7.030,29.749,169.100,12.684,0.271,-0.272,29.749,4.637890,-74.084410,0.09,5,1
1450,16086115,-2.335,2.359,-10.085,-18.062,0.294,30.634,168.728,12.680,0.241,-0.238,30.634,4.637890,-74.084410,0.09,5,1
1451,16096128,-1.944,2.080,-9.802,-12.844,5.269,28.467,168.523,12.589,0.212,-0.198,28.467,4.637890,-74.084410,0.09,5,1
1452,16106110,-1.593,1.923,-9.518,-7.809,7.435,24.134,168.423,12.398,0.196,-0.162,24.134,4.637890,-74.084410,0.09,5,1
1453,16116122,-1.381,1.882,-9.189,-3.872,6.947,19.800,168.356,12.144,0.192,-0.141,19.800,4.637890,-74.084410,0.09,5,1
1454,16126169,-1.317,1.884,-8.904,-0.820,4.536,16.993,168.293,11.877,0.192,-0.134,16.993,4.637890,-74.084410,0.09,5,1
1455,16136112,-1.338,1.998,-8.767,0.309,1.301,16.596,168.177,11.618,0.204,-0.136,16.596,4.637890,-74.084410,0.09,5,1
1456,16146110,-1.362,2.080,-8.133,0.706,-3.368,18.488,167.959,11.393,0.212,-0.139,18.488,4.637890,-74.084410,0.09,5,1
1457,16156106,-1.341,2.284,-8.332,-0.301,-10.753,22.211,167.671,11.086,0.233,-0.137,22.211,4.637890,-74.084410,0.09,5,1
1458,16166117,-1.515,2.407,-8.529,-0.942,-17.559,27.125,167.367,10.808,0.245,-0.154,27.125,4.637890,-74.084410,0.09,5,1
1459,16176115,-1.758,2.166,-8.690,-0.057,-22.808,32.374,167.230,10.610,0.221,-0.179,32.374,4.637890,-74.084410,0.09,5,1
1460,16186119,-1.965,1.867,-9.033,1.377,-25.829,35.914,167.294,10.470,0.190,-0.200,35.914,4.637890,-74.084410,0.09,5,1
1461,16196105,-2.092,1.605,-9.307,4.063,-26.561,36.890,167.523,10.369,0.164,-0.213,36.890,4.637890,-74.084410,0.09,5,1
1462,16206107,-2.142,1.332,-9.468,8.183,-25.920,35.334,167.909,10.293,0.136,-0.218,35.334,4.637890,-74.084410,0.09,5,1
1463,16216111,-2.135,1.192,-9.612,12.577,-24.700,31.672,168.378,10.219,0.122,-0.218,31.672,4.637890,-74.084410,0.09,5,1
1464,16226113,-2.104,1.253,-9.756,16.544,-23.662,27.613,168.829,10.133,0.128,-0.215,27.613,4.637890,-74.084410,0.09,5,1
1465,16236114,-2.080,1.436,-9.852,19.657,-22.960,24.836,169.200,10.039,0.146,-0.212,24.836,4.637890,-74.084410,0.09,5,1
1466,16246110,-2.120,1.624,-9.941,21.855,-22.777,23.951,169.487,9.960,0.166,-0.216,23.951,4.637890,-74.084410,0.09,5,1
1467,16256109,-2.158,1.708,-9.953,23.441,-22.991,24.958,169.731,9.900,0.174,-0.220,24.958,4.637890,-74.084410,0.09,5,1
1468,16268101,-2.302,1.634,-10.114,24.235,-23.631,27.216,170.046,9.843,0.167,-0.235,27.216,4.637890,-74.084410,0.09,5,1
1469,16276114,-2.480,1.552,-10.347,24.571,-23.876,29.749,170.352,9.884,0.158,-0.253,29.749,4.637890,-74.084410,0.09,5,1
1470,16286115,-2.702,1.376,-10.566,24.937,-22.869,32.129,170.724,10.001,0.140,-0.276,32.129,4.637890,-74.084410,0.09,5,1
1471,16296113,-2.890,1.197,-10.878,25.089,-20.275,33.930,171.156,10.175,0.122,-0.295,33.930,4.637890,-74.084410,0.09,5,1
1472,16306109,-2.979,0.978,-11.144,25.364,-15.392,34.662,171.655,10.390,0.100,-0.304,34.662,4.637890,-74.084410,0.09,5,1
1473,16316104,-2.938,0.758,-11.166,25.608,-8.495,34.205,172.204,10.637,0.077,-0.300,34.205,4.637890,-74.084410,0.09,5,1
1474,16326118,-2.740,0.575,-10.991,25.517,-0.896,32.221,172.779,10.878,0.059,-0.279,32.221,4.637890,-74.084410,0.09,5,1
1475,16336104,-2.371,0.568,-10.642,24.845,5.848,29.200,173.299,11.052,0.058,-0.242,29.200,4.637890,-74.084410,0.09,5,1
1476,16346118,-1.987,0.761,-10.186,23.777,9.877,25.904,173.675,11.132,0.078,-0.203,25.904,4.637890,-74.084410,0.09,5,1
1477,16356113,-1.641,1.074,-9.785,22.740,10.640,23.432,173.860,11.095,0.110,-0.167,23.432,4.637890,-74.084410,0.09,5,1
1478,16366109,-1.434,1.364,-9.511,22.038,8.870,22.364,173.878,10.968,0.139,-0.146,22.364,4.637890,-74.084410,0.09,5,1
1479,16376110,-1.338,1.544,-9.309,20.817,5.391,23.035,173.787,10.788,0.157,-0.136,23.035,4.637890,-74.084410,0.09,5,1
1480,16386103,-1.355,1.511,-9.156,19.169,1.271,24.958,173.691,10.601,0.154,-0.138,24.958,4.637890,-74.084410,0.09,5,1
1481,16396116,-1.522,1.438,-9.257,16.972,-3.246,27.094,173.624,10.457,0.147,-0.155,27.094,4.637890,-74.084410,0.09,5,1
1482,16406112,-1.787,1.462,-9.509,14.591,-6.725,28.864,173.546,10.391,0.149,-0.182,28.864,4.637890,-74.084410,0.09,5,1
1483,16416113,-2.101,1.460,-9.708,12.730,-7.762,30.176,173.472,10.441,0.149,-0.214,30.176,4.637890,-74.084410,0.09,5,1
1484,16426103,-2.333,1.542,-9.831,11.723,-6.572,30.878,173.366,10.583,0.157,-0.238,30.878,4.637890,-74.084410,0.09,5,1
1485,16436104,-2.433,1.636,-9.845,11.631,-3.459,30.939,173.228,10.782,0.167,-0.248,30.939,4.637890,-74.084410,0.09,5,1
1486,16446118,-2.392,1.756,-9.783,12.516,-0.041,30.329,173.051,10.985,0.179,-0.244,30.329,4.637890,-74.084410,0.09,5,1
1487,16456116,-2.282,1.879,-9.667,14.713,3.041,29.230,172.845,11.163,0.192,-0.233,29.230,4.637890,-74.084410,0.09,5,1
1488,16466105,-2.166,1.913,-9.473,17.765,5.391,27.826,172.651,11.318,0.195,-0.221,27.826,4.637890,-74.084410,0.09,5,1
1489,16476105,-1.980,1.841,-9.240,20.634,6.550,26.575,172.509,11.413,0.188,-0.202,26.575,4.637890,-74.084410,0.09,5,1
1490,16486117,-1.908,1.687,-9.079,22.679,5.971,25.538,172.454,11.481,0.172,-0.195,25.538,4.637890,-74.084410,0.09,5,1
1491,16496113,-1.896,1.602,-9.074,23.380,3.987,24.683,172.449,11.521,0.163,-0.193,24.683,4.637890,-74.084410,0.09,5,1
1492,16506105,-2.001,1.559,-9.161,23.106,1.973,24.744,172.469,11.580,0.159,-0.204,24.744,4.637890,-74.084410,0.09,5,1
1493,16516110,-2.144,1.568,-9.225,21.366,0.752,25.965,172.472,11.681,0.160,-0.219,25.965,4.637890,-74.084410,0.09,5,1
1494,16526109,-2.218,1.609,-9.331,18.772,0.691,28.315,172.440,11.795,0.164,-0.226,28.315,4.637890,-74.084410,0.09,5,1
1495,16536107,-2.254,1.532,-9.357,15.995,1.881,31.153,172.422,11.926,0.156,-0.230,31.153,4.637890,-74.084410,0.09,5,1
1496,16546113,-2.180,1.433,-9.317,13.584,3.132,33.259,172.425,12.032,0.146,-0.222,33.259,4.637890,-74.084410,0.09,5,1
1497,16556111,-2.061,1.344,-9.254,11.967,4.048,33.961,172.450,12.092,0.137,-0.210,33.961,4.637890,-74.084410,0.09,5,1
1498,16566121,-1.953,1.248,-9.170,11.357,4.384,33.167,172.507,12.112,0.127,-0.199,33.167,4.637890,-74.084410,0.09,5,1
1499,16593377,-1.818,1.303,-9.000,12.394,1.698,26.850,172.663,12.065,0.133,-0.185,26.850,4.637890,-74.084410,0.09,5,1
1500,16594806,-1.818,1.303,-9.000,12.394,1.698,26.850,172.733,12.012,0.133,-0.185,26.850,4.637890,-74.084410,0.09,5,1
1501,16596175,-1.818,1.303,-9.000,12.394,1.698,26.850,172.730,11.959,0.133,-0.185,26.850,4.637890,-74.084410,0.09,5,1
1502,16606126,-1.951,1.289,-9.055,12.150,0.172,25.477,172.737,11.960,0.131,-0.199,25.477,4.637890,-74.084410,0.09,5,1
1503,16616130,-2.085,1.335,-9.117,10.838,-0.957,25.171,172.715,12.010,0.136,-0.213,25.171,4.637890,-74.084410,0.09,5,1
1504,16626116,-2.194,1.380,-9.237,8.671,-1.598,25.995,172.661,12.089,0.141,-0.224,25.995,4.637895,-74.084408,0.08,5,1
1505,16636112,-2.294,1.414,-9.343,6.260,-1.445,27.521,172.581,12.196,0.144,-0.234,27.521,4.637895,-74.084408,0.08,5,1
1506,16646121,-2.321,1.361,-9.360,3.941,-0.499,28.925,172.515,12.313,0.139,-0.237,28.925,4.637895,-74.084408,0.08,5,1
1507,16656114,-2.256,1.330,-9.381,2.476,0.355,29.444,172.458,12.396,0.136,-0.230,29.444,4.637895,-74.084408,0.08,5,1
1508,16666115,-2.139,1.291,-9.319,1.774,0.447,28.895,172.413,12.427,0.132,-0.218,28.895,4.637895,-74.084408,0.08,5,1
1509,16676115,-2.051,1.238,-9.259,1.866,-0.255,27.643,172.395,12.414,0.126,-0.209,27.643,4.637895,-74.084408,0.08,5,1
1510,16686122,-2.034,1.238,-9.295,2.415,-1.872,25.904,172.386,12.376,0.126,-0.207,25.904,4.637895,-74.084408,0.08,5,1
1511,16696132,-2.080,1.183,-9.410,2.690,-3.734,24.347,172.413,12.334,0.121,-0.212,24.347,4.637895,-74.084408,0.08,5,1
1512,16706128,-2.163,1.077,-9.523,2.537,-5.046,23.676,172.492,12.310,0.110,-0.221,23.676,4.637895,-74.084408,0.08,5,1
1513,16716118,-2.220,0.968,-9.607,1.072,-5.413,23.890,172.606,12.303,0.099,-0.226,23.890,4.637895,-74.084408,0.08,5,1
1514,16726129,-2.287,0.992,-9.715,-1.980,-5.565,24.897,172.676,12.313,0.101,-0.233,24.897,4.637895,-74.084408,0.08,5,1
1515,16736113,-2.366,1.079,-10.052,-5.825,-5.443,26.545,172.683,12.323,0.110,-0.241,26.545,4.637895,-74.084408,0.08,5,1
1516,16746128,-2.290,1.231,-10.176,-8.510,-3.948,28.681,172.604,12.300,0.126,-0.233,28.681,4.637895,-74.084408,0.08,5,1
1517,16756118,-2.180,1.241,-10.179,-9.334,-1.720,30.024,172.519,12.254,0.127,-0.222,30.024,4.637895,-74.084408,0.08,5,1
1518,16766125,-2.135,1.113,-10.347,-10.586,0.447,30.604,172.492,12.200,0.113,-0.218,30.604,4.637895,-74.084408,0.08,5,1
1519,16776116,-1.894,0.640,-9.975,-8.083,1.820,28.406,172.681,12.096,0.065,-0.193,28.406,4.637895,-74.084408,0.08,5,1
1520,16786123,-1.801,0.770,-9.970,-7.076,1.240,23.188,172.807,11.955,0.079,-0.184,23.188,4.637895,-74.084408,0.08,5,1
1521,16796132,-1.879,1.185,-10.162,-5.703,-0.041,18.244,172.763,11.828,0.121,-0.192,18.244,4.637895,-74.084408,0.08,5,1
1522,16806125,-2.058,1.467,-10.316,-4.330,-0.530,16.321,172.625,11.766,0.150,-0.210,16.321,4.637895,-74.084408,0.08,5,1
1523,16816116,-2.235,1.621,-10.561,-4.696,0.599,17.786,172.445,11.768,0.165,-0.228,17.786,4.637895,-74.084408,0.08,5,1
1524,16826125,-2.268,1.619,-10.885,-6.557,3.468,21.357,172.282,11.783,0.165,-0.231,21.357,4.637895,-74.084408,0.08,5,1
1525,16836131,-2.094,1.407,-10.993,-8.449,7.618,25.324,172.204,11.763,0.143,-0.214,25.324,4.637895,-74.084408,0.08,5,1
1526,16846128,-1.725,1.137,-10.830,-10.311,11.555,27.125,172.214,11.651,0.116,-0.176,27.125,4.637895,-74.084408,0.08,5,1
1527,16856119,-1.317,1.014,-10.393,-11.227,13.386,25.568,172.248,11.424,0.103,-0.134,25.568,4.637895,-74.084408,0.08,5,1
1528,16866113,-1.002,0.913,-10.004,-9.151,10.945,20.777,172.326,11.078,0.093,-0.102,20.777,4.637895,-74.084408,0.08,5,1
1529,16876112,-0.971,0.780,-9.540,-5.672,4.292,13.697,172.471,10.704,0.080,-0.099,13.697,4.637895,-74.084408,0.08,5,1
1530,16886120,-1.229,0.826,-9.120,-3.109,-6.450,6.525,172.591,10.401,0.084,-0.125,6.525,4.637895,-74.084408,0.08,5,1
1531,16896117,-1.820,0.905,-9.021,-0.698,-19.451,1.093,172.681,10.286,0.092,-0.186,1.093,4.637895,-74.084408,0.08,5,1
1532,16906120,-2.774,1.224,-9.478,-0.332,-31.352,-1.348,172.643,10.440,0.125,-0.283,-1.348,4.637895,-74.084408,0.08,5,1
1533,16916108,-3.649,1.455,-10.095,-0.667,-38.829,0.208,172.540,10.783,0.148,-0.372,0.208,4.637895,-74.084408,0.08,5,1
1534,16928344,-4.436,1.566,-10.640,-2.285,-40.447,5.060,172.405,11.224,0.160,-0.452,5.060,4.637895,-74.084408,0.08,5,1
1535,16936121,-5.048,1.597,-11.106,-4.085,-36.724,11.500,172.289,11.888,0.163,-0.515,11.500,4.637895,-74.084408,0.08,5,1
1536,16946108,-5.308,1.479,-11.269,-4.238,-28.758,17.939,172.236,12.635,0.151,-0.541,17.939,4.637895,-74.084408,0.08,5,1
1537,16956122,-5.377,1.407,-11.733,-4.085,-17.101,23.310,172.238,13.387,0.143,-0.548,23.310,4.637895,-74.084408,0.08,5,1
1538,16966125,-5.270,0.999,-11.423,-0.515,-2.666,25.782,172.415,14.230,0.102,-0.537,25.782,4.637895,-74.084408,0.08,5,1
1539,16976115,-4.896,0.471,-10.866,4.948,11.250,24.409,172.822,15.101,0.048,-0.499,24.409,4.637895,-74.084408,0.08,5,1
1540,16986128,-4.338,0.288,-10.419,10.563,21.565,19.190,173.319,15.874,0.029,-0.442,19.190,4.637895,-74.084408,0.08,5,1
1541,16996111,-3.713,0.156,-9.891,16.239,27.241,12.415,173.883,16.484,0.016,-0.379,12.415,4.637895,-74.084408,0.08,5,1
1542,17006126,-3.239,-0.112,-9.163,20.390,28.431,6.098,174.565,16.972,-0.011,-0.330,6.098,4.637895,-74.084408,0.08,5,1
1543,17016126,-2.933,-0.242,-8.466,22.099,24.373,0.635,175.283,17.358,-0.025,-0.299,0.635,4.637895,-74.084408,0.08,5,1
1544,17026119,-2.836,-0.006,-8.339,20.146,16.865,-2.233,175.804,17.620,-0.001,-0.289,-2.233,4.637895,-74.084408,0.08,5,1
1545,17036111,-3.003,0.312,-8.625,16.972,9.633,-1.226,176.093,17.825,0.032,-0.306,-1.226,4.637895,-74.084408,0.08,5,1
1546,17046120,-3.267,0.346,-8.776,12.608,5.421,3.565,176.306,18.070,0.035,-0.333,3.565,4.637895,-74.084408,0.08,5,1
1547,17056113,-3.396,0.221,-8.992,7.115,4.536,9.882,176.517,18.309,0.023,-0.346,9.882,4.637895,-74.084408,0.08,5,1
1548,17066121,-3.391,-0.035,-9.180,2.354,6.245,15.253,176.793,18.514,-0.004,-0.346,15.253,4.637895,-74.084408,0.08,5,1
1549,17076111,-3.215,-0.377,-9.137,-1.217,9.541,17.664,177.179,18.665,-0.038,-0.328,17.664,4.637895,-74.084408,0.08,5,1
1550,17086121,-2.981,-0.580,-8.959,-3.750,13.051,16.535,177.615,18.760,-0.059,-0.304,16.535,4.637895,-74.084408,0.08,5,1
1551,17096127,-2.709,-0.570,-8.750,-5.062,15.645,12.415,178.008,18.780,-0.058,-0.276,12.415,4.637895,-74.084408,0.08,5,1
1552,17106124,-2.328,-0.452,-8.560,-5.092,16.652,6.617,178.316,18.655,-0.046,-0.237,6.617,4.637895,-74.084408,0.08,5,1
1553,17116111,-1.996,-0.322,-8.282,-4.085,15.645,0.330,178.549,18.404,-0.033,-0.204,0.330,4.637895,-74.084408,0.08,5,1
1554,17126169,-1.779,-0.105,-7.974,-3.231,12.196,-5.865,178.659,18.067,-0.011,-0.181,-5.865,4.637895,-74.084408,0.08,5,1
1555,17136115,-1.655,0.199,-7.864,-2.865,6.795,-10.778,178.596,17.652,0.020,-0.169,-10.778,4.637895,-74.084408,0.08,5,1
1556,17146139,-1.751,0.532,-7.904,-2.926,0.386,-13.403,178.353,17.254,0.054,-0.179,-13.403,4.637895,-74.084408,0.08,5,1
1557,17156131,-1.968,0.722,-8.106,-3.536,-5.046,-13.250,178.027,16.922,0.074,-0.201,-13.250,4.637895,-74.084408,0.08,5,1
1558,17166122,-2.192,0.749,-8.337,-5.031,-8.586,-11.175,177.710,16.666,0.076,-0.224,-11.175,4.637895,-74.084408,0.08,5,1
1559,17176118,-2.375,0.662,-8.584,-6.740,-10.173,-8.520,177.456,16.472,0.067,-0.242,-8.520,4.637895,-74.084408,0.08,5,1
1560,17186113,-2.476,0.496,-8.851,-7.595,-10.143,-6.841,177.306,16.307,0.051,-0.252,-6.841,4.637895,-74.084408,0.08,5,1
1561,17196131,-2.476,0.209,-9.062,-7.229,-8.922,-7.055,177.315,16.141,0.021,-0.252,-7.055,4.637895,-74.084408,0.08,5,1
1562,17206128,-2.397,-0.006,-9.110,-6.100,-6.755,-9.649,177.438,15.966,-0.001,-0.244,-9.649,4.637895,-74.084408,0.08,5,1
1563,17216121,-2.278,-0.114,-9.115,-4.177,-4.833,-14.105,177.622,15.768,-0.012,-0.232,-14.105,4.637895,-74.084408,0.08,5,1
1564,17226120,-2.147,-0.090,-9.125,-2.010,-3.826,-19.506,177.800,15.534,-0.009,-0.219,-19.506,4.637895,-74.084408,0.08,5,1
1565,17236105,-2.046,-0.076,-9.149,-0.179,-3.917,-24.542,177.975,15.269,-0.008,-0.209,-24.542,4.637895,-74.084408,0.08,5,1
1566,17246115,-2.073,0.023,-9.158,0.034,-4.527,-28.448,178.091,15.029,0.002,-0.211,-28.448,4.637895,-74.084408,0.08,5,1
1567,17256105,-2.156,0.276,-9.209,-1.247,-5.382,-30.706,178.066,14.832,0.028,-0.220,-30.706,4.637895,-74.084408,0.08,5,1
1568,17267965,-2.192,0.549,-9.273,-3.567,-6.236,-30.767,177.881,14.637,0.056,-0.224,-30.767,4.637895,-74.084408,0.08,5,1
1569,17276115,-2.287,0.814,-9.365,-6.496,-6.816,-28.906,177.572,14.494,0.083,-0.233,-28.906,4.637895,-74.084408,0.08,5,1
1570,17286102,-2.361,0.927,-9.526,-8.907,-7.274,-26.403,177.219,14.372,0.095,-0.241,-26.403,4.637895,-74.084408,0.08,5,1
1571,17296110,-2.461,0.872,-9.679,-10.677,-7.518,-24.237,176.909,14.285,0.089,-0.251,-24.237,4.637895,-74.084408,0.08,5,1
1572,17306120,-2.643,0.652,-9.799,-11.318,-7.640,-23.626,176.720,14.269,0.067,-0.269,-23.626,4.637895,-74.084408,0.08,5,1
1573,17316109,-2.817,0.471,-10.025,-11.745,-7.305,-24.969,176.628,14.304,0.048,-0.287,-24.969,4.637895,-74.084408,0.08,5,1
1574,17326102,-3.000,0.464,-10.244,-12.020,-6.267,-27.624,176.548,14.395,0.047,-0.306,-27.624,4.637895,-74.084408,0.08,5,1
1575,17336109,-3.141,0.517,-10.393,-12.112,-4.192,-30.676,176.453,14.536,0.053,-0.320,-30.676,4.637895,-74.084408,0.08,5,1
1576,17346120,-3.315,0.599,-10.414,-11.989,-1.476,-33.209,176.333,14.755,0.061,-0.338,-33.209,4.637895,-74.084408,0.08,5,1
1577,17356109,-3.453,0.688,-10.402,-12.417,1.149,-35.009,176.180,15.035,0.070,-0.352,-35.009,4.637895,-74.084408,0.08,5,1
1578,17366120,-3.525,0.795,-10.371,-13.607,3.865,-35.864,175.983,15.349,0.081,-0.359,-35.864,4.637895,-74.084408,0.08,5,1
1579,17376110,-3.520,0.896,-10.316,-15.591,6.733,-35.772,175.737,15.670,0.091,-0.359,-35.772,4.637895,-74.084408,0.08,5,1
1580,17386120,-3.417,1.055,-10.277,-18.337,9.480,-34.887,175.416,15.955,0.108,-0.348,-34.887,4.637895,-74.084408,0.08,5,1
1581,17396109,-3.210,1.245,-10.174,-20.717,11.860,-33.941,175.012,16.170,0.127,-0.327,-33.941,4.637895,-74.084408,0.08,5,1
1582,17406102,-2.905,1.248,-9.886,-21.419,12.959,-33.727,174.616,16.292,0.127,-0.296,-33.727,4.637895,-74.084408,0.08,5,1
1583,17416115,-2.561,1.125,-9.653,-20.443,11.433,-35.375,174.301,16.276,0.115,-0.261,-35.375,4.637895,-74.084408,0.08,5,1
1584,17426107,-2.349,1.086,-9.535,-18.703,7.191,-39.099,174.038,16.145,0.111,-0.240,-39.099,4.637895,-74.084408,0.08,5,1
1585,17436097,-2.268,1.060,-9.324,-16.689,1.027,-43.585,173.815,15.954,0.108,-0.231,-43.585,4.637895,-74.084408,0.08,5,1
1586,17446102,-2.342,1.168,-9.360,-15.804,-6.603,-47.247,173.568,15.734,0.119,-0.239,-47.247,4.637895,-74.084408,0.08,5,1
1587,17456110,-2.581,1.474,-9.571,-16.353,-13.317,-48.559,173.210,15.544,0.150,-0.263,-48.559,4.637895,-74.084408,0.08,5,1
1588,17466102,-2.838,1.807,-9.847,-18.520,-17.559,-46.301,172.733,15.399,0.184,-0.289,-46.301,4.637895,-74.084408,0.08,5,1
1589,17476115,-3.014,2.029,-10.092,-20.931,-18.932,-41.357,172.196,15.290,0.207,-0.307,-41.357,4.637895,-74.084408,0.08,5,1
1590,17486107,-3.091,2.051,-10.244,-22.335,-18.230,-35.894,171.691,15.208,0.209,-0.315,-35.894,4.637895,-74.084408,0.08,5,1
1591,17496102,-3.150,1.932,-10.455,-21.877,-16.307,-31.835,171.293,15.152,0.197,-0.321,-31.835,4.637895,-74.084408,0.08,5,1
1592,17506114,-3.196,1.674,-10.597,-19.466,-13.194,-30.462,171.062,15.135,0.171,-0.326,-30.462,4.637895,-74.084408,0.08,5,1
1593,17516109,-3.208,1.390,-10.633,-15.591,-9.227,-31.591,171.003,15.162,0.142,-0.327,-31.591,4.637895,-74.084408,0.08,5,1
1594,17526102,-3.215,1.055,-10.594,-11.074,-4.314,-34.490,171.124,15.243,0.108,-0.328,-34.490,4.637895,-74.084408,0.08,5,1
1595,17536109,-3.212,0.807,-10.424,-7.686,0.294,-37.878,171.365,15.382,0.082,-0.328,-37.878,4.637895,-74.084408,0.08,5,1
1596,17546121,-3.239,0.720,-10.270,-6.222,4.017,-40.289,171.632,15.574,0.073,-0.330,-40.289,4.637895,-74.084408,0.08,5,1
1597,17556109,-3.227,0.691,-10.088,-6.588,7.344,-40.533,171.883,15.801,0.070,-0.329,-40.533,4.637895,-74.084408,0.08,5,1
1598,17566114,-3.234,0.664,-9.931,-8.419,10.518,-39.190,172.105,16.062,0.068,-0.330,-39.190,4.637895,-74.084408,0.08,5,1
1599,17590258,-2.919,0.471,-9.583,-12.874,15.584,-34.643,172.179,16.469,0.048,-0.298,-34.643,4.637895,-74.084408,0.08,5,1
1600,17591597,-2.705,0.291,-9.254,-14.614,16.194,-33.056,172.446,16.676,0.030,-0.276,-33.056,4.637895,-74.084408,0.08,5,1
1601,17596121,-2.705,0.291,-9.254,-14.614,16.194,-33.056,172.770,16.787,0.030,-0.276,-33.056,4.637895,-74.084408,0.08,5,1
1602,17606123,-2.485,0.081,-8.988,-15.926,14.638,-32.751,173.156,16.807,0.008,-0.253,-32.751,4.637895,-74.084408,0.08,5,1
1603,17616118,-2.352,-0.028,-8.820,-17.177,11.189,-33.575,173.548,16.751,-0.003,-0.240,-33.575,4.637895,-74.084408,0.08,5,1
1604,17626133,-2.361,0.009,-8.723,-18.154,6.764,-35.040,173.875,16.678,0.001,-0.241,-35.040,4.637895,-74.084408,0.08,5,1
1605,17636112,-2.468,0.047,-8.707,-18.337,1.790,-36.657,174.148,16.622,0.005,-0.252,-36.657,4.637895,-74.084408,0.08,5,1
1606,17646109,-2.666,0.117,-8.723,-18.429,-2.391,-37.725,174.359,16.625,0.012,-0.272,-37.725,4.637895,-74.084408,0.08,5,1
1607,17656134,-2.874,0.291,-8.851,-18.551,-5.626,-37.939,174.461,16.677,0.030,-0.293,-37.939,4.637895,-74.084408,0.08,5,1
1608,17666120,-3.117,0.541,-9.004,-18.581,-7.244,-37.145,174.429,16.795,0.055,-0.318,-37.145,4.637895,-74.084408,0.08,5,1
1609,17676115,-3.322,0.715,-9.043,-17.971,-7.060,-35.528,174.320,16.987,0.073,-0.339,-35.528,4.637892,-74.084418,0.06,5,1
1610,17686117,-3.370,0.903,-9.091,-16.750,-5.077,-33.422,174.140,17.192,0.092,-0.344,-33.422,4.637892,-74.084418,0.06,5,1
1611,17696110,-3.272,1.033,-9.144,-14.461,-1.659,-31.378,173.935,17.359,0.105,-0.334,-31.378,4.637892,-74.084418,0.06,5,1
1612,17706132,-3.043,0.995,-9.043,-9.853,2.919,-30.157,173.801,17.471,0.101,-0.310,-30.157,4.637892,-74.084418,0.06,5,1
1613,17716122,-2.747,0.778,-8.980,-4.207,8.015,-30.310,173.833,17.501,0.079,-0.280,-30.310,4.637892,-74.084418,0.06,5,1
1614,17726129,-2.313,0.614,-8.812,2.079,12.471,-32.720,173.995,17.393,0.063,-0.236,-32.720,4.637892,-74.084418,0.06,5,1
1615,17736123,-1.949,0.664,-8.555,7.847,15.095,-36.169,174.163,17.172,0.068,-0.199,-36.169,4.637892,-74.084418,0.06,5,1
1616,17746133,-1.663,0.722,-8.553,12.333,15.248,-38.946,174.329,16.829,0.074,-0.170,-38.946,4.637892,-74.084418,0.06,5,1
1617,17756128,-1.319,0.344,-8.529,16.789,14.210,-40.930,174.718,16.335,0.035,-0.135,-40.930,4.637892,-74.084418,0.06,5,1
1618,17766113,-1.133,0.083,-8.246,18.376,12.318,-44.042,175.225,15.788,0.008,-0.116,-44.042,4.637892,-74.084418,0.06,5,1
1619,17776122,-0.952,0.148,-8.111,17.246,8.351,-47.247,175.645,15.160,0.015,-0.097,-47.247,4.637892,-74.084418,0.06,5,1
1620,17786123,-0.866,0.365,-8.025,14.134,2.858,-48.834,175.885,14.487,0.037,-0.088,-48.834,4.637892,-74.084418,0.06,5,1
1621,17796125,-0.942,0.749,-7.998,9.831,-3.612,-48.559,175.856,13.849,0.076,-0.096,-48.559,4.637892,-74.084418,0.06,6,1
1622,17806115,-1.083,1.257,-8.212,5.222,-10.478,-46.118,175.528,13.252,0.128,-0.110,-46.118,4.637892,-74.084418,0.06,6,1
1623,17816107,-1.312,1.564,-8.519,2.323,-15.911,-41.815,175.068,12.742,0.159,-0.134,-41.815,4.637892,-74.084418,0.06,6,1
1624,17826132,-1.608,1.477,-8.913,1.225,-19.359,-37.359,174.710,12.353,0.151,-0.164,-37.359,4.637892,-74.084418,0.06,6,1
1625,17836110,-1.930,1.226,-9.406,0.767,-19.908,-34.246,174.527,12.097,0.125,-0.197,-34.246,4.637892,-74.084418,0.06,6,1
1626,17846108,-2.125,0.937,-9.768,1.042,-17.375,-33.514,174.510,11.939,0.096,-0.217,-33.514,4.637892,-74.084418,0.06,6,1
1627,17856123,-2.154,0.749,-9.955,1.438,-12.767,-35.406,174.589,11.832,0.076,-0.220,-35.406,4.637892,-74.084418,0.06,6,1
1628,17866115,-2.068,0.823,-9.980,1.408,-8.037,-38.671,174.629,11.739,0.084,-0.211,-38.671,4.637892,-74.084418,0.06,6,1
1629,17876103,-1.865,1.065,-10.008,1.103,-4.527,-41.662,174.559,11.595,0.109,-0.190,-41.662,4.637892,-74.084418,0.06,6,1
1630,17886121,-1.682,1.168,-9.936,1.011,-2.727,-43.585,174.445,11.406,0.119,-0.171,-43.585,4.637892,-74.084418,0.06,6,1
1631,17896107,-1.584,1.301,-9.783,-0.728,-3.063,-44.683,174.258,11.195,0.133,-0.162,-44.683,4.637892,-74.084418,0.06,6,1
1632,17906114,-1.596,1.667,-9.792,-3.933,-5.443,-44.378,173.895,10.980,0.170,-0.163,-44.378,4.637892,-74.084418,0.06,6,1
1633,17918421,-1.784,1.959,-9.835,-8.053,-9.197,-41.601,173.370,10.798,0.200,-0.182,-41.601,4.637892,-74.084418,0.06,6,1
1634,17926120,-2.085,2.215,-10.054,-11.806,-13.225,-36.901,172.785,10.719,0.226,-0.213,-36.901,4.637892,-74.084418,0.06,6,1
1635,17936108,-2.497,2.321,-10.273,-14.156,-15.911,-30.950,172.200,10.768,0.237,-0.255,-30.950,4.637892,-74.084418,0.06,6,1
1636,17946114,-2.967,2.145,-10.683,-16.506,-16.185,-24.664,171.746,10.957,0.219,-0.303,-24.664,4.637892,-74.084418,0.06,6,1
1637,17956122,-3.355,1.646,-10.510,-17.971,-13.713,-19.476,171.503,11.329,0.168,-0.342,-19.476,4.637892,-74.084418,0.06,6,1
1638,17966119,-3.482,1.337,-10.750,-18.490,-10.845,-16.943,171.413,11.723,0.136,-0.355,-16.943,4.637892,-74.084418,0.06,6,1
1639,17976133,-3.620,1.173,-11.195,-19.039,-5.321,-16.210,171.411,12.139,0.120,-0.369,-16.210,4.637892,-74.084418,0.06,6,1
1640,17986123,-3.737,0.816,-11.027,-18.429,2.431,-16.607,171.549,12.658,0.083,-0.381,-16.607,4.637892,-74.084418,0.06,6,1
1641,17996111,-3.644,0.599,-10.702,-18.276,10.029,-18.255,171.756,13.216,0.061,-0.372,-18.255,4.637892,-74.084418,0.06,6,1
1642,18006122,-3.341,0.768,-10.522,-18.642,15.645,-20.910,171.870,13.690,0.078,-0.341,-20.910,4.637892,-74.084418,0.06,6,1
1643,18016128,-3.010,1.024,-10.265,-18.551,18.788,-23.229,171.859,14.057,0.104,-0.307,-23.229,4.637892,-74.084418,0.06,6,1
1644,18026113,-2.745,1.151,-9.936,-17.971,19.154,-24.908,171.785,14.328,0.117,-0.280,-24.908,4.637892,-74.084418,0.06,6,1
1645,18036105,-2.576,1.212,-9.559,-17.544,16.621,-26.495,171.673,14.525,0.124,-0.263,-26.495,4.637892,-74.084418,0.06,6,1
1646,18046124,-2.557,1.412,-9.326,-17.818,10.335,-27.380,171.460,14.665,0.144,-0.261,-27.380,4.637892,-74.084418,0.06,6,1
1647,18056112,-2.688,1.520,-9.213,-17.727,1.057,-27.349,171.206,14.776,0.155,-0.274,-27.349,4.637892,-74.084418,0.06,6,1
1648,18066126,-3.112,1.626,-9.288,-17.483,-9.319,-26.647,170.931,14.953,0.166,-0.317,-26.647,4.637892,-74.084418,0.06,6,1
1649,18076120,-3.756,1.670,-9.699,-16.323,-19.176,-24.908,170.700,15.226,0.170,-0.383,-24.908,4.637892,-74.084418,0.06,6,1
1650,18086127,-4.488,1.441,-10.273,-14.950,-24.913,-21.917,170.637,15.618,0.147,-0.458,-21.917,4.637892,-74.084418,0.06,6,1
1651,18096127,-5.060,1.077,-10.712,-14.156,-24.517,-18.560,170.757,16.119,0.110,-0.516,-18.560,4.637892,-74.084418,0.06,6,1
1652,18106128,-5.251,0.867,-10.561,-12.752,-18.718,-16.027,170.962,16.727,0.088,-0.535,-16.027,4.637892,-74.084418,0.06,6,1
1653,18116110,-5.103,0.751,-11.065,-12.234,-9.960,-13.983,171.218,17.244,0.077,-0.520,-13.983,4.637892,-74.084418,0.06,6,1
1654,18126160,-4.958,0.563,-10.875,-11.165,1.576,-12.976,171.535,17.810,0.057,-0.506,-12.976,4.637892,-74.084418,0.06,6,1
1655,18136119,-4.688,0.349,-10.085,-9.395,10.640,-13.525,171.920,18.450,0.036,-0.478,-13.525,4.637892,-74.084418,0.06,6,1
1656,18146112,-4.276,0.247,-9.845,-7.320,13.936,-16.485,172.336,18.961,0.025,-0.436,-16.485,4.637892,-74.084418,0.06,6,1
1657,18156122,-4.025,0.329,-9.554,-5.062,13.325,-21.063,172.700,19.379,0.034,-0.410,-21.063,4.637892,-74.084418,0.06,6,1
1658,18166125,-4.035,0.647,-9.415,-3.689,10.426,-24.877,172.899,19.762,0.066,-0.411,-24.877,4.637892,-74.084418,0.06,6,1
1659,18176107,-4.159,0.961,-9.516,-3.170,8.198,-25.671,172.947,20.122,0.098,-0.424,-25.671,4.637892,-74.084418,0.06,6,1
1660,18186115,-4.231,1.074,-9.535,-3.658,8.900,-23.413,172.937,20.484,0.110,-0.431,-23.413,4.637892,-74.084418,0.06,6,1
1661,18196116,-4.293,0.983,-9.475,-3.872,11.525,-20.574,172.964,20.877,0.100,-0.438,-20.574,4.637892,-74.084418,0.06,6,1
1662,18206124,-4.252,0.795,-9.523,-2.590,14.577,-19.201,173.089,21.249,0.081,-0.434,-19.201,4.637892,-74.084418,0.06,6,1
1663,18216118,-4.128,0.455,-9.362,0.279,17.567,-20.239,173.384,21.603,0.046,-0.421,-20.239,4.637892,-74.084418,0.06,6,1
1664,18226123,-4.006,0.105,-9.165,2.903,19.429,-23.413,173.843,21.935,0.011,-0.409,-23.413,4.637892,-74.084418,0.06,6,1
1665,18236119,-3.828,-0.182,-8.966,5.009,20.039,-27.654,174.426,22.209,-0.019,-0.390,-27.654,4.637892,-74.084418,0.06,6,1
1666,18250555,-3.553,-0.273,-8.474,5.619,16.072,-36.962,175.053,22.463,-0.028,-0.362,-36.962,4.637892,-74.084418,0.06,6,1
1667,18256107,-3.553,-0.273,-8.474,5.619,16.072,-36.962,175.615,22.631,-0.028,-0.362,-36.962,4.637892,-74.084418,0.06,6,1
1668,18266114,-3.568,-0.148,-8.421,4.643,11.799,-39.770,176.057,22.765,-0.015,-0.364,-39.770,4.637892,-74.084418,0.06,6,1
1669,18276121,-3.656,-0.114,-8.402,3.330,7.130,-40.777,176.434,22.888,-0.012,-0.373,-40.777,4.637892,-74.084418,0.06,6,1
1670,18286124,-3.799,-0.199,-8.490,1.286,3.316,-40.197,176.805,23.012,-0.020,-0.387,-40.197,4.637892,-74.084418,0.06,6,1
1671,18296120,-3.961,-0.286,-8.642,-1.827,0.966,-38.427,177.161,23.144,-0.029,-0.404,-38.427,4.637892,-74.084418,0.06,6,1
1672,18306113,-4.021,-0.387,-8.805,-5.276,0.081,-35.833,177.505,23.250,-0.039,-0.410,-35.833,4.637892,-74.084418,0.06,6,1
1673,18316109,-4.116,-0.445,-8.995,-8.602,0.477,-33.422,177.815,23.355,-0.045,-0.420,-33.422,4.637892,-74.084418,0.06,6,1
1674,18326113,-4.142,-0.531,-9.098,-10.952,2.034,-31.957,178.119,23.457,-0.054,-0.422,-31.957,4.637892,-74.084418,0.06,6,1
1675,18336113,-4.018,-0.758,-9.002,-11.593,4.384,-31.927,178.507,23.537,-0.077,-0.410,-31.927,4.637892,-74.084418,0.06,6,1
1676,18346112,-3.944,-0.980,-9.173,-12.478,6.184,-34.094,178.956,23.564,-0.100,-0.402,-34.094,4.637892,-74.084418,0.06,6,1
1677,18356112,-3.890,-1.228,-9.009,-12.203,7.893,-38.091,179.500,23.605,-0.125,-0.397,-38.091,4.637892,-74.084418,0.06,6,1
1678,18366112,-3.861,-1.380,-8.892,-12.752,9.083,-43.249,180.079,23.659,-0.141,-0.394,-43.249,4.637892,-74.084418,0.06,6,1
1679,18376112,-3.863,-1.182,-8.911,-14.858,9.663,-48.559,180.496,23.716,-0.121,-0.394,-48.559,4.637892,-74.084418,0.06,6,1
1680,18386112,-3.859,-0.823,-8.783,-17.025,10.731,-52.404,180.692,23.807,-0.084,-0.393,-52.404,4.637892,-74.084418,0.06,6,1
1681,18396115,-3.816,-0.469,-8.714,-20.107,11.860,-54.022,180.670,23.902,-0.048,-0.389,-54.022,4.637892,-74.084418,0.06,6,1
1682,18406112,-3.749,-0.035,-8.572,-23.189,13.142,-53.808,180.402,24.001,-0.004,-0.382,-53.808,4.637892,-74.084418,0.06,6,1
1683,18416114,-3.649,0.228,-8.426,-24.715,13.875,-52.557,180.005,24.083,0.023,-0.372,-52.557,4.637892,-74.084418,0.06,6,1
1684,18426112,-3.594,0.332,-8.486,-24.776,13.417,-51.153,179.584,24.118,0.034,-0.366,-51.153,4.637892,-74.084418,0.06,6,1
1685,18436114,-3.630,0.341,-8.690,-23.739,12.959,-50.299,179.204,24.124,0.035,-0.370,-50.299,4.637892,-74.084418,0.06,6,1
1686,18446112,-3.701,0.230,-8.992,-21.633,13.844,-50.543,178.933,24.116,0.023,-0.377,-50.543,4.637892,-74.084418,0.06,6,1
1687,18456113,-3.689,-0.018,-9.192,-19.070,16.896,-52.191,178.827,24.099,-0.002,-0.376,-52.191,4.637892,-74.084418,0.06,6,1
1688,18466112,-3.551,-0.206,-9.117,-17.025,21.138,-55.517,178.839,24.077,-0.021,-0.362,-55.517,4.637892,-74.084418,0.06,6,1
1689,18476113,-3.355,-0.367,-9.038,-15.255,24.769,-60.430,178.946,24.019,-0.037,-0.342,-60.430,4.637892,-74.084418,0.06,6,1
1690,18486112,-3.129,-0.445,-9.043,-13.790,26.845,-66.656,179.096,23.886,-0.045,-0.319,-66.656,4.637892,-74.084418,0.06,6,1
1691,18496114,-2.945,-0.401,-8.899,-12.905,27.180,-73.706,179.224,23.708,-0.041,-0.300,-73.706,4.637892,-74.084418,0.06,6,1
1692,18506112,-2.848,-0.184,-8.798,-13.241,25.227,-80.358,179.234,23.496,-0.019,-0.290,-80.358,4.637892,-74.084418,0.06,6,1
1693,18516113,-2.778,0.204,-8.872,-14.614,21.443,-85.302,179.038,23.224,0.021,-0.283,-85.302,4.637892,-74.084418,0.06,6,1
1694,18526112,-2.888,0.532,-8.892,-16.079,16.926,-87.896,178.681,22.975,0.054,-0.295,-87.896,4.637892,-74.084418,0.06,6,1
1695,18536105,-2.993,0.754,-8.949,-18.276,12.227,-88.171,178.226,22.738,0.077,-0.305,-88.171,4.637892,-74.084418,0.06,6,1
1696,18546126,-3.162,0.855,-9.088,-20.901,7.313,-87.164,177.738,22.524,0.087,-0.322,-87.164,4.637892,-74.084418,0.06,6,1
1697,18556135,-3.351,0.983,-9.326,-23.678,2.675,-85.607,177.212,22.327,0.100,-0.342,-85.607,4.637892,-74.084418,0.06,6,1
1698,18566117,-3.539,0.898,-9.456,-25.783,-0.957,-83.929,176.752,22.170,0.092,-0.361,-83.929,4.637892,-74.084418,0.06,6,1
1699,18589775,-4.009,0.303,-9.245,-29.629,-6.908,-84.936,176.181,22.119,0.031,-0.409,-84.936,4.637892,-74.084418,0.06,6,1
1700,18591193,-4.352,0.406,-9.590,-32.223,-10.448,-87.622,175.826,22.164,0.041,-0.444,-87.622,4.637892,-74.084418,0.06,6,1
1701,18596109,-4.352,0.406,-9.590,-32.223,-10.448,-87.622,175.659,22.253,0.041,-0.444,-87.622,4.637892,-74.084418,0.06,6,1
1702,18606123,-4.688,0.688,-9.802,-35.122,-10.875,-89.392,175.344,22.420,0.070,-0.478,-89.392,4.637892,-74.084418,0.06,6,1
1703,18616117,-4.836,1.007,-9.864,-38.662,-7.640,-88.720,174.873,22.640,0.103,-0.493,-88.720,4.637887,-74.084427,0.08,6,1
1704,18626129,-4.760,1.315,-9.754,-41.469,-1.811,-86.126,174.265,22.878,0.134,-0.485,-86.126,4.637887,-74.084427,0.08,6,1
1705,18636120,-4.436,1.484,-9.355,-43.056,3.865,-82.678,173.585,23.090,0.151,-0.452,-82.678,4.637887,-74.084427,0.08,6,1
1706,18646132,-4.049,1.793,-9.650,-44.826,7.710,-79.504,172.824,23.105,0.183,-0.413,-79.504,4.637887,-74.084427,0.08,6,1
1707,18656128,-3.742,1.682,-9.221,-43.239,9.968,-77.215,172.155,23.088,0.171,-0.382,-77.215,4.637887,-74.084427,0.08,6,1
1708,18666112,-3.460,1.417,-8.875,-41.378,8.717,-76.849,171.657,23.005,0.144,-0.353,-76.849,4.637887,-74.084427,0.08,6,1
1709,18676111,-3.301,1.342,-8.937,-40.005,3.987,-78.955,171.253,22.808,0.137,-0.337,-78.955,4.637887,-74.084427,0.08,6,1
1710,18686127,-3.396,1.470,-9.072,-38.662,-2.696,-81.884,170.841,22.583,0.150,-0.346,-81.884,4.637887,-74.084427,0.08,6,1
1711,18696128,-3.687,1.701,-9.307,-37.441,-9.197,-83.502,170.382,22.394,0.173,-0.376,-83.502,4.637887,-74.084427,0.08,6,1
1712,18706112,-4.054,1.985,-9.542,-36.404,-12.859,-83.319,169.860,22.287,0.202,-0.413,-83.319,4.637887,-74.084427,0.08,6,1
1713,18716122,-4.376,2.174,-9.732,-35.641,-13.866,-81.243,169.320,22.266,0.222,-0.446,-81.243,4.637887,-74.084427,0.08,6,1
1714,18726124,-4.603,2.265,-9.939,-34.359,-12.676,-77.642,168.815,22.303,0.231,-0.469,-77.642,4.637887,-74.084427,0.08,5,1
1715,18736110,-4.774,2.234,-10.020,-32.253,-8.861,-73.156,168.391,22.423,0.228,-0.487,-73.156,4.637887,-74.084427,0.08,5,1
1716,18746123,-4.765,2.046,-9.996,-29.690,-3.002,-68.884,168.099,22.594,0.209,-0.486,-68.884,4.637887,-74.084427,0.08,5,1
1717,18756115,-4.593,1.660,-9.809,-26.394,3.895,-65.527,168.012,22.796,0.169,-0.468,-65.527,4.637887,-74.084427,0.08,5,1
1718,18766124,-4.388,1.257,-9.542,-23.037,9.633,-64.092,168.125,23.015,0.128,-0.447,-64.092,4.637887,-74.084427,0.08,5,1
1719,18776111,-4.142,1.084,-9.357,-19.985,12.776,-64.733,168.326,23.186,0.111,-0.422,-64.733,4.637887,-74.084427,0.08,5,1
1720,18786138,-4.006,1.086,-9.163,-17.116,13.844,-66.229,168.526,23.334,0.111,-0.409,-66.229,4.637887,-74.084427,0.08,5,1
1721,18796118,-3.932,1.185,-9.137,-14.431,13.386,-67.022,168.687,23.438,0.121,-0.401,-67.022,4.637887,-74.084427,0.08,5,1
1722,18806123,-3.954,1.354,-9.285,-12.508,12.776,-66.259,168.784,23.509,0.138,-0.403,-66.259,4.637887,-74.084427,0.08,5,1
1723,18816109,-3.906,1.388,-9.403,-11.104,13.295,-63.818,168.879,23.540,0.141,-0.398,-63.818,4.637887,-74.084427,0.08,5,1
1724,18826115,-3.844,1.250,-9.333,-10.433,14.790,-60.400,169.031,23.572,0.127,-0.392,-60.400,4.637887,-74.084427,0.08,5,1
1725,18836127,-3.680,1.226,-9.321,-10.647,16.285,-56.829,169.180,23.551,0.125,-0.375,-56.829,4.637887,-74.084427,0.08,5,1
1726,18846114,-3.475,1.074,-9.295,-10.403,17.720,-53.564,169.390,23.469,0.110,-0.354,-53.564,4.637887,-74.084427,0.08,5,1
1727,18856119,-3.255,0.852,-9.158,-10.311,18.391,-51.214,169.682,23.331,0.087,-0.332,-51.214,4.637887,-74.084427,0.08,5,1
1728,18866118,-3.005,0.696,-9.014,-9.975,17.598,-50.421,170.024,23.112,0.071,-0.306,-50.421,4.637887,-74.084427,0.08,5,1
1729,18876110,-2.857,0.594,-8.937,-9.456,14.577,-51.000,170.391,22.828,0.061,-0.291,-51.000,4.637887,-74.084427,0.08,5,1
1730,18886112,-2.812,0.573,-8.964,-8.968,9.724,-52.435,170.747,22.497,0.058,-0.287,-52.435,4.637887,-74.084427,0.08,5,1
1731,18896102,-2.941,0.686,-9.120,-8.724,4.506,-53.778,171.028,22.177,0.070,-0.300,-53.778,4.637887,-74.084427,0.08,5,1
1732,18906114,-3.072,0.814,-9.247,-8.175,0.630,-54.174,171.237,21.883,0.083,-0.313,-54.174,4.637887,-74.084427,0.08,5,1
1733,18918439,-3.241,0.831,-9.410,-8.327,-1.537,-53.167,171.410,21.632,0.085,-0.330,-53.167,4.637887,-74.084427,0.08,5,1
1734,18926124,-3.437,0.821,-9.574,-8.541,-2.269,-51.336,171.601,21.455,0.084,-0.350,-51.336,4.637887,-74.084427,0.08,5,1
1735,18936108,-3.530,0.790,-9.672,-9.060,-1.415,-49.414,171.789,21.325,0.081,-0.360,-49.414,4.637887,-74.084427,0.08,5,1
1736,18946114,-3.534,0.742,-9.677,-9.365,0.477,-47.705,171.982,21.223,0.076,-0.360,-47.705,4.637887,-74.084427,0.08,5,1
1737,18956120,-3.458,0.652,-9.600,-8.999,2.461,-46.667,172.201,21.129,0.067,-0.353,-46.667,4.637887,-74.084427,0.08,5,1
1738,18966132,-3.377,0.647,-9.487,-8.053,3.132,-46.392,172.411,21.032,0.066,-0.344,-46.392,4.637887,-74.084427,0.08,5,1
1739,18976120,-3.303,0.667,-9.574,-6.344,2.583,-46.789,172.613,20.895,0.068,-0.337,-46.789,4.637887,-74.084427,0.08,5,1
1740,18986116,-3.272,0.575,-9.665,-3.963,1.759,-47.308,172.867,20.736,0.059,-0.334,-47.308,4.637887,-74.084427,0.08,5,1
1741,18996109,-3.272,0.438,-9.691,-2.102,1.179,-47.857,173.181,20.581,0.045,-0.334,-47.857,4.637887,-74.084427,0.08,5,1
1742,19006114,-3.317,0.382,-9.773,-1.217,1.027,-47.949,173.506,20.444,0.039,-0.338,-47.949,4.637887,-74.084427,0.08,5,1
1743,19016125,-3.360,0.303,-9.867,-1.064,1.607,-47.582,173.844,20.328,0.031,-0.343,-47.582,4.637887,-74.084427,0.08,5,1
1744,19026113,-3.315,0.120,-9.852,-1.858,3.102,-46.911,174.231,20.219,0.012,-0.338,-46.911,4.637887,-74.084427,0.08,5,1
1745,19036121,-3.267,0.122,-9.696,-3.750,4.994,-46.148,174.568,20.138,0.012,-0.333,-46.148,4.637887,-74.084427,0.08,5,1
1746,19046113,-3.181,0.281,-9.614,-5.733,6.428,-45.263,174.788,20.052,0.029,-0.324,-45.263,4.637887,-74.084427,0.08,5,1
1747,19056127,-3.024,0.426,-9.634,-6.924,7.496,-44.012,174.915,19.914,0.043,-0.308,-44.012,4.637887,-74.084427,0.08,5,1
1748,19066125,-2.921,0.544,-9.590,-7.046,8.442,-42.425,174.976,19.757,0.055,-0.298,-42.425,4.637887,-74.084427,0.08,5,1
1749,19076123,-2.776,0.517,-9.588,-6.527,9.297,-40.777,175.049,19.560,0.053,-0.283,-40.777,4.637887,-74.084427,0.08,5,1
1750,19086110,-2.628,0.387,-9.602,-5.764,10.304,-39.556,175.184,19.323,0.039,-0.268,-39.556,4.637887,-74.084427,0.08,5,1
1751,19096131,-2.461,0.298,-9.514,-5.154,11.250,-39.465,175.353,19.052,0.030,-0.251,-39.465,4.637887,-74.084427,0.08,5,1
1752,19106117,-2.266,0.315,-9.326,-4.970,11.677,-40.136,175.501,18.740,0.032,-0.231,-40.136,4.637887,-74.084427,0.08,5,1
1753,19116121,-2.120,0.286,-9.230,-4.421,11.067,-40.991,175.654,18.392,0.029,-0.216,-40.991,4.637887,-74.084427,0.08,5,1
1754,19126160,-1.992,0.214,-9.149,-4.299,9.816,-42.028,175.831,18.008,0.022,-0.203,-42.028,4.637887,-74.084427,0.08,5,1
1755,19136125,-1.870,0.247,-9.043,-4.909,7.832,-43.371,175.971,17.590,0.025,-0.191,-43.371,4.637887,-74.084427,0.08,5,1
1756,19146124,-1.801,0.373,-8.973,-5.459,4.994,-44.409,176.033,17.151,0.038,-0.184,-44.409,4.637887,-74.084427,0.08,5,1
1757,19156110,-1.870,0.558,-9.036,-5.977,1.759,-44.470,175.996,16.740,0.057,-0.191,-44.470,4.637887,-74.084427,0.08,5,1
1758,19166110,-2.008,0.684,-9.187,-6.069,-1.537,-43.554,175.907,16.379,0.070,-0.205,-43.554,4.637887,-74.084427,0.08,5,1
1759,19176118,-2.185,0.758,-9.324,-6.374,-3.734,-41.693,175.792,16.090,0.077,-0.223,-41.693,4.637887,-74.084427,0.08,5,1
1760,19186140,-2.375,0.804,-9.432,-6.710,-4.497,-39.282,175.665,15.888,0.082,-0.242,-39.282,4.637887,-74.084427,0.08,5,1
1761,19196131,-2.516,0.744,-9.523,-7.137,-4.222,-36.596,175.574,15.755,0.076,-0.257,-36.596,4.637887,-74.084427,0.08,5,1
1762,19206112,-2.616,0.611,-9.624,-7.534,-2.880,-34.124,175.551,15.677,0.062,-0.267,-34.124,4.637887,-74.084427,0.08,5,1
1763,19216108,-2.640,0.566,-9.610,-8.175,-0.621,-32.232,175.545,15.638,0.058,-0.269,-32.232,4.637887,-74.084427,0.08,5,1
1764,19226108,-2.585,0.575,-9.523,-8.755,2.125,-30.767,175.526,15.613,0.059,-0.264,-30.767,4.637887,-74.084427,0.08,5,1
1765,19236106,-2.395,0.556,-9.379,-8.999,4.689,-29.638,175.512,15.549,0.057,-0.244,-29.638,4.637887,-74.084427,0.08,5,1
1766,19246110,-2.147,0.556,-9.151,-8.449,5.971,-29.180,175.498,15.415,0.057,-0.219,-29.180,4.637887,-74.084427,0.08,5,1
1767,19260226,-1.796,0.512,-8.666,-6.771,3.651,-29.577,175.479,15.158,0.052,-0.183,-29.577,4.637887,-74.084427,0.08,5,1
1768,19266108,-1.796,0.512,-8.666,-6.771,3.651,-29.577,175.492,14.912,0.052,-0.183,-29.577,4.637887,-74.084427,0.08,5,1
1769,19276107,-1.775,0.520,-8.630,-6.100,-0.377,-30.065,175.505,14.642,0.053,-0.181,-30.065,4.637887,-74.084427,0.08,5,1
1770,19286108,-1.946,0.602,-8.719,-5.794,-4.985,-29.913,175.480,14.426,0.061,-0.198,-29.913,4.637887,-74.084427,0.08,5,1
1771,19296107,-2.170,0.693,-8.889,-6.100,-8.861,-28.692,175.415,14.278,0.071,-0.221,-28.692,4.637887,-74.084427,0.08,5,1
1772,19306109,-2.423,0.746,-9.100,-7.076,-11.028,-26.129,175.328,14.213,0.076,-0.247,-26.129,4.637887,-74.084427,0.08,5,1
1773,19316108,-2.578,0.787,-9.269,-8.236,-11.455,-22.894,175.224,14.198,0.080,-0.263,-22.894,4.637887,-74.084427,0.08,5,1
1774,19326109,-2.623,0.761,-9.391,-9.090,-10.906,-19.781,175.138,14.195,0.078,-0.268,-19.781,4.637887,-74.084427,0.08,5,1
1775,19336107,-2.604,0.734,-9.482,-9.182,-9.410,-17.034,175.073,14.186,0.075,-0.266,-17.034,4.637887,-74.084427,0.08,5,1
1776,19346109,-2.507,0.647,-9.463,-8.633,-7.579,-15.051,175.058,14.156,0.066,-0.256,-15.051,4.637887,-74.084427,0.08,5,1
1777,19356107,-2.399,0.578,-9.406,-7.656,-6.267,-14.105,175.083,14.100,0.059,-0.245,-14.105,4.637887,-74.084427,0.08,5,1
1778,19366109,-2.306,0.599,-9.403,-6.313,-5.382,-14.105,175.109,14.016,0.061,-0.235,-14.105,4.637887,-74.084427,0.08,5,1
1779,19376107,-2.189,0.626,-9.394,-4.818,-4.589,-13.891,175.134,13.895,0.064,-0.223,-13.891,4.637887,-74.084427,0.08,5,1
1780,19386109,-2.135,0.606,-9.314,-3.780,-3.856,-13.159,175.174,13.773,0.062,-0.218,-13.159,4.637887,-74.084427,0.08,5,1
1781,19396107,-2.025,0.623,-9.302,-3.475,-3.673,-12.029,175.204,13.615,0.064,-0.206,-12.029,4.637887,-74.084427,0.08,5,1
1782,19406108,-1.996,0.590,-9.357,-3.628,-4.283,-10.382,175.249,13.445,0.060,-0.204,-10.382,4.637887,-74.084427,0.08,5,1
1783,19416107,-2.099,0.715,-9.415,-4.421,-5.382,-8.367,175.226,13.317,0.073,-0.214,-8.367,4.637887,-74.084427,0.08,5,1
1784,19426104,-2.075,0.821,-9.509,-5.031,-6.420,-5.560,175.154,13.169,0.084,-0.212,-5.560,4.637887,-74.084427,0.08,5,1
1785,19436118,-2.125,0.703,-9.509,-5.398,-6.999,-2.935,175.138,13.050,0.072,-0.217,-2.935,4.637887,-74.084427,0.08,5,1
1786,19446109,-2.189,0.684,-9.646,-5.977,-8.159,-1.257,175.132,12.944,0.070,-0.223,-1.257,4.637887,-74.084427,0.08,5,1
1787,19456107,-2.251,0.773,-9.802,-5.977,-8.953,-0.067,175.091,12.849,0.079,-0.230,-0.067,4.637887,-74.084427,0.08,5,1
1788,19466117,-2.375,0.773,-9.871,-5.489,-8.953,1.154,175.060,12.808,0.079,-0.242,1.154,4.637887,-74.084427,0.08,5,1
1789,19476108,-2.514,0.884,-10.016,-5.367,-8.617,2.741,174.990,12.814,0.090,-0.256,2.741,4.637887,-74.084427,0.08,5,1
1790,19486108,-2.581,0.963,-10.121,-5.154,-7.579,4.999,174.896,12.845,0.098,-0.263,4.999,4.637887,-74.084427,0.08,5,1
1791,19496107,-2.671,0.891,-10.083,-4.665,-6.084,7.349,174.844,12.929,0.091,-0.272,7.349,4.637887,-74.084427,0.08,5,1
1792,19506108,-2.731,0.913,-10.196,-4.330,-5.382,9.211,174.794,13.025,0.093,-0.278,9.211,4.637887,-74.084427,0.08,5,1
1793,19516107,-2.828,0.937,-10.292,-3.567,-5.107,10.737,174.748,13.145,0.096,-0.288,10.737,4.637887,-74.084427,0.08,5,1
1794,19526109,-2.967,0.915,-10.429,-2.773,-4.772,12.293,174.728,13.298,0.093,-0.303,12.293,4.637887,-74.084427,0.08,5,1
1795,19536118,-3.060,0.961,-10.515,-2.132,-3.887,13.910,174.699,13.474,0.098,-0.312,13.910,4.637887,-74.084427,0.08,5,1
1796,19546114,-3.186,1.043,-10.676,-2.346,-2.635,16.077,174.643,13.677,0.106,-0.325,16.077,4.637887,-74.084427,0.08,5,1
1797,19556120,-3.303,1.110,-10.834,-2.865,-1.079,19.007,174.565,13.904,0.113,-0.337,19.007,4.637887,-74.084427,0.08,5,1
1798,19566124,-3.410,1.142,-10.935,-3.292,1.118,21.845,174.481,14.162,0.116,-0.348,21.845,4.637887,-74.084427,0.08,5,1
1799,19576132,-3.406,1.216,-10.988,-3.536,3.621,24.622,174.374,14.414,0.124,-0.347,24.622,4.637887,-74.084427,0.08,5,1
1800,19603215,-3.136,1.161,-10.986,1.835,10.640,28.589,174.350,14.781,0.118,-0.320,28.589,4.637887,-74.084427,0.08,5,1
1801,19604654,-3.136,1.161,-10.986,1.835,10.640,28.589,174.322,15.043,0.118,-0.320,28.589,4.637887,-74.084427,0.08,5,1
1802,19606112,-3.136,1.161,-10.986,1.835,10.640,28.589,174.295,15.203,0.118,-0.320,28.589,4.637887,-74.084427,0.08,5,1
1803,19616103,-3.086,0.937,-10.849,5.131,12.471,27.369,174.395,15.363,0.096,-0.315,27.369,4.637885,-74.084432,0.07,5,1
1804,19626141,-2.991,0.626,-10.297,9.220,13.081,24.256,174.645,15.544,0.064,-0.305,24.256,4.637885,-74.084432,0.07,5,1
1805,19636105,-2.945,0.517,-10.292,12.638,10.884,19.465,174.953,15.671,0.053,-0.300,19.465,4.637885,-74.084432,0.07,5,1
1806,19646111,-3.072,0.467,-10.248,16.178,7.344,14.338,175.288,15.813,0.048,-0.313,14.338,4.637885,-74.084432,0.07,5,1
1807,19656124,-3.296,0.467,-10.260,18.925,3.895,10.248,175.620,16.002,0.048,-0.336,10.248,4.637885,-74.084432,0.07,5,1
1808,19666121,-3.515,0.464,-10.383,20.329,1.851,7.990,175.941,16.228,0.047,-0.358,7.990,4.637885,-74.084432,0.07,5,1
1809,19676108,-3.754,0.382,-10.448,20.207,1.515,7.502,176.271,16.517,0.039,-0.383,7.502,4.637885,-74.084432,0.07,5,1
1810,19686111,-3.901,0.322,-10.477,18.833,2.644,7.929,176.588,16.844,0.033,-0.398,7.929,4.637885,-74.084432,0.07,5,1
1811,19696112,-4.018,0.334,-10.448,16.575,5.238,9.058,176.853,17.216,0.034,-0.410,9.058,4.637885,-74.084432,0.07,5,1
1812,19706110,-4.016,0.279,-10.285,13.828,8.961,10.859,177.093,17.615,0.028,-0.410,10.859,4.637885,-74.084432,0.07,5,1
1813,19716117,-3.923,0.308,-10.080,11.204,12.898,12.415,177.274,18.012,0.031,-0.400,12.415,4.637885,-74.084432,0.07,5,1
1814,19726125,-3.885,0.409,-10.056,8.640,16.743,13.636,177.373,18.402,0.042,-0.396,13.636,4.637885,-74.084432,0.07,5,1
1815,19736123,-3.758,0.390,-9.807,6.657,20.772,14.795,177.449,18.787,0.040,-0.383,14.795,4.637885,-74.084432,0.07,5,1
1816,19746107,-3.499,0.329,-9.514,4.612,24.586,15.375,177.523,19.116,0.034,-0.357,15.375,4.637885,-74.084432,0.07,5,1
1817,19756125,-3.246,0.390,-9.266,2.964,26.600,14.673,177.544,19.369,0.040,-0.331,14.673,4.637885,-74.084432,0.07,5,1
1818,19766111,-3.029,0.508,-9.115,2.598,26.356,13.086,177.499,19.529,0.052,-0.309,13.086,4.637885,-74.084432,0.07,5,1
1819,19776106,-2.988,0.476,-8.976,3.056,24.769,10.859,177.473,19.664,0.049,-0.305,10.859,4.637885,-74.084432,0.07,5,1
1820,19786122,-3.022,0.585,-8.916,3.452,22.603,8.021,177.398,19.791,0.060,-0.308,8.021,4.637885,-74.084432,0.07,5,1
1821,19796105,-3.122,0.662,-8.995,4.032,20.711,5.549,177.299,19.923,0.067,-0.318,5.549,4.637885,-74.084432,0.07,5,1
1822,19806132,-3.303,0.672,-8.947,4.307,19.826,3.412,177.204,20.122,0.068,-0.337,3.412,4.637885,-74.084432,0.07,5,1
1823,19816106,-3.408,0.804,-8.961,4.093,19.642,1.703,177.049,20.346,0.082,-0.348,1.703,4.637885,-74.084432,0.07,5,1
1824,19826110,-3.465,0.884,-8.916,3.452,20.344,0.849,176.860,20.589,0.090,-0.353,0.849,4.637885,-74.084432,0.07,5,1
1825,19836127,-3.470,0.874,-8.757,2.476,21.535,0.239,176.674,20.854,0.089,-0.354,0.239,4.637885,-74.084432,0.07,5,1
1826,19846118,-3.360,0.920,-8.570,1.469,22.145,-0.677,176.460,21.087,0.094,-0.343,-0.677,4.637885,-74.084432,0.07,5,1
1827,19856103,-3.198,1.028,-8.445,0.462,21.351,-1.623,176.190,21.241,0.105,-0.326,-1.623,4.637885,-74.084432,0.07,5,1
1828,19866107,-3.079,1.074,-8.426,0.187,19.093,-2.905,175.913,21.311,0.110,-0.314,-2.905,4.637885,-74.084432,0.07,5,1
1829,19876106,-3.055,1.014,-8.404,0.492,15.736,-4.644,175.691,21.338,0.103,-0.312,-4.644,4.637885,-74.084432,0.07,5,1
1830,19886132,-3.160,1.009,-8.354,1.194,11.860,-6.750,175.491,21.384,0.103,-0.322,-6.750,4.637885,-74.084432,0.07,5,1
1831,19896110,-3.286,1.093,-8.519,1.713,8.015,-8.734,175.278,21.417,0.112,-0.335,-8.734,4.637885,-74.084432,0.07,5,1
1832,19906110,-3.510,1.026,-8.642,2.537,5.421,-10.351,175.131,21.504,0.105,-0.358,-10.351,4.637885,-74.084432,0.07,5,1
1833,19916111,-3.692,0.968,-8.745,2.567,4.048,-11.572,175.030,21.632,0.099,-0.376,-11.572,4.637885,-74.084432,0.07,5,1
1834,19926110,-3.856,0.903,-8.820,1.713,3.743,-12.304,174.965,21.804,0.092,-0.393,-12.304,4.637885,-74.084432,0.07,5,1
1835,19938257,-3.952,0.910,-8.870,-0.362,4.353,-12.304,174.880,22.008,0.093,-0.403,-12.304,4.637885,-74.084432,0.07,5,1
1836,19946107,-3.956,0.983,-8.882,-3.506,5.726,-11.633,174.742,22.200,0.100,-0.403,-11.633,4.637885,-74.084432,0.07,5,1
1837,19956107,-3.811,1.077,-8.762,-6.801,7.466,-10.229,174.530,22.352,0.110,-0.389,-10.229,4.637885,-74.084432,0.07,5,1
1838,19966112,-3.584,1.166,-8.539,-10.128,8.565,-8.703,174.245,22.444,0.119,-0.366,-8.703,4.637885,-74.084432,0.07,5,1
1839,19976106,-3.344,1.272,-8.375,-13.149,8.107,-7.696,173.887,22.443,0.130,-0.341,-7.696,4.637885,-74.084432,0.07,5,1
1840,19986135,-3.167,1.438,-8.310,-14.767,5.818,-7.330,173.451,22.348,0.147,-0.323,-7.330,4.637885,-74.084432,0.07,5,1
1841,19996106,-3.100,1.554,-8.351,-14.644,2.308,-7.574,172.994,22.187,0.158,-0.316,-7.574,4.637885,-74.084432,0.07,5,1
1842,20006108,-3.191,1.532,-8.457,-12.997,-1.354,-8.215,172.609,22.028,0.156,-0.325,-8.215,4.637885,-74.084432,0.07,5,1
1843,20016129,-3.394,1.527,-8.750,-11.379,-4.344,-8.917,172.296,21.896,0.156,-0.346,-8.917,4.637885,-74.084432,0.07,5,1
1844,20026116,-3.565,1.419,-9.012,-9.670,-5.687,-9.558,172.097,21.796,0.145,-0.364,-9.558,4.637885,-74.084432,0.07,5,1
1845,20036106,-3.699,1.212,-9.213,-8.297,-5.199,-10.320,172.037,21.735,0.124,-0.377,-10.320,4.637885,-74.084432,0.07,5,1
1846,20046108,-3.785,0.983,-9.341,-7.442,-3.551,-11.572,172.104,21.712,0.100,-0.386,-11.572,4.637885,-74.084432,0.07,5,1
1847,20056103,-3.780,0.838,-9.355,-7.381,-1.415,-13.250,172.234,21.709,0.085,-0.385,-13.250,4.637885,-74.084432,0.07,5,1
1848,20066129,-3.687,0.872,-9.218,-8.327,0.416,-14.746,172.324,21.707,0.089,-0.376,-14.746,4.637885,-74.084432,0.07,5,1
1849,20076119,-3.539,1.002,-9.064,-10.006,1.576,-15.478,172.322,21.678,0.102,-0.361,-15.478,4.637885,-74.084432,0.07,5,1
1850,20086118,-3.358,1.166,-8.896,-11.562,1.088,-15.478,172.217,21.593,0.119,-0.342,-15.478,4.637885,-74.084432,0.07,5,1
1851,20096107,-3.239,1.354,-8.747,-13.149,-0.743,-14.807,172.004,21.465,0.138,-0.330,-14.807,4.637885,-74.084432,0.07,5,1
1852,20106108,-3.231,1.486,-8.733,-14.126,-3.704,-13.403,171.732,21.316,0.152,-0.330,-13.403,4.637885,-74.084432,0.07,5,1
1853,20116127,-3.303,1.537,-8.856,-14.461,-7.030,-11.877,171.463,21.158,0.157,-0.337,-11.877,4.637885,-74.084432,0.07,5,1
1854,20126164,-3.458,1.535,-9.069,-14.370,-9.685,-10.656,171.234,21.020,0.156,-0.353,-10.656,4.637885,-74.084432,0.07,5,1
1855,20136110,-3.601,1.508,-9.242,-13.790,-10.997,-9.710,171.053,20.913,0.154,-0.367,-9.710,4.637885,-74.084432,0.07,5,1
1856,20146114,-3.737,1.448,-9.406,-12.874,-10.784,-9.252,170.935,20.847,0.148,-0.381,-9.252,4.637885,-74.084432,0.07,5,1
1857,20156107,-3.811,1.441,-9.516,-12.112,-9.715,-9.283,170.844,20.809,0.147,-0.389,-9.283,4.637885,-74.084432,0.07,5,1
1858,20166129,-3.811,1.559,-9.530,-11.288,-8.037,-9.405,170.714,20.784,0.159,-0.389,-9.405,4.637885,-74.084432,0.07,5,1
1859,20176107,-3.689,1.679,-9.451,-10.219,-6.267,-8.947,170.545,20.738,0.171,-0.376,-8.947,4.637885,-74.084432,0.07,5,1
1860,20186121,-3.537,1.747,-9.353,-8.999,-4.772,-7.910,170.361,20.662,0.178,-0.361,-7.910,4.637885,-74.084432,0.07,5,1
1861,20196122,-3.353,1.747,-9.266,-7.717,-4.039,-6.597,170.196,20.535,0.178,-0.342,-6.597,4.637885,-74.084432,0.07,5,1
1862,20206118,-3.184,1.696,-9.185,-6.588,-4.405,-5.377,170.070,20.357,0.173,-0.325,-5.377,4.637885,-74.084432,0.07,5,1
1863,20216121,-3.088,1.626,-9.237,-5.550,-5.474,-4.614,170.000,20.137,0.166,-0.315,-4.614,4.637885,-74.084432,0.07,5,1
1864,20226116,-3.072,1.496,-9.293,-4.604,-6.511,-4.034,170.008,19.913,0.153,-0.313,-4.034,4.637885,-74.084432,0.07,5,1
1865,20236103,-3.055,1.429,-9.345,-4.116,-7.549,-3.729,170.055,19.683,0.146,-0.312,-3.729,4.637885,-74.084432,0.07,5,1
1866,20246103,-3.093,1.523,-9.468,-4.085,-8.495,-3.454,170.065,19.460,0.155,-0.315,-3.454,4.637885,-74.084432,0.07,5,1
1867,20256108,-3.162,1.626,-9.602,-3.628,-9.014,-2.905,170.042,19.258,0.166,-0.322,-2.905,4.637885,-74.084432,0.07,5,1
1868,20266113,-3.220,1.621,-9.679,-3.292,-8.556,-1.592,170.031,19.088,0.165,-0.328,-1.592,4.637885,-74.084432,0.07,5,1
1869,20278005,-3.236,1.619,-9.759,-3.231,-7.427,-0.067,170.021,18.924,0.165,-0.330,-0.067,4.637885,-74.084432,0.07,5,1
1870,20286120,-3.229,1.609,-9.826,-3.048,-5.870,1.246,170.031,18.789,0.164,-0.329,1.246,4.637885,-74.084432,0.07,5,1
1871,20296104,-3.198,1.573,-9.864,-2.224,-4.161,2.161,170.066,18.664,0.160,-0.326,2.161,4.637885,-74.084432,0.07,5,1
1872,20306101,-3.115,1.501,-9.821,-1.186,-2.483,2.436,170.137,18.538,0.153,-0.318,2.436,4.637885,-74.084432,0.07,5,1
1873,20316104,-2.979,1.458,-9.773,0.004,-0.896,2.222,170.229,18.387,0.149,-0.304,2.222,4.637885,-74.084432,0.07,5,1
1874,20326107,-2.871,1.409,-9.665,1.255,0.203,1.612,170.340,18.228,0.144,-0.293,1.612,4.637885,-74.084432,0.07,5,1
1875,20336109,-2.793,1.356,-9.564,1.774,0.783,1.002,170.465,18.066,0.138,-0.285,1.002,4.637885,-74.084432,0.07,5,1
1876,20346112,-2.705,1.378,-9.478,2.049,0.477,0.117,170.566,17.887,0.141,-0.276,0.117,4.637885,-74.084432,0.07,5,1
1877,20356117,-2.685,1.489,-9.480,2.049,-0.682,-0.494,170.610,17.701,0.152,-0.274,-0.494,4.637885,-74.084432,0.07,5,1
1878,20366120,-2.788,1.597,-9.502,1.988,-2.239,-0.341,170.603,17.553,0.163,-0.284,-0.341,4.637885,-74.084432,0.07,5,1
1879,20376110,-2.883,1.658,-9.581,1.743,-3.215,0.391,170.573,17.437,0.169,-0.294,0.391,4.637885,-74.084432,0.07,5,1
1880,20386112,-3.005,1.658,-9.662,1.255,-3.398,1.581,170.547,17.368,0.169,-0.306,1.581,4.637885,-74.084432,0.07,5,1
1881,20396117,-3.172,1.672,-9.730,0.645,-2.819,2.741,170.516,17.369,0.171,-0.323,2.741,4.637885,-74.084432,0.07,5,1
1882,20406120,-3.272,1.711,-9.775,0.340,-1.232,3.718,170.471,17.417,0.174,-0.334,3.718,4.637885,-74.084432,0.07,5,1
1883,20416104,-3.227,1.658,-9.737,0.614,0.630,4.389,170.452,17.468,0.169,-0.329,4.389,4.637885,-74.084432,0.07,5,1
1884,20426101,-3.217,1.609,-9.641,1.255,1.973,4.328,170.455,17.536,0.164,-0.328,4.328,4.637885,-74.084432,0.07,5,1
1885,20436104,-3.184,1.585,-9.622,1.805,2.339,3.657,170.472,17.593,0.162,-0.325,3.657,4.637885,-74.084432,0.07,5,1
1886,20446101,-3.181,1.578,-9.569,2.384,2.308,3.016,170.493,17.650,0.161,-0.324,3.016,4.637885,-74.084432,0.07,5,1
1887,20456104,-3.236,1.588,-9.554,2.354,1.912,2.680,170.506,17.724,0.162,-0.330,2.680,4.637885,-74.084432,0.07,5,1
1888,20466101,-3.324,1.670,-9.617,1.530,1.515,2.772,170.479,17.814,0.170,-0.339,2.772,4.637885,-74.084432,0.07,5,1
1889,20476104,-3.460,1.708,-9.677,0.523,1.637,3.718,170.432,17.944,0.174,-0.353,3.718,4.637885,-74.084432,0.07,5,1
1890,20486101,-3.525,1.747,-9.699,-0.515,2.644,5.182,170.364,18.094,0.178,-0.359,5.182,4.637885,-74.084432,0.07,5,1
1891,20496104,-3.541,1.802,-9.703,-1.369,4.048,6.861,170.269,18.251,0.184,-0.361,6.861,4.637885,-74.084432,0.07,5,1
1892,20506101,-3.530,1.776,-9.699,-1.766,5.696,8.448,170.190,18.407,0.181,-0.360,8.448,4.637885,-74.084432,0.07,5,1
1893,20516104,-3.499,1.674,-9.638,-1.583,7.039,9.424,170.157,18.563,0.171,-0.357,9.424,4.637885,-74.084432,0.07,5,1
1894,20526107,-3.460,1.568,-9.588,-1.308,7.802,9.424,170.173,18.708,0.160,-0.353,9.424,4.637885,-74.084432,0.07,5,1
1895,20536107,-3.420,1.453,-9.542,-0.454,8.626,8.631,170.245,18.842,0.148,-0.349,8.631,4.637885,-74.084432,0.07,5,1
1896,20546111,-3.384,1.359,-9.535,0.248,9.358,7.502,170.359,18.961,0.139,-0.345,7.502,4.637885,-74.084432,0.07,5,1
1897,20556110,-3.355,1.301,-9.487,0.431,9.938,6.556,170.489,19.073,0.133,-0.342,6.556,4.637885,-74.084432,0.07,5,1
1898,20566120,-3.353,1.279,-9.437,0.096,10.548,6.128,170.613,19.189,0.130,-0.342,6.128,4.637885,-74.084432,0.07,5,1
1899,20576114,-3.315,1.296,-9.381,-0.973,11.006,6.128,170.706,19.292,0.132,-0.338,6.128,4.637885,-74.084432,0.07,5,1
1900,20586115,-3.229,1.320,-9.273,-2.315,11.616,6.586,170.762,19.372,0.135,-0.329,6.586,4.637885,-74.084432,0.07,5,1
1901,20601713,-3.010,1.296,-9.069,-5.001,11.372,7.929,170.757,19.430,0.132,-0.307,7.929,4.637885,-74.084432,0.07,5,1
1902,20606109,-3.010,1.296,-9.069,-5.001,11.372,7.929,170.785,19.430,0.132,-0.307,7.929,4.637885,-74.084432,0.07,5,1
1903,20616115,-2.952,1.306,-9.048,-5.459,10.060,7.929,170.800,19.395,0.133,-0.301,7.929,4.637887,-74.084452,0.10,5,1
1904,20626131,-2.936,1.272,-9.158,-4.848,8.198,7.227,170.843,19.325,0.130,-0.299,7.227,4.637887,-74.084452,0.10,5,1
1905,20636116,-2.941,1.202,-9.283,-3.231,6.947,5.793,170.938,19.235,0.123,-0.300,5.793,4.637887,-74.084452,0.10,5,1
1906,20646125,-3.022,1.026,-9.336,-1.156,6.123,3.840,171.131,19.176,0.105,-0.308,3.840,4.637887,-74.084452,0.10,5,1
1907,20656116,-3.079,0.879,-9.442,0.401,5.787,1.429,171.397,19.130,0.090,-0.314,1.429,4.637887,-74.084452,0.10,5,1
1908,20666123,-3.115,0.831,-9.456,1.316,5.787,-0.891,171.673,19.102,0.085,-0.318,-0.891,4.637887,-74.084452,0.10,5,1
1909,20676119,-3.091,0.761,-9.394,1.042,6.001,-2.264,171.956,19.077,0.078,-0.315,-2.264,4.637887,-74.084452,0.10,5,1
1910,20686122,-3.024,0.770,-9.319,-0.515,6.184,-2.539,172.194,19.038,0.079,-0.308,-2.539,4.637887,-74.084452,0.10,5,1
1911,20696113,-2.862,0.874,-9.151,-3.200,5.787,-1.745,172.333,18.949,0.089,-0.292,-1.745,4.637887,-74.084452,0.10,5,1
1912,20706129,-2.755,0.985,-9.033,-5.886,4.475,-0.402,172.377,18.823,0.100,-0.281,-0.402,4.637887,-74.084452,0.10,5,1
1913,20716118,-2.674,1.069,-8.997,-7.778,2.156,0.910,172.357,18.652,0.109,-0.273,0.910,4.637887,-74.084452,0.10,5,1
1914,20726107,-2.643,1.173,-9.002,-8.510,-0.804,1.520,172.282,18.451,0.120,-0.269,1.520,4.637887,-74.084452,0.10,5,1
1915,20736119,-2.738,1.279,-9.117,-7.931,-3.826,1.490,172.176,18.263,0.130,-0.279,1.490,4.637887,-74.084452,0.10,5,1
1916,20746112,-2.893,1.376,-9.297,-6.191,-6.084,1.154,172.060,18.111,0.140,-0.295,1.154,4.637887,-74.084452,0.10,5,1
1917,20756127,-3.086,1.337,-9.535,-3.475,-6.847,0.788,172.012,18.014,0.136,-0.315,0.788,4.637887,-74.084452,0.10,5,1
1918,20766118,-3.251,1.163,-9.768,-0.667,-5.748,0.361,172.085,17.974,0.119,-0.331,0.361,4.637887,-74.084452,0.10,5,1
1919,20776121,-3.327,1.033,-9.883,1.591,-2.727,-0.311,172.236,17.982,0.105,-0.339,-0.311,4.637887,-74.084452,0.10,5,1
1920,20786131,-3.310,0.951,-9.900,3.147,1.027,-1.104,172.427,18.017,0.097,-0.338,-1.104,4.637887,-74.084452,0.10,5,1
1921,20796132,-3.208,0.857,-9.883,4.276,4.597,-2.081,172.654,18.044,0.087,-0.327,-2.081,4.637887,-74.084452,0.10,5,1
1922,20806125,-2.995,0.850,-9.759,5.039,7.435,-3.027,172.870,18.026,0.087,-0.305,-3.027,4.637887,-74.084452,0.10,5,1
1923,20816116,-2.778,0.884,-9.600,5.131,8.992,-3.485,173.048,17.952,0.090,-0.283,-3.485,4.637887,-74.084452,0.10,5,1
1924,20826115,-2.559,0.877,-9.420,4.826,9.327,-3.546,173.205,17.815,0.089,-0.261,-3.546,4.637887,-74.084452,0.10,5,1
1925,20836109,-2.397,0.886,-9.271,4.124,8.137,-3.424,173.333,17.623,0.090,-0.244,-3.424,4.637887,-74.084452,0.10,5,1
1926,20846118,-2.371,0.927,-9.300,3.300,6.062,-3.179,173.426,17.412,0.095,-0.242,-3.179,4.637887,-74.084452,0.10,5,1
1927,20856117,-2.414,0.860,-9.403,2.903,4.139,-3.149,173.544,17.207,0.088,-0.246,-3.149,4.637887,-74.084452,0.10,5,1
1928,20866127,-2.533,0.727,-9.533,2.628,2.766,-3.485,173.717,17.043,0.074,-0.258,-3.485,4.637887,-74.084452,0.10,5,1
1929,20876112,-2.645,0.592,-9.672,2.293,2.247,-4.553,173.938,16.920,0.060,-0.270,-4.553,4.637887,-74.084452,0.10,5,1
1930,20886127,-2.705,0.599,-9.730,0.828,2.919,-5.712,174.128,16.830,0.061,-0.276,-5.712,4.637887,-74.084452,0.10,5,1
1931,20896114,-2.745,0.720,-9.706,-0.789,3.834,-6.750,174.234,16.775,0.073,-0.280,-6.750,4.637887,-74.084452,0.10,5,1
1932,20906113,-2.712,0.848,-9.670,-1.858,4.567,-8.032,174.263,16.720,0.086,-0.277,-8.032,4.637887,-74.084452,0.10,5,1
1933,20916114,-2.714,0.963,-9.602,-2.437,4.841,-8.825,174.229,16.678,0.098,-0.277,-8.825,4.637887,-74.084452,0.10,5,1
1934,20926115,-2.731,1.086,-9.610,-2.956,4.811,-9.222,174.138,16.645,0.111,-0.278,-9.222,4.637887,-74.084452,0.10,5,1
1935,20936125,-2.757,1.154,-9.598,-3.231,5.208,-9.100,174.020,16.629,0.118,-0.281,-9.100,4.637887,-74.084452,0.10,5,1
1936,20963971,-2.693,1.137,-9.540,-3.750,6.428,-10.046,173.822,16.685,0.116,-0.275,-10.046,4.637887,-74.084452,0.10,5,1
1937,20965368,-2.693,1.137,-9.540,-3.750,6.428,-10.046,173.678,16.690,0.116,-0.275,-10.046,4.637887,-74.084452,0.10,5,1
1938,20966745,-2.693,1.137,-9.540,-3.750,6.428,-10.046,173.588,16.652,0.116,-0.275,-10.046,4.637887,-74.084452,0.10,5,1
1939,20976110,-2.638,1.238,-9.487,-3.780,6.611,-10.626,173.453,16.598,0.126,-0.269,-10.626,4.637887,-74.084452,0.10,5,1
1940,20986127,-2.559,1.332,-9.461,-3.567,6.489,-10.961,173.285,16.513,0.136,-0.261,-10.961,4.637887,-74.084452,0.10,5,1
1941,20996119,-2.492,1.397,-9.418,-3.353,5.787,-11.022,173.098,16.404,0.142,-0.254,-11.022,4.637887,-74.084452,0.10,5,1
1942,21006116,-2.509,1.395,-9.425,-3.200,4.445,-10.717,172.932,16.300,0.142,-0.256,-10.717,4.637887,-74.084452,0.10,5,1
1943,21016120,-2.561,1.421,-9.499,-3.292,3.041,-10.229,172.772,16.208,0.145,-0.261,-10.229,4.637887,-74.084452,0.10,5,1
1944,21026117,-2.650,1.409,-9.588,-3.261,2.308,-9.252,172.638,16.146,0.144,-0.270,-9.252,4.637887,-74.084452,0.10,5,1
1945,21036101,-2.764,1.371,-9.708,-2.834,2.583,-8.245,172.546,16.129,0.140,-0.282,-8.245,4.637887,-74.084452,0.10,5,1
1946,21046123,-2.817,1.298,-9.816,-2.224,4.048,-7.482,172.507,16.138,0.132,-0.287,-7.482,4.637887,-74.084452,0.10,5,1
1947,21056109,-2.814,1.156,-9.862,-1.278,6.611,-7.177,172.547,16.165,0.118,-0.287,-7.177,4.637887,-74.084452,0.10,5,1
1948,21066124,-2.666,1.031,-9.787,-0.362,9.450,-7.482,172.644,16.164,0.105,-0.272,-7.482,4.637887,-74.084452,0.10,5,1
1949,21076117,-2.471,0.946,-9.662,0.431,11.586,-8.459,172.774,16.114,0.097,-0.252,-8.459,4.637887,-74.084452,0.10,5,1
1950,21086121,-2.235,0.939,-9.490,0.675,12.562,-9.313,172.891,15.992,0.096,-0.228,-9.313,4.637887,-74.084452,0.10,5,1
1951,21096122,-2.030,0.987,-9.319,0.553,12.349,-9.954,172.967,15.804,0.101,-0.207,-9.954,4.637887,-74.084452,0.10,5,1
1952,21106109,-1.846,1.055,-9.182,-0.088,11.220,-10.015,172.991,15.548,0.108,-0.188,-10.015,4.637887,-74.084452,0.10,5,1
1953,21116121,-1.725,1.089,-9.129,-0.759,9.053,-9.619,172.988,15.240,0.111,-0.176,-9.619,4.637887,-74.084452,0.10,5,1
1954,21126166,-1.739,1.127,-9.129,-1.461,6.001,-9.130,172.961,14.935,0.115,-0.177,-9.130,4.637887,-74.084452,0.10,5,1
1955,21136117,-1.856,1.139,-9.242,-1.919,2.827,-8.612,172.932,14.669,0.116,-0.189,-8.612,4.637887,-74.084452,0.10,5,1
1956,21146117,-2.061,1.144,-9.478,-2.376,0.264,-8.093,172.912,14.469,0.117,-0.210,-8.093,4.637887,-74.084452,0.10,5,1
1957,21156110,-2.299,1.231,-9.751,-2.712,-0.621,-7.543,172.867,14.353,0.126,-0.234,-7.543,4.637887,-74.084452,0.10,5,1
1958,21166130,-2.476,1.241,-9.852,-2.682,0.630,-6.780,172.827,14.322,0.127,-0.252,-6.780,4.637887,-74.084452,0.10,5,1
1959,21176101,-2.499,1.226,-9.898,-2.254,2.888,-6.323,172.802,14.319,0.125,-0.255,-6.323,4.637887,-74.084452,0.10,5,1
1960,21186112,-2.447,1.212,-9.951,-1.552,4.933,-6.323,172.796,14.308,0.124,-0.250,-6.323,4.637887,-74.084452,0.10,5,1
1961,21196114,-2.321,1.190,-9.874,-0.637,6.611,-6.780,172.803,14.269,0.121,-0.237,-6.780,4.637887,-74.084452,0.10,5,1
1962,21206116,-2.218,1.127,-9.747,0.340,7.405,-7.391,172.840,14.210,0.115,-0.226,-7.391,4.637887,-74.084452,0.10,5,1
1963,21216101,-2.161,1.127,-9.718,0.584,7.130,-8.062,172.876,14.131,0.115,-0.220,-8.062,4.637887,-74.084452,0.10,5,1
1964,21226110,-2.123,1.212,-9.720,0.218,6.367,-8.398,172.867,14.033,0.124,-0.216,-8.398,4.637887,-74.084452,0.10,5,1
1965,21236097,-2.154,1.310,-9.701,-0.576,5.513,-8.184,172.807,13.949,0.134,-0.220,-8.184,4.637887,-74.084452,0.10,5,1
1966,21246102,-2.178,1.409,-9.696,-1.919,4.689,-7.025,172.695,13.874,0.144,-0.222,-7.025,4.637887,-74.084452,0.10,5,1
1967,21256108,-2.230,1.518,-9.744,-3.383,4.201,-5.255,172.533,13.815,0.155,-0.227,-5.255,4.637887,-74.084452,0.10,5,1
1968,21266119,-2.235,1.660,-9.751,-4.787,4.109,-3.088,172.308,13.760,0.169,-0.228,-3.088,4.637887,-74.084452,0.10,5,1
1969,21276108,-2.192,1.725,-9.754,-5.367,4.567,-0.921,172.068,13.693,0.176,-0.224,-0.921,4.637887,-74.084452,0.10,5,1
1970,21288076,-2.092,1.694,-9.766,-3.506,5.696,1.337,171.867,13.605,0.173,-0.213,1.337,4.637887,-74.084452,0.10,5,1
1971,21296107,-2.092,1.694,-9.766,-3.506,5.696,1.337,171.690,13.517,0.173,-0.213,1.337,4.637887,-74.084452,0.10,5,1
1972,21306120,-2.025,1.634,-9.742,-1.369,6.215,1.185,171.571,13.414,0.167,-0.206,1.185,4.637887,-74.084452,0.10,5,1
1973,21316116,-1.951,1.486,-9.687,0.889,6.703,0.330,171.544,13.299,0.152,-0.199,0.330,4.637887,-74.084452,0.10,5,1
1974,21326103,-1.872,1.395,-9.646,2.537,7.008,-0.891,171.573,13.166,0.142,-0.191,-0.891,4.637887,-74.084452,0.10,5,1
1975,21336110,-1.832,1.424,-9.554,3.300,7.008,-1.898,171.587,13.033,0.145,-0.187,-1.898,4.637887,-74.084452,0.10,5,1
1976,21346119,-1.775,1.489,-9.475,3.208,6.489,-2.081,171.565,12.886,0.152,-0.181,-2.081,4.637887,-74.084452,0.10,5,1
1977,21356110,-1.758,1.523,-9.432,2.567,5.635,-1.257,171.520,12.737,0.155,-0.179,-1.257,4.637887,-74.084452,0.10,5,1
1978,21366119,-1.844,1.523,-9.408,1.896,4.597,0.025,171.470,12.631,0.155,-0.188,0.025,4.637887,-74.084452,0.10,5,1
1979,21376110,-1.901,1.573,-9.487,0.706,3.285,1.520,171.396,12.539,0.160,-0.194,1.520,4.637887,-74.084452,0.10,5,1
1980,21386119,-1.994,1.621,-9.583,-0.362,2.278,3.077,171.304,12.476,0.165,-0.203,3.077,4.637887,-74.084452,0.10,5,1
1981,21396110,-2.077,1.665,-9.655,-0.912,1.912,4.725,171.199,12.444,0.170,-0.212,4.725,4.637887,-74.084452,0.10,5,1
1982,21406119,-2.116,1.641,-9.713,-0.820,2.217,6.190,171.119,12.428,0.167,-0.216,6.190,4.637887,-74.084452,0.10,5,1
1983,21416116,-2.163,1.564,-9.744,-0.301,2.827,7.075,171.085,12.438,0.159,-0.221,7.075,4.637887,-74.084452,0.10,5,1
1984,21426103,-2.144,1.470,-9.771,0.492,3.712,7.471,171.105,12.446,0.150,-0.219,7.471,4.637887,-74.084452,0.10,5,1
1985,21436116,-2.108,1.380,-9.809,1.377,4.811,7.410,171.173,12.446,0.141,-0.215,7.410,4.637887,-74.084452,0.10,5,1
1986,21446103,-2.051,1.286,-9.747,2.110,5.787,7.075,171.280,12.438,0.131,-0.209,7.075,4.637887,-74.084452,0.10,5,1
1987,21456107,-2.018,1.260,-9.711,2.720,6.276,6.464,171.394,12.423,0.128,-0.206,6.464,4.637887,-74.084452,0.10,5,1
1988,21466119,-2.006,1.282,-9.711,2.934,6.093,6.159,171.492,12.403,0.131,-0.205,6.159,4.637887,-74.084452,0.10,5,1
1989,21476116,-2.015,1.238,-9.665,2.781,5.818,6.464,171.598,12.391,0.126,-0.206,6.464,4.637887,-74.084452,0.10,5,1
1990,21486103,-2.015,1.260,-9.605,1.621,5.879,7.319,171.672,12.385,0.128,-0.206,7.319,4.637887,-74.084452,0.10,5,1
1991,21496110,-1.965,1.368,-9.593,-0.027,5.665,8.692,171.675,12.355,0.140,-0.200,8.692,4.637887,-74.084452,0.10,5,1
1992,21506120,-1.932,1.460,-9.533,-1.522,5.391,10.492,171.620,12.315,0.149,-0.197,10.492,4.637887,-74.084452,0.10,5,1
1993,21516116,-1.908,1.482,-9.497,-1.949,4.811,12.324,171.552,12.264,0.151,-0.195,12.324,4.637887,-74.084452,0.10,5,1
1994,21526111,-1.853,1.438,-9.504,-1.766,4.231,13.636,171.511,12.188,0.147,-0.189,13.636,4.637887,-74.084452,0.10,5,1
1995,21536116,-1.839,1.351,-9.550,-0.912,3.743,14.063,171.524,12.105,0.138,-0.188,14.063,4.637887,-74.084452,0.10,5,1
1996,21546120,-1.837,1.238,-9.576,0.675,3.529,13.758,171.602,12.023,0.126,-0.187,13.758,4.637887,-74.084452,0.10,5,1
1997,21556128,-1.837,1.113,-9.564,2.171,3.346,12.720,171.745,11.949,0.113,-0.187,12.720,4.637887,-74.084452,0.10,5,1
1998,21566116,-1.829,1.050,-9.586,3.147,3.254,11.347,171.915,11.875,0.107,-0.187,11.347,4.637887,-74.084452,0.10,5,1
1999,21576115,-1.860,1.086,-9.593,3.513,3.041,10.248,172.059,11.817,0.111,-0.190,10.248,4.637887,-74.084452,0.10,5,1
2000,21586113,-1.858,1.166,-9.566,3.361,2.919,10.157,172.154,11.763,0.119,-0.189,10.157,4.637887,-74.084452,0.10,5,1
2001,21610996,-1.910,1.265,-9.658,2.079,1.240,13.666,172.204,11.705,0.129,-0.195,13.666,4.637893,-74.084465,0.06,5,1
2002,21612429,-1.910,1.265,-9.658,2.079,1.240,13.666,172.245,11.652,0.129,-0.195,13.666,4.637893,-74.084465,0.06,5,1
2003,21616102,-1.910,1.265,-9.658,2.079,1.240,13.666,172.277,11.604,0.129,-0.195,13.666,4.637893,-74.084465,0.06,5,1
2004,21626136,-1.953,1.154,-9.742,2.567,0.935,14.765,172.370,11.572,0.118,-0.199,14.765,4.637893,-74.084465,0.06,5,1
2005,21636120,-2.003,0.954,-9.816,3.239,1.362,15.009,172.559,11.565,0.097,-0.204,15.009,4.637893,-74.084465,0.06,5,1
2006,21646124,-1.946,0.770,-9.828,3.910,2.125,14.521,172.825,11.541,0.079,-0.198,14.521,4.637893,-74.084465,0.06,5,1
2007,21656114,-1.906,0.696,-9.787,4.215,2.980,13.300,173.104,11.511,0.071,-0.194,13.300,4.637893,-74.084465,0.06,5,1
2008,21666120,-1.903,0.720,-9.744,3.941,3.529,11.988,173.342,11.493,0.073,-0.194,11.988,4.637893,-74.084465,0.06,5,1
2009,21676118,-1.860,0.848,-9.739,3.178,3.651,11.011,173.494,11.457,0.086,-0.190,11.011,4.637893,-74.084465,0.06,5,1
2010,21686113,-1.860,1.007,-9.703,2.537,3.529,11.103,173.552,11.425,0.103,-0.190,11.103,4.637893,-74.084465,0.06,5,1
2011,21696106,-1.806,1.089,-9.713,2.140,3.499,12.049,173.565,11.370,0.111,-0.184,12.049,4.637893,-74.084465,0.06,5,1
2012,21706112,-1.782,1.055,-9.739,2.049,3.254,13.270,173.592,11.304,0.108,-0.182,13.270,4.637893,-74.084465,0.06,5,1
2013,21716124,-1.751,0.956,-9.754,2.018,3.102,14.063,173.662,11.229,0.097,-0.179,14.063,4.637893,-74.084465,0.06,5,1
2014,21726116,-1.677,0.787,-9.756,2.110,3.499,14.185,173.804,11.132,0.080,-0.171,14.185,4.637893,-74.084465,0.06,5,1
2015,21736124,-1.601,0.693,-9.701,2.293,3.895,13.392,173.978,11.016,0.071,-0.163,13.392,4.637893,-74.084465,0.06,5,1
2016,21746125,-1.550,0.679,-9.696,2.415,3.895,12.018,174.145,10.889,0.069,-0.158,12.018,4.637893,-74.084465,0.06,5,1
2017,21756102,-1.508,0.737,-9.660,2.384,3.621,10.645,174.271,10.751,0.075,-0.154,10.645,4.637893,-74.084465,0.06,5,1
2018,21766112,-1.434,0.775,-9.590,2.384,3.163,9.760,174.368,10.592,0.079,-0.146,9.760,4.637893,-74.084465,0.06,5,1
2019,21776114,-1.419,0.782,-9.569,2.354,2.278,9.241,174.452,10.432,0.080,-0.145,9.241,4.637893,-74.084465,0.06,5,1
2020,21786112,-1.508,0.744,-9.636,2.049,1.271,8.936,174.547,10.311,0.076,-0.154,8.936,4.637893,-74.084465,0.06,5,1
2021,21796109,-1.596,0.693,-9.778,1.774,0.630,8.600,174.660,10.222,0.071,-0.163,8.600,4.637893,-74.084465,0.06,5,1
2022,21806114,-1.696,0.720,-9.862,0.736,0.752,8.112,174.745,10.179,0.073,-0.173,8.112,4.637893,-74.084465,0.06,5,1
2023,21816114,-1.748,0.823,-9.900,-0.301,1.729,7.837,174.770,10.167,0.084,-0.178,7.837,4.637893,-74.084465,0.06,5,1
2024,21826112,-1.720,0.939,-9.898,-1.003,2.888,7.868,174.735,10.153,0.096,-0.175,7.868,4.637893,-74.084465,0.06,5,1
2025,21836119,-1.686,1.036,-9.845,-1.186,3.346,7.960,174.656,10.134,0.106,-0.172,7.960,4.637893,-74.084465,0.06,5,1
2026,21846120,-1.634,1.060,-9.819,-0.942,3.316,7.990,174.573,10.095,0.108,-0.167,7.990,4.637893,-74.084465,0.06,5,1
2027,21856131,-1.627,1.007,-9.814,-0.484,3.254,7.960,174.525,10.057,0.103,-0.166,7.960,4.637893,-74.084465,0.06,5,1
2028,21866106,-1.629,0.954,-9.785,-0.423,3.438,7.807,174.503,10.026,0.097,-0.166,7.807,4.637893,-74.084465,0.06,5,1
2029,21876105,-1.601,0.913,-9.754,-0.576,3.743,7.441,174.498,9.990,0.093,-0.163,7.441,4.637893,-74.084465,0.06,5,1
2030,21886124,-1.581,0.925,-9.701,-0.759,3.895,6.739,174.484,9.954,0.094,-0.161,6.739,4.637893,-74.084465,0.06,5,1
2031,21896112,-1.565,1.009,-9.679,-0.667,3.560,5.945,174.433,9.911,0.103,-0.160,5.945,4.637893,-74.084465,0.06,5,1
2032,21906118,-1.558,1.081,-9.653,-0.576,3.041,5.610,174.354,9.865,0.110,-0.159,5.610,4.637893,-74.084465,0.06,5,1
2033,21916111,-1.598,1.132,-9.634,-0.545,2.614,5.671,174.257,9.837,0.115,-0.163,5.671,4.637893,-74.084465,0.06,5,1
2034,21926111,-1.617,1.161,-9.660,-0.606,2.339,6.067,174.155,9.815,0.118,-0.165,6.067,4.637893,-74.084465,0.06,5,1
2035,21936114,-1.674,1.212,-9.658,-0.576,2.217,6.464,174.039,9.819,0.124,-0.171,6.464,4.637893,-74.084465,0.06,5,1
2036,21948197,-1.708,1.262,-9.701,0.096,2.003,7.136,173.913,9.832,0.129,-0.174,7.136,4.637893,-74.084465,0.06,5,1
2037,21956110,-1.708,1.262,-9.701,0.096,2.003,7.136,173.800,9.843,0.129,-0.174,7.136,4.637893,-74.084465,0.06,5,1
2038,21966125,-1.715,1.236,-9.696,0.767,2.431,7.380,173.714,9.861,0.126,-0.175,7.380,4.637893,-74.084465,0.06,5,1
2039,21976108,-1.698,1.147,-9.677,1.682,2.827,7.227,173.682,9.876,0.117,-0.173,7.227,4.637893,-74.084465,0.06,5,1
2040,21986137,-1.653,1.113,-9.718,2.628,3.254,6.647,173.678,9.871,0.113,-0.169,6.647,4.637893,-74.084465,0.06,5,1
2041,21996116,-1.615,1.079,-9.727,3.452,3.804,6.098,173.698,9.854,0.110,-0.165,6.098,4.637893,-74.084465,0.06,5,1
2042,22006117,-1.589,0.987,-9.650,3.788,4.078,5.488,173.757,9.836,0.101,-0.162,5.488,4.637893,-74.084465,0.06,5,1
2043,22016110,-1.527,0.987,-9.610,3.513,3.895,4.847,173.807,9.793,0.101,-0.156,4.847,4.637893,-74.084465,0.06,5,1
2044,22026117,-1.484,1.081,-9.550,2.812,3.285,4.847,173.801,9.733,0.110,-0.151,4.847,4.637893,-74.084465,0.06,5,1
2045,22036123,-1.450,1.110,-9.518,1.805,2.247,5.182,173.771,9.654,0.113,-0.148,5.182,4.637893,-74.084465,0.06,5,1
2046,22046125,-1.477,1.125,-9.538,1.042,1.118,5.915,173.731,9.581,0.115,-0.151,5.915,4.637893,-74.084465,0.06,5,1
2047,22056109,-1.553,1.074,-9.636,0.767,0.264,6.586,173.720,9.533,0.110,-0.158,6.586,4.637893,-74.084465,0.06,5,1
2048,22066126,-1.603,0.980,-9.694,0.736,-0.011,6.739,173.754,9.505,0.100,-0.163,6.739,4.637893,-74.084465,0.06,5,1
2049,22076116,-1.584,0.891,-9.715,0.523,0.477,6.464,173.824,9.475,0.091,-0.162,6.464,4.637893,-74.084465,0.06,5,1
2050,22086133,-1.534,0.852,-9.696,0.340,1.118,5.701,173.904,9.432,0.087,-0.156,5.701,4.637893,-74.084465,0.06,5,1
2051,22096115,-1.496,0.922,-9.703,0.431,1.057,4.419,173.948,9.374,0.094,-0.153,4.419,4.637893,-74.084465,0.06,5,1
2052,22106119,-1.486,1.012,-9.655,0.706,0.477,3.260,173.948,9.314,0.103,-0.152,3.260,4.637893,-74.084465,0.06,5,1
2053,22116118,-1.517,1.074,-9.682,1.103,-0.255,2.649,173.926,9.263,0.110,-0.155,2.649,4.637893,-74.084465,0.06,5,1
2054,22126161,-1.562,1.098,-9.718,1.286,-1.048,2.680,173.898,9.226,0.112,-0.159,2.680,4.637893,-74.084465,0.06,5,1
2055,22136114,-1.634,1.077,-9.771,0.919,-1.598,3.077,173.881,9.214,0.110,-0.167,3.077,4.637893,-74.084465,0.06,5,1
2056,22146113,-1.708,1.086,-9.869,0.218,-1.293,3.779,173.859,9.230,0.111,-0.174,3.779,4.637893,-74.084465,0.06,5,1
2057,22156111,-1.717,1.098,-9.876,-0.667,-0.316,4.633,173.826,9.258,0.112,-0.175,4.633,4.637893,-74.084465,0.06,5,1
2058,22166115,-1.696,1.089,-9.883,-1.217,0.691,5.030,173.795,9.283,0.111,-0.173,5.030,4.637893,-74.084465,0.06,5,1
2059,22176120,-1.608,1.110,-9.814,-1.125,1.423,4.877,173.754,9.280,0.113,-0.164,4.877,4.637893,-74.084465,0.06,5,1
2060,22186130,-1.558,1.077,-9.804,-0.576,1.820,4.389,173.735,9.261,0.110,-0.159,4.389,4.637893,-74.084465,0.06,5,1
2061,22196110,-1.531,1.079,-9.766,0.096,1.607,3.748,173.722,9.231,0.110,-0.156,3.748,4.637893,-74.084465,0.06,5,1
2062,22206119,-1.574,1.086,-9.751,0.584,0.935,3.107,173.710,9.218,0.111,-0.161,3.107,4.637893,-74.084465,0.06,5,1
2063,22216114,-1.617,1.057,-9.778,0.889,0.569,2.619,173.716,9.219,0.108,-0.165,2.619,4.637893,-74.084465,0.06,5,1
2064,22226106,-1.672,1.031,-9.843,0.919,0.508,2.527,173.736,9.239,0.105,-0.171,2.527,4.637893,-74.084465,0.06,5,1
2065,22236103,-1.703,1.002,-9.888,0.675,1.149,2.649,173.768,9.273,0.102,-0.174,2.649,4.637893,-74.084465,0.06,5,1
2066,22246115,-1.705,0.990,-9.838,0.004,2.003,3.046,173.793,9.318,0.101,-0.174,3.046,4.637893,-74.084465,0.06,5,1
2067,22256112,-1.636,1.026,-9.780,-0.973,2.644,3.473,173.790,9.339,0.105,-0.167,3.473,4.637893,-74.084465,0.06,5,1
2068,22266110,-1.531,1.130,-9.665,-1.705,2.431,3.748,173.728,9.318,0.115,-0.156,3.748,4.637893,-74.084465,0.06,5,1
2069,22276110,-1.515,1.161,-9.677,-1.461,2.125,3.748,173.659,9.287,0.118,-0.154,3.748,4.637893,-74.084465,0.06,5,1
2070,22286110,-1.493,1.144,-9.646,-1.156,1.759,3.687,173.605,9.248,0.117,-0.152,3.687,4.637893,-74.084465,0.06,5,1
2071,22296110,-1.479,1.139,-9.641,-0.759,1.240,3.351,173.560,9.202,0.116,-0.151,3.351,4.637893,-74.084465,0.06,5,1
2072,22307941,-1.455,1.098,-9.629,-0.118,0.844,2.985,173.540,9.144,0.112,-0.148,2.985,4.637893,-74.084465,0.06,5,1
2073,22316098,-1.472,1.062,-9.614,0.096,0.447,2.588,173.542,9.097,0.108,-0.150,2.588,4.637893,-74.084465,0.06,5,1
2074,22326112,-1.500,1.072,-9.631,0.096,0.020,2.253,173.540,9.061,0.109,-0.153,2.253,4.637893,-74.084465,0.06,5,1
2075,22336107,-1.503,1.084,-9.655,0.218,-0.347,1.978,173.535,9.023,0.111,-0.153,1.978,4.637893,-74.084465,0.06,5,1
2076,22346102,-1.553,1.050,-9.691,0.218,-0.469,2.009,173.547,9.008,0.107,-0.158,2.009,4.637893,-74.084465,0.06,5,1
2077,22356115,-1.574,1.069,-9.706,0.065,-0.469,2.070,173.549,9.002,0.109,-0.161,2.070,4.637893,-74.084465,0.06,5,1
2078,22366109,-1.586,1.077,-9.749,0.004,-0.316,2.009,173.549,9.000,0.110,-0.162,2.009,4.637893,-74.084465,0.06,5,1
2079,22376104,-1.636,1.060,-9.790,-0.088,-0.072,1.948,173.558,9.019,0.108,-0.167,1.948,4.637893,-74.084465,0.06,5,1
2080,22386118,-1.612,1.098,-9.811,-0.210,0.325,1.764,173.549,9.029,0.112,-0.164,1.764,4.637893,-74.084465,0.06,5,1
2081,22396115,-1.591,1.120,-9.804,-0.179,0.783,1.612,173.531,9.032,0.114,-0.162,1.612,4.637893,-74.084465,0.06,5,1
2082,22406112,-1.546,1.142,-9.737,0.126,1.027,1.429,173.504,9.023,0.116,-0.158,1.429,4.637893,-74.084465,0.06,5,1
2083,22416107,-1.529,1.139,-9.730,0.462,0.813,1.093,173.483,9.006,0.116,-0.156,1.093,4.637893,-74.084465,0.06,5,1
2084,22426120,-1.527,1.101,-9.727,0.919,0.447,0.696,173.484,8.986,0.112,-0.156,0.696,4.637893,-74.084465,0.06,5,1
2085,22436115,-1.527,1.062,-9.754,1.103,0.050,0.361,173.506,8.962,0.108,-0.156,0.361,4.637893,-74.084465,0.06,5,1
2086,22446109,-1.529,1.048,-9.739,0.828,-0.225,0.086,173.530,8.940,0.107,-0.156,0.086,4.637893,-74.084465,0.06,5,1
2087,22456104,-1.553,1.014,-9.756,0.157,-0.316,0.055,173.561,8.928,0.103,-0.158,0.055,4.637893,-74.084465,0.06,5,1
2088,22466117,-1.586,1.055,-9.809,-0.851,-0.377,0.239,173.565,8.927,0.108,-0.162,0.239,4.637893,-74.084465,0.06,5,1
2089,22476113,-1.617,1.108,-9.840,-1.797,-0.194,0.544,173.538,8.938,0.113,-0.165,0.544,4.637893,-74.084465,0.06,5,1
2090,22486109,-1.612,1.175,-9.847,-2.621,0.325,1.002,173.476,8.951,0.120,-0.164,1.002,4.637893,-74.084465,0.06,5,1
2091,22496104,-1.572,1.250,-9.811,-3.078,0.996,1.490,173.379,8.953,0.127,-0.160,1.490,4.637893,-74.084465,0.06,5,1
2092,22506117,-1.503,1.301,-9.749,-3.017,1.454,1.673,173.265,8.932,0.133,-0.153,1.673,4.637893,-74.084465,0.06,5,1
2093,22516113,-1.422,1.298,-9.725,-2.132,1.210,1.368,173.168,8.878,0.132,-0.145,1.368,4.637893,-74.084465,0.06,5,1
2094,22526109,-1.395,1.282,-9.701,-0.942,0.599,0.574,173.094,8.812,0.131,-0.142,0.574,4.637893,-74.084465,0.06,5,1
2095,22536115,-1.393,1.272,-9.687,0.096,-0.133,-0.219,173.040,8.744,0.130,-0.142,-0.219,4.637893,-74.084465,0.06,5,1
2096,22546121,-1.481,1.272,-9.706,0.828,-0.835,-0.891,172.997,8.712,0.130,-0.151,-0.891,4.637893,-74.084465,0.06,5,1
2097,22556110,-1.596,1.260,-9.766,1.255,-1.262,-1.226,172.971,8.725,0.128,-0.163,-1.226,4.637893,-74.084465,0.06,5,1
2098,22566128,-1.689,1.291,-9.785,0.919,-1.079,-0.921,172.931,8.777,0.132,-0.172,-0.921,4.637893,-74.084465,0.06,5,1
2099,22576127,-1.746,1.325,-9.787,0.309,-0.255,-0.097,172.873,8.857,0.135,-0.178,-0.097,4.637893,-74.084465,0.06,5,1
2100,22586120,-1.710,1.339,-9.766,-0.271,0.905,1.093,172.807,8.927,0.137,-0.174,1.093,4.637893,-74.084465,0.06,5,1
2101,22614496,-1.512,1.337,-9.619,-0.271,2.125,2.314,172.705,8.938,0.136,-0.154,2.314,4.637900,-74.084463,0.06,5,1
2102,22615892,-1.403,1.286,-9.518,0.706,1.912,2.070,172.659,8.890,0.131,-0.143,2.070,4.637900,-74.084463,0.06,5,1
2103,22617280,-1.403,1.286,-9.518,0.706,1.912,2.070,172.622,8.844,0.131,-0.143,2.070,4.637900,-74.084463,0.06,5,1
2104,22626171,-1.355,1.207,-9.480,1.805,0.813,1.246,172.638,8.771,0.123,-0.138,1.246,4.637900,-74.084463,0.06,5,1
2105,22636105,-1.384,1.195,-9.550,2.232,-0.743,0.086,172.667,8.701,0.122,-0.141,0.086,4.637900,-74.084463,0.06,5,1
2106,22646112,-1.474,1.216,-9.636,2.659,-1.995,-0.768,172.691,8.663,0.124,-0.150,-0.768,4.637900,-74.084463,0.06,5,1
2107,22656101,-1.586,1.243,-9.737,2.873,-2.605,-0.830,172.709,8.669,0.127,-0.162,-0.830,4.637900,-74.084463,0.06,5,1
2108,22666131,-1.691,1.238,-9.795,2.354,-2.452,-0.433,172.726,8.719,0.126,-0.172,-0.433,4.637900,-74.084463,0.06,5,1
2109,22676124,-1.746,1.250,-9.821,1.286,-1.598,0.513,172.728,8.795,0.127,-0.178,0.513,4.637900,-74.084463,0.06,5,1
2110,22686128,-1.705,1.289,-9.749,0.034,-0.560,1.520,172.696,8.860,0.131,-0.174,1.520,4.637900,-74.084463,0.06,5,1
2111,22696121,-1.629,1.332,-9.696,-0.759,-0.011,2.283,172.636,8.894,0.136,-0.166,2.283,4.637900,-74.084463,0.06,5,1
2112,22706111,-1.572,1.313,-9.655,-0.484,-0.072,2.405,172.590,8.901,0.134,-0.160,2.405,4.637900,-74.084463,0.06,5,1
2113,22716121,-1.524,1.236,-9.646,0.431,-0.621,2.100,172.591,8.883,0.126,-0.155,2.100,4.637900,-74.084463,0.06,5,1
2114,22726127,-1.517,1.168,-9.646,1.560,-1.171,1.429,172.633,8.858,0.119,-0.155,1.429,4.637900,-74.084463,0.06,5,1
2115,22736122,-1.550,1.115,-9.720,2.110,-1.750,0.330,172.705,8.840,0.114,-0.158,0.330,4.637900,-74.084463,0.06,5,1
2116,22746121,-1.622,1.159,-9.787,2.018,-2.056,-0.524,172.755,8.848,0.118,-0.165,-0.524,4.637900,-74.084463,0.06,5,1
2117,22756117,-1.667,1.255,-9.787,1.377,-1.934,-0.646,172.751,8.874,0.128,-0.170,-0.646,4.637900,-74.084463,0.06,5,1
2118,22766122,-1.682,1.301,-9.814,0.462,-1.689,0.147,172.721,8.905,0.133,-0.171,0.147,4.637900,-74.084463,0.06,5,1
2119,22776101,-1.696,1.373,-9.833,-0.454,-1.506,1.246,172.653,8.939,0.140,-0.173,1.246,4.637900,-74.084463,0.06,5,1
2120,22786115,-1.739,1.395,-9.862,-0.973,-1.415,2.344,172.578,8.987,0.142,-0.177,2.344,4.637900,-74.084463,0.06,5,1
2121,22796121,-1.713,1.332,-9.867,-1.003,-0.743,3.382,172.537,9.027,0.136,-0.175,3.382,4.637900,-74.084463,0.06,5,1
2122,22806122,-1.648,1.233,-9.845,-0.973,0.233,3.840,172.541,9.047,0.126,-0.168,3.840,4.637900,-74.084463,0.06,5,1
2123,22816109,-1.586,1.219,-9.838,-0.515,0.905,3.504,172.555,9.046,0.124,-0.162,3.504,4.637900,-74.084463,0.06,5,1
2124,22826114,-1.491,1.139,-9.783,0.431,1.057,2.375,172.609,9.009,0.116,-0.152,2.375,4.637900,-74.084463,0.06,5,1
2125,22836102,-1.484,1.101,-9.689,1.469,0.722,1.063,172.681,8.975,0.112,-0.151,1.063,4.637900,-74.084463,0.06,5,1
2126,22846129,-1.493,1.147,-9.711,2.018,-0.011,-0.128,172.733,8.940,0.117,-0.152,-0.128,4.637900,-74.084463,0.06,5,1
2127,22856118,-1.577,1.241,-9.744,2.079,-0.652,-0.585,172.742,8.934,0.127,-0.161,-0.585,4.637900,-74.084463,0.06,5,1
2128,22866122,-1.639,1.282,-9.761,1.774,-0.835,0.178,172.730,8.953,0.131,-0.167,0.178,4.637900,-74.084463,0.06,5,1
2129,22876104,-1.665,1.180,-9.792,1.286,-0.560,1.337,172.760,8.983,0.120,-0.170,1.337,4.637900,-74.084463,0.06,5,1
2130,22886106,-1.732,1.161,-9.828,0.736,-0.102,1.948,172.794,9.041,0.118,-0.177,1.948,4.637900,-74.084463,0.06,5,1
2131,22896123,-1.729,1.137,-9.864,0.492,0.722,2.253,172.836,9.099,0.116,-0.176,2.253,4.637900,-74.084463,0.06,5,1
2132,22906127,-1.658,1.098,-9.785,0.614,2.034,2.222,172.888,9.140,0.112,-0.169,2.222,4.637900,-74.084463,0.06,5,1
2133,22916122,-1.546,1.062,-9.696,1.103,3.010,1.734,172.953,9.145,0.108,-0.158,1.734,4.637900,-74.084463,0.06,5,1
2134,22926126,-1.469,1.045,-9.617,1.621,3.041,0.788,173.021,9.121,0.107,-0.150,0.788,4.637900,-74.084463,0.06,5,1
2135,22936117,-1.443,1.142,-9.576,1.835,2.247,-0.097,173.040,9.082,0.116,-0.147,-0.097,4.637900,-74.084463,0.06,5,1
2136,22946122,-1.391,1.197,-9.559,1.652,1.271,-0.250,173.030,9.014,0.122,-0.142,-0.250,4.637900,-74.084463,0.06,5,1
2137,22958308,-1.386,1.231,-9.470,1.164,0.172,-0.006,172.996,8.942,0.126,-0.141,-0.006,4.637900,-74.084463,0.06,5,1
2138,22966121,-1.436,1.318,-9.533,0.401,-1.079,0.452,172.921,8.884,0.134,-0.146,0.452,4.637900,-74.084463,0.06,5,1
2139,22976122,-1.496,1.402,-9.655,-0.179,-1.964,1.276,172.816,8.839,0.143,-0.153,1.276,4.637900,-74.084463,0.06,5,1
2140,22986130,-1.553,1.397,-9.706,-0.454,-1.964,2.192,172.723,8.820,0.142,-0.158,2.192,4.637900,-74.084463,0.06,5,1
2141,22996119,-1.548,1.392,-9.739,-0.545,-1.598,2.588,172.640,8.802,0.142,-0.158,2.588,4.637900,-74.084463,0.06,5,1
2142,23006124,-1.546,1.339,-9.799,-0.118,-1.201,2.527,172.595,8.784,0.137,-0.158,2.527,4.637900,-74.084463,0.06,5,1
2143,23016126,-1.536,1.310,-9.811,0.736,-0.957,1.826,172.575,8.765,0.134,-0.157,1.826,4.637900,-74.084463,0.06,5,1
2144,23026133,-1.515,1.265,-9.809,1.377,-0.896,1.093,172.582,8.739,0.129,-0.154,1.093,4.637900,-74.084463,0.06,5,1
2145,23036118,-1.534,1.200,-9.787,1.530,-0.896,0.483,172.618,8.726,0.122,-0.156,0.483,4.637900,-74.084463,0.06,5,1
2146,23046122,-1.598,1.190,-9.795,0.919,-1.079,0.025,172.649,8.739,0.121,-0.163,0.025,4.637900,-74.084463,0.06,5,1
2147,23056123,-1.648,1.279,-9.840,-0.210,-1.140,0.086,172.632,8.769,0.130,-0.168,0.086,4.637900,-74.084463,0.06,5,1
2148,23066105,-1.682,1.371,-9.855,-1.522,-0.591,0.940,172.564,8.814,0.140,-0.171,0.940,4.637900,-74.084463,0.06,5,1
2149,23076123,-1.691,1.426,-9.802,-2.437,0.233,2.039,172.465,8.870,0.145,-0.172,2.039,4.637900,-74.084463,0.06,5,1
2150,23086112,-1.658,1.489,-9.783,-3.017,0.813,2.985,172.340,8.913,0.152,-0.169,2.985,4.637900,-74.084463,0.06,5,1
2151,23096119,-1.620,1.474,-9.737,-3.322,1.027,3.596,172.225,8.943,0.150,-0.165,3.596,4.637900,-74.084463,0.06,5,1
2152,23106125,-1.584,1.477,-9.689,-2.926,0.752,3.687,172.118,8.955,0.151,-0.162,3.687,4.637900,-74.084463,0.06,5,1
2153,23116117,-1.574,1.530,-9.691,-2.315,0.233,3.443,172.002,8.956,0.156,-0.161,3.443,4.637900,-74.084463,0.06,5,1
2154,23126165,-1.610,1.564,-9.723,-1.613,-0.163,3.473,171.888,8.967,0.159,-0.164,3.473,4.637900,-74.084463,0.06,5,1
2155,23136126,-1.608,1.527,-9.723,-0.759,-0.011,3.748,171.807,8.978,0.156,-0.164,3.748,4.637900,-74.084463,0.06,5,1
2156,23146106,-1.617,1.518,-9.718,-0.271,0.294,4.236,171.740,8.995,0.155,-0.165,4.236,4.637900,-74.084463,0.06,5,1
2157,23156123,-1.586,1.508,-9.694,0.187,0.630,4.633,171.686,9.003,0.154,-0.162,4.633,4.637900,-74.084463,0.06,5,1
2158,23166123,-1.541,1.482,-9.672,0.614,0.813,5.030,171.649,8.993,0.151,-0.157,5.030,4.637900,-74.084463,0.06,5,1
2159,23176104,-1.486,1.433,-9.619,0.736,0.752,5.457,171.635,8.964,0.146,-0.152,5.457,4.637900,-74.084463,0.06,5,1
2160,23186118,-1.434,1.429,-9.583,0.767,0.325,5.854,171.621,8.912,0.146,-0.146,5.854,4.637900,-74.084463,0.06,5,1
2161,23196101,-1.422,1.424,-9.607,0.919,-0.469,6.037,171.614,8.851,0.145,-0.145,6.037,4.637900,-74.084463,0.06,5,1
2162,23206122,-1.419,1.402,-9.619,1.072,-1.384,6.281,171.619,8.783,0.143,-0.145,6.281,4.637900,-74.084463,0.06,5,1
2163,23216113,-1.467,1.351,-9.665,1.530,-1.995,6.403,171.654,8.734,0.138,-0.150,6.403,4.637900,-74.084463,0.06,5,1
2164,23226111,-1.567,1.306,-9.756,2.049,-2.391,6.281,171.716,8.723,0.133,-0.160,6.281,4.637900,-74.084463,0.06,5,1
2165,23236109,-1.622,1.233,-9.838,2.415,-2.086,6.190,171.814,8.734,0.126,-0.165,6.190,4.637900,-74.084463,0.06,5,1
2166,23246111,-1.655,1.214,-9.845,2.201,-1.110,6.159,171.911,8.768,0.124,-0.169,6.159,4.637900,-74.084463,0.06,5,1
2167,23256113,-1.617,1.238,-9.799,1.682,-0.011,6.098,171.983,8.795,0.126,-0.165,6.098,4.637900,-74.084463,0.06,5,1
2168,23266114,-1.546,1.296,-9.751,1.225,0.416,6.220,172.016,8.796,0.132,-0.158,6.220,4.637900,-74.084463,0.06,5,1
2169,23276112,-1.524,1.351,-9.713,1.194,0.172,6.403,172.021,8.788,0.138,-0.155,6.403,4.637900,-74.084463,0.06,5,1
2170,23286111,-1.522,1.361,-9.727,1.621,-0.530,6.495,172.025,8.772,0.139,-0.155,6.495,4.637900,-74.084463,0.06,5,1
2171,23296113,-1.570,1.231,-9.797,1.957,-0.987,6.678,172.094,8.770,0.126,-0.160,6.678,4.637900,-74.084463,0.06,5,1
2172,23308010,-1.579,1.154,-9.797,2.018,-0.713,6.769,172.194,8.772,0.118,-0.161,6.769,4.637900,-74.084463,0.06,5,1
2173,23316111,-1.565,1.110,-9.797,1.316,-0.316,6.617,172.298,8.775,0.113,-0.160,6.617,4.637900,-74.084463,0.06,5,1
2174,23326112,-1.543,1.185,-9.751,0.340,-0.255,6.220,172.350,8.772,0.121,-0.157,6.220,4.637900,-74.084463,0.06,5,1
2175,23336114,-1.531,1.272,-9.696,-0.149,-0.347,5.945,172.350,8.766,0.130,-0.156,5.945,4.637900,-74.084463,0.06,5,1
2176,23346116,-1.558,1.390,-9.691,-0.301,-0.682,6.159,172.297,8.768,0.142,-0.159,6.159,4.637900,-74.084463,0.06,5,1
2177,23356115,-1.558,1.486,-9.682,-0.118,-0.896,6.678,172.205,8.767,0.152,-0.159,6.678,4.637900,-74.084463,0.06,5,1
2178,23366119,-1.536,1.453,-9.672,0.309,-1.018,7.227,172.139,8.757,0.148,-0.157,7.227,4.637900,-74.084463,0.06,5,1
2179,23376119,-1.541,1.342,-9.687,0.919,-1.048,7.502,172.134,8.750,0.137,-0.157,7.502,4.637900,-74.084463,0.06,5,1
2180,23386118,-1.555,1.245,-9.708,1.774,-0.987,7.227,172.181,8.749,0.127,-0.159,7.227,4.637900,-74.084463,0.06,5,1
2181,23396118,-1.584,1.192,-9.718,2.506,-1.110,6.373,172.256,8.760,0.122,-0.162,6.373,4.637900,-74.084463,0.06,5,1
2182,23406118,-1.636,1.147,-9.787,3.025,-1.018,5.213,172.354,8.789,0.117,-0.167,5.213,4.637900,-74.084463,0.06,5,1
2183,23416119,-1.658,1.106,-9.792,2.964,-0.743,4.633,172.462,8.828,0.113,-0.169,4.633,4.637900,-74.084463,0.06,5,1
2184,23426119,-1.684,1.137,-9.807,2.476,-0.347,4.328,172.545,8.877,0.116,-0.172,4.328,4.637900,-74.084463,0.06,5,1
2185,23436119,-1.722,1.175,-9.797,1.499,0.081,4.786,172.594,8.944,0.120,-0.176,4.786,4.637900,-74.084463,0.06,5,1
2186,23446118,-1.665,1.204,-9.751,0.279,0.508,5.518,172.613,8.987,0.123,-0.170,5.518,4.637900,-74.084463,0.06,5,1
2187,23456119,-1.634,1.219,-9.699,-0.973,0.630,6.434,172.610,9.019,0.124,-0.167,6.434,4.637900,-74.084463,0.06,5,1
2188,23466118,-1.577,1.255,-9.638,-1.705,0.386,6.983,172.580,9.025,0.128,-0.161,6.983,4.637900,-74.084463,0.06,5,1
2189,23476119,-1.529,1.274,-9.636,-1.797,-0.133,7.197,172.544,9.004,0.130,-0.156,7.197,4.637900,-74.084463,0.06,5,1
2190,23486118,-1.536,1.250,-9.662,-1.430,-0.499,7.075,172.526,8.984,0.127,-0.157,7.075,4.637900,-74.084463,0.06,5,1
2191,23496119,-1.550,1.248,-9.674,-0.545,-0.865,6.312,172.519,8.967,0.127,-0.158,6.312,4.637900,-74.084463,0.06,5,1
2192,23506118,-1.574,1.231,-9.696,0.614,-1.232,5.152,172.532,8.957,0.126,-0.161,5.152,4.637900,-74.084463,0.06,5,1
2193,23516119,-1.610,1.149,-9.742,1.896,-1.384,4.145,172.595,8.959,0.117,-0.164,4.145,4.637900,-74.084463,0.06,5,1
2194,23526118,-1.651,1.163,-9.773,2.232,-1.415,3.412,172.651,8.977,0.119,-0.168,3.412,4.637900,-74.084463,0.06,5,1
2195,23536120,-1.710,1.243,-9.802,1.805,-1.293,3.412,172.666,9.017,0.127,-0.174,3.412,4.637900,-74.084463,0.06,5,1
2196,23546118,-1.741,1.296,-9.807,1.011,-1.048,4.114,172.649,9.068,0.132,-0.178,4.114,4.637900,-74.084463,0.06,5,1
2197,23556128,-1.739,1.327,-9.799,0.340,-0.865,5.274,172.613,9.117,0.135,-0.177,5.274,4.637900,-74.084463,0.06,5,1
2198,23566116,-1.713,1.344,-9.857,-0.240,-0.743,6.281,172.570,9.147,0.137,-0.175,6.281,4.637900,-74.084463,0.06,5,1
2199,23576116,-1.696,1.310,-9.893,-0.179,-0.316,7.105,172.549,9.170,0.134,-0.173,7.105,4.637900,-74.084463,0.06,5,1
2200,23586131,-1.670,1.224,-9.893,0.218,0.477,7.319,172.570,9.188,0.125,-0.170,7.319,4.637900,-74.084463,0.06,5,1
2201,23601649,-1.603,1.151,-9.802,0.950,1.332,6.678,172.624,9.191,0.117,-0.163,6.678,4.637900,-74.084463,0.06,5,1
2202,23606127,-1.534,1.089,-9.766,1.866,1.973,5.427,172.710,9.171,0.111,-0.156,5.427,4.637900,-74.084463,0.06,5,1
2203,23616122,-1.448,1.077,-9.715,2.751,2.125,3.901,172.800,9.120,0.110,-0.148,3.901,4.637902,-74.084458,0.00,5,1
2204,23626161,-1.393,1.081,-9.679,3.330,1.790,2.619,172.884,9.047,0.110,-0.142,2.619,4.637902,-74.084458,0.00,5,1
2205,23636114,-1.355,1.103,-9.626,3.361,0.813,1.978,172.949,8.958,0.112,-0.138,1.978,4.637902,-74.084458,0.00,5,1
2206,23646124,-1.395,1.081,-9.600,2.812,-0.591,1.917,173.012,8.882,0.110,-0.142,1.917,4.637902,-74.084458,0.00,5,1
2207,23656111,-1.493,1.108,-9.662,1.652,-1.750,2.405,173.051,8.842,0.113,-0.152,2.405,4.637902,-74.084458,0.00,5,1
2208,23666120,-1.581,1.171,-9.780,0.309,-2.391,3.168,173.052,8.829,0.119,-0.161,3.168,4.637902,-74.084458,0.00,5,1
2209,23676111,-1.705,1.178,-9.855,-0.423,-2.208,4.023,173.047,8.867,0.120,-0.174,4.023,4.637902,-74.084458,0.00,5,1
2210,23686122,-1.739,1.156,-9.900,-0.912,-1.415,4.389,173.050,8.921,0.118,-0.177,4.389,4.637902,-74.084458,0.00,5,1
2211,23696119,-1.734,1.149,-9.919,-0.667,-0.347,4.084,173.059,8.977,0.117,-0.177,4.084,4.637902,-74.084458,0.00,5,1
2212,23706116,-1.717,1.154,-9.867,-0.088,0.477,3.351,173.068,9.033,0.118,-0.175,3.351,4.637902,-74.084458,0.00,5,1
2213,23716106,-1.667,1.221,-9.821,0.767,1.271,2.436,173.052,9.073,0.125,-0.170,2.436,4.637902,-74.084458,0.00,5,1
2214,23726125,-1.586,1.286,-9.739,1.469,1.607,1.795,173.010,9.083,0.131,-0.162,1.795,4.637902,-74.084458,0.00,5,1
2215,23736113,-1.508,1.306,-9.662,1.988,1.454,1.490,172.963,9.061,0.133,-0.154,1.490,4.637902,-74.084458,0.00,5,1
2216,23746116,-1.484,1.294,-9.590,2.415,0.722,1.398,172.925,9.029,0.132,-0.151,1.398,4.637902,-74.084458,0.00,5,1
2217,23756103,-1.531,1.282,-9.605,2.262,-0.194,1.642,172.894,9.011,0.131,-0.156,1.642,4.637902,-74.084458,0.00,5,1
2218,23766123,-1.581,1.294,-9.662,2.018,-0.865,1.978,172.862,9.006,0.132,-0.161,1.978,4.637902,-74.084458,0.00,5,1
2219,23776117,-1.612,1.286,-9.735,1.988,-1.201,2.344,172.839,9.007,0.131,-0.164,2.344,4.637902,-74.084458,0.00,5,1
2220,23786129,-1.660,1.279,-9.763,2.079,-1.140,2.558,172.824,9.027,0.130,-0.169,2.558,4.637902,-74.084458,0.00,5,1
2221,23796103,-1.655,1.279,-9.799,2.384,-0.804,2.680,172.815,9.045,0.130,-0.169,2.680,4.637902,-74.084458,0.00,5,1
2222,23806108,-1.641,1.253,-9.840,2.781,-0.530,2.619,172.824,9.054,0.128,-0.167,2.619,4.637902,-74.084458,0.00,5,1
2223,23816118,-1.651,1.245,-9.823,3.391,-0.133,2.314,172.840,9.072,0.127,-0.168,2.314,4.637902,-74.084458,0.00,5,1
2224,23826106,-1.624,1.228,-9.797,3.941,0.203,1.978,172.866,9.082,0.125,-0.166,1.978,4.637902,-74.084458,0.00,5,1
2225,23836109,-1.622,1.188,-9.795,4.032,0.386,1.826,172.909,9.093,0.121,-0.165,1.826,4.637902,-74.084458,0.00,5,1
2226,23846106,-1.598,1.185,-9.771,4.063,0.691,1.764,172.949,9.097,0.121,-0.163,1.764,4.637902,-74.084458,0.00,5,1
2227,23856113,-1.546,1.185,-9.739,3.636,1.057,1.887,172.980,9.083,0.121,-0.158,1.887,4.637902,-74.084458,0.00,5,1
2228,23866121,-1.493,1.159,-9.684,3.239,1.088,2.039,173.013,9.052,0.118,-0.152,2.039,4.637902,-74.084458,0.00,5,1
2229,23876111,-1.455,1.168,-9.646,2.995,0.660,2.009,173.036,9.005,0.119,-0.148,2.009,4.637902,-74.084458,0.00,5,1
2230,23886112,-1.474,1.185,-9.679,2.964,0.020,1.917,173.051,8.961,0.121,-0.150,1.917,4.637902,-74.084458,0.00,5,1
2231,23896102,-1.486,1.132,-9.672,3.300,-0.286,1.764,173.091,8.925,0.115,-0.152,1.764,4.637902,-74.084458,0.00,5,1
2232,23906125,-1.510,1.086,-9.689,3.422,-0.621,1.368,173.151,8.897,0.111,-0.154,1.368,4.637902,-74.084458,0.00,5,1
2233,23916112,-1.522,1.074,-9.723,3.178,-0.804,1.124,173.210,8.873,0.110,-0.155,1.124,4.637902,-74.084458,0.00,5,1
2234,23926108,-1.539,1.098,-9.720,2.537,-0.682,0.940,173.249,8.860,0.112,-0.157,0.940,4.637902,-74.084458,0.00,5,1
2235,23936119,-1.550,1.156,-9.725,1.652,-0.530,0.971,173.251,8.853,0.118,-0.158,0.971,4.637902,-74.084458,0.00,5,1
2236,23946114,-1.539,1.245,-9.742,1.133,-0.469,1.429,173.209,8.840,0.127,-0.157,1.429,4.637902,-74.084458,0.00,5,1
2237,23960672,-1.517,1.320,-9.682,0.767,-0.499,1.978,173.126,8.814,0.135,-0.155,1.978,4.637902,-74.084458,0.00,5,1
2238,23966122,-1.477,1.325,-9.641,0.736,-0.316,2.497,173.047,8.784,0.135,-0.151,2.497,4.637902,-74.084458,0.00,5,1
2239,23976113,-1.436,1.265,-9.682,0.950,-0.438,2.558,173.006,8.735,0.129,-0.146,2.558,4.637902,-74.084458,0.00,5,1
2240,23986112,-1.438,1.265,-9.682,1.255,-0.499,2.131,172.972,8.691,0.129,-0.147,2.131,4.637902,-74.084458,0.00,5,1
2241,23996114,-1.412,1.272,-9.689,1.957,-0.804,1.642,172.943,8.634,0.130,-0.144,1.642,4.637902,-74.084458,0.00,5,1
2242,24006106,-1.388,1.327,-9.699,2.506,-1.018,1.154,172.898,8.569,0.135,-0.142,1.154,4.637902,-74.084458,0.00,5,1
2243,24016109,-1.391,1.308,-9.682,2.720,-1.140,0.971,172.866,8.510,0.133,-0.142,0.971,4.637902,-74.084458,0.00,5,1
2244,24026121,-1.426,1.284,-9.670,2.476,-1.354,1.093,172.844,8.470,0.131,-0.145,1.093,4.637902,-74.084458,0.00,5,1
2245,24036114,-1.446,1.284,-9.648,1.957,-1.537,1.398,172.818,8.442,0.131,-0.147,1.398,4.637902,-74.084458,0.00,5,1
2246,24046126,-1.412,1.339,-9.600,0.919,-1.476,1.978,172.757,8.404,0.137,-0.144,1.978,4.637902,-74.084458,0.00,5,1
2247,24056105,-1.379,1.409,-9.538,-0.118,-1.506,2.924,172.655,8.357,0.144,-0.141,2.924,4.637902,-74.084458,0.00,5,1
2248,24066111,-1.314,1.474,-9.475,-0.728,-1.903,3.840,172.521,8.285,0.150,-0.134,3.840,4.637902,-74.084458,0.00,5,1
2249,24076119,-1.286,1.518,-9.468,-0.881,-2.696,4.481,172.377,8.198,0.155,-0.131,4.481,4.637902,-74.084458,0.00,5,1
2250,24086132,-1.317,1.556,-9.473,-0.606,-3.520,4.847,172.229,8.123,0.159,-0.134,4.847,4.637902,-74.084458,0.00,5,1
2251,24096104,-1.360,1.621,-9.499,0.218,-4.314,4.969,172.072,8.064,0.165,-0.139,4.969,4.637902,-74.084458,0.00,5,1
2252,24106115,-1.422,1.684,-9.600,1.438,-4.863,5.060,171.919,8.024,0.172,-0.145,5.060,4.637902,-74.084458,0.00,5,1
2253,24116104,-1.488,1.672,-9.662,2.995,-4.802,5.366,171.802,8.014,0.171,-0.152,5.366,4.637902,-74.084458,0.00,5,1
2254,24126169,-1.517,1.580,-9.711,4.307,-4.161,5.701,171.749,8.021,0.161,-0.155,5.701,4.637902,-74.084458,0.00,5,1
2255,24136122,-1.491,1.477,-9.653,4.795,-3.185,6.190,171.748,8.029,0.151,-0.152,6.190,4.637902,-74.084458,0.00,5,1
2256,24146107,-1.400,1.419,-9.542,4.734,-2.330,6.586,171.764,8.013,0.145,-0.143,6.586,4.637902,-74.084458,0.00,5,1
2257,24156116,-1.302,1.402,-9.461,4.307,-2.269,6.708,171.777,7.960,0.143,-0.133,6.708,4.637902,-74.084458,0.00,5,1
2258,24166107,-1.207,1.407,-9.420,4.032,-3.307,6.800,171.782,7.860,0.143,-0.123,6.800,4.637902,-74.084458,0.00,5,1
2259,24176126,-1.193,1.412,-9.406,3.666,-5.107,6.891,171.779,7.746,0.144,-0.122,6.891,4.637902,-74.084458,0.00,5,1
2260,24186121,-1.255,1.397,-9.461,3.269,-6.786,7.166,171.784,7.650,0.142,-0.128,7.166,4.637902,-74.084458,0.00,5,1
2261,24196108,-1.367,1.339,-9.581,2.842,-8.251,7.502,171.818,7.591,0.137,-0.139,7.502,4.637902,-74.084458,0.00,5,1
2262,24206116,-1.477,1.255,-9.711,2.140,-8.922,7.654,171.888,7.572,0.128,-0.151,7.654,4.637902,-74.084458,0.00,5,1
2263,24216113,-1.648,1.171,-9.831,1.377,-8.739,7.227,171.990,7.622,0.119,-0.168,7.227,4.637902,-74.084458,0.00,5,1
2264,24226117,-1.720,1.207,-9.922,0.553,-7.976,6.617,172.066,7.700,0.123,-0.175,6.617,4.637902,-74.084458,0.00,5,1
2265,24236109,-1.796,1.296,-9.934,0.004,-6.816,6.037,172.092,7.813,0.132,-0.183,6.037,4.637902,-74.084458,0.00,5,1
2266,24246116,-1.779,1.368,-9.886,-0.637,-5.931,5.762,172.077,7.921,0.140,-0.181,5.762,4.637902,-74.084458,0.00,5,1
2267,24256109,-1.777,1.462,-9.857,-1.003,-5.565,5.976,172.016,8.025,0.149,-0.181,5.976,4.637902,-74.084458,0.00,5,1
2268,24266117,-1.787,1.477,-9.819,-1.247,-5.687,6.586,171.949,8.127,0.151,-0.182,6.586,4.637902,-74.084458,0.00,5,1
2269,24276109,-1.851,1.472,-9.780,-1.491,-5.931,7.288,171.885,8.249,0.150,-0.189,7.288,4.637902,-74.084458,0.00,5,1
2270,24286116,-1.930,1.527,-9.749,-1.980,-6.084,8.173,171.795,8.396,0.156,-0.197,8.173,4.637902,-74.084458,0.00,5,1
2271,24296109,-1.982,1.576,-9.742,-2.651,-5.657,9.455,171.683,8.558,0.161,-0.202,9.455,4.637902,-74.084458,0.00,5,1
2272,24308097,-1.987,1.634,-9.737,-2.987,-4.741,10.920,171.543,8.710,0.167,-0.203,10.920,4.637902,-74.084458,0.00,5,1
2273,24316114,-1.899,1.660,-9.670,-2.712,-3.551,12.079,171.406,8.839,0.169,-0.194,12.079,4.637902,-74.084458,0.00,5,1
2274,24326118,-1.748,1.629,-9.612,-1.522,-2.666,12.476,171.301,8.905,0.166,-0.178,12.476,4.637902,-74.084458,0.00,5,1
2275,24336114,-1.646,1.537,-9.583,0.706,-2.361,12.079,171.264,8.927,0.157,-0.168,12.079,4.637902,-74.084458,0.00,5,1
2276,24346118,-1.565,1.356,-9.559,3.269,-2.971,10.523,171.333,8.910,0.138,-0.160,10.523,4.637902,-74.084458,0.00,5,1
2277,24356114,-1.510,1.298,-9.504,5.009,-3.978,8.692,171.436,8.864,0.132,-0.154,8.692,4.637902,-74.084458,0.00,5,1
2278,24366118,-1.548,1.315,-9.468,5.558,-5.535,7.410,171.526,8.827,0.134,-0.158,7.410,4.637902,-74.084458,0.00,5,1
2279,24376110,-1.615,1.388,-9.545,5.345,-7.549,7.380,171.579,8.798,0.141,-0.165,7.380,4.637902,-74.084458,0.00,5,1
2280,24386118,-1.787,1.494,-9.607,4.368,-9.227,8.845,171.575,8.825,0.152,-0.182,8.845,4.637902,-74.084458,0.00,5,1
2281,24396114,-1.980,1.559,-9.708,2.751,-10.265,11.378,171.535,8.915,0.159,-0.202,11.378,4.637902,-74.084458,0.00,5,1
2282,24406118,-2.127,1.515,-9.826,1.286,-10.204,14.490,171.512,9.052,0.155,-0.217,14.490,4.637902,-74.084458,0.00,5,1
2283,24416114,-2.189,1.438,-9.888,0.187,-9.075,17.054,171.518,9.210,0.147,-0.223,17.054,4.637902,-74.084458,0.00,5,1
2284,24426118,-2.237,1.378,-9.958,-0.057,-7.427,18.244,171.552,9.386,0.141,-0.228,18.244,4.637902,-74.084458,0.00,5,1
2285,24436114,-2.182,1.359,-9.946,0.675,-5.168,18.213,171.597,9.547,0.139,-0.223,18.213,4.637902,-74.084458,0.00,5,1
2286,24446118,-2.015,1.371,-9.840,1.805,-2.880,17.420,171.638,9.657,0.140,-0.206,17.420,4.637902,-74.084458,0.00,5,1
2287,24456114,-1.796,1.412,-9.687,2.964,-1.140,16.230,171.659,9.692,0.144,-0.183,16.230,4.637902,-74.084458,0.00,5,1
2288,24466118,-1.622,1.465,-9.552,4.032,-1.048,15.131,171.656,9.659,0.149,-0.165,15.131,4.637902,-74.084458,0.00,5,1
2289,24476114,-1.500,1.547,-9.485,4.673,-2.422,14.429,171.617,9.565,0.158,-0.153,14.429,4.637902,-74.084458,0.00,5,1
2290,24486118,-1.446,1.578,-9.434,5.009,-4.527,14.460,171.566,9.438,0.161,-0.147,14.460,4.637902,-74.084458,0.00,5,1
2291,24496114,-1.477,1.547,-9.475,4.612,-7.060,15.040,171.533,9.309,0.158,-0.151,15.040,4.637902,-74.084458,0.00,5,1
2292,24506118,-1.632,1.559,-9.614,3.636,-9.685,15.711,171.498,9.224,0.159,-0.166,15.711,4.637902,-74.084458,0.00,5,1
2293,24516114,-1.865,1.617,-9.795,2.476,-11.852,16.840,171.442,9.211,0.165,-0.190,16.840,4.637902,-74.084458,0.00,5,1
2294,24526118,-2.068,1.662,-9.948,1.377,-13.011,18.061,171.372,9.262,0.170,-0.211,18.061,4.637902,-74.084458,0.00,5,1
2295,24536123,-2.292,1.689,-10.112,0.858,-12.950,19.465,171.302,9.387,0.172,-0.234,19.465,4.637902,-74.084458,0.00,5,1
2296,24546130,-2.468,1.638,-10.246,1.652,-11.577,20.350,171.276,9.574,0.167,-0.252,20.350,4.637902,-74.084458,0.00,5,1
2297,24556124,-2.619,1.561,-10.357,3.361,-9.288,20.350,171.306,9.819,0.159,-0.267,20.350,4.637902,-74.084458,0.00,5,1
2298,24566119,-2.685,1.397,-10.419,5.406,-6.053,19.831,171.425,10.097,0.142,-0.274,19.831,4.637902,-74.084458,0.00,5,1
2299,24576105,-2.638,1.255,-10.376,7.054,-2.178,18.854,171.606,10.378,0.128,-0.269,18.854,4.637902,-74.084458,0.00,5,1
2300,24586133,-2.476,1.098,-10.297,7.725,1.668,17.695,171.842,10.618,0.112,-0.252,17.695,4.637902,-74.084458,0.00,5,1
2301,24609617,-2.044,1.086,-9.903,6.596,5.635,15.131,172.115,10.797,0.111,-0.208,15.131,4.637902,-74.084458,0.00,5,1
2302,24611027,-2.044,1.086,-9.903,6.596,5.635,15.131,172.325,10.927,0.111,-0.208,15.131,4.637910,-74.084467,0.00,5,1
2303,24616106,-1.822,1.204,-9.715,4.765,5.055,14.979,172.408,10.931,0.123,-0.186,14.979,4.637910,-74.084467,0.00,5,1
2304,24626180,-1.732,1.310,-9.598,2.720,3.041,15.314,172.406,10.883,0.134,-0.177,15.314,4.637910,-74.084467,0.00,5,1
2305,24636118,-1.791,1.385,-9.602,0.889,0.111,16.169,172.352,10.840,0.141,-0.183,16.169,4.637910,-74.084467,0.00,5,1
2306,24646118,-1.989,1.419,-9.694,-0.179,-2.605,16.993,172.284,10.857,0.145,-0.203,16.993,4.637910,-74.084467,0.00,5,1
2307,24656113,-2.223,1.361,-9.931,-0.545,-4.192,17.359,172.260,10.941,0.139,-0.227,17.359,4.637910,-74.084467,0.00,5,1
2308,24666137,-2.399,1.231,-10.124,-0.606,-3.734,17.115,172.307,11.079,0.126,-0.245,17.115,4.637910,-74.084467,0.00,5,1
2309,24676119,-2.564,1.125,-10.203,-0.301,-1.750,15.955,172.403,11.287,0.115,-0.261,15.955,4.637910,-74.084467,0.00,5,1
2310,24686114,-2.600,1.118,-10.248,-0.057,0.477,14.155,172.499,11.507,0.114,-0.265,14.155,4.637910,-74.084467,0.00,5,1
2311,24696120,-2.569,1.185,-10.215,0.401,2.919,12.415,172.561,11.721,0.121,-0.262,12.415,4.637910,-74.084467,0.00,5,1
2312,24706122,-2.473,1.238,-10.097,1.011,4.902,11.194,172.593,11.909,0.126,-0.252,11.194,4.637910,-74.084467,0.00,5,1
2313,24716119,-2.354,1.241,-9.970,1.011,6.489,10.828,172.615,12.059,0.127,-0.240,10.828,4.637910,-74.084467,0.00,5,1
2314,24726123,-2.206,1.180,-9.799,0.279,7.496,10.889,172.646,12.160,0.120,-0.225,10.889,4.637910,-74.084467,0.00,5,1
2315,24736110,-2.054,1.236,-9.634,-1.217,7.405,11.042,172.627,12.202,0.126,-0.209,11.042,4.637910,-74.084467,0.00,5,1
2316,24746112,-1.953,1.371,-9.528,-2.865,6.520,11.378,172.526,12.196,0.140,-0.199,11.378,4.637910,-74.084467,0.00,5,1
2317,24756107,-1.875,1.511,-9.410,-3.872,4.902,11.744,172.351,12.149,0.154,-0.191,11.744,4.637910,-74.084467,0.00,5,1
2318,24766122,-1.865,1.687,-9.360,-4.024,2.644,12.049,172.105,12.083,0.172,-0.190,12.049,4.637910,-74.084467,0.00,5,1
2319,24776126,-1.882,1.870,-9.410,-3.017,0.355,12.568,171.808,12.000,0.191,-0.192,12.568,4.637910,-74.084467,0.00,5,1
2320,24786123,-2.008,1.822,-9.523,-1.064,-1.323,13.178,171.583,11.956,0.186,-0.205,13.178,4.637910,-74.084467,0.00,5,1
2321,24796110,-2.168,1.703,-9.648,1.347,-2.056,13.148,171.461,11.967,0.174,-0.221,13.148,4.637910,-74.084467,0.00,5,1
2322,24806118,-2.237,1.556,-9.720,3.666,-1.689,12.720,171.440,12.006,0.159,-0.228,12.720,4.637910,-74.084467,0.00,5,1
2323,24816139,-2.313,1.419,-9.799,5.253,-0.560,12.018,171.501,12.079,0.145,-0.236,12.018,4.637910,-74.084467,0.00,5,1
2324,24826109,-2.330,1.419,-9.838,5.741,1.118,11.530,171.564,12.165,0.145,-0.238,11.530,4.637910,-74.084467,0.00,5,1
2325,24836106,-2.249,1.445,-9.792,5.528,3.316,11.744,171.606,12.235,0.147,-0.229,11.744,4.637910,-74.084467,0.00,5,1
2326,24846136,-2.073,1.499,-9.747,5.039,5.299,12.537,171.614,12.246,0.153,-0.211,12.537,4.637910,-74.084467,0.00,5,1
2327,24856119,-1.858,1.515,-9.634,4.398,6.550,13.361,171.601,12.185,0.155,-0.189,13.361,4.637910,-74.084467,0.00,5,1
2328,24866109,-1.658,1.489,-9.499,4.063,6.520,14.002,171.587,12.052,0.152,-0.169,14.002,4.637910,-74.084467,0.00,5,1
2329,24876119,-1.491,1.388,-9.415,3.727,4.933,14.002,171.612,11.847,0.141,-0.152,14.002,4.637910,-74.084467,0.00,5,1
2330,24886110,-1.479,1.470,-9.410,2.598,2.095,13.788,171.586,11.625,0.150,-0.151,13.788,4.637910,-74.084467,0.00,5,1
2331,24896114,-1.558,1.547,-9.526,2.293,-0.987,13.514,171.533,11.418,0.158,-0.159,13.514,4.637910,-74.084467,0.00,5,1
2332,24906119,-1.732,1.537,-9.691,2.293,-3.276,13.544,171.501,11.270,0.157,-0.177,13.544,4.637910,-74.084467,0.00,5,1
2333,24916123,-1.958,1.472,-9.809,2.873,-4.070,13.636,171.512,11.215,0.150,-0.200,13.636,4.637910,-74.084467,0.00,5,1
2334,24926110,-2.170,1.241,-10.157,4.429,-3.520,13.605,171.658,11.230,0.127,-0.221,13.605,4.637910,-74.084467,0.00,5,1
2335,24936104,-2.285,0.864,-10.193,5.192,-1.323,13.331,171.961,11.312,0.088,-0.233,13.331,4.637910,-74.084467,0.00,5,1
2336,24948237,-2.306,0.619,-10.088,4.002,2.095,12.507,172.342,11.443,0.063,-0.235,12.507,4.637910,-74.084467,0.00,5,1
2337,24956121,-2.175,0.602,-10.008,1.591,5.910,11.500,172.671,11.549,0.061,-0.222,11.500,4.637910,-74.084467,0.00,5,1
2338,24966114,-1.922,0.732,-9.737,-1.369,9.053,10.981,172.881,11.591,0.075,-0.196,10.981,4.637910,-74.084467,0.00,5,1
2339,24976111,-1.634,0.939,-9.468,-4.268,10.457,11.164,172.942,11.535,0.096,-0.167,11.164,4.637910,-74.084467,0.00,5,1
2340,24986115,-1.353,1.200,-9.269,-6.740,9.999,11.988,172.844,11.364,0.122,-0.138,11.988,4.637910,-74.084467,0.00,5,1
2341,24996120,-1.131,1.325,-9.117,-7.747,7.802,12.873,172.675,11.090,0.135,-0.115,12.873,4.637910,-74.084467,0.00,5,1
2342,25006112,-1.040,1.347,-9.004,-7.747,3.987,13.331,172.501,10.765,0.137,-0.106,13.331,4.637910,-74.084467,0.00,5,1
2343,25016113,-1.121,1.380,-9.043,-7.351,-0.377,12.964,172.331,10.461,0.141,-0.114,12.964,4.637910,-74.084467,0.00,5,1
2344,25026131,-1.326,1.448,-9.273,-6.618,-4.436,12.263,172.166,10.224,0.148,-0.135,12.263,4.637910,-74.084467,0.00,5,1
2345,25036129,-1.562,1.542,-9.598,-5.306,-6.908,11.622,172.006,10.066,0.157,-0.159,11.622,4.637910,-74.084467,0.00,5,1
2346,25046124,-1.801,1.561,-9.826,-3.445,-7.152,11.439,171.883,10.004,0.159,-0.184,11.439,4.637910,-74.084467,0.00,5,1
2347,25056115,-1.930,1.491,-9.967,-1.430,-5.596,11.561,171.828,10.006,0.152,-0.197,11.561,4.637910,-74.084467,0.00,5,1
2348,25066110,-2.030,1.445,-10.025,0.523,-2.880,12.018,171.818,10.070,0.147,-0.207,12.018,4.637910,-74.084467,0.00,5,1
2349,25076120,-1.970,1.318,-10.083,2.232,0.386,12.659,171.883,10.132,0.134,-0.201,12.659,4.637910,-74.084467,0.00,5,1
2350,25086119,-1.808,1.127,-9.972,3.483,3.804,13.086,172.031,10.163,0.115,-0.184,13.086,4.637910,-74.084467,0.00,5,1
2351,25096121,-1.524,0.951,-9.756,3.910,6.459,12.995,172.239,10.111,0.097,-0.155,12.995,4.637910,-74.084467,0.00,5,1
2352,25106122,-1.248,0.930,-9.492,3.636,7.100,12.140,172.427,9.962,0.095,-0.127,12.140,4.637910,-74.084467,0.00,5,1
2353,25116111,-1.052,1.084,-9.324,3.117,5.025,11.194,172.516,9.725,0.111,-0.107,11.194,4.637910,-74.084467,0.00,5,1
2354,25126175,-1.004,1.178,-9.266,2.964,0.996,10.859,172.550,9.450,0.120,-0.102,10.859,4.637910,-74.084467,0.00,5,1
2355,25136126,-1.112,1.241,-9.449,2.842,-3.765,11.103,172.563,9.190,0.127,-0.113,11.103,4.637910,-74.084467,0.00,5,1
2356,25146119,-1.291,1.665,-9.494,1.927,-7.457,12.415,172.377,8.991,0.170,-0.132,12.415,4.637910,-74.084467,0.00,5,1
2357,25156121,-1.517,1.742,-9.785,2.110,-10.570,15.772,172.196,8.858,0.178,-0.155,15.772,4.637910,-74.084467,0.00,5,1
2358,25166117,-1.756,1.590,-10.071,2.781,-12.187,19.312,172.121,8.804,0.162,-0.179,19.312,4.637910,-74.084467,0.00,5,1
2359,25176119,-1.982,1.332,-10.167,3.422,-11.394,21.723,172.172,8.851,0.136,-0.202,21.723,4.637910,-74.084467,0.00,5,1
2360,25186112,-2.070,1.279,-10.333,4.429,-9.319,22.974,172.260,8.937,0.130,-0.211,22.974,4.637910,-74.084467,0.00,5,1
2361,25196121,-2.056,1.166,-10.385,6.230,-6.023,23.096,172.408,9.039,0.119,-0.210,23.096,4.637910,-74.084467,0.00,5,1
2362,25206113,-1.918,1.002,-10.164,7.939,-2.178,22.638,172.620,9.130,0.102,-0.196,22.638,4.637910,-74.084467,0.00,5,1
2363,25216113,-1.679,1.038,-9.876,8.335,0.996,21.631,172.791,9.164,0.106,-0.171,21.631,4.637910,-74.084467,0.00,5,1
2364,25226115,-1.386,1.233,-9.530,8.457,2.369,20.868,172.845,9.102,0.126,-0.141,20.868,4.637910,-74.084467,0.00,5,1
2365,25236103,-1.124,1.378,-9.213,8.763,1.240,20.930,172.811,8.933,0.141,-0.115,20.930,4.637910,-74.084467,0.00,5,1
2366,25246119,-1.054,1.484,-9.086,9.159,-2.605,21.570,172.724,8.715,0.151,-0.108,21.570,4.637910,-74.084467,0.00,5,1
2367,25256106,-1.209,1.470,-9.230,9.922,-7.732,22.150,172.669,8.530,0.150,-0.123,22.150,4.637910,-74.084467,0.00,5,1
2368,25266109,-1.488,1.486,-9.415,11.021,-12.096,22.669,172.634,8.434,0.152,-0.152,22.669,4.637910,-74.084467,0.00,5,1
2369,25276103,-1.863,1.458,-9.720,12.394,-15.026,24.012,172.648,8.460,0.149,-0.190,24.012,4.637910,-74.084467,0.00,5,1
2370,25287957,-2.225,1.395,-10.095,14.256,-15.392,25.538,172.749,8.578,0.142,-0.227,25.538,4.637910,-74.084467,0.00,5,1
2371,25296112,-2.459,1.301,-10.309,16.544,-12.950,27.155,172.895,8.814,0.133,-0.251,27.155,4.637910,-74.084467,0.00,5,1
2372,25306116,-2.538,1.134,-10.448,18.803,-8.647,29.108,173.127,9.090,0.116,-0.259,29.108,4.637910,-74.084467,0.00,5,1
2373,25316104,-2.514,0.713,-10.433,21.092,-3.520,30.543,173.538,9.388,0.073,-0.256,30.543,4.637910,-74.084467,0.00,5,1
2374,25326108,-2.278,0.223,-10.294,22.038,2.156,30.634,174.131,9.635,0.023,-0.232,30.634,4.637910,-74.084467,0.00,5,1
2375,25336112,-1.913,-0.126,-10.066,21.214,7.130,29.200,174.822,9.778,-0.013,-0.195,29.200,4.637910,-74.084467,0.00,5,1
2376,25346116,-1.534,-0.334,-9.735,19.322,9.236,26.636,175.538,9.789,-0.034,-0.156,26.636,4.637910,-74.084467,0.00,5,1
2377,25356104,-1.283,-0.271,-9.341,15.995,7.771,23.707,176.144,9.700,-0.028,-0.131,23.707,4.637910,-74.084467,0.00,5,1
2378,25366105,-1.231,0.023,-9.156,11.021,3.621,22.059,176.519,9.566,0.002,-0.126,22.059,4.637910,-74.084467,0.00,5,1
2379,25376108,-1.333,0.527,-9.249,5.711,-1.445,22.761,176.578,9.437,0.054,-0.136,22.761,4.637910,-74.084467,0.00,5,1
2380,25386109,-1.562,0.978,-9.401,0.981,-5.718,25.721,176.383,9.370,0.100,-0.159,25.721,4.637910,-74.084467,0.00,5,1
2381,25396112,-1.806,1.122,-9.600,-1.736,-7.823,29.474,176.123,9.381,0.114,-0.184,29.474,4.637910,-74.084467,0.00,5,1
2382,25406116,-1.944,0.927,-9.816,-1.766,-8.037,31.519,175.979,9.432,0.095,-0.198,31.519,4.637910,-74.084467,0.00,5,1
2383,25416104,-2.044,0.566,-10.013,0.248,-7.366,30.115,176.030,9.513,0.058,-0.208,30.115,4.637910,-74.084467,0.00,5,1
2384,25426105,-2.096,0.214,-10.097,3.056,-6.298,25.446,176.258,9.614,0.022,-0.214,25.446,4.637910,-74.084467,0.00,5,1
2385,25436107,-2.132,-0.054,-10.040,5.131,-4.894,19.068,176.605,9.741,-0.006,-0.217,19.068,4.637910,-74.084467,0.00,5,1
2386,25446108,-2.132,0.040,-9.910,5.345,-3.765,12.629,176.885,9.880,0.004,-0.217,12.629,4.637910,-74.084467,0.00,5,1
2387,25456108,-2.118,0.397,-9.775,3.391,-3.581,8.600,176.966,10.015,0.040,-0.216,8.600,4.637910,-74.084467,0.00,5,1
2388,25466106,-2.118,0.872,-9.559,-0.271,-4.222,8.356,176.786,10.152,0.089,-0.216,8.356,4.637910,-74.084467,0.00,5,1
2389,25476104,-2.111,1.294,-9.458,-3.994,-5.443,11.194,176.389,10.269,0.132,-0.215,11.194,4.637910,-74.084467,0.00,5,1
2390,25486108,-2.111,1.289,-9.502,-6.466,-7.091,15.375,176.004,10.358,0.131,-0.215,15.375,4.637910,-74.084467,0.00,5,1
2391,25496110,-2.092,1.269,-9.444,-7.656,-8.586,18.336,175.642,10.423,0.129,-0.213,18.336,4.637910,-74.084467,0.00,5,1
2392,25506116,-2.147,1.412,-9.545,-7.412,-10.387,19.983,175.252,10.480,0.144,-0.219,19.983,4.637910,-74.084467,0.00,5,1
2393,25516105,-2.216,1.298,-9.742,-4.848,-11.699,20.685,174.979,10.532,0.132,-0.226,20.685,4.637910,-74.084467,0.00,5,1
2394,25526108,-2.330,0.990,-9.759,-1.797,-11.760,20.014,174.892,10.630,0.101,-0.238,20.014,4.637910,-74.084467,0.00,5,1
2395,25536131,-2.421,0.971,-9.785,0.614,-11.547,17.908,174.843,10.759,0.099,-0.247,17.908,4.637910,-74.084467,0.00,5,1
2396,25546123,-2.519,1.190,-9.771,2.751,-10.997,15.955,174.721,10.923,0.121,-0.257,15.955,4.637910,-74.084467,0.00,5,1
2397,25556111,-2.628,1.371,-9.891,4.856,-10.112,15.986,174.555,11.112,0.140,-0.268,15.986,4.637910,-74.084467,0.00,5,1
2398,25566111,-2.683,1.491,-9.972,7.694,-8.037,17.267,174.380,11.318,0.152,-0.274,17.267,4.637910,-74.084467,0.00,5,1
2399,25576117,-2.647,1.448,-10.035,10.807,-5.046,19.556,174.270,11.516,0.148,-0.270,19.556,4.637910,-74.084467,0.00,5,1
2400,25586131,-2.557,1.171,-10.049,14.012,-1.354,21.753,174.318,11.698,0.119,-0.261,21.753,4.637910,-74.084467,0.00,5,1
2401,25604200,-2.199,0.211,-9.871,20.481,4.872,20.716,174.996,11.833,0.022,-0.224,20.716,4.637910,-74.084467,0.00,5,1
2402,25606121,-2.199,0.211,-9.871,20.481,4.872,20.716,175.476,11.927,0.022,-0.224,20.716,4.637910,-74.084467,0.00,5,1
2403,25616117,-1.984,-0.071,-9.744,21.916,6.184,17.512,176.059,11.942,-0.007,-0.202,17.512,4.637913,-74.084472,0.00,5,1
2404,25626168,-1.832,-0.143,-9.665,21.885,6.154,14.033,176.628,11.894,-0.015,-0.187,14.033,4.637913,-74.084472,0.00,5,1
2405,25636123,-1.744,-0.170,-9.550,20.451,4.902,11.805,177.151,11.809,-0.017,-0.178,11.805,4.637913,-74.084472,0.00,5,1
2406,25646109,-1.791,-0.170,-9.554,17.704,2.736,11.042,177.606,11.732,-0.017,-0.183,11.042,4.637913,-74.084472,0.00,5,1
2407,25656114,-1.927,-0.172,-9.626,13.615,0.722,11.591,177.987,11.698,-0.018,-0.197,11.591,4.637913,-74.084472,0.00,5,1
2408,25666109,-2.044,-0.194,-9.607,8.396,0.111,12.842,178.300,11.714,-0.020,-0.208,12.842,4.637913,-74.084472,0.00,5,1
2409,25676111,-2.075,-0.158,-9.598,3.147,0.722,13.819,178.523,11.749,-0.016,-0.212,13.819,4.637913,-74.084472,0.00,5,1
2410,25686138,-2.082,-0.028,-9.574,-1.247,1.210,13.971,178.628,11.792,-0.003,-0.212,13.971,4.637913,-74.084472,0.00,5,1
2411,25696115,-2.056,0.214,-9.504,-3.811,1.423,13.056,178.589,11.828,0.022,-0.210,13.056,4.637913,-74.084472,0.00,5,1
2412,25706119,-1.989,0.556,-9.386,-4.970,1.301,11.805,178.380,11.840,0.057,-0.203,11.805,4.637913,-74.084472,0.00,5,1
2413,25716116,-1.894,0.987,-9.425,-4.452,1.027,10.889,177.992,11.800,0.101,-0.193,10.889,4.637913,-74.084472,0.00,5,1
2414,25726117,-1.825,1.204,-9.516,-1.888,0.722,10.340,177.563,11.718,0.123,-0.186,10.340,4.637913,-74.084472,0.00,5,1
2415,25736120,-1.736,1.202,-9.485,1.438,0.355,9.943,177.197,11.603,0.123,-0.177,9.943,4.637913,-74.084472,0.00,5,1
2416,25746110,-1.679,1.137,-9.485,4.368,-0.438,9.333,176.917,11.465,0.116,-0.171,9.333,4.637913,-74.084472,0.00,5,1
2417,25756111,-1.672,1.048,-9.499,6.535,-1.689,8.631,176.719,11.322,0.107,-0.171,8.631,4.637913,-74.084472,0.00,5,1
2418,25766108,-1.736,0.881,-9.593,7.542,-3.063,8.112,176.627,11.200,0.090,-0.177,8.112,4.637913,-74.084472,0.00,5,1
2419,25776118,-1.803,0.910,-9.650,6.901,-3.765,8.082,176.525,11.106,0.093,-0.184,8.082,4.637913,-74.084472,0.00,5,1
2420,25786111,-1.903,1.098,-9.648,5.833,-3.948,8.845,176.336,11.059,0.112,-0.194,8.845,4.637913,-74.084472,0.00,5,1
2421,25796108,-1.961,1.084,-9.792,5.253,-4.009,10.554,176.170,11.028,0.111,-0.200,10.554,4.637913,-74.084472,0.00,5,1
2422,25806109,-2.032,0.944,-9.888,4.734,-3.490,12.354,176.077,11.027,0.096,-0.207,12.354,4.637913,-74.084472,0.00,5,1
2423,25816113,-2.127,1.050,-9.955,4.063,-2.788,13.392,175.943,11.067,0.107,-0.217,13.392,4.637913,-74.084472,0.00,5,1
2424,25826115,-2.142,1.026,-10.104,4.154,-1.842,14.063,175.836,11.105,0.105,-0.218,14.063,4.637913,-74.084472,0.00,5,1
2425,25836123,-2.154,0.828,-10.102,4.093,-0.225,14.582,175.822,11.162,0.084,-0.220,14.582,4.637913,-74.084472,0.00,5,1
2426,25846120,-2.185,0.732,-10.095,3.544,1.423,13.849,175.845,11.245,0.075,-0.223,13.849,4.637913,-74.084472,0.00,5,1
2427,25856104,-2.139,0.828,-9.982,2.537,3.041,12.415,175.812,11.326,0.084,-0.218,12.415,4.637913,-74.084472,0.00,5,1
2428,25866131,-1.994,0.997,-9.763,1.408,4.719,11.500,175.687,11.373,0.102,-0.203,11.500,4.637913,-74.084472,0.00,5,1
2429,25876115,-1.732,1.166,-9.569,-0.301,5.787,11.469,175.471,11.327,0.119,-0.177,11.469,4.637913,-74.084472,0.00,5,1
2430,25886123,-1.465,1.216,-9.350,-2.102,5.848,11.713,175.219,11.181,0.124,-0.149,11.713,4.637913,-74.084472,0.00,5,1
2431,25896113,-1.217,1.306,-9.117,-4.452,4.292,11.744,174.909,10.932,0.133,-0.124,11.744,4.637913,-74.084472,0.00,5,1
2432,25906120,-0.964,1.629,-8.894,-7.625,0.935,11.805,174.422,10.561,0.166,-0.098,11.805,4.637913,-74.084472,0.00,5,1
2433,25916115,-0.842,2.005,-8.846,-9.640,-4.436,11.866,173.771,10.109,0.204,-0.086,11.866,4.637913,-74.084472,0.00,5,1
2434,25926112,-0.973,2.398,-8.973,-9.212,-10.845,12.171,173.006,9.684,0.245,-0.099,12.171,4.637913,-74.084472,0.00,5,1
2435,25936119,-1.255,2.557,-9.204,-6.191,-16.643,13.025,172.284,9.353,0.261,-0.128,13.025,4.637913,-74.084472,0.00,5,1
2436,25948323,-1.627,2.487,-9.398,-2.376,-20.244,14.155,171.690,9.126,0.254,-0.166,14.155,4.637913,-74.084472,0.00,5,1
2437,25956115,-2.046,2.330,-9.610,0.553,-21.434,15.711,171.270,9.117,0.238,-0.209,15.711,4.637913,-74.084472,0.00,5,1
2438,25966117,-2.399,2.113,-9.773,3.239,-19.878,16.932,171.019,9.262,0.215,-0.245,16.932,4.637913,-74.084472,0.00,5,1
2439,25976110,-2.669,1.911,-9.850,6.291,-15.636,17.451,170.909,9.543,0.195,-0.272,17.451,4.637913,-74.084472,0.00,5,1
2440,25986122,-2.812,1.687,-9.819,9.464,-9.777,17.206,170.933,9.922,0.172,-0.287,17.206,4.637913,-74.084472,0.00,5,1
2441,25996114,-2.850,1.445,-9.744,13.035,-3.581,15.864,171.088,10.358,0.147,-0.291,15.864,4.637913,-74.084472,0.00,5,1
2442,26006117,-2.843,1.188,-9.638,16.514,2.247,13.483,171.372,10.828,0.121,-0.290,13.483,4.637913,-74.084472,0.00,5,1
2443,26016113,-2.831,0.877,-9.430,19.749,7.435,10.187,171.796,11.334,0.089,-0.289,10.187,4.637913,-74.084472,0.00,5,1
2444,26026121,-2.764,0.686,-9.177,21.244,11.464,6.647,172.280,11.845,0.070,-0.282,6.647,4.637913,-74.084472,0.00,5,1
2445,26036120,-2.678,0.647,-8.904,20.909,13.966,3.809,172.733,12.338,0.066,-0.273,3.809,4.637913,-74.084472,0.00,5,1
2446,26046130,-2.631,0.705,-8.690,19.352,15.065,1.948,173.100,12.810,0.072,-0.268,1.948,4.637913,-74.084472,0.00,5,1
2447,26056117,-2.573,0.684,-8.572,16.758,15.065,0.971,173.422,13.236,0.070,-0.262,0.971,4.637913,-74.084472,0.00,5,1
2448,26066116,-2.552,0.573,-8.599,14.012,14.393,0.055,173.750,13.611,0.058,-0.260,0.055,4.637913,-74.084472,0.00,5,1
2449,26076128,-2.550,0.426,-8.654,11.143,13.417,-1.409,174.103,13.941,0.043,-0.260,-1.409,4.637913,-74.084472,0.00,5,1
2450,26086118,-2.585,0.279,-8.663,8.305,12.196,-3.576,174.477,14.250,0.028,-0.264,-3.576,4.637913,-74.084472,0.00,5,1
2451,26096127,-2.612,0.223,-8.678,5.222,10.670,-6.567,174.822,14.531,0.023,-0.266,-6.567,4.637913,-74.084472,0.00,5,1
2452,26106113,-2.621,0.235,-8.680,1.743,9.205,-9.405,175.103,14.782,0.024,-0.267,-9.405,4.637913,-74.084472,0.00,5,1
2453,26116107,-2.566,0.382,-8.642,-2.895,7.680,-11.541,175.245,14.979,0.039,-0.262,-11.541,4.637913,-74.084472,0.00,5,1
2454,26126134,-2.559,0.664,-8.517,-7.992,6.032,-12.579,175.181,15.157,0.068,-0.261,-12.579,4.637913,-74.084472,0.00,5,1
2455,26136118,-2.540,0.937,-8.438,-12.508,3.499,-12.579,174.937,15.296,0.096,-0.259,-12.579,4.637913,-74.084472,0.00,5,1
2456,26146122,-2.528,1.110,-8.438,-16.201,0.233,-11.968,174.588,15.386,0.113,-0.258,-11.968,4.637913,-74.084472,0.00,5,1
2457,26156117,-2.604,1.310,-8.534,-19.008,-3.063,-11.297,174.146,15.457,0.134,-0.266,-11.297,4.637913,-74.084472,0.00,5,1
2458,26166121,-2.719,1.371,-8.704,-20.412,-5.840,-10.626,173.708,15.525,0.140,-0.277,-10.626,4.637913,-74.084472,0.00,5,1
2459,26176129,-2.917,1.366,-8.870,-20.290,-7.457,-10.351,173.320,15.638,0.139,-0.297,-10.351,4.637913,-74.084472,0.00,5,1
2460,26186122,-3.072,1.315,-9.115,-19.344,-7.579,-10.443,173.011,15.776,0.134,-0.313,-10.443,4.637913,-74.084472,0.00,5,1
2461,26196121,-3.138,1.096,-9.288,-17.727,-5.840,-11.144,172.854,15.926,0.112,-0.320,-11.144,4.637913,-74.084472,0.00,5,1
2462,26206110,-3.091,0.934,-9.353,-16.750,-2.971,-12.518,172.796,16.066,0.095,-0.315,-12.518,4.637913,-74.084472,0.00,5,1
2463,26216109,-2.955,0.886,-9.350,-16.353,0.233,-14.410,172.769,16.168,0.090,-0.301,-14.410,4.637913,-74.084472,0.00,5,1
2464,26226111,-2.857,0.968,-9.451,-15.621,2.736,-16.577,172.718,16.230,0.099,-0.291,-16.577,4.637913,-74.084472,0.00,5,1
2465,26236108,-2.681,0.838,-9.583,-14.400,4.933,-17.889,172.746,16.218,0.085,-0.273,-17.889,4.637913,-74.084472,0.00,5,1
2466,26246119,-2.492,0.512,-9.506,-14.614,7.618,-18.743,172.917,16.163,0.052,-0.254,-18.743,4.637913,-74.084472,0.00,5,1
2467,26256116,-2.147,0.310,-9.321,-17.269,9.358,-20.239,173.140,15.998,0.032,-0.219,-20.239,4.637913,-74.084472,0.00,5,1
2468,26266106,-1.789,0.416,-9.069,-21.145,9.022,-22.650,173.256,15.703,0.042,-0.182,-22.650,4.637913,-74.084472,0.00,5,1
2469,26276103,-1.446,0.640,-8.764,-24.654,5.726,-25.122,173.212,15.263,0.065,-0.147,-25.122,4.637913,-74.084472,0.00,5,1
2470,26287983,-1.307,0.968,-8.524,-26.760,-1.140,-27.624,172.929,14.731,0.099,-0.133,-27.624,4.637913,-74.084472,0.00,5,1
2471,26296101,-1.403,1.462,-8.601,-27.614,-10.570,-29.211,172.463,14.194,0.149,-0.143,-29.211,4.637913,-74.084472,0.00,5,1
2472,26306113,-1.705,1.812,-8.968,-27.309,-20.091,-28.753,171.899,13.720,0.185,-0.174,-28.753,4.637913,-74.084472,0.00,5,1
2473,26316108,-2.137,1.918,-9.401,-26.943,-26.927,-26.007,171.374,13.374,0.196,-0.218,-26.007,4.637913,-74.084472,0.00,5,1
2474,26326105,-2.516,1.937,-9.903,-27.096,-29.979,-22.070,170.923,13.137,0.198,-0.257,-22.070,4.637913,-74.084472,0.00,5,1
2475,26336100,-2.800,1.908,-10.330,-26.790,-29.430,-18.286,170.557,12.995,0.195,-0.286,-18.286,4.637913,-74.084472,0.00,5,1
2476,26346113,-2.974,1.993,-10.806,-25.875,-25.890,-15.447,170.228,12.913,0.203,-0.303,-15.447,4.637913,-74.084472,0.00,5,1
2477,26356113,-2.919,2.067,-11.183,-23.281,-19.329,-12.884,169.946,12.840,0.211,-0.298,-12.884,4.637913,-74.084472,0.00,5,1
2478,26366113,-2.669,1.923,-11.108,-19.314,-10.295,-11.083,169.773,12.774,0.196,-0.272,-11.083,4.637913,-74.084472,0.00,5,1
2479,26376113,-2.175,1.848,-10.784,-14.644,-1.781,-11.480,169.663,12.632,0.188,-0.222,-11.480,4.637913,-74.084472,0.00,5,1
2480,26386110,-1.477,1.805,-10.304,-9.243,3.682,-13.586,169.596,12.306,0.184,-0.151,-13.586,4.637913,-74.084472,0.00,5,1
2481,26396105,-0.857,1.706,-9.737,-4.085,3.865,-17.065,169.582,11.771,0.174,-0.087,-17.065,4.637913,-74.084472,0.00,5,1
2482,26406113,-0.392,1.853,-9.369,0.004,-1.537,-20.910,169.510,11.028,0.189,-0.040,-20.910,4.637913,-74.084472,0.00,5,1
2483,26416106,-0.284,2.135,-9.321,3.056,-10.387,-22.985,169.342,10.210,0.218,-0.029,-22.985,4.637913,-74.084472,0.00,5,1
2484,26426118,-0.575,2.337,-9.554,5.192,-20.763,-22.314,169.141,9.484,0.238,-0.059,-22.314,4.637913,-74.084472,0.00,5,1
2485,26436108,-1.202,2.321,-10.128,6.535,-30.132,-19.079,169.032,8.976,0.237,-0.123,-19.079,4.637913,-74.084472,0.00,5,1
2486,26446119,-1.939,2.041,-10.844,6.931,-34.954,-14.501,169.107,8.720,0.208,-0.198,-14.501,4.637913,-74.084472,0.00,5,1
2487,26456113,-2.578,1.858,-11.298,5.924,-34.648,-9.863,169.268,8.694,0.189,-0.263,-9.863,4.637913,-74.084472,0.00,5,1
2488,26466105,-2.983,1.566,-11.656,4.337,-30.254,-5.407,169.531,8.829,0.160,-0.304,-5.407,4.637913,-74.084472,0.00,5,1
2489,26476113,-3.251,1.219,-11.865,2.720,-22.838,-2.203,169.896,9.100,0.124,-0.331,-2.203,4.637913,-74.084472,0.00,5,1
2490,26486118,-3.348,1.036,-11.963,1.652,-13.866,-1.135,170.293,9.459,0.106,-0.341,-1.135,4.637913,-74.084472,0.00,5,1
2491,26496108,-3.117,0.968,-11.389,2.628,-4.833,-2.081,170.675,9.849,0.099,-0.318,-2.081,4.637913,-74.084472,0.00,5,1
2492,26506113,-2.824,1.118,-11.704,2.751,2.766,-3.118,170.984,10.146,0.114,-0.288,-3.118,4.637913,-74.084472,0.00,5,1
2493,26516106,-2.664,0.821,-10.940,4.307,10.212,-4.186,171.373,10.500,0.084,-0.272,-4.186,4.637913,-74.084472,0.00,5,1
2494,26526113,-2.414,0.657,-10.131,4.398,13.203,-6.048,171.777,10.834,0.067,-0.246,-6.048,4.637913,-74.084472,0.00,5,1
2495,26536132,-2.197,0.903,-10.054,2.323,12.654,-7.543,172.023,11.053,0.092,-0.224,-7.543,4.637913,-74.084472,0.00,5,1
2496,26546112,-2.204,1.173,-9.790,0.462,11.372,-7.391,172.103,11.269,0.120,-0.225,-7.391,4.637913,-74.084472,0.00,5,1
2497,26556110,-2.259,1.508,-9.662,-1.064,10.060,-4.797,172.007,11.487,0.154,-0.230,-4.797,4.637913,-74.084472,0.00,5,1
2498,26566121,-2.282,1.590,-9.735,-2.315,9.724,-0.280,171.876,11.687,0.162,-0.233,-0.280,4.637913,-74.084472,0.00,5,1
2499,26576109,-2.364,1.465,-9.713,-3.078,11.098,4.328,171.801,11.923,0.149,-0.241,4.328,4.637913,-74.084472,0.00,5,1
2500,26586134,-2.359,1.221,-9.780,-2.834,13.478,7.624,171.846,12.157,0.125,-0.241,7.624,4.637913,-74.084472,0.00,5,1
2501,26626393,-1.231,0.679,-8.865,5.100,21.290,0.483,172.335,12.509,0.069,-0.126,0.483,4.637913,-74.084472,0.00,5,1
2502,26627854,-1.231,0.679,-8.865,5.100,21.290,0.483,172.777,12.625,0.069,-0.126,0.483,4.637913,-74.084472,0.00,5,1
2503,26629240,-1.231,0.679,-8.865,5.100,21.290,0.483,173.152,12.557,0.069,-0.126,0.483,4.637913,-74.084472,0.00,5,1
2504,26630601,-1.231,0.679,-8.865,5.100,21.290,0.483,173.453,12.349,0.069,-0.126,0.483,4.637913,-74.084472,0.00,5,1
2505,26636120,-0.990,0.951,-8.661,7.084,17.598,-2.569,173.533,11.929,0.097,-0.101,-2.569,4.637913,-74.084472,0.00,5,1
2506,26646115,-0.809,1.308,-8.517,8.610,12.105,-4.003,173.387,11.414,0.133,-0.082,-4.003,4.637913,-74.084472,0.00,5,1
2507,26656124,-0.702,1.609,-8.409,9.678,5.452,-2.874,173.079,10.842,0.164,-0.072,-2.874,4.637913,-74.084472,0.00,5,1
2508,26666115,-0.752,1.771,-8.531,10.655,-2.239,0.239,172.738,10.288,0.181,-0.077,0.239,4.637913,-74.084472,0.00,5,1
2509,26676119,-0.897,1.781,-8.759,12.089,-9.746,3.962,172.470,9.794,0.182,-0.091,3.962,4.637913,-74.084472,0.00,5,1
2510,26686116,-1.152,1.687,-9.151,14.164,-16.307,7.593,172.340,9.402,0.172,-0.117,7.593,4.637913,-74.084472,0.00,5,1
2511,26696107,-1.505,1.383,-9.564,16.911,-21.251,10.279,172.435,9.152,0.141,-0.153,10.279,4.637913,-74.084472,0.00,5,1
2512,26706113,-1.899,1.048,-10.013,19.932,-23.998,11.164,172.738,9.049,0.107,-0.194,11.164,4.637913,-74.084472,0.00,5,1
2513,26716128,-2.232,0.734,-10.419,22.892,-24.486,10.737,173.201,9.062,0.075,-0.228,10.737,4.637913,-74.084472,0.00,5,1
2514,26726112,-2.590,0.358,-10.782,25.517,-23.052,9.363,173.820,9.200,0.037,-0.264,9.363,4.637913,-74.084472,0.00,5,1
2515,26736128,-2.893,0.088,-11.224,27.897,-19.969,6.678,174.525,9.429,0.009,-0.295,6.678,4.637913,-74.084472,0.00,5,1
2516,26746111,-3.055,-0.083,-11.392,29.209,-14.324,3.992,175.253,9.733,-0.008,-0.312,3.992,4.637913,-74.084472,0.00,5,1
2517,26756115,-3.205,-0.351,-11.267,28.263,-7.579,2.711,176.019,10.141,-0.036,-0.327,2.711,4.637913,-74.084472,0.00,5,1
2518,26766127,-3.220,-0.481,-11.212,25.578,-1.048,1.337,176.751,10.585,-0.049,-0.328,1.337,4.637913,-74.084472,0.00,5,1
2519,26776119,-3.153,-0.396,-11.099,21.000,5.452,0.696,177.349,11.040,-0.040,-0.321,0.696,4.637913,-74.084472,0.00,5,1
2520,26786120,-3.007,-0.341,-10.789,15.659,11.525,1.581,177.831,11.492,-0.035,-0.307,1.581,4.637913,-74.084472,0.00,5,1
2521,26796117,-2.814,-0.269,-10.421,9.831,16.194,3.107,178.195,11.914,-0.027,-0.287,3.107,4.637913,-74.084472,0.00,5,1
2522,26806119,-2.573,-0.059,-10.128,3.819,19.063,4.603,178.386,12.264,-0.006,-0.262,4.603,4.637913,-74.084472,0.00,5,1
2523,26816120,-2.354,0.235,-9.840,-0.820,20.161,6.159,178.387,12.534,0.024,-0.240,6.159,4.637913,-74.084472,0.00,5,1
2524,26826115,-2.189,0.423,-9.631,-3.078,20.222,7.319,178.278,12.733,0.043,-0.223,7.319,4.637913,-74.084472,0.00,5,1
2525,26836125,-2.077,0.447,-9.468,-3.506,19.429,7.593,178.159,12.876,0.046,-0.212,7.593,4.637913,-74.084472,0.00,5,1
2526,26846105,-1.994,0.488,-9.360,-3.353,18.635,7.105,178.029,12.974,0.050,-0.203,7.105,4.637913,-74.084472,0.00,5,1
2527,26856122,-1.908,0.479,-9.257,-2.651,18.483,6.312,177.918,13.033,0.049,-0.195,6.312,4.637913,-74.084472,0.00,5,1
2528,26866108,-1.813,0.486,-9.098,-1.980,18.208,5.243,177.814,13.057,0.050,-0.185,5.243,4.637913,-74.084472,0.00,5,1
2529,26876113,-1.686,0.573,-8.968,-1.430,17.323,4.145,177.677,13.022,0.058,-0.172,4.145,4.637913,-74.084472,0.00,5,1
2530,26886110,-1.601,0.698,-8.872,-0.545,15.462,3.382,177.494,12.940,0.071,-0.163,3.382,4.637913,-74.084472,0.00,5,1
2531,26896125,-1.584,0.831,-8.858,0.736,13.020,3.229,177.272,12.834,0.085,-0.162,3.229,4.637913,-74.084472,0.00,5,1
2532,26906113,-1.565,0.898,-8.875,2.232,10.335,3.840,177.048,12.700,0.092,-0.160,3.840,4.637913,-74.084472,0.00,5,1
2533,26916129,-1.558,0.874,-8.964,3.910,7.954,4.877,176.872,12.544,0.089,-0.159,4.877,4.637913,-74.084472,0.00,5,1
2534,26926107,-1.531,0.758,-9.036,6.046,6.245,5.671,176.789,12.367,0.077,-0.156,5.671,4.637913,-74.084472,0.00,5,1
2535,26936119,-1.524,0.539,-9.093,8.335,4.719,5.518,176.841,12.183,0.055,-0.155,5.518,4.637913,-74.084472,0.00,5,1
2536,26950808,-1.505,0.247,-9.182,10.655,3.071,4.114,177.097,11.984,0.025,-0.153,4.114,4.637913,-74.084472,0.00,5,1
2537,26956117,-1.555,-0.001,-9.360,12.272,1.301,1.795,177.428,11.787,-0.000,-0.159,1.795,4.637913,-74.084472,0.00,5,1
2538,26966121,-1.651,-0.112,-9.511,12.638,-0.102,-0.921,177.787,11.625,-0.011,-0.168,-0.921,4.637913,-74.084472,0.00,5,1
2539,26976129,-1.763,-0.117,-9.600,11.997,-0.957,-3.027,178.114,11.512,-0.012,-0.180,-3.027,4.637913,-74.084472,0.00,5,1
2540,26986129,-1.894,-0.020,-9.655,10.288,-1.445,-4.095,178.355,11.458,-0.002,-0.193,-4.095,4.637913,-74.084472,0.00,5,1
2541,26996107,-1.930,0.175,-9.713,7.694,-1.567,-4.034,178.462,11.417,0.018,-0.197,-4.034,4.637913,-74.084472,0.00,5,1
2542,27006110,-1.944,0.440,-9.732,4.887,-1.811,-2.905,178.415,11.381,0.045,-0.198,-2.905,4.637913,-74.084472,0.00,5,1
2543,27016110,-1.944,0.715,-9.749,2.751,-2.239,-0.952,178.228,11.342,0.073,-0.198,-0.952,4.637913,-74.084472,0.00,5,1
2544,27026132,-1.958,0.872,-9.790,1.805,-3.032,1.154,177.979,11.299,0.089,-0.200,1.154,4.637913,-74.084472,0.00,5,1
2545,27036120,-2.003,0.913,-9.931,2.262,-3.795,2.649,177.740,11.260,0.093,-0.204,2.649,4.637913,-74.084472,0.00,5,1
2546,27046107,-2.061,0.826,-10.088,4.337,-4.009,3.199,177.583,11.233,0.084,-0.210,3.199,4.637913,-74.084472,0.00,5,1
2547,27056117,-2.144,0.546,-10.220,6.992,-3.612,2.497,177.587,11.237,0.056,-0.219,2.497,4.637913,-74.084472,0.00,5,1
2548,27066117,-2.309,0.332,-10.325,8.824,-2.574,0.788,177.701,11.309,0.034,-0.235,0.788,4.637913,-74.084472,0.00,5,1
2549,27076113,-2.449,0.187,-10.397,9.617,-0.438,-1.043,177.876,11.445,0.019,-0.250,-1.043,4.637913,-74.084472,0.00,5,1
2550,27086119,-2.516,0.091,-10.405,9.159,2.675,-2.203,178.075,11.626,0.009,-0.257,-2.203,4.637913,-74.084472,0.00,5,1
2551,27096123,-2.476,0.151,-10.311,7.206,5.879,-2.508,178.214,11.815,0.015,-0.252,-2.508,4.637913,-74.084472,0.00,5,1
2552,27106107,-2.335,0.257,-10.157,4.643,8.778,-1.562,178.271,11.974,0.026,-0.238,-1.562,4.637913,-74.084472,0.00,5,1
2553,27116107,-2.199,0.291,-9.929,1.957,10.823,0.330,178.282,12.104,0.030,-0.224,0.330,4.637913,-74.084472,0.00,5,1
2554,27126190,-2.046,0.300,-9.713,-0.301,11.677,1.887,178.265,12.188,0.031,-0.209,1.887,4.637913,-74.084472,0.00,5,1
2555,27136115,-1.887,0.238,-9.550,-1.827,11.616,2.527,178.260,12.209,0.024,-0.192,2.527,4.637913,-74.084472,0.00,5,1
2556,27146120,-1.760,0.168,-9.374,-2.712,10.701,1.978,178.279,12.178,0.017,-0.179,1.978,4.637913,-74.084472,0.00,5,1
2557,27156118,-1.708,0.247,-9.242,-3.322,9.053,0.422,178.252,12.123,0.025,-0.174,0.422,4.637913,-74.084472,0.00,5,1
2558,27166120,-1.684,0.443,-9.218,-3.872,7.130,-1.257,178.129,12.043,0.045,-0.172,-1.257,4.637913,-74.084472,0.00,5,1
2559,27176107,-1.694,0.631,-9.173,-3.994,5.299,-2.172,177.923,11.961,0.064,-0.173,-2.172,4.637913,-74.084472,0.00,5,1
2560,27186113,-1.732,0.751,-9.201,-3.750,3.804,-2.355,177.679,11.885,0.077,-0.177,-2.355,4.637913,-74.084472,0.00,5,1
2561,27196106,-1.753,0.869,-9.257,-3.170,2.339,-1.959,177.406,11.806,0.089,-0.179,-1.959,4.637913,-74.084472,0.00,5,1
2562,27206107,-1.789,0.893,-9.326,-1.858,1.057,-1.409,177.158,11.730,0.091,-0.182,-1.409,4.637913,-74.084472,0.00,5,1
2563,27216123,-1.829,0.836,-9.444,0.126,0.111,-0.952,176.979,11.661,0.085,-0.187,-0.952,4.637913,-74.084472,0.00,5,1
2564,27226115,-1.848,0.742,-9.530,2.598,-0.377,-1.318,176.883,11.594,0.076,-0.188,-1.318,4.637913,-74.084472,0.00,5,1
2565,27236101,-1.798,0.592,-9.566,4.978,-0.377,-2.539,176.885,11.507,0.060,-0.183,-2.539,4.637913,-74.084472,0.00,5,1
2566,27246105,-1.772,0.479,-9.566,6.870,-0.835,-4.247,176.956,11.412,0.049,-0.181,-4.247,4.637913,-74.084472,0.00,5,1
2567,27256108,-1.798,0.498,-9.684,7.542,-1.872,-5.865,177.022,11.317,0.051,-0.183,-5.865,4.637913,-74.084472,0.00,5,1
2568,27266113,-1.825,0.578,-9.847,6.748,-2.605,-6.506,177.044,11.220,0.059,-0.186,-6.506,4.637913,-74.084472,0.00,5,1
2569,27276100,-1.818,0.672,-9.874,5.467,-2.910,-6.018,177.012,11.122,0.068,-0.185,-6.018,4.637913,-74.084472,0.00,5,1
2570,27286105,-1.796,0.761,-9.888,3.269,-3.246,-4.766,176.923,11.017,0.078,-0.183,-4.766,4.637913,-74.084472,0.00,5,1
2571,27297884,-1.782,0.975,-9.893,1.164,-3.917,-3.179,176.725,10.898,0.099,-0.182,-3.179,4.637913,-74.084472,0.00,5,1
2572,27306104,-1.853,1.040,-10.152,0.492,-4.863,-1.318,176.519,10.797,0.106,-0.189,-1.318,4.637913,-74.084472,0.00,5,1
2573,27316109,-1.930,0.896,-10.208,1.042,-4.863,0.513,176.399,10.733,0.091,-0.197,0.513,4.637913,-74.084472,0.00,5,1
2574,27326112,-2.008,0.720,-10.294,0.950,-4.222,1.673,176.365,10.706,0.073,-0.205,1.673,4.637913,-74.084472,0.00,5,1
2575,27336102,-2.046,0.517,-10.373,1.255,-3.215,1.764,176.425,10.701,0.053,-0.209,1.764,4.637913,-74.084472,0.00,5,1
2576,27346109,-2.106,0.387,-10.335,1.408,-1.567,0.666,176.537,10.740,0.039,-0.215,0.666,4.637913,-74.084472,0.00,5,1
2577,27356102,-2.025,0.269,-10.325,1.194,0.111,-0.524,176.687,10.759,0.027,-0.206,-0.524,4.637913,-74.084472,0.00,5,1
2578,27366104,-1.989,0.093,-10.138,-0.088,1.027,-1.837,176.889,10.786,0.009,-0.203,-1.837,4.637913,-74.084472,0.00,5,1
2579,27376110,-1.944,0.187,-10.076,-2.529,0.691,-3.332,177.011,10.793,0.019,-0.198,-3.332,4.637913,-74.084472,0.00,5,1
2580,27386117,-1.925,0.262,-9.975,-4.940,0.386,-3.607,177.068,10.797,0.027,-0.196,-3.607,4.637913,-74.084472,0.00,5,1
2581,27396107,-1.927,0.293,-9.874,-7.625,0.233,-3.271,177.080,10.809,0.030,-0.197,-3.271,4.637913,-74.084472,0.00,5,1
2582,27406109,-1.937,0.332,-9.735,-10.525,0.325,-2.294,177.046,10.836,0.034,-0.197,-2.294,4.637913,-74.084472,0.00,5,1
2583,27416102,-1.930,0.363,-9.607,-13.363,0.508,-0.891,176.971,10.871,0.037,-0.197,-0.891,4.637913,-74.084472,0.00,5,1
2584,27426104,-1.946,0.450,-9.600,-15.713,0.447,-0.067,176.842,10.910,0.046,-0.198,-0.067,4.637913,-74.084472,0.00,5,1
2585,27436109,-1.951,0.517,-9.600,-16.537,0.569,0.361,176.683,10.950,0.053,-0.199,0.361,4.637913,-74.084472,0.00,5,1
2586,27446117,-1.906,0.561,-9.516,-16.353,0.966,0.330,176.516,10.977,0.057,-0.194,0.330,4.637913,-74.084472,0.00,5,1
2587,27456107,-1.808,0.650,-9.444,-15.804,1.057,-0.494,176.324,10.965,0.066,-0.184,-0.494,4.637913,-74.084472,0.00,5,1
2588,27466112,-1.741,0.684,-9.381,-14.644,0.538,-1.562,176.140,10.924,0.070,-0.178,-1.562,4.637913,-74.084472,0.00,5,1
2589,27476102,-1.720,0.717,-9.360,-12.844,-0.438,-2.996,175.970,10.870,0.073,-0.175,-2.996,4.637913,-74.084472,0.00,5,1
2590,27486104,-1.729,0.688,-9.420,-11.013,-1.842,-4.370,175.846,10.806,0.070,-0.176,-4.370,4.637913,-74.084472,0.00,5,1
2591,27496109,-1.894,0.766,-9.439,-10.158,-3.276,-5.834,175.704,10.805,0.078,-0.193,-5.834,4.637913,-74.084472,0.00,5,1
2592,27506117,-2.144,0.951,-9.638,-9.334,-4.314,-6.445,175.504,10.884,0.097,-0.219,-6.445,4.637913,-74.084472,0.00,5,1
2593,27516107,-2.423,1.101,-9.862,-8.694,-4.436,-5.438,175.269,11.051,0.112,-0.247,-5.438,4.637913,-74.084472,0.00,5,1
2594,27526112,-2.707,1.183,-10.078,-8.480,-3.215,-3.057,175.029,11.310,0.121,-0.276,-3.057,4.637913,-74.084472,0.00,5,1
2595,27536102,-2.859,1.214,-10.193,-8.388,0.020,0.300,174.801,11.626,0.124,-0.292,0.300,4.637913,-74.084472,0.00,5,1
2596,27546123,-2.867,1.139,-10.236,-8.022,4.323,3.687,174.628,11.957,0.116,-0.292,3.687,4.637913,-74.084472,0.00,5,1
2597,27556116,-2.798,1.009,-10.273,-6.832,8.504,5.732,174.535,12.272,0.103,-0.285,5.732,4.637913,-74.084472,0.00,5,1
2598,27566123,-2.619,0.850,-10.184,-3.261,11.983,6.006,174.546,12.535,0.087,-0.267,6.006,4.637913,-74.084472,0.00,5,1
2599,27576128,-2.423,0.691,-10.008,0.187,14.393,4.725,174.652,12.740,0.070,-0.247,4.725,4.637913,-74.084472,0.00,5,1
2600,27586118,-2.194,0.553,-9.857,2.995,15.828,2.863,174.831,12.862,0.056,-0.224,2.863,4.637913,-74.084472,0.00,5,1
2601,27602971,-1.765,0.322,-9.605,6.931,16.469,-0.860,175.179,12.906,0.033,-0.180,-0.860,4.637913,-74.084472,0.00,5,1
2602,27606111,-1.765,0.322,-9.605,6.931,16.469,-0.860,175.462,12.850,0.033,-0.180,-0.860,4.637913,-74.084472,0.00,5,1
2603,27616107,-1.605,0.240,-9.406,6.962,15.706,-1.592,175.758,12.736,0.024,-0.164,-1.592,4.637925,-74.084463,0.08,5,1
2604,27626179,-1.477,0.218,-9.369,5.894,14.180,-1.806,176.030,12.561,0.022,-0.151,-1.806,4.637925,-74.084463,0.08,5,1
2605,27636111,-1.372,0.197,-9.338,4.368,12.379,-1.562,176.276,12.337,0.020,-0.140,-1.562,4.637925,-74.084463,0.08,5,1
2606,27646113,-1.298,0.175,-9.257,2.323,10.365,-1.074,176.492,12.084,0.018,-0.132,-1.074,4.637925,-74.084463,0.08,5,1
2607,27656113,-1.257,0.245,-9.230,-0.271,8.168,-0.738,176.634,11.814,0.025,-0.128,-0.738,4.637925,-74.084463,0.08,5,1
2608,27666140,-1.260,0.368,-9.307,-1.919,5.971,-0.677,176.691,11.541,0.038,-0.128,-0.677,4.637925,-74.084463,0.08,5,1
2609,27676128,-1.291,0.488,-9.410,-2.346,3.895,-0.921,176.684,11.278,0.050,-0.132,-0.921,4.637925,-74.084463,0.08,5,1
2610,27686119,-1.355,0.561,-9.506,-1.827,2.278,-1.531,176.652,11.044,0.057,-0.138,-1.531,4.637925,-74.084463,0.08,5,1
2611,27696112,-1.412,0.602,-9.574,-0.759,1.301,-2.294,176.615,10.841,0.061,-0.144,-2.294,4.637925,-74.084463,0.08,5,1
2612,27706119,-1.488,0.664,-9.677,0.462,0.752,-3.057,176.567,10.675,0.068,-0.152,-3.057,4.637925,-74.084463,0.08,5,1
2613,27716117,-1.555,0.655,-9.735,1.774,0.905,-3.790,176.541,10.550,0.067,-0.159,-3.790,4.637925,-74.084463,0.08,5,1
2614,27726116,-1.598,0.580,-9.747,2.934,1.637,-4.614,176.561,10.459,0.059,-0.163,-4.614,4.637925,-74.084463,0.08,5,1
2615,27736114,-1.636,0.488,-9.723,3.086,2.308,-5.468,176.622,10.400,0.050,-0.167,-5.468,4.637925,-74.084463,0.08,5,1
2616,27746124,-1.660,0.464,-9.739,2.171,3.041,-5.865,176.681,10.362,0.047,-0.169,-5.865,4.637925,-74.084463,0.08,5,1
2617,27756120,-1.670,0.570,-9.701,0.462,3.865,-5.804,176.671,10.341,0.058,-0.170,-5.804,4.637925,-74.084463,0.08,5,1
2618,27766115,-1.624,0.674,-9.653,-1.339,4.719,-5.285,176.597,10.313,0.069,-0.166,-5.285,4.637925,-74.084463,0.08,5,1
2619,27776112,-1.543,0.802,-9.619,-3.048,5.116,-4.400,176.454,10.256,0.082,-0.157,-4.400,4.637925,-74.084463,0.08,5,1
2620,27786123,-1.477,0.905,-9.542,-4.299,5.055,-3.210,176.260,10.179,0.092,-0.151,-3.210,4.637925,-74.084463,0.08,5,1
2621,27796112,-1.398,0.975,-9.458,-4.909,4.292,-2.630,176.039,10.070,0.099,-0.143,-2.630,4.637925,-74.084463,0.08,5,1
2622,27806136,-1.381,1.101,-9.454,-5.031,2.919,-2.447,175.777,9.948,0.112,-0.141,-2.447,4.637925,-74.084463,0.08,5,1
2623,27816112,-1.424,1.214,-9.475,-4.452,1.301,-2.233,175.489,9.838,0.124,-0.145,-2.233,4.637925,-74.084463,0.08,5,1
2624,27826117,-1.479,1.294,-9.521,-3.322,-0.011,-1.715,175.200,9.745,0.132,-0.151,-1.715,4.637925,-74.084463,0.08,5,1
2625,27836113,-1.550,1.308,-9.576,-2.132,-0.621,-1.043,174.942,9.681,0.133,-0.158,-1.043,4.637925,-74.084463,0.08,5,1
2626,27846122,-1.627,1.214,-9.626,-0.942,-0.530,-0.372,174.759,9.654,0.124,-0.166,-0.372,4.637925,-74.084463,0.08,5,1
2627,27856121,-1.651,1.079,-9.662,-0.149,-0.072,0.300,174.660,9.642,0.110,-0.168,0.300,4.637925,-74.084463,0.08,5,1
2628,27866115,-1.643,1.040,-9.727,-0.027,0.783,0.605,174.590,9.631,0.106,-0.168,0.605,4.637925,-74.084463,0.08,5,1
2629,27876111,-1.596,1.062,-9.701,-0.210,1.790,1.002,174.513,9.611,0.108,-0.163,1.002,4.637925,-74.084463,0.08,5,1
2630,27886116,-1.524,1.110,-9.586,-0.210,2.308,1.673,174.414,9.574,0.113,-0.155,1.673,4.637925,-74.084463,0.08,5,1
2631,27896111,-1.422,1.130,-9.574,-0.240,2.064,2.588,174.313,9.493,0.115,-0.145,2.588,4.637925,-74.084463,0.08,5,1
2632,27906116,-1.403,1.036,-9.571,0.157,1.301,3.504,174.266,9.403,0.106,-0.143,3.504,4.637925,-74.084463,0.08,5,1
2633,27916123,-1.441,0.932,-9.564,0.340,0.294,4.236,174.270,9.328,0.095,-0.147,4.236,4.637925,-74.084463,0.08,5,1
2634,27926111,-1.460,0.828,-9.605,0.370,-0.713,4.603,174.323,9.257,0.084,-0.149,4.603,4.637925,-74.084463,0.08,5,1
2635,27936120,-1.510,0.756,-9.667,0.401,-1.323,4.847,174.408,9.204,0.077,-0.154,4.847,4.637925,-74.084463,0.08,5,1
2636,27948296,-1.562,0.652,-9.703,0.096,-1.445,4.999,174.530,9.169,0.067,-0.159,4.999,4.637925,-74.084463,0.08,5,1
2637,27956109,-1.612,0.597,-9.665,-0.698,-0.957,5.305,174.662,9.172,0.061,-0.164,5.305,4.637925,-74.084463,0.08,5,1
2638,27966115,-1.593,0.660,-9.653,-1.888,-0.377,5.701,174.744,9.173,0.067,-0.162,5.701,4.637925,-74.084463,0.08,5,1
2639,27976105,-1.550,0.763,-9.600,-2.560,0.233,6.098,174.764,9.163,0.078,-0.158,6.098,4.637925,-74.084463,0.08,5,1
2640,27986118,-1.493,0.913,-9.569,-2.224,0.325,6.525,174.716,9.130,0.093,-0.152,6.525,4.637925,-74.084463,0.08,5,1
2641,27996110,-1.438,0.939,-9.586,-0.789,0.111,7.136,174.673,9.072,0.096,-0.147,7.136,4.637925,-74.084463,0.08,5,1
2642,28006116,-1.419,0.804,-9.564,1.316,0.142,7.654,174.714,9.013,0.082,-0.145,7.654,4.637925,-74.084463,0.08,5,1
2643,28016109,-1.422,0.573,-9.542,2.995,0.203,7.624,174.873,8.962,0.058,-0.145,7.624,4.637925,-74.084463,0.08,5,1
2644,28026114,-1.400,0.380,-9.523,4.032,0.203,6.891,175.117,8.907,0.039,-0.143,6.891,4.637925,-74.084463,0.08,5,1
2645,28036124,-1.348,0.180,-9.415,4.276,0.142,5.518,175.436,8.840,0.018,-0.137,5.518,4.637925,-74.084463,0.08,5,1
2646,28046115,-1.312,0.129,-9.314,3.666,-0.316,4.114,175.747,8.764,0.013,-0.134,4.114,4.637925,-74.084463,0.08,5,1
2647,28056109,-1.302,0.228,-9.283,2.232,-1.354,3.260,175.975,8.682,0.023,-0.133,3.260,4.637925,-74.084463,0.08,5,1
2648,28066114,-1.302,0.274,-9.302,0.919,-2.757,3.382,176.151,8.591,0.028,-0.133,3.382,4.637925,-74.084463,0.08,5,1
2649,28076109,-1.353,0.271,-9.408,-0.301,-4.100,4.084,176.306,8.511,0.028,-0.138,4.084,4.637925,-74.084463,0.08,5,1
2650,28086114,-1.395,0.320,-9.463,-1.797,-4.619,4.725,176.413,8.449,0.033,-0.142,4.725,4.637925,-74.084463,0.08,5,1
2651,28096110,-1.403,0.315,-9.463,-2.834,-4.375,5.366,176.505,8.396,0.032,-0.143,5.366,4.637925,-74.084463,0.08,5,1
2652,28106117,-1.388,0.276,-9.449,-3.475,-3.887,5.701,176.601,8.347,0.028,-0.142,5.701,4.637925,-74.084463,0.08,5,1
2653,28116119,-1.312,0.255,-9.422,-4.055,-3.795,5.274,176.695,8.269,0.026,-0.134,5.274,4.637925,-74.084463,0.08,5,1
2654,28126120,-1.217,0.274,-9.307,-4.513,-4.222,4.297,176.766,8.157,0.028,-0.124,4.297,4.637925,-74.084463,0.08,5,1
2655,28136112,-1.155,0.341,-9.211,-4.726,-5.718,3.290,176.797,8.016,0.035,-0.118,3.290,4.637925,-74.084463,0.08,5,1
2656,28146130,-1.157,0.462,-9.295,-4.696,-8.159,2.405,176.771,7.859,0.047,-0.118,2.405,4.637925,-74.084463,0.08,5,1
2657,28156108,-1.260,0.570,-9.394,-4.238,-10.600,2.131,176.702,7.733,0.058,-0.128,2.131,4.637925,-74.084463,0.08,5,1
2658,28166121,-1.436,0.587,-9.506,-3.567,-12.371,2.100,176.641,7.673,0.060,-0.146,2.100,4.637925,-74.084463,0.08,5,1
2659,28176108,-1.605,0.493,-9.665,-3.017,-12.950,2.405,176.636,7.676,0.050,-0.164,2.405,4.637925,-74.084463,0.08,5,1
2660,28186118,-1.770,0.353,-9.804,-2.895,-12.218,2.833,176.698,7.748,0.036,-0.180,2.833,4.637925,-74.084463,0.08,5,1
2661,28196109,-1.815,0.291,-9.859,-3.200,-10.753,2.741,176.781,7.843,0.030,-0.185,2.741,4.637925,-74.084463,0.08,5,1
2662,28206119,-1.832,0.298,-9.867,-3.628,-8.892,2.649,176.851,7.955,0.030,-0.187,2.649,4.637925,-74.084463,0.08,5,1
2663,28216118,-1.741,0.327,-9.773,-4.543,-7.244,2.527,176.893,8.041,0.033,-0.178,2.527,4.637925,-74.084463,0.08,5,1
2664,28226113,-1.639,0.467,-9.723,-5.306,-6.389,2.253,176.861,8.088,0.048,-0.167,2.253,4.637925,-74.084463,0.08,5,1
2665,28236122,-1.577,0.582,-9.715,-5.062,-6.298,2.131,176.782,8.105,0.059,-0.161,2.131,4.637925,-74.084463,0.08,5,1
2666,28246121,-1.562,0.553,-9.718,-4.421,-6.633,2.253,176.727,8.111,0.056,-0.159,2.253,4.637925,-74.084463,0.08,5,1
2667,28256116,-1.581,0.496,-9.737,-3.780,-7.060,2.222,176.709,8.120,0.051,-0.161,2.222,4.637925,-74.084463,0.08,5,1
2668,28266110,-1.610,0.390,-9.747,-3.750,-7.183,2.283,176.741,8.139,0.040,-0.164,2.283,4.637925,-74.084463,0.08,5,1
2669,28276097,-1.622,0.286,-9.780,-4.543,-7.213,2.314,176.810,8.160,0.029,-0.165,2.314,4.637925,-74.084463,0.08,5,1
2670,28286107,-1.622,0.288,-9.747,-6.130,-6.755,2.375,176.857,8.186,0.029,-0.165,2.375,4.637925,-74.084463,0.08,5,1
2671,28297968,-1.572,0.406,-9.701,-7.686,-6.481,2.711,176.819,8.182,0.041,-0.160,2.711,4.637925,-74.084463,0.08,5,1
2672,28306105,-1.550,0.549,-9.667,-8.663,-6.511,3.260,176.724,8.183,0.056,-0.158,3.260,4.637925,-74.084463,0.08,5,1
2673,28316117,-1.565,0.616,-9.653,-8.510,-6.725,3.473,176.606,8.189,0.063,-0.160,3.473,4.637925,-74.084463,0.08,5,1
2674,28326109,-1.603,0.660,-9.646,-7.717,-6.664,3.504,176.485,8.212,0.067,-0.163,3.504,4.637925,-74.084463,0.08,5,1
2675,28336098,-1.610,0.582,-9.610,-6.557,-6.267,3.229,176.417,8.243,0.059,-0.164,3.229,4.637925,-74.084463,0.08,5,1
2676,28346108,-1.643,0.551,-9.595,-5.855,-5.718,2.985,176.376,8.293,0.056,-0.168,2.985,4.637925,-74.084463,0.08,5,1
2677,28356098,-1.663,0.570,-9.586,-6.344,-5.077,3.046,176.324,8.353,0.058,-0.170,3.046,4.637925,-74.084463,0.08,5,1
2678,28366100,-1.608,0.529,-9.511,-7.198,-4.161,3.657,176.285,8.400,0.054,-0.164,3.657,4.637925,-74.084463,0.08,5,1
2679,28376116,-1.465,0.570,-9.269,-9.762,-3.368,4.603,176.199,8.402,0.058,-0.149,4.603,4.637925,-74.084463,0.08,5,1
2680,28386108,-1.245,0.751,-9.052,-12.935,-3.642,5.640,175.998,8.313,0.077,-0.127,5.640,4.637925,-74.084463,0.08,5,1
2681,28396098,-1.076,1.053,-8.877,-15.163,-5.931,6.434,175.636,8.138,0.107,-0.110,6.434,4.637925,-74.084463,0.08,5,1
2682,28406108,-1.102,1.351,-8.944,-15.255,-10.051,6.556,175.161,7.945,0.138,-0.112,6.556,4.637925,-74.084463,0.08,5,1
2683,28416103,-1.291,1.525,-9.139,-13.302,-14.507,6.403,174.674,7.800,0.156,-0.132,6.403,4.637925,-74.084463,0.08,5,1
2684,28426119,-1.574,1.499,-9.369,-10.952,-17.345,6.464,174.274,7.754,0.153,-0.161,6.464,4.637925,-74.084463,0.08,5,1
2685,28436116,-1.863,1.417,-9.574,-9.456,-18.108,6.922,173.970,7.817,0.144,-0.190,6.922,4.637925,-74.084463,0.08,5,1
2686,28446108,-2.063,1.426,-9.730,-8.907,-17.681,7.624,173.701,7.952,0.145,-0.210,7.624,4.637925,-74.084463,0.08,5,1
2687,28456098,-2.175,1.605,-9.821,-8.480,-16.338,8.631,173.384,8.127,0.164,-0.222,8.631,4.637925,-74.084463,0.08,5,1
2688,28466105,-2.275,1.834,-9.936,-7.412,-14.812,10.431,173.012,8.330,0.187,-0.232,10.431,4.637925,-74.084463,0.08,5,1
2689,28476098,-2.304,1.887,-10.030,-4.787,-12.554,12.659,172.677,8.540,0.192,-0.235,12.659,4.637925,-74.084463,0.08,5,1
2690,28486115,-2.306,1.747,-10.030,-0.973,-9.777,14.521,172.461,8.763,0.178,-0.235,14.521,4.637925,-74.084463,0.08,5,1
2691,28496118,-2.280,1.501,-10.052,2.598,-7.091,15.772,172.402,8.986,0.153,-0.233,15.772,4.637925,-74.084463,0.08,5,1
2692,28506110,-2.175,1.255,-9.999,5.650,-4.741,16.169,172.477,9.177,0.128,-0.222,16.169,4.637925,-74.084463,0.08,5,1
2693,28516108,-2.046,1.171,-9.867,8.000,-3.337,16.199,172.598,9.326,0.119,-0.209,16.199,4.637925,-74.084463,0.08,5,1
2694,28526120,-1.968,1.106,-9.766,10.288,-3.246,16.199,172.754,9.439,0.113,-0.201,16.199,4.637925,-74.084463,0.08,5,1
2695,28536098,-1.949,0.937,-9.787,12.455,-3.978,16.443,172.994,9.529,0.096,-0.199,16.443,4.637925,-74.084463,0.08,5,1
2696,28546127,-1.992,0.693,-9.809,13.310,-4.894,16.871,173.332,9.622,0.071,-0.203,16.871,4.637925,-74.084463,0.08,5,1
2697,28556111,-2.137,0.512,-9.852,12.425,-5.840,17.542,173.718,9.758,0.052,-0.218,17.542,4.637925,-74.084463,0.08,5,1
2698,28566115,-2.290,0.431,-9.989,10.166,-6.084,18.458,174.093,9.934,0.044,-0.233,18.458,4.637925,-74.084463,0.08,5,1
2699,28576123,-2.418,0.512,-10.064,6.931,-5.321,19.739,174.375,10.148,0.052,-0.247,19.739,4.637925,-74.084463,0.08,5,1
2700,28586116,-2.516,0.802,-10.172,4.246,-3.887,21.692,174.489,10.387,0.082,-0.257,21.692,4.637925,-74.084463,0.08,5,1
2701,28601549,-2.464,0.836,-10.417,6.779,1.362,26.789,174.642,10.622,0.085,-0.251,26.789,4.637925,-74.084463,0.08,5,1
2702,28606125,-2.464,0.836,-10.417,6.779,1.362,26.789,174.755,10.835,0.085,-0.251,26.789,4.637925,-74.084463,0.08,5,1
2703,28616114,-2.271,0.496,-10.208,9.953,4.078,27.918,175.030,10.997,0.051,-0.232,27.918,4.637927,-74.084452,0.10,5,1
2704,28626179,-2.123,0.199,-10.061,11.479,5.757,27.216,175.425,11.114,0.020,-0.216,27.216,4.637927,-74.084452,0.10,5,1
2705,28636112,-1.918,-0.085,-9.953,12.089,5.726,24.805,175.921,11.143,-0.009,-0.196,24.805,4.637927,-74.084452,0.10,5,1
2706,28646112,-1.872,-0.069,-10.018,11.051,4.658,20.960,176.360,11.135,-0.007,-0.191,20.960,4.637927,-74.084452,0.10,5,1
2707,28656113,-1.934,0.177,-9.590,9.739,3.926,16.901,176.640,11.184,0.018,-0.197,16.901,4.637927,-74.084452,0.10,5,1
2708,28666129,-1.941,0.763,-9.432,7.054,1.698,14.490,176.597,11.223,0.078,-0.198,14.490,4.637927,-74.084452,0.10,5,1
2709,28676119,-1.965,1.356,-9.302,5.039,-1.567,14.673,176.256,11.246,0.138,-0.200,14.673,4.637927,-74.084452,0.10,5,1
2710,28686119,-2.061,1.814,-9.189,4.185,-5.199,17.206,175.712,11.279,0.185,-0.210,17.206,4.637927,-74.084452,0.10,5,1
2711,28696115,-2.194,2.000,-9.281,5.131,-8.800,21.296,175.143,11.324,0.204,-0.224,21.296,4.637927,-74.084452,0.10,5,1
2712,28706121,-2.397,1.817,-9.432,8.274,-11.730,24.866,174.745,11.414,0.185,-0.244,24.866,4.637927,-74.084452,0.10,5,1
2713,28716117,-2.623,1.368,-9.605,12.669,-13.194,26.301,174.632,11.570,0.140,-0.268,26.301,4.637927,-74.084452,0.10,5,1
2714,28726120,-2.824,0.942,-9.749,17.307,-12.920,24.714,174.770,11.789,0.096,-0.288,24.714,4.637927,-74.084452,0.10,5,1
2715,28736113,-2.972,0.696,-9.876,22.007,-11.180,20.594,175.054,12.055,0.071,-0.303,20.594,4.637927,-74.084452,0.10,5,1
2716,28746115,-3.036,0.647,-9.903,25.700,-8.068,15.864,175.373,12.353,0.066,-0.310,15.864,4.637927,-74.084452,0.10,5,1
2717,28756121,-3.003,0.787,-9.819,28.141,-4.497,11.835,175.626,12.656,0.080,-0.306,11.835,4.637927,-74.084452,0.10,5,1
2718,28766116,-2.850,1.057,-9.708,29.392,-1.354,9.791,175.746,12.913,0.108,-0.291,9.791,4.637927,-74.084452,0.10,5,1
2719,28776113,-2.633,1.195,-9.523,29.728,0.416,10.035,175.788,13.096,0.122,-0.268,10.035,4.637927,-74.084452,0.10,5,1
2720,28786116,-2.433,1.243,-9.386,28.629,-0.163,12.263,175.787,13.188,0.127,-0.248,12.263,4.637927,-74.084452,0.10,5,1
2721,28796118,-2.361,1.228,-9.329,27.805,-3.002,14.612,175.781,13.222,0.125,-0.241,14.612,4.637927,-74.084452,0.10,5,1
2722,28806124,-2.488,1.296,-9.494,27.134,-6.816,15.803,175.749,13.254,0.132,-0.254,15.803,4.637927,-74.084452,0.10,5,1
2723,28816111,-2.726,1.318,-9.809,28.141,-9.868,15.772,175.738,13.320,0.134,-0.278,15.772,4.637927,-74.084452,0.10,5,1
2724,28826117,-3.019,1.171,-10.152,30.583,-10.662,14.216,175.833,13.454,0.119,-0.308,14.216,4.637927,-74.084452,0.10,5,1
2725,28836114,-3.289,0.850,-10.580,33.909,-8.617,11.561,176.102,13.655,0.087,-0.335,11.561,4.637927,-74.084452,0.10,5,1
2726,28846141,-3.379,0.394,-10.806,36.656,-3.551,8.234,176.568,13.898,0.040,-0.345,8.234,4.637927,-74.084452,0.10,5,1
2727,28856124,-3.284,0.141,-10.717,36.808,3.071,4.236,177.102,14.160,0.014,-0.335,4.236,4.637927,-74.084452,0.10,5,1
2728,28866117,-3.041,0.035,-10.515,35.099,8.809,0.208,177.622,14.385,0.004,-0.310,0.208,4.637927,-74.084452,0.10,5,1
2729,28876111,-2.669,0.182,-10.032,32.505,12.196,-3.790,178.013,14.530,0.019,-0.272,-3.790,4.637927,-74.084452,0.10,5,1
2730,28886115,-2.342,0.471,-9.931,28.965,12.288,-7.208,178.214,14.540,0.048,-0.239,-7.208,4.637927,-74.084452,0.10,5,1
2731,28896131,-2.197,0.729,-9.564,26.341,9.968,-10.137,178.250,14.500,0.074,-0.224,-10.137,4.637927,-74.084452,0.10,5,1
2732,28906115,-2.147,0.920,-9.381,23.655,5.269,-11.907,178.163,14.415,0.094,-0.219,-11.907,4.637927,-74.084452,0.10,5,1
2733,28916123,-2.166,1.149,-9.360,19.016,-0.255,-11.511,177.933,14.293,0.117,-0.221,-11.511,4.637927,-74.084452,0.10,5,1
2734,28926115,-2.254,1.320,-9.230,12.821,-5.809,-8.947,177.577,14.179,0.135,-0.230,-8.947,4.637927,-74.084452,0.10,5,1
2735,28936121,-2.416,1.605,-9.199,5.558,-11.363,-4.644,177.046,14.092,0.164,-0.246,-4.644,4.637927,-74.084452,0.10,5,1
2736,28948402,-2.676,1.841,-9.300,-0.912,-16.765,0.513,176.382,14.024,0.188,-0.273,0.513,4.637927,-74.084452,0.10,5,1
2737,28956115,-2.960,2.106,-9.509,-6.191,-20.397,5.427,175.626,14.052,0.215,-0.302,5.427,4.637927,-74.084452,0.10,5,1
2738,28966114,-3.327,2.207,-9.862,-8.205,-21.892,9.424,174.901,14.166,0.225,-0.339,9.424,4.637927,-74.084452,0.10,5,1
2739,28976115,-3.623,2.135,-10.148,-8.419,-19.817,12.263,174.288,14.369,0.218,-0.369,12.263,4.637927,-74.084452,0.10,5,1
2740,28986123,-3.723,1.985,-10.376,-6.588,-14.293,13.331,173.820,14.619,0.202,-0.380,13.331,4.637927,-74.084452,0.10,5,1
2741,28996115,-3.615,1.899,-10.393,-4.055,-6.542,12.934,173.449,14.881,0.194,-0.369,12.934,4.637927,-74.084452,0.10,5,1
2742,29006113,-3.353,1.877,-10.205,-1.095,0.966,11.316,173.128,15.116,0.191,-0.342,11.316,4.637927,-74.084452,0.10,5,1
2743,29016110,-2.995,1.976,-9.987,1.743,6.489,9.394,172.800,15.268,0.201,-0.305,9.394,4.637927,-74.084452,0.10,5,1
2744,29026134,-2.602,2.077,-9.730,4.063,9.816,8.021,172.452,15.306,0.212,-0.265,8.021,4.637927,-74.084452,0.10,5,1
2745,29036115,-2.302,2.070,-9.386,5.894,10.762,7.685,172.119,15.259,0.211,-0.235,7.685,4.637927,-74.084452,0.10,5,1
2746,29046114,-2.111,2.031,-9.235,6.321,9.205,8.417,171.818,15.133,0.207,-0.215,8.417,4.637927,-74.084452,0.10,5,1
2747,29056108,-2.023,1.952,-9.281,5.314,6.489,10.035,171.570,14.950,0.199,-0.206,10.035,4.637927,-74.084452,0.10,5,1
2748,29066117,-2.049,1.802,-9.312,3.666,3.926,12.263,171.398,14.769,0.184,-0.209,12.263,4.637927,-74.084452,0.10,5,1
2749,29076129,-2.118,1.631,-9.434,2.018,1.942,14.124,171.310,14.605,0.166,-0.216,14.124,4.637927,-74.084452,0.10,5,1
2750,29086124,-2.156,1.409,-9.533,0.828,0.783,14.887,171.326,14.454,0.144,-0.220,14.887,4.637927,-74.084452,0.10,5,1
2751,29096115,-2.199,1.238,-9.554,-0.027,0.081,14.673,171.411,14.326,0.126,-0.224,14.673,4.637927,-74.084452,0.10,5,1
2752,29106123,-2.189,0.992,-9.482,-0.698,-0.713,13.819,171.590,14.207,0.101,-0.223,13.819,4.637927,-74.084452,0.10,5,1
2753,29116123,-2.209,0.838,-9.384,-2.193,-2.117,12.110,171.809,14.103,0.085,-0.225,12.110,4.637927,-74.084452,0.10,5,1
2754,29126127,-2.259,0.889,-9.406,-4.360,-4.680,10.035,171.969,14.003,0.091,-0.230,10.035,4.637927,-74.084452,0.10,5,1
2755,29136109,-2.430,1.120,-9.463,-6.283,-7.854,8.631,171.996,13.948,0.114,-0.248,8.631,4.637927,-74.084452,0.10,5,1
2756,29146114,-2.581,1.404,-9.528,-7.747,-10.967,8.814,171.882,13.920,0.143,-0.263,8.814,4.637927,-74.084452,0.10,5,1
2757,29156124,-2.738,1.542,-9.638,-8.602,-13.652,10.676,171.715,13.921,0.157,-0.279,10.676,4.637927,-74.084452,0.10,5,1
2758,29166124,-2.888,1.566,-9.703,-8.968,-15.758,13.178,171.551,13.957,0.160,-0.295,13.178,4.637927,-74.084452,0.10,5,1
2759,29176108,-3.091,1.515,-9.809,-8.663,-17.314,15.406,171.432,14.046,0.155,-0.315,15.406,4.637927,-74.084452,0.10,5,1
2760,29186113,-3.310,1.470,-10.016,-7.320,-18.413,16.718,171.368,14.179,0.150,-0.338,16.718,4.637927,-74.084452,0.10,5,1
2761,29196108,-3.537,1.332,-10.198,-4.635,-18.199,17.237,171.402,14.372,0.136,-0.361,17.237,4.637927,-74.084452,0.10,5,1
2762,29206128,-3.747,1.065,-10.412,-1.003,-16.124,16.657,171.590,14.623,0.109,-0.382,16.657,4.637927,-74.084452,0.10,5,1
2763,29216111,-3.963,0.727,-10.587,2.537,-12.432,15.101,171.943,14.950,0.074,-0.404,15.101,4.637927,-74.084452,0.10,5,1
2764,29226116,-4.066,0.493,-10.726,5.009,-7.366,12.995,172.390,15.318,0.050,-0.415,12.995,4.637927,-74.084452,0.10,5,1
2765,29236107,-4.085,0.416,-10.719,6.504,-1.598,10.859,172.849,15.720,0.042,-0.417,10.859,4.637927,-74.084452,0.10,5,1
2766,29246119,-3.963,0.443,-10.551,7.450,4.475,9.333,173.267,16.127,0.045,-0.404,9.333,4.637927,-74.084452,0.10,5,1
2767,29256117,-3.761,0.570,-10.328,7.786,9.938,8.997,173.599,16.508,0.058,-0.383,8.997,4.637927,-74.084452,0.10,5,1
2768,29266112,-3.463,0.585,-10.184,7.481,14.424,9.974,173.894,16.807,0.060,-0.353,9.974,4.637927,-74.084452,0.10,5,1
2769,29276112,-3.165,0.459,-9.780,7.206,17.415,10.828,174.209,17.048,0.047,-0.323,10.828,4.637927,-74.084452,0.10,5,1
2770,29300233,-2.554,0.064,-9.557,6.199,15.950,9.516,174.769,17.212,0.007,-0.260,9.516,4.637927,-74.084452,0.10,5,1
2771,29301571,-2.554,0.064,-9.557,6.199,15.950,9.516,175.252,17.238,0.007,-0.260,9.516,4.637927,-74.084452,0.10,5,1
2772,29306116,-2.554,0.064,-9.557,6.199,15.950,9.516,175.665,17.187,0.007,-0.260,9.516,4.637927,-74.084452,0.10,5,1
2773,29316114,-2.540,-0.110,-9.550,5.253,14.515,7.776,176.115,17.125,-0.011,-0.259,7.776,4.637927,-74.084452,0.10,5,1
2774,29326112,-2.547,-0.110,-9.617,3.361,13.569,6.037,176.506,17.056,-0.011,-0.260,6.037,4.637927,-74.084452,0.10,5,1
2775,29336110,-2.516,-0.160,-9.648,1.347,12.959,4.481,176.867,16.972,-0.016,-0.257,4.481,4.637927,-74.084452,0.10,5,1
2776,29346104,-2.480,-0.170,-9.569,-1.064,12.684,2.894,177.179,16.887,-0.017,-0.253,2.894,4.637927,-74.084452,0.10,5,1
2777,29356100,-2.428,-0.122,-9.482,-4.116,11.983,1.459,177.414,16.790,-0.012,-0.248,1.459,4.637927,-74.084452,0.10,5,1
2778,29366121,-2.361,0.066,-9.338,-6.954,10.670,0.422,177.511,16.677,0.007,-0.241,0.422,4.637927,-74.084452,0.10,5,1
2779,29376120,-2.356,0.223,-9.223,-9.823,8.870,-0.189,177.495,16.568,0.023,-0.240,-0.189,4.637927,-74.084452,0.10,5,1
2780,29386114,-2.414,0.498,-9.199,-12.508,6.428,-0.280,177.322,16.473,0.051,-0.246,-0.280,4.637927,-74.084452,0.10,5,1
2781,29396117,-2.478,0.703,-9.213,-14.095,4.170,-0.280,177.049,16.392,0.072,-0.253,-0.280,4.637927,-74.084452,0.10,5,1
2782,29406111,-2.604,0.819,-9.223,-14.950,2.369,-0.280,176.734,16.355,0.083,-0.266,-0.280,4.637927,-74.084452,0.10,5,1
2783,29416107,-2.736,1.014,-9.247,-15.255,0.905,-0.372,176.349,16.360,0.103,-0.279,-0.372,4.637927,-74.084452,0.10,5,1
2784,29426123,-2.836,1.192,-9.384,-14.248,0.447,-0.280,175.927,16.383,0.122,-0.289,-0.280,4.637927,-74.084452,0.10,5,1
2785,29436119,-2.883,1.214,-9.408,-11.776,1.546,-0.067,175.553,16.432,0.124,-0.294,-0.067,4.637927,-74.084452,0.10,5,1
2786,29446114,-2.902,1.062,-9.454,-8.968,3.651,-0.189,175.307,16.501,0.108,-0.296,-0.189,4.637927,-74.084452,0.10,5,1
2787,29456109,-2.840,0.874,-9.461,-6.771,6.367,-0.830,175.187,16.565,0.089,-0.290,-0.830,4.637927,-74.084452,0.10,5,1
2788,29466123,-2.666,0.698,-9.307,-5.092,8.442,-2.600,175.169,16.590,0.071,-0.272,-2.600,4.637927,-74.084452,0.10,5,1
2789,29476117,-2.528,0.681,-9.182,-4.085,9.022,-5.224,175.164,16.572,0.069,-0.258,-5.224,4.637927,-74.084452,0.10,5,1
2790,29486112,-2.461,0.864,-9.149,-3.750,7.893,-7.696,175.074,16.518,0.088,-0.251,-7.696,4.637927,-74.084452,0.10,5,1
2791,29496108,-2.411,1.045,-9.199,-3.750,6.093,-8.856,174.908,16.421,0.107,-0.246,-8.856,4.637927,-74.084452,0.10,5,1
2792,29506121,-2.313,1.342,-9.156,-4.299,4.780,-8.276,174.608,16.277,0.137,-0.236,-8.276,4.637927,-74.084452,0.10,5,1
2793,29516120,-2.225,1.482,-9.137,-4.818,3.407,-5.621,174.259,16.091,0.151,-0.227,-5.621,4.637927,-74.084452,0.10,5,1
2794,29526112,-2.113,1.426,-9.206,-4.665,1.515,-2.966,173.969,15.845,0.145,-0.215,-2.966,4.637927,-74.084452,0.10,5,1
2795,29536109,-2.149,1.139,-9.314,-3.078,-0.621,-2.233,173.856,15.608,0.116,-0.219,-2.233,4.637927,-74.084452,0.10,5,1
2796,29546122,-2.261,0.761,-9.475,-0.942,-2.727,-3.851,173.954,15.406,0.078,-0.231,-3.851,4.637927,-74.084452,0.10,5,1
2797,29556119,-2.437,0.452,-9.672,1.225,-4.375,-7.726,174.211,15.261,0.046,-0.249,-7.726,4.637927,-74.084452,0.10,5,1
2798,29566113,-2.669,0.370,-9.831,2.323,-4.894,-12.304,174.498,15.203,0.038,-0.272,-12.304,4.637927,-74.084452,0.10,5,1
2799,29576114,-2.859,0.476,-9.907,2.018,-4.192,-15.600,174.715,15.226,0.049,-0.292,-15.600,4.637927,-74.084452,0.10,5,1
2800,29586118,-2.986,0.698,-9.958,0.309,-2.422,-16.119,174.803,15.306,0.071,-0.304,-16.119,4.637927,-74.084452,0.10,5,1
2801,29612047,-2.509,0.775,-9.331,-9.273,5.116,-6.689,174.591,15.385,0.079,-0.256,-6.689,4.637927,-74.084452,0.10,5,1
2802,29613475,-2.509,0.775,-9.331,-9.273,5.116,-6.689,174.482,15.422,0.079,-0.256,-6.689,4.637927,-74.084452,0.10,5,1
2803,29616116,-2.509,0.775,-9.331,-9.273,5.116,-6.689,174.451,15.426,0.079,-0.256,-6.689,4.637927,-74.084452,0.10,5,1
2804,29626177,-2.132,0.778,-9.028,-11.532,4.933,-5.194,174.386,15.281,0.079,-0.217,-5.194,4.637927,-74.084452,0.10,5,1
2805,29636116,-1.810,0.889,-8.807,-12.234,2.064,-5.499,174.250,14.984,0.091,-0.185,-5.499,4.637927,-74.084452,0.10,5,1
2806,29646118,-1.670,1.079,-8.695,-10.982,-3.093,-7.513,174.029,14.605,0.110,-0.170,-7.513,4.637927,-74.084452,0.10,5,1
2807,29656114,-1.729,1.216,-8.755,-8.175,-9.197,-10.015,173.784,14.227,0.124,-0.176,-10.015,4.637927,-74.084452,0.10,5,1
2808,29666123,-1.875,1.269,-8.995,-4.940,-14.690,-11.877,173.581,13.879,0.129,-0.191,-11.877,4.637922,-74.084488,0.06,5,1
2809,29676128,-2.116,1.166,-9.156,-2.590,-18.016,-12.762,173.478,13.629,0.119,-0.216,-12.762,4.637922,-74.084488,0.06,5,1
2810,29686116,-2.347,1.134,-9.410,-2.132,-19.878,-12.640,173.419,13.461,0.116,-0.239,-12.640,4.637922,-74.084488,0.06,5,1
2811,29696106,-2.576,1.204,-9.682,-2.437,-20.030,-11.480,173.344,13.374,0.123,-0.263,-11.480,4.637922,-74.084488,0.06,5,1
2812,29706126,-2.685,1.330,-9.960,-2.865,-18.321,-9.161,173.231,13.323,0.136,-0.274,-9.161,4.637922,-74.084488,0.06,5,1
2813,29716115,-2.721,1.257,-10.071,-2.651,-14.781,-6.079,173.168,13.312,0.128,-0.277,-6.079,4.637922,-74.084488,0.06,5,1
2814,29726129,-2.597,1.021,-10.052,-1.888,-10.417,-3.607,173.219,13.295,0.104,-0.265,-3.607,4.637922,-74.084488,0.06,5,1
2815,29736115,-2.428,0.778,-9.992,-0.728,-6.664,-2.752,173.381,13.252,0.079,-0.248,-2.752,4.637922,-74.084488,0.06,5,1
2816,29746125,-2.254,0.597,-9.910,0.797,-4.009,-3.820,173.622,13.173,0.061,-0.230,-3.820,4.637922,-74.084488,0.06,5,1
2817,29756112,-2.237,0.382,-9.787,2.995,-2.788,-6.780,173.958,13.117,0.039,-0.228,-6.780,4.637922,-74.084488,0.06,5,1
2818,29766126,-2.282,0.428,-9.778,5.314,-2.788,-10.778,174.269,13.085,0.044,-0.233,-10.778,4.637922,-74.084488,0.06,5,1
2819,29776122,-2.435,0.650,-9.720,6.962,-3.002,-13.464,174.468,13.124,0.066,-0.248,-13.464,4.637922,-74.084488,0.06,5,1
2820,29786107,-2.628,0.729,-9.761,7.298,-2.757,-13.189,174.621,13.239,0.074,-0.268,-13.189,4.637922,-74.084488,0.06,6,1
2821,29796122,-2.793,0.698,-9.713,6.779,-1.354,-10.687,174.769,13.432,0.071,-0.285,-10.687,4.637922,-74.084488,0.06,6,1
2822,29806116,-2.855,0.580,-9.653,5.589,0.844,-7.025,174.947,13.665,0.059,-0.291,-7.025,4.637922,-74.084488,0.06,6,1
2823,29816111,-2.750,0.363,-9.538,3.727,3.773,-3.393,175.191,13.878,0.037,-0.280,-3.393,4.637922,-74.084488,0.06,6,1
2824,29826116,-2.490,0.216,-9.300,1.713,6.825,-1.104,175.462,14.020,0.022,-0.254,-1.104,4.637922,-74.084488,0.06,6,1
2825,29836115,-2.101,0.283,-9.026,0.401,8.748,-0.799,175.664,14.024,0.029,-0.214,-0.799,4.637922,-74.084488,0.06,6,1
2826,29846127,-1.763,0.445,-8.908,0.797,8.534,-1.959,175.773,13.879,0.045,-0.180,-1.959,4.637922,-74.084488,0.06,6,1
2827,29856126,-1.481,0.701,-8.810,2.690,6.398,-3.607,175.762,13.597,0.071,-0.151,-3.607,4.637922,-74.084488,0.06,6,1
2828,29866111,-1.157,0.766,-8.752,5.222,2.736,-4.614,175.741,13.150,0.078,-0.118,-4.614,4.637922,-74.084488,0.06,6,1
2829,29876118,-0.978,0.587,-8.642,7.328,-2.483,-5.316,175.826,12.607,0.060,-0.100,-5.316,4.637922,-74.084488,0.06,6,1
2830,29886127,-0.911,0.539,-8.752,7.725,-9.044,-6.140,175.936,12.006,0.055,-0.093,-6.140,4.637922,-74.084488,0.06,6,1
2831,29896107,-1.054,0.556,-8.988,7.633,-16.155,-6.536,176.035,11.443,0.057,-0.108,-6.536,4.637922,-74.084488,0.06,6,1
2832,29906123,-1.379,0.693,-9.199,7.115,-22.533,-5.956,176.063,11.003,0.071,-0.141,-5.956,4.637922,-74.084488,0.06,6,1
2833,29916107,-1.763,0.802,-9.638,5.955,-27.019,-3.881,176.045,10.694,0.082,-0.180,-3.881,4.637922,-74.084488,0.06,6,1
2834,29926110,-2.192,0.662,-10.008,5.528,-28.636,-1.104,176.098,10.547,0.067,-0.224,-1.104,4.637922,-74.084488,0.06,6,1
2835,29936103,-2.585,0.445,-10.347,5.955,-27.721,0.757,176.251,10.549,0.045,-0.264,0.757,4.637922,-74.084488,0.06,6,1
2836,29948213,-2.957,-0.240,-10.784,9.342,-18.871,-0.768,176.731,10.702,-0.024,-0.302,-0.768,4.637922,-74.084488,0.06,6,1
2837,29956123,-2.957,-0.240,-10.784,9.342,-18.871,-0.768,177.157,10.878,-0.024,-0.302,-0.768,4.637922,-74.084488,0.06,6,1
2838,29966124,-2.938,-0.471,-10.717,10.349,-13.439,-4.186,177.656,11.090,-0.048,-0.300,-4.186,4.637922,-74.084488,0.06,6,1
2839,29976129,-2.819,-0.351,-10.604,10.014,-9.258,-7.788,178.064,11.290,-0.036,-0.287,-7.788,4.637922,-74.084488,0.06,6,1
2840,29986126,-2.712,-0.097,-10.465,9.159,-6.359,-9.954,178.328,11.473,-0.010,-0.277,-9.954,4.637922,-74.084488,0.06,6,1
2841,29996117,-2.621,0.197,-10.321,7.420,-5.260,-9.893,178.430,11.632,0.020,-0.267,-9.893,4.637922,-74.084488,0.06,6,1
2842,30006109,-2.571,0.440,-10.309,5.345,-5.290,-8.001,178.402,11.758,0.045,-0.262,-8.001,4.637922,-74.084488,0.06,6,1
2843,30016106,-2.662,0.508,-10.366,3.605,-5.535,-4.766,178.332,11.902,0.052,-0.271,-4.766,4.637922,-74.084488,0.06,6,1
2844,30026124,-2.774,0.414,-10.448,2.262,-5.046,-1.837,178.296,12.075,0.042,-0.283,-1.837,4.637922,-74.084488,0.06,6,1
2845,30036125,-2.843,0.298,-10.493,1.499,-3.246,-0.067,178.305,12.275,0.030,-0.290,-0.067,4.637922,-74.084488,0.06,6,1
2846,30046129,-2.819,0.175,-10.575,1.652,-0.438,0.300,178.367,12.467,0.018,-0.287,0.300,4.637922,-74.084488,0.06,6,1
2847,30056118,-2.719,0.021,-10.501,2.598,2.888,-0.341,178.497,12.645,0.002,-0.277,-0.341,4.637922,-74.084488,0.06,6,1
2848,30066108,-2.554,-0.102,-10.316,3.666,5.696,-1.684,178.678,12.788,-0.010,-0.260,-1.684,4.637922,-74.084488,0.06,6,1
2849,30076130,-2.375,-0.165,-10.119,4.307,7.618,-3.515,178.880,12.885,-0.017,-0.242,-3.515,4.637922,-74.084488,0.06,6,1
2850,30086140,-2.230,-0.206,-9.963,3.971,8.595,-4.858,179.082,12.938,-0.021,-0.227,-4.858,4.637922,-74.084488,0.06,6,1
2851,30096114,-2.144,-0.105,-9.843,2.537,9.022,-5.285,179.212,12.965,-0.011,-0.219,-5.285,4.637922,-74.084488,0.06,6,1
2852,30106128,-2.039,-0.011,-9.701,0.218,9.205,-4.522,179.268,12.961,-0.001,-0.208,-4.522,4.637922,-74.084488,0.06,6,1
2853,30116117,-1.927,0.088,-9.586,-2.468,9.114,-3.027,179.251,12.917,0.009,-0.197,-3.027,4.637922,-74.084488,0.06,6,1
2854,30126126,-1.803,0.170,-9.562,-4.696,8.748,-1.470,179.176,12.821,0.017,-0.184,-1.470,4.637922,-74.084488,0.06,6,1
2855,30136123,-1.717,0.189,-9.492,-6.100,7.832,-0.341,179.085,12.691,0.019,-0.175,-0.341,4.637922,-74.084488,0.06,6,1
2856,30146110,-1.694,0.180,-9.442,-6.283,6.276,-0.006,179.003,12.550,0.018,-0.173,-0.006,4.637922,-74.084488,0.06,6,1
2857,30156113,-1.746,0.160,-9.470,-5.825,4.597,-0.433,178.941,12.426,0.016,-0.178,-0.433,4.637922,-74.084488,0.06,6,1
2858,30166113,-1.851,0.107,-9.478,-5.001,3.071,-1.837,178.915,12.343,0.011,-0.189,-1.837,4.637922,-74.084488,0.06,6,1
2859,30176131,-2.042,0.066,-9.547,-3.902,1.942,-3.668,178.921,12.333,0.007,-0.208,-3.668,4.637922,-74.084488,0.06,6,1
2860,30186118,-2.249,0.054,-9.629,-2.773,1.546,-5.468,178.942,12.403,0.006,-0.229,-5.468,4.637922,-74.084488,0.06,6,1
2861,30196114,-2.426,0.095,-9.626,-2.560,1.973,-6.811,178.946,12.548,0.010,-0.247,-6.811,4.637922,-74.084488,0.06,6,1
2862,30206133,-2.528,0.187,-9.578,-3.200,2.827,-6.841,178.901,12.739,0.019,-0.258,-6.841,4.637922,-74.084488,0.06,6,1
2863,30216125,-2.542,0.300,-9.557,-4.574,3.651,-5.743,178.795,12.930,0.031,-0.259,-5.743,4.637922,-74.084488,0.06,6,1
2864,30226107,-2.530,0.351,-9.509,-6.344,4.048,-3.698,178.656,13.111,0.036,-0.258,-3.698,4.637922,-74.084488,0.06,6,1
2865,30236105,-2.540,0.382,-9.466,-7.564,3.834,-1.531,178.502,13.286,0.039,-0.259,-1.531,4.637922,-74.084488,0.06,6,1
2866,30246121,-2.592,0.283,-9.468,-8.205,3.316,0.208,178.399,13.464,0.029,-0.264,0.208,4.637922,-74.084488,0.06,6,1
2867,30256127,-2.666,0.165,-9.470,-8.510,2.705,1.032,178.356,13.656,0.017,-0.272,1.032,4.637922,-74.084488,0.06,6,1
2868,30266126,-2.743,0.148,-9.502,-8.633,2.492,1.032,178.322,13.859,0.015,-0.280,1.032,4.637922,-74.084488,0.06,6,1
2869,30276105,-2.778,0.132,-9.492,-8.510,2.675,0.788,178.301,14.066,0.013,-0.283,0.788,4.637922,-74.084488,0.06,6,1
2870,30288078,-2.859,0.033,-9.547,-8.114,4.139,0.727,178.315,14.306,0.003,-0.292,0.727,4.637922,-74.084488,0.06,6,1
2871,30296100,-2.859,0.033,-9.547,-8.114,4.139,0.727,178.345,14.521,0.003,-0.292,0.727,4.637922,-74.084488,0.06,6,1
2872,30306102,-2.867,-0.003,-9.547,-8.144,5.116,0.879,178.389,14.732,-0.000,-0.292,0.879,4.637922,-74.084488,0.06,6,1
2873,30316099,-2.859,0.013,-9.542,-8.175,6.276,1.124,178.421,14.934,0.001,-0.292,1.124,4.637922,-74.084488,0.06,6,1
2874,30326102,-2.795,0.004,-9.554,-8.327,7.618,1.642,178.453,15.104,0.000,-0.285,1.642,4.637922,-74.084488,0.06,6,1
2875,30336100,-2.719,-0.008,-9.506,-8.083,8.809,1.917,178.491,15.246,-0.001,-0.277,1.917,4.637922,-74.084488,0.06,6,1
2876,30346102,-2.638,-0.032,-9.480,-7.717,9.541,1.917,178.540,15.351,-0.003,-0.269,1.917,4.637922,-74.084488,0.06,6,1
2877,30356100,-2.535,-0.095,-9.470,-7.198,9.633,1.673,178.620,15.407,-0.010,-0.259,1.673,4.637922,-74.084488,0.06,6,1
2878,30366102,-2.428,-0.194,-9.418,-6.893,9.358,1.368,178.742,15.414,-0.020,-0.248,1.368,4.637922,-74.084488,0.06,6,1
2879,30376100,-2.359,-0.307,-9.420,-6.740,8.565,0.940,178.909,15.383,-0.031,-0.241,0.940,4.637922,-74.084488,0.06,6,1
2880,30386102,-2.371,-0.457,-9.466,-6.588,7.832,0.269,179.133,15.348,-0.047,-0.242,0.269,4.637922,-74.084488,0.06,6,1
2881,30396100,-2.414,-0.587,-9.557,-6.557,7.161,-0.738,179.398,15.316,-0.060,-0.246,-0.738,4.637922,-74.084488,0.06,6,1
2882,30406102,-2.423,-0.744,-9.626,-6.771,6.703,-1.867,179.709,15.279,-0.076,-0.247,-1.867,4.637922,-74.084488,0.06,6,1
2883,30416100,-2.478,-0.886,-9.557,-7.564,6.672,-3.149,180.057,15.273,-0.090,-0.253,-3.149,4.637922,-74.084488,0.06,6,1
2884,30426102,-2.459,-0.886,-9.506,-9.853,6.947,-4.339,180.359,15.268,-0.090,-0.251,-4.339,4.637922,-74.084488,0.06,6,1
2885,30436100,-2.368,-0.719,-9.458,-12.722,7.222,-4.919,180.537,15.234,-0.073,-0.241,-4.919,4.637922,-74.084488,0.06,6,1
2886,30446105,-2.294,-0.536,-9.355,-15.133,7.008,-4.827,180.597,15.180,-0.055,-0.234,-4.827,4.637922,-74.084488,0.06,6,1
2887,30456100,-2.232,-0.363,-9.278,-16.781,6.123,-4.705,180.558,15.104,-0.037,-0.228,-4.705,4.637922,-74.084488,0.06,6,1
2888,30466104,-2.213,-0.252,-9.228,-16.964,4.414,-4.583,180.469,15.015,-0.026,-0.226,-4.583,4.637922,-74.084488,0.06,6,1
2889,30476100,-2.242,-0.211,-9.216,-16.323,2.675,-4.797,180.373,14.931,-0.021,-0.229,-4.797,4.637922,-74.084488,0.06,6,1
2890,30486105,-2.383,-0.213,-9.283,-15.407,1.149,-5.499,180.294,14.894,-0.022,-0.243,-5.499,4.637922,-74.084488,0.06,6,1
2891,30496100,-2.545,-0.232,-9.545,-14.126,0.081,-6.628,180.238,14.891,-0.024,-0.259,-6.628,4.637922,-74.084488,0.06,6,1
2892,30506104,-2.714,-0.269,-9.771,-11.837,0.630,-7.971,180.222,14.939,-0.027,-0.277,-7.971,4.637922,-74.084488,0.06,6,1
2893,30516100,-2.788,-0.396,-9.893,-9.792,2.766,-9.283,180.281,15.019,-0.040,-0.284,-9.283,4.637922,-74.084488,0.06,6,1
2894,30526102,-2.721,-0.553,-9.867,-8.694,5.726,-10.443,180.415,15.094,-0.056,-0.277,-10.443,4.637922,-74.084488,0.06,6,1
2895,30536100,-2.550,-0.700,-9.691,-8.877,8.656,-11.389,180.608,15.138,-0.071,-0.260,-11.389,4.637922,-74.084488,0.06,6,1
2896,30546104,-2.340,-0.746,-9.403,-10.616,10.457,-12.304,180.801,15.137,-0.076,-0.239,-12.304,4.637922,-74.084488,0.06,6,1
2897,30556097,-2.061,-0.570,-9.216,-13.271,10.670,-13.159,180.878,15.034,-0.058,-0.210,-13.159,4.637922,-74.084488,0.06,6,1
2898,30566105,-1.801,-0.331,-8.978,-14.767,9.144,-13.891,180.828,14.830,-0.034,-0.184,-13.891,4.637922,-74.084488,0.06,6,1
2899,30576097,-1.720,-0.119,-9.144,-16.537,6.001,-14.227,180.660,14.561,-0.012,-0.175,-14.227,4.637922,-74.084488,0.06,6,1
2900,30586105,-1.756,0.033,-8.901,-17.605,3.438,-14.288,180.422,14.326,0.003,-0.179,-14.288,4.637922,-74.084488,0.06,6,1
2901,30612819,-2.175,0.544,-9.466,-16.231,-1.598,-14.898,179.688,14.151,0.055,-0.222,-14.898,4.637922,-74.084488,0.06,6,1
2902,30614251,-2.175,0.544,-9.466,-16.231,-1.598,-14.898,179.141,14.005,0.055,-0.222,-14.898,4.637922,-74.084488,0.06,6,1
2903,30616105,-2.175,0.544,-9.466,-16.231,-1.598,-14.898,178.775,13.890,0.055,-0.222,-14.898,4.637922,-74.084488,0.06,6,1
2904,30626184,-2.273,0.520,-9.610,-13.607,-0.225,-15.844,178.483,13.831,0.053,-0.232,-15.844,4.637922,-74.084488,0.06,6,1
2905,30636113,-2.273,0.505,-9.679,-10.586,2.369,-17.645,178.254,13.793,0.052,-0.232,-17.645,4.637922,-74.084488,0.06,6,1
2906,30646120,-2.144,0.486,-9.687,-7.168,4.841,-20.361,178.086,13.722,0.050,-0.219,-20.361,4.637922,-74.084488,0.06,6,1
2907,30656120,-1.941,0.493,-9.576,-3.811,6.062,-23.687,177.958,13.586,0.050,-0.198,-23.687,4.637922,-74.084488,0.06,6,1
2908,30666123,-1.756,0.609,-9.331,-1.003,5.757,-26.556,177.803,13.394,0.062,-0.179,-26.556,4.637928,-74.084503,0.08,6,1
2909,30676121,-1.620,0.792,-9.165,0.858,3.529,-28.478,177.583,13.147,0.081,-0.165,-28.478,4.637928,-74.084503,0.08,6,1
2910,30686118,-1.632,1.009,-9.146,2.659,-0.377,-29.272,177.290,12.891,0.103,-0.166,-29.272,4.637928,-74.084503,0.08,6,1
2911,30696119,-1.763,1.139,-9.271,4.246,-4.527,-28.570,176.980,12.668,0.116,-0.180,-28.570,4.637928,-74.084503,0.08,6,1
2912,30706108,-1.930,1.110,-9.343,5.253,-7.884,-26.495,176.724,12.504,0.113,-0.197,-26.495,4.637928,-74.084503,0.08,6,1
2913,30716131,-2.077,1.038,-9.379,5.284,-10.173,-24.084,176.525,12.396,0.106,-0.212,-24.084,4.637928,-74.084503,0.08,6,1
2914,30726123,-2.197,1.033,-9.516,4.673,-11.821,-21.826,176.347,12.321,0.105,-0.224,-21.826,4.637928,-74.084503,0.08,6,1
2915,30736111,-2.318,0.963,-9.636,4.490,-13.103,-19.964,176.219,12.282,0.098,-0.236,-19.964,4.637928,-74.084503,0.08,6,1
2916,30746124,-2.504,0.867,-9.795,5.314,-13.805,-19.049,176.159,12.304,0.088,-0.255,-19.049,4.637928,-74.084503,0.08,6,1
2917,30756116,-2.712,0.785,-9.984,6.870,-13.835,-19.018,176.162,12.389,0.080,-0.277,-19.018,4.637928,-74.084503,0.08,6,1
2918,30766122,-2.893,0.676,-10.095,8.732,-12.493,-19.476,176.234,12.543,0.069,-0.295,-19.476,4.637928,-74.084503,0.08,6,1
2919,30776108,-3.034,0.623,-10.205,10.288,-10.326,-20.208,176.340,12.748,0.064,-0.309,-20.208,4.637928,-74.084503,0.08,6,1
2920,30786118,-3.115,0.623,-10.292,11.387,-7.457,-20.635,176.451,12.985,0.064,-0.318,-20.635,4.637928,-74.084503,0.08,6,1
2921,30796113,-3.134,0.611,-10.212,12.089,-4.314,-20.452,176.562,13.250,0.062,-0.320,-20.452,4.637928,-74.084503,0.08,6,1
2922,30806131,-3.098,0.660,-10.112,12.394,-1.445,-19.964,176.645,13.518,0.067,-0.316,-19.964,4.637928,-74.084503,0.08,6,1
2923,30816120,-3.086,0.650,-10.073,12.730,0.874,-19.293,176.727,13.787,0.066,-0.315,-19.293,4.637928,-74.084503,0.08,6,1
2924,30826126,-3.010,0.633,-9.953,12.974,3.132,-18.987,176.809,14.040,0.065,-0.307,-18.987,4.637928,-74.084503,0.08,6,1
2925,30836115,-2.945,0.592,-9.816,13.065,5.299,-18.652,176.900,14.285,0.060,-0.300,-18.652,4.637928,-74.084503,0.08,6,1
2926,30846126,-2.862,0.488,-9.713,12.943,7.191,-18.560,177.027,14.507,0.050,-0.292,-18.560,4.637928,-74.084503,0.08,6,1
2927,30856120,-2.755,0.457,-9.559,12.089,8.748,-18.499,177.147,14.701,0.047,-0.281,-18.499,4.637928,-74.084503,0.08,6,1
2928,30866108,-2.597,0.517,-9.394,10.624,9.663,-18.408,177.213,14.840,0.053,-0.265,-18.408,4.637928,-74.084503,0.08,6,1
2929,30876122,-2.466,0.628,-9.257,9.190,9.694,-18.102,177.204,14.927,0.064,-0.251,-18.102,4.637928,-74.084503,0.08,6,1
2930,30886114,-2.395,0.889,-9.120,8.000,8.839,-17.675,177.057,14.982,0.091,-0.244,-17.675,4.637928,-74.084503,0.08,6,1
2931,30896144,-2.340,1.055,-9.216,7.969,7.069,-16.607,176.847,14.978,0.108,-0.239,-16.607,4.637928,-74.084503,0.08,6,1
2932,30906116,-2.251,0.862,-9.237,9.129,5.269,-15.508,176.755,14.919,0.088,-0.230,-15.508,4.637928,-74.084503,0.08,6,1
2933,30916109,-2.254,0.645,-9.050,9.770,3.651,-16.027,176.772,14.872,0.066,-0.230,-16.027,4.637928,-74.084503,0.08,6,1
2934,30926125,-2.256,0.616,-9.230,9.983,1.240,-17.431,176.809,14.789,0.063,-0.230,-17.431,4.637928,-74.084503,0.08,6,1
2935,30938361,-2.290,0.917,-9.259,10.319,-2.849,-20.513,176.721,14.675,0.094,-0.233,-20.513,4.637928,-74.084503,0.08,6,1
2936,30946126,-2.290,0.917,-9.259,10.319,-2.849,-20.513,176.623,14.576,0.094,-0.233,-20.513,4.637928,-74.084503,0.08,6,1
2937,30956117,-2.299,1.130,-9.357,10.410,-4.650,-20.727,176.438,14.460,0.115,-0.234,-20.727,4.637928,-74.084503,0.08,6,1
2938,30966109,-2.211,1.296,-9.345,10.197,-6.206,-19.567,176.188,14.299,0.132,-0.225,-19.567,4.637928,-74.084503,0.08,6,1
2939,30976116,-2.118,1.368,-9.266,10.075,-8.037,-17.736,175.917,14.099,0.140,-0.216,-17.736,4.637928,-74.084503,0.08,6,1
2940,30986126,-2.075,1.330,-9.305,10.136,-11.058,-15.966,175.689,13.863,0.136,-0.212,-15.966,4.637928,-74.084503,0.08,6,1
2941,30996118,-2.123,1.245,-9.384,10.441,-14.690,-15.051,175.526,13.627,0.127,-0.216,-15.051,4.637928,-74.084503,0.08,6,1
2942,31006125,-2.290,1.197,-9.475,11.143,-18.047,-15.264,175.409,13.443,0.122,-0.233,-15.264,4.637928,-74.084503,0.08,6,1
2943,31016117,-2.528,1.185,-9.655,12.058,-20.702,-16.119,175.325,13.332,0.121,-0.258,-16.119,4.637928,-74.084503,0.08,6,1
2944,31026129,-2.783,1.188,-9.855,12.882,-22.075,-17.279,175.265,13.300,0.121,-0.284,-17.279,4.637928,-74.084503,0.08,6,1
2945,31036122,-3.029,1.171,-10.028,13.584,-22.106,-18.316,175.233,13.350,0.119,-0.309,-18.316,4.637928,-74.084503,0.08,6,1
2946,31046128,-3.229,1.209,-10.176,13.523,-21.007,-18.713,175.193,13.466,0.123,-0.329,-18.713,4.637928,-74.084503,0.08,6,1
2947,31056121,-3.389,1.320,-10.289,12.730,-18.871,-17.980,175.109,13.640,0.135,-0.346,-17.980,4.637928,-74.084503,0.08,6,1
2948,31066112,-3.501,1.441,-10.347,11.387,-15.911,-16.149,174.971,13.861,0.147,-0.357,-16.149,4.637928,-74.084503,0.08,6,1
2949,31076139,-3.506,1.566,-10.345,9.739,-12.096,-13.525,174.776,14.100,0.160,-0.357,-13.525,4.637928,-74.084503,0.08,6,1
2950,31086118,-3.408,1.621,-10.232,8.061,-7.854,-10.656,174.551,14.336,0.165,-0.348,-10.656,4.637928,-74.084503,0.08,6,1
2951,31096109,-3.189,1.564,-9.809,7.786,-4.436,-8.673,174.336,14.554,0.159,-0.325,-8.673,4.637928,-74.084503,0.08,6,1
2952,31106118,-2.941,1.785,-10.282,7.176,-2.544,-7.849,174.071,14.615,0.182,-0.300,-7.849,4.637928,-74.084503,0.08,6,1
2953,31116117,-2.828,1.694,-9.886,8.030,0.020,-7.421,173.844,14.697,0.173,-0.288,-7.421,4.637928,-74.084503,0.08,6,1
2954,31126130,-2.747,1.552,-9.670,9.068,0.783,-7.818,173.690,14.773,0.158,-0.280,-7.818,4.637928,-74.084503,0.08,6,1
2955,31136113,-2.659,1.648,-9.891,9.037,0.416,-8.978,173.522,14.778,0.168,-0.271,-8.978,4.637928,-74.084503,0.08,6,1
2956,31146117,-2.652,1.597,-9.883,9.464,-0.225,-9.527,173.391,14.775,0.163,-0.270,-9.527,4.637928,-74.084503,0.08,6,1
2957,31156108,-2.728,1.450,-9.948,8.885,-0.865,-9.344,173.333,14.793,0.148,-0.278,-9.344,4.637928,-74.084503,0.08,6,1
2958,31166127,-2.828,1.354,-10.104,7.237,-0.621,-8.642,173.315,14.836,0.138,-0.288,-8.642,4.637928,-74.084503,0.08,6,1
2959,31176112,-2.883,1.209,-10.138,5.100,0.477,-7.574,173.341,14.906,0.123,-0.294,-7.574,4.637928,-74.084503,0.08,6,1
2960,31186121,-2.893,1.031,-10.150,2.598,1.790,-6.750,173.419,14.988,0.105,-0.295,-6.750,4.637928,-74.084503,0.08,6,1
2961,31196113,-2.876,0.937,-10.109,-0.484,3.102,-6.201,173.501,15.075,0.096,-0.293,-6.201,4.637928,-74.084503,0.08,6,1
2962,31206138,-2.838,0.879,-10.049,-3.689,4.506,-5.712,173.570,15.160,0.090,-0.289,-5.712,4.637928,-74.084503,0.08,6,1
2963,31216118,-2.781,0.893,-9.960,-6.283,5.269,-5.651,173.600,15.233,0.091,-0.284,-5.651,4.637928,-74.084503,0.08,6,1
2964,31226120,-2.721,0.879,-9.922,-8.633,5.482,-5.956,173.611,15.282,0.090,-0.277,-5.956,4.637928,-74.084503,0.08,6,1
2965,31236116,-2.705,0.864,-9.835,-10.738,5.421,-6.292,173.604,15.329,0.088,-0.276,-6.292,4.637928,-74.084503,0.08,6,1
2966,31246121,-2.719,0.905,-9.756,-12.997,5.116,-6.506,173.556,15.385,0.092,-0.277,-6.506,4.637928,-74.084503,0.08,6,1
2967,31256107,-2.705,1.004,-9.711,-15.499,4.872,-6.201,173.443,15.433,0.102,-0.276,-6.201,4.637928,-74.084503,0.08,6,1
2968,31266126,-2.678,1.079,-9.542,-18.062,4.597,-5.499,173.272,15.481,0.110,-0.273,-5.499,4.637928,-74.084503,0.08,6,1
2969,31278316,-2.688,1.383,-9.454,-21.938,3.346,-3.240,172.889,15.530,0.141,-0.274,-3.240,4.637928,-74.084503,0.08,6,1
2970,31286106,-2.688,1.383,-9.454,-21.938,3.346,-3.240,172.581,15.570,0.141,-0.274,-3.240,4.637928,-74.084503,0.08,6,1
2971,31296111,-2.683,1.547,-9.403,-22.701,2.919,-1.898,172.212,15.604,0.158,-0.274,-1.898,4.637928,-74.084503,0.08,6,1
2972,31306113,-2.681,1.597,-9.317,-22.152,2.614,-1.074,171.846,15.640,0.163,-0.273,-1.074,4.637928,-74.084503,0.08,6,1
2973,31316104,-2.712,1.612,-9.305,-20.382,2.339,-0.677,171.517,15.686,0.164,-0.277,-0.677,4.637928,-74.084503,0.08,6,1
2974,31326106,-2.743,1.559,-9.369,-17.849,2.034,-0.707,171.267,15.732,0.159,-0.280,-0.707,4.637928,-74.084503,0.08,6,1
2975,31336111,-2.769,1.385,-9.391,-14.736,1.942,-1.562,171.145,15.785,0.141,-0.282,-1.562,4.637928,-74.084503,0.08,6,1
2976,31346119,-2.831,1.291,-9.434,-11.928,1.851,-3.118,171.105,15.857,0.132,-0.289,-3.118,4.637928,-74.084503,0.08,6,1
2977,31356104,-2.890,1.238,-9.456,-10.311,2.064,-4.309,171.108,15.948,0.126,-0.295,-4.309,4.637928,-74.084503,0.08,6,1
2978,31366106,-2.917,1.243,-9.415,-9.670,2.522,-4.431,171.112,16.052,0.127,-0.297,-4.431,4.637928,-74.084503,0.08,6,1
2979,31376111,-2.919,1.289,-9.377,-9.792,2.675,-3.790,171.092,16.155,0.131,-0.298,-3.790,4.637928,-74.084503,0.08,6,1
2980,31386113,-2.895,1.380,-9.391,-10.555,2.583,-2.325,171.024,16.235,0.141,-0.295,-2.325,4.637928,-74.084503,0.08,6,1
2981,31396098,-2.888,1.433,-9.326,-10.982,2.308,-0.341,170.930,16.312,0.146,-0.295,-0.341,4.637928,-74.084503,0.08,6,1
2982,31406101,-2.895,1.417,-9.336,-10.830,2.034,1.551,170.852,16.382,0.144,-0.295,1.551,4.637928,-74.084503,0.08,6,1
2983,31416104,-2.876,1.376,-9.369,-9.762,1.790,2.619,170.811,16.432,0.140,-0.293,2.619,4.637928,-74.084503,0.08,6,1
2984,31426106,-2.833,1.255,-9.394,-7.686,1.851,2.772,170.849,16.461,0.128,-0.289,2.772,4.637928,-74.084503,0.08,6,1
2985,31436110,-2.795,1.062,-9.473,-4.940,1.851,1.917,171.003,16.464,0.108,-0.285,1.917,4.637928,-74.084503,0.08,6,1
2986,31446113,-2.755,0.850,-9.547,-2.193,2.003,0.300,171.270,16.444,0.087,-0.281,0.300,4.637928,-74.084503,0.08,6,1
2987,31456116,-2.743,0.681,-9.583,-0.332,2.461,-1.745,171.612,16.423,0.069,-0.280,-1.745,4.637928,-74.084503,0.08,6,1
2988,31466119,-2.771,0.582,-9.679,0.370,2.827,-3.668,171.982,16.408,0.059,-0.283,-3.668,4.637928,-74.084503,0.08,6,1
2989,31476111,-2.747,0.614,-9.706,-0.332,3.438,-4.949,172.304,16.386,0.063,-0.280,-4.949,4.637928,-74.084503,0.08,6,1
2990,31486113,-2.695,0.756,-9.658,-2.071,3.987,-5.071,172.520,16.354,0.077,-0.275,-5.071,4.637928,-74.084503,0.08,6,1
2991,31496099,-2.569,0.927,-9.617,-4.360,4.078,-3.881,172.619,16.275,0.095,-0.262,-3.881,4.637928,-74.084503,0.08,6,1
2992,31506119,-2.490,1.050,-9.646,-6.893,3.468,-1.989,172.634,16.158,0.107,-0.254,-1.989,4.637928,-74.084503,0.08,6,1
2993,31516104,-2.454,1.132,-9.593,-7.564,2.156,-0.341,172.602,16.027,0.115,-0.250,-0.341,4.637928,-74.084503,0.08,6,1
2994,31526106,-2.511,1.079,-9.742,-7.473,0.294,0.422,172.604,15.898,0.110,-0.256,0.422,4.637928,-74.084503,0.08,6,1
2995,31536130,-2.619,1.045,-9.883,-7.015,-0.774,-0.006,172.632,15.799,0.107,-0.267,-0.006,4.637928,-74.084503,0.08,6,1
2996,31546114,-2.702,1.009,-9.975,-6.252,-0.530,-0.738,172.685,15.734,0.103,-0.276,-0.738,4.637928,-74.084503,0.08,6,1
2997,31556105,-2.726,0.966,-10.044,-5.306,1.057,-2.081,172.765,15.692,0.098,-0.278,-2.081,4.637928,-74.084503,0.08,6,1
2998,31566125,-2.705,0.939,-9.984,-4.330,2.949,-3.820,172.856,15.668,0.096,-0.276,-3.820,4.637928,-74.084503,0.08,6,1
2999,31576111,-2.623,1.019,-9.871,-4.055,4.078,-5.285,172.904,15.635,0.104,-0.268,-5.285,4.637928,-74.084503,0.08,6,1
3000,31586120,-2.523,1.209,-9.706,-4.360,4.689,-5.804,172.853,15.583,0.123,-0.257,-5.804,4.637928,-74.084503,0.08,6,1
3001,31602706,-2.352,1.542,-9.511,-5.092,3.438,-3.332,172.593,15.478,0.157,-0.240,-3.332,4.637928,-74.084503,0.08,6,1
3002,31606113,-2.352,1.542,-9.511,-5.092,3.438,-3.332,172.393,15.364,0.157,-0.240,-3.332,4.637928,-74.084503,0.08,6,1
3003,31616112,-2.294,1.525,-9.506,-5.398,2.278,-1.196,172.214,15.225,0.156,-0.234,-1.196,4.637925,-74.084507,0.07,6,1
3004,31626184,-2.299,1.426,-9.451,-5.916,0.752,0.696,172.086,15.093,0.145,-0.234,0.696,4.637925,-74.084507,0.07,6,1
3005,31636126,-2.371,1.436,-9.533,-6.344,-0.987,1.795,171.966,14.979,0.146,-0.242,1.795,4.637925,-74.084507,0.07,6,1
3006,31646117,-2.468,1.496,-9.648,-6.130,-2.330,2.466,171.838,14.890,0.153,-0.252,2.466,4.637925,-74.084507,0.07,6,1
3007,31656113,-2.554,1.525,-9.730,-5.398,-2.513,3.168,171.719,14.834,0.156,-0.260,3.168,4.637925,-74.084507,0.07,6,1
3008,31666120,-2.616,1.564,-9.761,-4.268,-1.567,3.901,171.606,14.813,0.159,-0.267,3.901,4.637925,-74.084507,0.07,6,1
3009,31676129,-2.595,1.539,-9.730,-2.590,-0.347,4.511,171.525,14.800,0.157,-0.265,4.511,4.637925,-74.084507,0.07,6,1
3010,31686121,-2.554,1.390,-9.679,-0.515,0.660,4.603,171.533,14.788,0.142,-0.260,4.603,4.637925,-74.084507,0.07,6,1
3011,31696119,-2.550,1.255,-9.694,1.408,0.874,4.206,171.619,14.778,0.128,-0.260,4.206,4.637925,-74.084507,0.07,6,1
3012,31706117,-2.590,1.188,-9.667,2.567,0.660,3.687,171.738,14.787,0.121,-0.264,3.687,4.637925,-74.084507,0.07,6,1
3013,31716119,-2.697,1.188,-9.634,3.178,0.081,3.534,171.852,14.839,0.121,-0.275,3.534,4.637925,-74.084507,0.07,6,1
3014,31726117,-2.795,1.231,-9.672,2.690,-0.072,4.572,171.935,14.922,0.126,-0.285,4.572,4.637925,-74.084507,0.07,6,1
3015,31736114,-2.876,1.306,-9.684,1.255,0.660,6.952,171.965,15.036,0.133,-0.293,6.952,4.637925,-74.084507,0.07,5,1
3016,31746117,-2.879,1.371,-9.638,-0.271,1.973,10.187,171.948,15.158,0.140,-0.294,10.187,4.637925,-74.084507,0.07,5,1
3017,31756113,-2.831,1.330,-9.638,-1.339,3.254,13.300,171.940,15.265,0.136,-0.289,13.300,4.637925,-74.084507,0.07,5,1
3018,31766124,-2.793,1.274,-9.631,-1.125,4.353,15.314,171.959,15.358,0.130,-0.285,15.314,4.637925,-74.084507,0.07,5,1
3019,31776122,-2.738,1.154,-9.646,0.004,5.391,16.321,172.042,15.432,0.118,-0.279,16.321,4.637925,-74.084507,0.07,5,1
3020,31786114,-2.702,1.019,-9.648,2.506,6.795,15.894,172.202,15.499,0.104,-0.276,15.894,4.637925,-74.084507,0.07,5,1
3021,31796122,-2.590,0.811,-9.638,5.314,8.259,14.521,172.469,15.531,0.083,-0.264,14.521,4.637925,-74.084507,0.07,5,1
3022,31806111,-2.497,0.522,-9.602,7.969,9.327,12.659,172.870,15.538,0.053,-0.255,12.659,4.637925,-74.084507,0.07,5,1
3023,31816122,-2.406,0.255,-9.506,9.434,9.663,10.462,173.374,15.519,0.026,-0.245,10.462,4.637925,-74.084507,0.07,5,1
3024,31826117,-2.299,0.122,-9.365,8.701,9.083,8.753,173.894,15.466,0.012,-0.234,8.753,4.637925,-74.084507,0.07,5,1
3025,31836122,-2.235,0.110,-9.281,6.077,7.710,8.326,174.355,15.384,0.011,-0.228,8.326,4.637925,-74.084507,0.07,5,1
3026,31846120,-2.213,0.197,-9.233,2.323,5.757,9.058,174.704,15.286,0.020,-0.226,9.058,4.637925,-74.084507,0.07,5,1
3027,31856120,-2.216,0.298,-9.247,-1.980,3.346,10.859,174.940,15.173,0.030,-0.226,10.859,4.637925,-74.084507,0.07,5,1
3028,31866109,-2.263,0.409,-9.293,-5.947,1.118,13.086,175.069,15.063,0.042,-0.231,13.086,4.637925,-74.084507,0.07,5,1
3029,31876116,-2.337,0.469,-9.369,-8.816,-0.713,15.070,175.135,14.969,0.048,-0.238,15.070,4.637925,-74.084507,0.07,5,1
3030,31886109,-2.421,0.529,-9.475,-10.311,-2.117,16.077,175.158,14.893,0.054,-0.247,16.077,4.637925,-74.084507,0.07,5,1
3031,31896121,-2.533,0.561,-9.667,-9.670,-2.880,15.803,175.175,14.843,0.057,-0.258,15.803,4.637925,-74.084507,0.07,5,1
3032,31906114,-2.647,0.474,-9.852,-6.832,-2.391,14.185,175.260,14.829,0.048,-0.270,14.185,4.637925,-74.084507,0.07,5,1
3033,31916122,-2.724,0.312,-9.917,-3.353,-0.255,11.500,175.444,14.860,0.032,-0.278,11.500,4.637925,-74.084507,0.07,5,1
3034,31926111,-2.688,0.180,-9.922,1.835,4.628,5.152,175.720,14.920,0.018,-0.274,5.152,4.637925,-74.084507,0.07,5,1
3035,31936105,-2.688,0.180,-9.922,1.835,4.628,5.152,175.975,14.975,0.018,-0.274,5.152,4.637925,-74.084507,0.07,5,1
3036,31950210,-2.447,0.361,-9.636,2.567,8.839,3.107,176.143,15.023,0.037,-0.250,3.107,4.637925,-74.084507,0.07,5,1
3037,31956103,-2.249,0.435,-9.468,1.164,9.785,4.450,176.240,14.977,0.044,-0.229,4.450,4.637925,-74.084507,0.07,5,1
3038,31966117,-2.037,0.440,-9.285,-0.851,9.694,6.434,176.304,14.857,0.045,-0.208,6.434,4.637925,-74.084507,0.07,5,1
3039,31976104,-1.884,0.435,-9.153,-2.560,8.229,8.051,176.347,14.675,0.044,-0.192,8.051,4.637925,-74.084507,0.07,5,1
3040,31986112,-1.798,0.394,-9.187,-3.383,6.001,8.448,176.399,14.445,0.040,-0.183,8.448,4.637925,-74.084507,0.07,5,1
3041,31996119,-1.870,0.428,-9.223,-3.170,3.499,7.593,176.433,14.240,0.044,-0.191,7.593,4.637925,-74.084507,0.07,5,1
3042,32006107,-2.056,0.638,-9.355,-2.285,1.149,5.884,176.377,14.100,0.065,-0.210,5.884,4.637925,-74.084507,0.07,5,1
3043,32016103,-2.111,0.660,-9.535,-0.423,-0.408,4.755,176.339,13.963,0.067,-0.215,4.755,4.637925,-74.084507,0.07,5,1
3044,32026123,-2.220,0.529,-9.442,1.072,-0.743,4.114,176.374,13.893,0.054,-0.226,4.114,4.637925,-74.084507,0.07,5,1
3045,32036123,-2.302,0.578,-9.492,1.438,-1.079,3.290,176.389,13.854,0.059,-0.235,3.290,4.637925,-74.084507,0.07,5,1
3046,32046110,-2.356,0.710,-9.614,1.713,-1.445,3.016,176.349,13.826,0.072,-0.240,3.016,4.637925,-74.084507,0.07,5,1
3047,32056114,-2.414,0.744,-9.598,1.866,-1.445,3.412,176.297,13.825,0.076,-0.246,3.412,4.637925,-74.084507,0.07,5,1
3048,32066107,-2.459,0.782,-9.600,1.927,-0.865,4.328,176.232,13.849,0.080,-0.251,4.328,4.637925,-74.084507,0.07,5,1
3049,32076101,-2.428,0.732,-9.610,2.293,-0.072,5.152,176.199,13.865,0.075,-0.248,5.152,4.637925,-74.084507,0.07,5,1
3050,32086117,-2.371,0.609,-9.571,3.147,0.386,5.427,176.231,13.864,0.062,-0.242,5.427,4.637925,-74.084507,0.07,5,1
3051,32096111,-2.316,0.541,-9.559,4.154,0.142,4.877,176.301,13.838,0.055,-0.236,4.877,4.637925,-74.084507,0.07,5,1
3052,32106115,-2.323,0.450,-9.545,5.436,-0.163,4.114,176.418,13.817,0.046,-0.237,4.114,4.637925,-74.084507,0.07,5,1
3053,32116103,-2.299,0.387,-9.552,6.413,-0.469,3.260,176.565,13.784,0.039,-0.234,3.260,4.637925,-74.084507,0.07,5,1
3054,32126131,-2.287,0.315,-9.550,6.840,-0.652,2.619,176.737,13.747,0.032,-0.233,2.619,4.637925,-74.084507,0.07,5,1
3055,32136119,-2.306,0.226,-9.559,6.687,-0.743,2.222,176.936,13.720,0.023,-0.235,2.222,4.637925,-74.084507,0.07,5,1
3056,32146115,-2.292,0.201,-9.566,6.107,-0.560,2.100,177.125,13.690,0.021,-0.234,2.100,4.637925,-74.084507,0.07,5,1
3057,32156118,-2.263,0.211,-9.602,5.314,-0.255,2.009,177.288,13.648,0.022,-0.231,2.009,4.637925,-74.084507,0.07,5,1
3058,32166133,-2.199,0.175,-9.595,4.887,0.264,1.856,177.452,13.588,0.018,-0.224,1.856,4.637925,-74.084507,0.07,5,1
3059,32176122,-2.132,0.153,-9.550,4.673,0.569,1.063,177.611,13.510,0.016,-0.217,1.063,4.637925,-74.084507,0.07,5,1
3060,32186106,-2.099,0.192,-9.576,4.826,0.142,-0.311,177.741,13.417,0.020,-0.214,-0.311,4.637925,-74.084507,0.07,5,1
3061,32196101,-2.070,0.209,-9.540,5.009,-0.621,-1.440,177.855,13.316,0.021,-0.211,-1.440,4.637925,-74.084507,0.07,5,1
3062,32206133,-2.118,0.180,-9.586,5.039,-1.567,-2.325,177.975,13.229,0.018,-0.216,-2.325,4.637925,-74.084507,0.07,5,1
3063,32216118,-2.156,0.105,-9.658,4.582,-2.330,-2.905,178.115,13.152,0.011,-0.220,-2.905,4.637925,-74.084507,0.07,5,1
3064,32226127,-2.206,0.083,-9.687,3.391,-2.788,-3.393,178.244,13.095,0.008,-0.225,-3.393,4.637925,-74.084507,0.07,5,1
3065,32236102,-2.232,0.141,-9.665,1.591,-3.124,-3.729,178.320,13.053,0.014,-0.228,-3.729,4.637925,-74.084507,0.07,5,1
3066,32246114,-2.282,0.264,-9.737,-0.088,-3.429,-3.576,178.320,13.025,0.027,-0.233,-3.576,4.637925,-74.084507,0.07,5,1
3067,32256113,-2.325,0.341,-9.823,-0.973,-3.276,-3.057,178.278,13.011,0.035,-0.237,-3.057,4.637925,-74.084507,0.07,5,1
3068,32266111,-2.385,0.317,-9.840,-1.552,-2.880,-2.752,178.246,13.024,0.032,-0.243,-2.752,4.637925,-74.084507,0.07,5,1
3069,32276111,-2.411,0.274,-9.835,-1.644,-2.178,-2.935,178.234,13.054,0.028,-0.246,-2.935,4.637925,-74.084507,0.07,5,1
3070,32286114,-2.433,0.209,-9.862,-1.339,-0.896,-3.546,178.255,13.101,0.021,-0.248,-3.546,4.637925,-74.084507,0.07,5,1
3071,32306835,-2.380,0.153,-9.831,-1.095,1.698,-6.048,178.286,13.162,0.016,-0.243,-6.048,4.637925,-74.084507,0.07,5,1
3072,32308158,-2.380,0.153,-9.831,-1.095,1.698,-6.048,178.331,13.210,0.016,-0.243,-6.048,4.637925,-74.084507,0.07,5,1
3073,32316112,-2.304,0.148,-9.763,-0.667,2.797,-7.208,178.381,13.235,0.015,-0.235,-7.208,4.637925,-74.084507,0.07,5,1
3074,32326113,-2.213,0.182,-9.670,-0.942,3.224,-8.306,178.407,13.230,0.019,-0.226,-8.306,4.637925,-74.084507,0.07,5,1
3075,32336112,-2.163,0.250,-9.610,-1.705,2.858,-8.886,178.391,13.207,0.025,-0.221,-8.886,4.637925,-74.084507,0.07,5,1
3076,32346110,-2.194,0.346,-9.545,-2.773,1.973,-8.764,178.320,13.197,0.035,-0.224,-8.764,4.637925,-74.084507,0.07,5,1
3077,32356111,-2.249,0.467,-9.530,-4.482,0.813,-7.971,178.181,13.204,0.048,-0.229,-7.971,4.637925,-74.084507,0.07,5,1
3078,32366110,-2.330,0.578,-9.542,-6.069,-0.316,-6.689,177.987,13.233,0.059,-0.238,-6.689,4.637925,-74.084507,0.07,5,1
3079,32376111,-2.411,0.705,-9.593,-7.259,-1.140,-5.377,177.740,13.282,0.072,-0.246,-5.377,4.637925,-74.084507,0.07,5,1
3080,32386110,-2.476,0.782,-9.699,-7.381,-1.171,-4.309,177.479,13.343,0.080,-0.252,-4.309,4.637925,-74.084507,0.07,5,1
3081,32396110,-2.504,0.758,-9.766,-6.374,-0.102,-3.851,177.262,13.413,0.077,-0.255,-3.851,4.637925,-74.084507,0.07,5,1
3082,32406110,-2.416,0.667,-9.821,-4.696,1.515,-4.278,177.121,13.450,0.068,-0.246,-4.278,4.637925,-74.084507,0.07,5,1
3083,32416111,-2.311,0.544,-9.831,-2.621,3.163,-5.651,177.066,13.455,0.055,-0.236,-5.651,4.637925,-74.084507,0.07,5,1
3084,32426110,-2.209,0.392,-9.778,-0.912,4.109,-7.665,177.098,13.429,0.040,-0.225,-7.665,4.637925,-74.084507,0.07,5,1
3085,32436110,-2.130,0.394,-9.727,-0.027,4.017,-9.832,177.133,13.376,0.040,-0.217,-9.832,4.637925,-74.084507,0.07,5,1
3086,32446108,-2.075,0.520,-9.634,0.004,3.071,-11.114,177.107,13.303,0.053,-0.212,-11.114,4.637925,-74.084507,0.07,5,1
3087,32456110,-2.094,0.551,-9.583,-0.545,1.637,-10.931,177.063,13.236,0.056,-0.214,-10.931,4.637925,-74.084507,0.07,5,1
3088,32466110,-2.149,0.546,-9.634,-2.285,0.203,-9.619,177.009,13.179,0.056,-0.219,-9.619,4.637925,-74.084507,0.07,5,1
3089,32476110,-2.249,0.498,-9.658,-4.391,-0.865,-7.818,176.962,13.158,0.051,-0.229,-7.818,4.637925,-74.084507,0.07,5,1
3090,32486110,-2.306,0.438,-9.658,-6.374,-1.354,-6.414,176.928,13.159,0.045,-0.235,-6.414,4.637925,-74.084507,0.07,5,1
3091,32496110,-2.404,0.416,-9.730,-7.290,-1.293,-5.987,176.900,13.195,0.042,-0.245,-5.987,4.637925,-74.084507,0.07,5,1
3092,32506110,-2.457,0.365,-9.804,-6.740,-0.926,-6.536,176.903,13.246,0.037,-0.250,-6.536,4.637925,-74.084507,0.07,5,1
3093,32516110,-2.540,0.380,-9.787,-5.367,-0.286,-7.940,176.911,13.336,0.039,-0.259,-7.940,4.637925,-74.084507,0.07,5,1
3094,32526107,-2.554,0.339,-9.775,-3.048,0.508,-10.137,176.958,13.434,0.035,-0.260,-10.137,4.637925,-74.084507,0.07,5,1
3095,32536106,-2.569,0.286,-9.701,-0.576,1.393,-12.335,177.048,13.547,0.029,-0.262,-12.335,4.637925,-74.084507,0.07,5,1
3096,32546114,-2.573,0.242,-9.610,1.164,1.942,-13.952,177.165,13.669,0.025,-0.262,-13.952,4.637925,-74.084507,0.07,5,1
3097,32556116,-2.533,0.235,-9.502,1.805,2.156,-14.593,177.281,13.778,0.024,-0.258,-14.593,4.637925,-74.084507,0.07,5,1
3098,32566123,-2.492,0.216,-9.367,1.255,2.125,-14.013,177.391,13.877,0.022,-0.254,-14.013,4.637925,-74.084507,0.07,5,1
3099,32576104,-2.426,0.242,-9.281,-0.393,1.942,-12.640,177.463,13.947,0.025,-0.247,-12.640,4.637925,-74.084507,0.07,5,1
3100,32586111,-2.368,0.295,-9.259,-2.529,1.362,-11.053,177.485,13.984,0.030,-0.241,-11.053,4.637925,-74.084507,0.07,5,1
3101,32610806,-2.297,0.385,-9.396,-4.513,0.386,-9.252,177.377,13.956,0.039,-0.234,-9.252,4.637920,-74.084520,0.00,5,1
3102,32612231,-2.297,0.385,-9.396,-4.513,0.386,-9.252,177.320,13.932,0.039,-0.234,-9.252,4.637920,-74.084520,0.00,5,1
3103,32616119,-2.244,0.353,-9.468,-3.567,0.142,-9.954,177.325,13.876,0.036,-0.229,-9.954,4.637920,-74.084520,0.00,5,1
3104,32626169,-2.185,0.281,-9.554,-1.400,0.142,-11.785,177.386,13.788,0.029,-0.223,-11.785,4.637920,-74.084520,0.00,5,1
3105,32636120,-2.154,0.192,-9.564,0.797,0.203,-14.135,177.505,13.693,0.020,-0.220,-14.135,4.637920,-74.084520,0.00,5,1
3106,32646120,-2.108,0.110,-9.552,2.537,-0.225,-16.668,177.670,13.583,0.011,-0.215,-16.668,4.637920,-74.084520,0.00,5,1
3107,32656119,-2.070,0.050,-9.574,3.544,-0.926,-18.804,177.858,13.457,0.005,-0.211,-18.804,4.637920,-74.084520,0.00,5,1
3108,32666125,-2.130,0.013,-9.566,3.178,-1.720,-20.056,178.043,13.363,0.001,-0.217,-20.056,4.637920,-74.084520,0.00,5,1
3109,32676125,-2.204,0.103,-9.619,1.164,-2.605,-20.239,178.153,13.296,0.010,-0.225,-20.239,4.637920,-74.084520,0.00,5,1
3110,32686136,-2.268,0.165,-9.655,-1.675,-3.063,-19.415,178.197,13.255,0.017,-0.231,-19.415,4.637920,-74.084520,0.00,5,1
3111,32696119,-2.287,0.223,-9.701,-4.726,-3.276,-18.255,178.183,13.220,0.023,-0.233,-18.255,4.637920,-74.084520,0.00,5,1
3112,32706116,-2.328,0.283,-9.725,-7.290,-3.490,-17.187,178.119,13.200,0.029,-0.237,-17.187,4.637920,-74.084520,0.00,5,1
3113,32716124,-2.313,0.377,-9.739,-9.182,-3.704,-16.546,178.000,13.171,0.038,-0.236,-16.546,4.637920,-74.084520,0.00,5,1
3114,32726117,-2.333,0.481,-9.761,-9.914,-4.009,-16.363,177.836,13.148,0.049,-0.238,-16.363,4.637920,-74.084520,0.00,5,1
3115,32736117,-2.402,0.546,-9.816,-9.579,-4.192,-16.760,177.660,13.148,0.056,-0.245,-16.760,4.637920,-74.084520,0.00,5,1
3116,32746123,-2.485,0.544,-9.891,-8.144,-4.283,-17.767,177.514,13.174,0.055,-0.253,-17.767,4.637920,-74.084520,0.00,5,1
3117,32756121,-2.576,0.505,-9.996,-6.100,-4.253,-19.171,177.418,13.226,0.052,-0.263,-19.171,4.637920,-74.084520,0.00,5,1
3118,32766124,-2.750,0.486,-10.073,-4.299,-3.673,-20.483,177.356,13.342,0.050,-0.280,-20.483,4.637920,-74.084520,0.00,5,1
3119,32776116,-2.883,0.474,-10.191,-3.170,-2.025,-21.246,177.316,13.505,0.048,-0.294,-21.246,4.637920,-74.084520,0.00,5,1
3120,32786124,-2.914,0.421,-10.119,-2.987,1.210,-20.971,177.304,13.706,0.043,-0.297,-20.971,4.637920,-74.084520,0.00,5,1
3121,32796125,-2.814,0.431,-9.975,-4.055,4.506,-20.056,177.275,13.898,0.044,-0.287,-20.056,4.637920,-74.084520,0.00,5,1
3122,32806124,-2.569,0.522,-9.771,-5.611,7.222,-18.804,177.189,14.021,0.053,-0.262,-18.804,4.637920,-74.084520,0.00,5,1
3123,32816120,-2.287,0.575,-9.497,-6.801,8.839,-17.401,177.067,14.058,0.059,-0.233,-17.401,4.637920,-74.084520,0.00,5,1
3124,32826118,-1.987,0.619,-9.254,-7.625,8.656,-16.485,176.920,13.981,0.063,-0.203,-16.485,4.637920,-74.084520,0.00,5,1
3125,32836120,-1.756,0.727,-9.139,-7.900,6.886,-16.058,176.726,13.798,0.074,-0.179,-16.058,4.637920,-74.084520,0.00,5,1
3126,32846129,-1.677,0.833,-9.079,-7.076,4.048,-16.455,176.501,13.571,0.085,-0.171,-16.455,4.637920,-74.084520,0.00,5,1
3127,32856104,-1.744,0.874,-9.165,-5.581,0.966,-17.034,176.292,13.356,0.089,-0.178,-17.034,4.637920,-74.084520,0.00,5,1
3128,32866133,-1.865,0.867,-9.288,-4.055,-1.476,-17.614,176.122,13.180,0.088,-0.190,-17.614,4.637920,-74.084520,0.00,5,1
3129,32876120,-2.032,0.826,-9.374,-3.200,-2.849,-17.980,175.995,13.071,0.084,-0.207,-17.980,4.637920,-74.084520,0.00,5,1
3130,32886123,-2.192,0.828,-9.509,-3.139,-3.124,-18.011,175.883,13.025,0.084,-0.224,-18.011,4.637920,-74.084520,0.00,5,1
3131,32896121,-2.268,0.833,-9.581,-3.780,-2.422,-17.553,175.774,13.015,0.085,-0.231,-17.553,4.637920,-74.084520,0.00,5,1
3132,32906121,-2.278,0.901,-9.564,-4.665,-1.354,-16.577,175.634,13.021,0.092,-0.232,-16.577,4.637920,-74.084520,0.00,5,1
3133,32916122,-2.220,0.966,-9.499,-5.581,-0.652,-15.783,175.464,13.014,0.098,-0.226,-15.783,4.637920,-74.084520,0.00,5,1
3134,32926123,-2.199,0.968,-9.463,-6.130,-0.835,-15.264,175.299,13.001,0.099,-0.224,-15.264,4.637920,-74.084520,0.00,5,1
3135,32938253,-2.185,1.048,-9.490,-6.588,-1.934,-14.929,175.091,12.963,0.107,-0.223,-14.929,4.637920,-74.084520,0.00,5,1
3136,32946121,-2.204,1.120,-9.530,-6.496,-3.429,-14.623,174.883,12.923,0.114,-0.225,-14.623,4.637920,-74.084520,0.00,5,1
3137,32956111,-2.313,1.202,-9.564,-6.161,-4.558,-14.288,174.660,12.919,0.123,-0.236,-14.288,4.637920,-74.084520,0.00,5,1
3138,32966130,-2.421,1.260,-9.646,-5.581,-5.382,-13.738,174.437,12.944,0.128,-0.247,-13.738,4.637920,-74.084520,0.00,5,1
3139,32976120,-2.511,1.262,-9.672,-4.726,-5.504,-13.098,174.241,13.002,0.129,-0.256,-13.098,4.637920,-74.084520,0.00,5,1
3140,32986110,-2.612,1.204,-9.754,-4.085,-5.107,-12.426,174.095,13.093,0.123,-0.266,-12.426,4.637920,-74.084520,0.00,5,1
3141,32996120,-2.702,1.127,-9.787,-3.811,-4.131,-11.633,174.000,13.221,0.115,-0.276,-11.633,4.637920,-74.084520,0.00,5,1
3142,33006117,-2.736,1.086,-9.780,-3.933,-3.032,-10.900,173.929,13.364,0.111,-0.279,-10.900,4.637920,-74.084520,0.00,5,1
3143,33016118,-2.767,1.086,-9.795,-4.024,-1.964,-10.168,173.863,13.518,0.111,-0.282,-10.168,4.637920,-74.084520,0.00,5,1
3144,33026112,-2.733,1.060,-9.809,-4.085,-0.774,-9.100,173.814,13.655,0.108,-0.279,-9.100,4.637920,-74.084520,0.00,5,1
3145,33036103,-2.688,1.028,-9.749,-4.146,0.386,-8.062,173.779,13.781,0.105,-0.274,-8.062,4.637920,-74.084520,0.00,5,1
3146,33046130,-2.554,0.946,-9.653,-4.055,1.149,-7.147,173.780,13.860,0.097,-0.260,-7.147,4.637920,-74.084520,0.00,5,1
3147,33056119,-2.457,0.908,-9.571,-3.902,1.362,-6.597,173.796,13.903,0.093,-0.250,-6.597,4.637920,-74.084520,0.00,5,1
3148,33066122,-2.399,0.840,-9.542,-3.536,0.935,-6.384,173.844,13.918,0.086,-0.245,-6.384,4.637920,-74.084520,0.00,5,1
3149,33076119,-2.328,0.809,-9.538,-3.231,0.325,-6.445,173.905,13.896,0.082,-0.237,-6.445,4.637920,-74.084520,0.00,5,1
3150,33086115,-2.311,0.785,-9.545,-3.078,-0.133,-6.445,173.974,13.864,0.080,-0.236,-6.445,4.637920,-74.084520,0.00,5,1
3151,33096127,-2.337,0.758,-9.509,-2.987,-0.591,-6.597,174.050,13.845,0.077,-0.238,-6.597,4.637920,-74.084520,0.00,5,1
3152,33106127,-2.328,0.768,-9.542,-2.834,-0.957,-6.872,174.118,13.817,0.078,-0.237,-6.872,4.637920,-74.084520,0.00,5,1
3153,33116119,-2.335,0.770,-9.542,-2.895,-1.323,-6.933,174.179,13.790,0.079,-0.238,-6.933,4.637920,-74.084520,0.00,5,1
3154,33126129,-2.352,0.852,-9.530,-2.956,-1.659,-6.780,174.197,13.770,0.087,-0.240,-6.780,4.637920,-74.084520,0.00,5,1
3155,33136112,-2.356,0.915,-9.538,-2.590,-1.842,-6.719,174.189,13.751,0.093,-0.240,-6.719,4.637920,-74.084520,0.00,5,1
3156,33146111,-2.361,0.881,-9.598,-1.491,-2.147,-6.719,174.209,13.726,0.090,-0.241,-6.719,4.637920,-74.084520,0.00,5,1
3157,33156107,-2.371,0.795,-9.634,-0.454,-2.513,-6.628,174.278,13.701,0.081,-0.242,-6.628,4.637920,-74.084520,0.00,5,1
3158,33166122,-2.414,0.631,-9.643,0.004,-2.666,-6.811,174.421,13.695,0.064,-0.246,-6.811,4.637920,-74.084520,0.00,5,1
3159,33176119,-2.464,0.587,-9.674,-0.088,-2.971,-7.421,174.572,13.705,0.060,-0.251,-7.421,4.637920,-74.084520,0.00,5,1
3160,33186119,-2.554,0.590,-9.797,-1.034,-2.849,-7.696,174.705,13.740,0.060,-0.260,-7.696,4.637920,-74.084520,0.00,5,1
3161,33196117,-2.550,0.650,-9.747,-2.407,-2.025,-7.574,174.787,13.783,0.066,-0.260,-7.574,4.637920,-74.084520,0.00,5,1
3162,33206123,-2.526,0.823,-9.739,-3.597,-1.415,-7.055,174.775,13.818,0.084,-0.258,-7.055,4.637920,-74.084520,0.00,5,1
3163,33216102,-2.497,0.958,-9.715,-4.146,-1.171,-6.536,174.696,13.842,0.098,-0.255,-6.536,4.637920,-74.084520,0.00,5,1
3164,33226120,-2.464,1.007,-9.622,-4.024,-1.201,-5.956,174.600,13.859,0.103,-0.251,-5.956,4.637920,-74.084520,0.00,5,1
3165,33236112,-2.464,1.014,-9.607,-3.628,-1.689,-5.651,174.510,13.872,0.103,-0.251,-5.651,4.637920,-74.084520,0.00,5,1
3166,33246112,-2.495,1.012,-9.590,-3.261,-2.178,-5.865,174.430,13.894,0.103,-0.254,-5.865,4.637920,-74.084520,0.00,5,1
3167,33256110,-2.533,1.028,-9.595,-2.346,-2.819,-6.170,174.358,13.924,0.105,-0.258,-6.170,4.637920,-74.084520,0.00,5,1
3168,33266108,-2.645,1.045,-9.699,-1.461,-3.093,-6.414,174.297,13.985,0.107,-0.270,-6.414,4.637920,-74.084520,0.00,5,1
3169,33277936,-2.747,0.990,-9.809,-0.576,-2.544,-6.353,174.276,14.073,0.101,-0.280,-6.353,4.637920,-74.084520,0.00,5,1
3170,33286107,-2.798,0.905,-9.845,-0.118,-1.018,-6.048,174.303,14.191,0.092,-0.285,-6.048,4.637920,-74.084520,0.00,5,1
3171,33296105,-2.740,0.804,-9.787,-0.301,0.996,-5.712,174.368,14.303,0.082,-0.279,-5.712,4.637920,-74.084520,0.00,5,1
3172,33306101,-2.626,0.756,-9.689,-1.278,2.675,-5.590,174.438,14.385,0.077,-0.268,-5.590,4.637920,-74.084520,0.00,5,1
3173,33316098,-2.454,0.797,-9.564,-2.010,3.285,-5.773,174.472,14.406,0.081,-0.250,-5.773,4.637920,-74.084520,0.00,5,1
3174,33326110,-2.311,0.860,-9.456,-2.407,2.827,-6.170,174.467,14.371,0.088,-0.236,-6.170,4.637920,-74.084520,0.00,5,1
3175,33336108,-2.249,0.901,-9.365,-2.743,1.393,-6.384,174.436,14.307,0.092,-0.229,-6.384,4.637920,-74.084520,0.00,5,1
3176,33346105,-2.211,0.963,-9.350,-3.414,-0.713,-6.262,174.371,14.213,0.098,-0.225,-6.262,4.637920,-74.084520,0.00,5,1
3177,33356102,-2.318,1.021,-9.406,-4.177,-2.910,-5.834,174.281,14.146,0.104,-0.236,-5.834,4.637920,-74.084520,0.00,5,1
3178,33366114,-2.442,1.079,-9.482,-4.818,-4.619,-5.133,174.169,14.114,0.110,-0.249,-5.133,4.637920,-74.084520,0.00,5,1
3179,33376098,-2.650,1.132,-9.626,-5.276,-5.443,-4.217,174.044,14.148,0.115,-0.270,-4.217,4.637920,-74.084520,0.00,5,1
3180,33386113,-2.807,1.171,-9.840,-5.062,-5.046,-3.362,173.925,14.223,0.119,-0.286,-3.362,4.637920,-74.084520,0.00,5,1
3181,33396098,-2.871,1.113,-9.905,-4.055,-3.246,-2.600,173.854,14.329,0.113,-0.293,-2.600,4.637920,-74.084520,0.00,5,1
3182,33406110,-2.850,0.980,-9.874,-3.078,-0.438,-2.233,173.853,14.449,0.100,-0.291,-2.233,4.637920,-74.084520,0.00,5,1
3183,33416112,-2.714,0.920,-9.773,-2.315,2.431,-2.752,173.882,14.543,0.094,-0.277,-2.752,4.637920,-74.084520,0.00,5,1
3184,33426108,-2.523,0.913,-9.619,-1.583,4.170,-3.637,173.912,14.583,0.093,-0.257,-3.637,4.637920,-74.084520,0.00,5,1
3185,33436104,-2.328,0.978,-9.439,-0.912,4.475,-4.522,173.908,14.557,0.100,-0.237,-4.522,4.637920,-74.084520,0.00,5,1
3186,33446101,-2.180,1.067,-9.290,-0.667,3.071,-5.041,173.858,14.471,0.109,-0.222,-5.041,4.637920,-74.084520,0.00,5,1
3187,33456112,-2.178,1.137,-9.273,-0.942,0.691,-4.553,173.776,14.368,0.116,-0.222,-4.553,4.637920,-74.084520,0.00,5,1
3188,33466108,-2.240,1.163,-9.341,-1.705,-1.659,-3.362,173.685,14.272,0.119,-0.228,-3.362,4.637920,-74.084520,0.00,5,1
3189,33476105,-2.356,1.159,-9.446,-2.437,-3.612,-1.867,173.602,14.205,0.118,-0.240,-1.867,4.637920,-74.084520,0.00,5,1
3190,33486101,-2.533,1.118,-9.607,-2.956,-4.711,-0.494,173.548,14.192,0.114,-0.258,-0.494,4.637920,-74.084520,0.00,5,1
3191,33496099,-2.614,1.048,-9.713,-3.292,-4.558,0.300,173.532,14.204,0.107,-0.267,0.300,4.637920,-74.084520,0.00,5,1
3192,33506110,-2.643,1.028,-9.759,-3.078,-3.673,0.574,173.529,14.231,0.105,-0.269,0.574,4.637920,-74.084520,0.00,5,1
3193,33516108,-2.657,1.007,-9.759,-2.468,-2.544,0.269,173.542,14.272,0.103,-0.271,0.269,4.637920,-74.084520,0.00,5,1
3194,33526104,-2.623,0.971,-9.768,-1.552,-1.537,-0.402,173.579,14.305,0.099,-0.268,-0.402,4.637920,-74.084520,0.00,5,1
3195,33536101,-2.578,0.983,-9.725,-0.637,-1.079,-1.196,173.614,14.326,0.100,-0.263,-1.196,4.637920,-74.084520,0.00,5,1
3196,33546113,-2.542,1.053,-9.703,0.034,-1.232,-1.684,173.621,14.330,0.107,-0.259,-1.684,4.637920,-74.084520,0.00,5,1
3197,33556099,-2.597,1.060,-9.694,0.248,-1.750,-1.623,173.625,14.353,0.108,-0.265,-1.623,4.637920,-74.084520,0.00,5,1
3198,33566113,-2.693,1.040,-9.699,0.004,-2.361,-1.043,173.636,14.408,0.106,-0.275,-1.043,4.637920,-74.084520,0.00,5,1
3199,33576111,-2.814,1.026,-9.742,-0.728,-2.788,-0.097,173.647,14.500,0.105,-0.287,-0.097,4.637920,-74.084520,0.00,5,1
3200,33586108,-2.888,1.067,-9.735,-1.736,-2.819,1.063,173.630,14.616,0.109,-0.295,1.063,4.637920,-74.084520,0.00,5,1
3201,33615961,-3.162,1.171,-9.876,-2.498,-1.995,4.419,173.503,14.808,0.119,-0.322,4.419,4.637920,-74.084520,0.00,5,1
3202,33617383,-3.162,1.171,-9.876,-2.498,-1.995,4.419,173.413,15.017,0.119,-0.322,4.419,4.637920,-74.084520,0.00,5,1
3203,33618760,-3.162,1.171,-9.876,-2.498,-1.995,4.419,173.358,15.223,0.119,-0.322,4.419,4.637920,-74.084520,0.00,5,1
3204,33626175,-3.196,1.142,-9.907,-1.552,-0.743,5.213,173.341,15.435,0.116,-0.326,5.213,4.637920,-74.084520,0.00,5,1
3205,33636106,-3.184,1.050,-9.951,-0.210,1.118,5.579,173.385,15.631,0.107,-0.325,5.579,4.637920,-74.084520,0.00,5,1
3206,33646115,-3.162,0.954,-9.907,1.316,3.285,5.488,173.484,15.825,0.097,-0.322,5.488,4.637920,-74.084520,0.00,5,1
3207,33656118,-3.050,0.785,-9.831,2.537,5.543,5.030,173.661,15.985,0.080,-0.311,5.030,4.637920,-74.084520,0.00,5,1
3208,33666118,-2.890,0.638,-9.718,3.117,7.588,4.358,173.894,16.094,0.065,-0.295,4.358,4.637920,-74.084528,0.00,5,1
3209,33676126,-2.726,0.556,-9.576,3.208,8.809,3.382,174.142,16.152,0.057,-0.278,3.382,4.637920,-74.084528,0.00,5,1
3210,33686122,-2.554,0.527,-9.427,2.873,8.870,2.649,174.374,16.147,0.054,-0.260,2.649,4.637920,-74.084528,0.00,5,1
3211,33696129,-2.435,0.510,-9.326,2.262,7.832,2.039,174.586,16.091,0.052,-0.248,2.039,4.637920,-74.084528,0.00,5,1
3212,33706121,-2.371,0.534,-9.235,1.072,5.971,1.673,174.755,16.005,0.054,-0.242,1.673,4.637920,-74.084528,0.00,5,1
3213,33716120,-2.385,0.570,-9.151,-0.271,4.109,1.734,174.877,15.925,0.058,-0.243,1.734,4.637920,-74.084528,0.00,5,1
3214,33726125,-2.428,0.614,-9.182,-1.858,2.217,2.100,174.954,15.850,0.063,-0.248,2.100,4.637920,-74.084528,0.00,5,1
3215,33736112,-2.490,0.681,-9.269,-3.261,0.538,2.558,174.981,15.784,0.069,-0.254,2.558,4.637920,-74.084528,0.00,5,1
3216,33746137,-2.602,0.737,-9.317,-4.207,-0.743,2.863,174.973,15.754,0.075,-0.265,2.863,4.637920,-74.084528,0.00,5,1
3217,33756119,-2.719,0.819,-9.434,-4.665,-1.232,2.924,174.927,15.758,0.083,-0.277,2.924,4.637920,-74.084528,0.00,5,1
3218,33766125,-2.783,0.877,-9.506,-4.207,-1.171,2.680,174.865,15.780,0.089,-0.284,2.680,4.637920,-74.084528,0.00,5,1
3219,33776131,-2.812,0.939,-9.542,-3.353,-0.560,2.192,174.788,15.814,0.096,-0.287,2.192,4.637920,-74.084528,0.00,5,1
3220,33786117,-2.840,1.036,-9.583,-2.285,0.325,1.581,174.685,15.858,0.106,-0.290,1.581,4.637920,-74.084528,0.00,6,1
3221,33796120,-2.828,1.106,-9.547,-0.759,1.179,1.398,174.571,15.906,0.113,-0.288,1.398,4.637920,-74.084528,0.00,6,1
3222,33806119,-2.795,1.079,-9.497,0.584,1.729,1.490,174.487,15.947,0.110,-0.285,1.490,4.637920,-74.084528,0.00,6,1
3223,33816118,-2.759,1.009,-9.494,1.377,1.668,1.612,174.449,15.971,0.103,-0.281,1.612,4.637920,-74.084528,0.00,6,1
3224,33826134,-2.728,1.026,-9.516,1.438,1.576,1.948,174.408,15.975,0.105,-0.278,1.948,4.637920,-74.084528,0.00,6,1
3225,33836128,-2.724,0.978,-9.547,1.286,1.484,2.680,174.392,15.974,0.100,-0.278,2.680,4.637920,-74.084528,0.00,6,1
3226,33846128,-2.702,0.910,-9.530,1.042,1.484,3.229,174.405,15.966,0.093,-0.276,3.229,4.637920,-74.084528,0.00,6,1
3227,33856118,-2.681,0.891,-9.564,0.767,1.301,3.351,174.425,15.945,0.091,-0.273,3.351,4.637920,-74.084528,0.00,6,1
3228,33866119,-2.674,0.884,-9.588,0.553,1.271,3.412,174.445,15.919,0.090,-0.273,3.412,4.637920,-74.084528,0.00,6,1
3229,33876129,-2.678,0.869,-9.600,0.614,1.332,3.351,174.472,15.896,0.089,-0.273,3.351,4.637920,-74.084528,0.00,6,1
3230,33886125,-2.662,0.797,-9.610,0.797,1.637,3.107,174.531,15.870,0.081,-0.271,3.107,4.637920,-74.084528,0.00,6,1
3231,33896126,-2.633,0.751,-9.593,0.950,1.973,2.741,174.608,15.840,0.077,-0.268,2.741,4.637920,-74.084528,0.00,6,1
3232,33906122,-2.650,0.725,-9.588,0.675,2.125,2.222,174.688,15.821,0.074,-0.270,2.222,4.637920,-74.084528,0.00,6,1
3233,33916115,-2.612,0.722,-9.574,0.279,2.186,1.795,174.758,15.790,0.074,-0.266,1.795,4.637920,-74.084528,0.00,6,1
3234,33926136,-2.573,0.766,-9.533,-0.240,2.125,1.520,174.798,15.749,0.078,-0.262,1.520,4.637920,-74.084528,0.00,6,1
3235,33936118,-2.600,0.843,-9.552,-0.881,1.729,1.734,174.794,15.715,0.086,-0.265,1.734,4.637920,-74.084528,0.00,6,1
3236,33946119,-2.595,0.889,-9.588,-1.217,1.301,2.131,174.767,15.674,0.091,-0.265,2.131,4.637920,-74.084528,0.00,6,1
3237,33958330,-2.614,0.823,-9.571,-1.034,1.210,2.466,174.770,15.646,0.084,-0.267,2.466,4.637920,-74.084528,0.00,6,1
3238,33966125,-2.621,0.722,-9.550,-1.339,1.179,2.588,174.820,15.625,0.074,-0.267,2.588,4.637920,-74.084528,0.00,6,1
3239,33976121,-2.633,0.773,-9.566,-1.888,1.210,2.466,174.838,15.609,0.079,-0.268,2.466,4.637920,-74.084528,0.00,6,1
3240,33986117,-2.600,0.828,-9.514,-2.224,1.362,2.039,174.824,15.587,0.084,-0.265,2.039,4.637920,-74.084528,0.00,6,1
3241,33996115,-2.621,0.857,-9.494,-1.919,1.240,1.520,174.799,15.577,0.087,-0.267,1.520,4.637920,-74.084528,0.00,6,1
3242,34006132,-2.650,0.932,-9.506,-1.613,0.905,1.154,174.745,15.574,0.095,-0.270,1.154,4.637920,-74.084528,0.00,6,1
3243,34016120,-2.674,0.999,-9.547,-1.217,0.844,1.368,174.671,15.576,0.102,-0.273,1.368,4.637920,-74.084528,0.00,6,1
3244,34026119,-2.685,0.958,-9.514,-0.759,1.210,1.826,174.623,15.591,0.098,-0.274,1.826,4.637920,-74.084528,0.00,6,1
3245,34036118,-2.616,0.930,-9.511,-0.240,1.729,2.009,174.597,15.580,0.095,-0.267,2.009,4.637920,-74.084528,0.00,6,1
3246,34046121,-2.550,0.855,-9.494,0.340,1.942,1.826,174.612,15.546,0.087,-0.260,1.826,4.637920,-74.084528,0.00,6,1
3247,34056128,-2.473,0.802,-9.449,1.133,1.851,1.307,174.655,15.487,0.082,-0.252,1.307,4.637920,-74.084528,0.00,6,1
3248,34066116,-2.423,0.705,-9.398,1.530,1.393,0.757,174.742,15.413,0.072,-0.247,0.757,4.637920,-74.084528,0.00,6,1
3249,34076116,-2.421,0.647,-9.396,1.530,0.691,0.086,174.849,15.337,0.066,-0.247,0.086,4.637920,-74.084528,0.00,6,1
3250,34086111,-2.452,0.667,-9.468,0.889,-0.194,-0.463,174.935,15.265,0.068,-0.250,-0.463,4.637920,-74.084528,0.00,6,1
3251,34096113,-2.514,0.703,-9.518,0.187,-0.987,-0.524,174.993,15.211,0.072,-0.256,-0.524,4.637920,-74.084528,0.00,6,1
3252,34106134,-2.643,0.705,-9.569,-0.454,-1.232,-0.158,175.041,15.209,0.072,-0.269,-0.158,4.637920,-74.084528,0.00,6,1
3253,34116117,-2.688,0.710,-9.672,-1.095,-0.835,0.025,175.081,15.217,0.072,-0.274,0.025,4.637920,-74.084528,0.00,6,1
3254,34126171,-2.693,0.705,-9.701,-1.583,-0.133,0.025,175.117,15.230,0.072,-0.275,0.025,4.637920,-74.084528,0.00,6,1
3255,34136124,-2.664,0.739,-9.703,-1.522,0.752,-0.158,175.135,15.238,0.075,-0.272,-0.158,4.637920,-74.084528,0.00,6,1
3256,34146124,-2.619,0.758,-9.655,-1.430,1.607,-0.677,175.142,15.239,0.077,-0.267,-0.677,4.637920,-74.084528,0.00,6,1
3257,34156120,-2.542,0.787,-9.583,-0.881,2.003,-1.409,175.139,15.220,0.080,-0.259,-1.409,4.637920,-74.084528,0.00,6,1
3258,34166121,-2.466,0.855,-9.557,-0.271,1.668,-2.050,175.109,15.168,0.087,-0.251,-2.050,4.637920,-74.084528,0.00,6,1
3259,34176118,-2.437,0.889,-9.526,0.096,0.966,-2.539,175.069,15.105,0.091,-0.249,-2.539,4.637920,-74.084528,0.00,6,1
3260,34186106,-2.461,0.920,-9.552,0.431,0.111,-2.752,175.021,15.046,0.094,-0.251,-2.752,4.637920,-74.084528,0.00,6,1
3261,34196122,-2.519,0.898,-9.619,0.431,-0.621,-2.569,174.990,15.001,0.092,-0.257,-2.569,4.637920,-74.084528,0.00,6,1
3262,34206123,-2.602,0.838,-9.696,0.096,-0.713,-2.264,174.988,14.987,0.085,-0.265,-2.264,4.637920,-74.084528,0.00,6,1
3263,34216115,-2.647,0.811,-9.706,-0.484,-0.438,-1.806,174.994,14.994,0.083,-0.270,-1.806,4.637920,-74.084528,0.00,6,1
3264,34226113,-2.671,0.823,-9.708,-1.247,0.172,-1.501,174.986,15.016,0.084,-0.272,-1.501,4.637920,-74.084528,0.00,6,1
3265,34236123,-2.638,0.838,-9.718,-1.797,0.783,-1.165,174.968,15.027,0.085,-0.269,-1.165,4.637920,-74.084528,0.00,6,1
3266,34246117,-2.592,0.797,-9.679,-2.163,1.423,-0.982,174.965,15.028,0.081,-0.264,-0.982,4.637920,-74.084528,0.00,6,1
3267,34256119,-2.557,0.845,-9.631,-2.529,1.851,-1.318,174.935,15.023,0.086,-0.261,-1.318,4.637920,-74.084528,0.00,6,1
3268,34266117,-2.495,0.932,-9.662,-2.621,1.912,-1.745,174.869,14.989,0.095,-0.254,-1.745,4.637920,-74.084528,0.00,6,1
3269,34276113,-2.502,0.992,-9.634,-2.285,1.607,-2.203,174.783,14.960,0.101,-0.255,-2.203,4.637920,-74.084528,0.00,6,1
3270,34286110,-2.533,1.050,-9.638,-1.858,1.454,-2.294,174.681,14.944,0.107,-0.258,-2.294,4.637920,-74.084528,0.00,6,1
3271,34298052,-2.533,1.060,-9.655,-1.675,1.484,-2.020,174.580,14.928,0.108,-0.258,-2.020,4.637920,-74.084528,0.00,6,1
3272,34306105,-2.519,1.033,-9.674,-1.125,1.454,-1.715,174.510,14.904,0.105,-0.257,-1.715,4.637920,-74.084528,0.00,6,1
3273,34316102,-2.530,1.012,-9.730,-0.881,1.576,-1.409,174.459,14.882,0.103,-0.258,-1.409,4.637920,-74.084528,0.00,6,1
3274,34326108,-2.578,1.014,-9.691,-0.698,1.942,-1.379,174.412,14.890,0.103,-0.263,-1.379,4.637920,-74.084528,0.00,6,1
3275,34336103,-2.561,1.043,-9.684,-0.332,2.461,-1.592,174.358,14.895,0.106,-0.261,-1.592,4.637920,-74.084528,0.00,6,1
3276,34346109,-2.511,1.093,-9.696,-0.027,2.919,-1.562,174.289,14.881,0.112,-0.256,-1.562,4.637920,-74.084528,0.00,6,1
3277,34356109,-2.483,1.093,-9.667,0.462,3.468,-1.501,174.228,14.864,0.112,-0.253,-1.501,4.637920,-74.084528,0.00,6,1
3278,34366103,-2.435,1.031,-9.612,1.072,3.712,-1.440,174.203,14.838,0.105,-0.248,-1.440,4.637920,-74.084528,0.00,6,1
3279,34376109,-2.416,0.961,-9.629,1.438,3.804,-1.470,174.216,14.804,0.098,-0.246,-1.470,4.637920,-74.084528,0.00,6,1
3280,34386104,-2.411,0.891,-9.612,1.225,3.773,-1.592,174.256,14.774,0.091,-0.246,-1.592,4.637920,-74.084528,0.00,6,1
3281,34396114,-2.406,0.908,-9.583,0.523,3.621,-1.623,174.279,14.746,0.093,-0.245,-1.623,4.637920,-74.084528,0.00,6,1
3282,34406108,-2.368,0.949,-9.586,-0.271,3.651,-1.318,174.273,14.702,0.097,-0.241,-1.318,4.637920,-74.084528,0.00,6,1
3283,34416103,-2.330,0.898,-9.526,-1.003,3.621,-0.738,174.282,14.653,0.092,-0.238,-0.738,4.637920,-74.084528,0.00,6,1
3284,34426112,-2.290,0.903,-9.509,-1.858,3.193,-0.433,174.279,14.587,0.092,-0.233,-0.433,4.637920,-74.084528,0.00,6,1
3285,34436107,-2.266,0.934,-9.485,-2.102,2.736,-0.494,174.259,14.514,0.095,-0.231,-0.494,4.637920,-74.084528,0.00,6,1
3286,34446116,-2.242,0.942,-9.470,-2.071,2.217,-0.707,174.237,14.433,0.096,-0.229,-0.707,4.637920,-74.084528,0.00,6,1
3287,34456109,-2.271,0.937,-9.454,-1.797,1.484,-1.104,174.220,14.365,0.096,-0.232,-1.104,4.637920,-74.084528,0.00,6,1
3288,34466103,-2.309,0.939,-9.463,-1.583,0.783,-1.715,174.206,14.312,0.096,-0.235,-1.715,4.637920,-74.084528,0.00,6,1
3289,34476114,-2.368,0.999,-9.485,-1.430,0.142,-2.203,174.168,14.279,0.102,-0.241,-2.203,4.637920,-74.084528,0.00,6,1
3290,34486108,-2.402,1.101,-9.535,-1.491,-0.163,-2.325,174.088,14.254,0.112,-0.245,-2.325,4.637920,-74.084528,0.00,6,1
3291,34496104,-2.452,1.091,-9.576,-1.400,-0.438,-1.928,174.022,14.246,0.111,-0.250,-1.928,4.637920,-74.084528,0.00,6,1
3292,34506109,-2.514,1.108,-9.626,-1.613,-0.652,-1.348,173.955,14.257,0.113,-0.256,-1.348,4.637920,-74.084528,0.00,6,1
3293,34516107,-2.540,1.098,-9.687,-1.705,-0.469,-0.707,173.898,14.273,0.112,-0.259,-0.707,4.637920,-74.084528,0.00,6,1
3294,34526116,-2.564,1.065,-9.732,-1.583,-0.072,-0.311,173.865,14.297,0.109,-0.261,-0.311,4.637920,-74.084528,0.00,6,1
3295,34536109,-2.592,1.007,-9.775,-1.095,0.355,-0.128,173.866,14.332,0.103,-0.264,-0.128,4.637920,-74.084528,0.00,6,1
3296,34546102,-2.628,0.980,-9.850,-0.515,0.905,-0.311,173.888,14.375,0.100,-0.268,-0.311,4.637920,-74.084528,0.00,6,1
3297,34556109,-2.602,0.905,-9.816,-0.240,2.217,-0.616,173.942,14.422,0.092,-0.265,-0.616,4.637920,-74.084528,0.00,6,1
3298,34566105,-2.542,0.874,-9.708,-0.027,3.682,-0.982,174.003,14.465,0.089,-0.259,-0.982,4.637920,-74.084528,0.00,6,1
3299,34576099,-2.437,0.838,-9.658,-0.057,4.780,-1.348,174.074,14.477,0.085,-0.249,-1.348,4.637920,-74.084528,0.00,6,1
3300,34586108,-2.325,0.823,-9.557,-0.271,5.177,-1.562,174.140,14.454,0.084,-0.237,-1.562,4.637920,-74.084528,0.00,6,1
3301,34601548,-2.237,0.828,-9.430,-0.881,4.628,-1.776,174.182,14.419,0.084,-0.228,-1.776,4.637920,-74.084528,0.00,6,1
3302,34606111,-2.189,0.874,-9.391,-1.949,3.346,-1.776,174.195,14.338,0.089,-0.223,-1.776,4.637920,-74.084528,0.00,6,1
3303,34616119,-2.197,0.973,-9.437,-2.804,1.515,-1.501,174.155,14.244,0.099,-0.224,-1.501,4.637920,-74.084528,0.00,6,1
3304,34626176,-2.259,0.992,-9.502,-3.261,-0.072,-0.830,174.108,14.164,0.101,-0.230,-0.830,4.637920,-74.084528,0.00,6,1
3305,34636123,-2.390,0.958,-9.622,-3.322,-0.926,-0.250,174.085,14.128,0.098,-0.244,-0.250,4.637920,-74.084528,0.00,6,1
3306,34646137,-2.504,0.898,-9.725,-3.170,-0.896,-0.189,174.097,14.134,0.092,-0.255,-0.189,4.637920,-74.084528,0.00,6,1
3307,34656119,-2.538,0.869,-9.804,-2.804,0.142,-0.585,174.128,14.154,0.089,-0.259,-0.585,4.637920,-74.084528,0.00,6,1
3308,34666111,-2.554,0.869,-9.802,-2.224,1.668,-1.379,174.162,14.194,0.089,-0.260,-1.379,4.637920,-74.084548,0.00,6,1
3309,34676118,-2.519,0.836,-9.749,-1.644,3.316,-2.386,174.211,14.238,0.085,-0.257,-2.386,4.637920,-74.084548,0.00,6,1
3310,34686134,-2.414,0.869,-9.677,-1.217,4.414,-3.271,174.242,14.251,0.089,-0.246,-3.271,4.637920,-74.084548,0.00,6,1
3311,34696112,-2.304,0.922,-9.538,-1.125,4.719,-3.851,174.242,14.232,0.094,-0.235,-3.851,4.637920,-74.084548,0.00,6,1
3312,34706108,-2.223,0.990,-9.442,-1.461,4.109,-3.912,174.203,14.183,0.101,-0.227,-3.912,4.637920,-74.084548,0.00,6,1
3313,34716111,-2.197,1.004,-9.432,-1.736,2.797,-3.576,174.158,14.116,0.102,-0.224,-3.576,4.637920,-74.084548,0.00,6,1
3314,34726121,-2.235,0.987,-9.422,-2.285,1.393,-2.935,174.118,14.058,0.101,-0.228,-2.935,4.637920,-74.084548,0.00,6,1
3315,34736121,-2.321,1.014,-9.490,-2.987,0.081,-2.264,174.066,14.023,0.103,-0.237,-2.264,4.637920,-74.084548,0.00,6,1
3316,34746109,-2.437,1.072,-9.600,-3.383,-0.682,-1.898,173.994,14.021,0.109,-0.249,-1.898,4.637920,-74.084548,0.00,6,1
3317,34756120,-2.547,1.077,-9.706,-3.445,-0.621,-1.562,173.929,14.055,0.110,-0.260,-1.562,4.637920,-74.084548,0.00,6,1
3318,34766113,-2.588,1.086,-9.768,-2.865,0.386,-1.531,173.874,14.106,0.111,-0.264,-1.531,4.637920,-74.084548,0.00,6,1
3319,34776126,-2.550,1.077,-9.756,-2.132,1.912,-1.654,173.833,14.153,0.110,-0.260,-1.654,4.637920,-74.084548,0.00,6,1
3320,34786109,-2.454,1.060,-9.687,-1.217,3.224,-1.867,173.808,14.176,0.108,-0.250,-1.867,4.637920,-74.084548,0.00,6,1
3321,34796109,-2.361,1.036,-9.610,-0.545,4.017,-2.355,173.798,14.173,0.106,-0.241,-2.355,4.637920,-74.084548,0.00,6,1
3322,34806115,-2.273,1.004,-9.547,0.187,4.017,-3.057,173.807,14.139,0.102,-0.232,-3.057,4.637920,-74.084548,0.00,6,1
3323,34816105,-2.230,1.004,-9.482,0.523,3.346,-3.424,173.815,14.089,0.102,-0.227,-3.424,4.637920,-74.084548,0.00,6,1
3324,34826123,-2.228,1.040,-9.444,0.248,2.461,-3.149,173.802,14.038,0.106,-0.227,-3.149,4.637920,-74.084548,0.00,6,1
3325,34836119,-2.266,0.971,-9.542,0.065,1.546,-2.844,173.824,13.989,0.099,-0.231,-2.844,4.637920,-74.084548,0.00,6,1
3326,34846122,-2.306,0.886,-9.610,-0.393,1.088,-2.630,173.882,13.951,0.090,-0.235,-2.630,4.637920,-74.084548,0.00,6,1
3327,34856119,-2.344,0.877,-9.648,-1.308,1.240,-2.447,173.933,13.930,0.089,-0.239,-2.447,4.637920,-74.084548,0.00,6,1
3328,34866118,-2.328,0.877,-9.655,-1.827,1.881,-2.539,173.975,13.909,0.089,-0.237,-2.539,4.637920,-74.084548,0.00,6,1
3329,34876104,-2.287,0.886,-9.638,-2.071,2.461,-2.661,174.007,13.879,0.090,-0.233,-2.661,4.637920,-74.084548,0.00,6,1
3330,34886108,-2.232,0.893,-9.634,-2.193,2.553,-3.210,174.032,13.829,0.091,-0.228,-3.210,4.637920,-74.084548,0.00,6,1
3331,34896113,-2.189,0.951,-9.614,-1.705,2.247,-4.003,174.033,13.763,0.097,-0.223,-4.003,4.637920,-74.084548,0.00,6,1
3332,34906119,-2.180,1.019,-9.595,-1.278,1.576,-4.522,174.006,13.693,0.104,-0.222,-4.522,4.637920,-74.084548,0.00,6,1
3333,34916113,-2.194,1.040,-9.610,-1.064,1.057,-4.614,173.974,13.628,0.106,-0.224,-4.614,4.637920,-74.084548,0.00,6,1
3334,34926108,-2.225,1.016,-9.643,-0.942,0.752,-4.370,173.959,13.575,0.104,-0.227,-4.370,4.637920,-74.084548,0.00,6,1
3335,34936104,-2.287,1.002,-9.658,-1.400,0.477,-3.973,173.947,13.549,0.102,-0.233,-3.973,4.637920,-74.084548,0.00,6,1
3336,34950691,-2.321,1.033,-9.706,-1.919,0.569,-3.668,173.908,13.534,0.105,-0.237,-3.668,4.637920,-74.084548,0.00,6,1
3337,34956125,-2.325,1.072,-9.713,-2.193,0.905,-3.424,173.864,13.525,0.109,-0.237,-3.424,4.637920,-74.084548,0.00,6,1
3338,34966113,-2.330,1.096,-9.689,-2.285,1.210,-3.118,173.810,13.523,0.112,-0.238,-3.118,4.637920,-74.084548,0.00,6,1
3339,34976113,-2.304,1.125,-9.708,-1.919,1.332,-3.057,173.752,13.509,0.115,-0.235,-3.057,4.637920,-74.084548,0.00,6,1
3340,34986107,-2.294,1.154,-9.737,-1.308,1.301,-3.271,173.693,13.489,0.118,-0.234,-3.271,4.637920,-74.084548,0.00,6,1
3341,34996105,-2.316,1.127,-9.735,-0.423,1.362,-3.515,173.658,13.480,0.115,-0.236,-3.515,4.637920,-74.084548,0.00,6,1
3342,35006121,-2.366,1.122,-9.763,0.218,1.332,-3.668,173.636,13.491,0.114,-0.241,-3.668,4.637920,-74.084548,0.00,6,1
3343,35016101,-2.402,1.050,-9.814,0.462,1.851,-3.607,173.652,13.516,0.107,-0.245,-3.607,4.637920,-74.084548,0.00,6,1
3344,35026107,-2.423,0.995,-9.797,0.157,2.583,-3.485,173.688,13.558,0.101,-0.247,-3.485,4.637920,-74.084548,0.00,6,1
3345,35036102,-2.404,1.024,-9.747,-0.759,3.285,-3.149,173.697,13.599,0.104,-0.245,-3.149,4.637920,-74.084548,0.00,6,1
3346,35046122,-2.321,1.108,-9.687,-1.644,3.895,-2.508,173.657,13.613,0.113,-0.237,-2.508,4.637920,-74.084548,0.00,6,1
3347,35056116,-2.256,1.127,-9.610,-2.346,4.231,-1.776,173.601,13.609,0.115,-0.230,-1.776,4.637920,-74.084548,0.00,6,1
3348,35066108,-2.204,1.086,-9.600,-2.834,4.201,-1.196,173.563,13.583,0.111,-0.225,-1.196,4.637920,-74.084548,0.00,6,1
3349,35076104,-2.130,1.144,-9.526,-2.651,4.109,-0.982,173.499,13.533,0.117,-0.217,-0.982,4.637920,-74.084548,0.00,6,1
3350,35086119,-2.061,1.156,-9.478,-1.583,3.499,-1.348,173.442,13.456,0.118,-0.210,-1.348,4.637920,-74.084548,0.00,6,1
3351,35096111,-2.058,1.118,-9.466,-0.240,3.010,-2.050,173.418,13.380,0.114,-0.210,-2.050,4.637920,-74.084548,0.00,6,1
3352,35106109,-1.996,1.004,-9.454,1.011,2.736,-2.966,173.459,13.283,0.102,-0.204,-2.966,4.637920,-74.084548,0.00,6,1
3353,35116103,-1.975,0.934,-9.369,1.652,2.095,-3.881,173.531,13.186,0.095,-0.201,-3.881,4.637920,-74.084548,0.00,6,1
3354,35126110,-2.008,0.930,-9.355,1.438,0.966,-4.583,173.598,13.103,0.095,-0.205,-4.583,4.637920,-74.084548,0.00,6,1
3355,35136117,-2.073,0.954,-9.434,0.950,-0.286,-4.705,173.647,13.035,0.097,-0.211,-4.705,4.637920,-74.084548,0.00,6,1
3356,35146106,-2.187,1.040,-9.521,-0.118,-1.110,-4.064,173.647,13.005,0.106,-0.223,-4.064,4.637920,-74.084548,0.00,6,1
3357,35156104,-2.266,1.062,-9.614,-1.400,-1.293,-2.752,173.630,13.001,0.108,-0.231,-2.752,4.637920,-74.084548,0.00,6,1
3358,35166122,-2.287,1.060,-9.672,-2.498,-0.957,-1.501,173.608,13.003,0.108,-0.233,-1.501,4.637920,-74.084548,0.00,6,1
3359,35176108,-2.297,1.084,-9.699,-2.956,-0.530,-0.891,173.574,13.010,0.111,-0.234,-0.891,4.637920,-74.084548,0.00,6,1
3360,35186120,-2.251,1.103,-9.703,-2.315,-0.072,-1.013,173.540,13.001,0.112,-0.230,-1.013,4.637920,-74.084548,0.00,6,1
3361,35196111,-2.230,1.081,-9.672,-0.942,0.142,-1.776,173.530,12.989,0.110,-0.227,-1.776,4.637920,-74.084548,0.00,6,1
3362,35206110,-2.192,1.125,-9.646,0.584,0.111,-2.905,173.514,12.963,0.115,-0.224,-2.905,4.637920,-74.084548,0.00,6,1
3363,35216104,-2.178,1.180,-9.638,2.018,0.111,-3.851,173.487,12.933,0.120,-0.222,-3.851,4.637920,-74.084548,0.00,6,1
3364,35226133,-2.189,1.173,-9.598,2.812,0.264,-4.064,173.470,12.916,0.120,-0.223,-4.064,4.637920,-74.084548,0.00,6,1
3365,35236102,-2.209,1.159,-9.602,2.964,0.477,-3.637,173.463,12.910,0.118,-0.225,-3.637,4.637920,-74.084548,0.00,6,1
3366,35246107,-2.218,1.178,-9.619,2.476,0.813,-2.813,173.444,12.910,0.120,-0.226,-2.813,4.637920,-74.084548,0.00,6,1
3367,35256110,-2.156,1.130,-9.588,1.805,1.088,-1.623,173.441,12.889,0.115,-0.220,-1.623,4.637920,-74.084548,0.00,6,1
3368,35266119,-2.085,1.019,-9.581,1.255,1.240,-0.768,173.482,12.842,0.104,-0.213,-0.768,4.637920,-74.084548,0.00,6,1
3369,35276109,-2.032,0.922,-9.583,0.981,0.905,-0.738,173.561,12.774,0.094,-0.207,-0.738,4.637920,-74.084548,0.00,6,1
3370,35290390,-2.046,0.869,-9.552,0.889,0.264,-1.196,173.659,12.711,0.089,-0.209,-1.196,4.637920,-74.084548,0.00,6,1
3371,35296104,-2.089,0.843,-9.588,0.889,-0.499,-2.142,173.762,12.664,0.086,-0.213,-2.142,4.637920,-74.084548,0.00,6,1
3372,35306105,-2.139,0.896,-9.638,0.675,-0.987,-3.027,173.833,12.633,0.091,-0.218,-3.027,4.637920,-74.084548,0.00,6,1
3373,35316107,-2.187,0.985,-9.638,0.279,-1.079,-3.485,173.854,12.623,0.100,-0.223,-3.485,4.637920,-74.084548,0.00,6,1
3374,35326111,-2.206,1.098,-9.646,-0.057,-1.018,-3.332,173.819,12.621,0.112,-0.225,-3.332,4.637920,-74.084548,0.00,6,1
3375,35336102,-2.225,1.108,-9.670,-0.240,-0.591,-2.722,173.781,12.629,0.113,-0.227,-2.722,4.637920,-74.084548,0.00,6,1
3376,35346105,-2.216,1.014,-9.600,-0.423,-0.225,-2.264,173.784,12.644,0.103,-0.226,-2.264,4.637920,-74.084548,0.00,6,1
3377,35356107,-2.173,0.963,-9.530,-0.515,-0.255,-2.172,173.806,12.646,0.098,-0.222,-2.172,4.637920,-74.084548,0.00,6,1
3378,35366111,-2.168,0.978,-9.497,-0.637,-0.804,-2.661,173.817,12.643,0.100,-0.221,-2.661,4.637920,-74.084548,0.00,6,1
3379,35376102,-2.192,1.028,-9.545,-0.576,-1.872,-3.210,173.806,12.636,0.105,-0.224,-3.210,4.637920,-74.084548,0.00,6,1
3380,35386105,-2.256,1.142,-9.595,-0.362,-2.513,-3.271,173.750,12.646,0.116,-0.230,-3.271,4.637920,-74.084548,0.00,6,1
3381,35396107,-2.325,1.161,-9.641,0.065,-2.513,-2.966,173.695,12.679,0.118,-0.237,-2.966,4.637920,-74.084548,0.00,6,1
3382,35406111,-2.342,1.130,-9.689,0.279,-2.239,-2.325,173.664,12.715,0.115,-0.239,-2.325,4.637920,-74.084548,0.00,6,1
3383,35416101,-2.337,1.053,-9.662,0.370,-1.537,-1.715,173.669,12.756,0.107,-0.238,-1.715,4.637920,-74.084548,0.00,6,1
3384,35426105,-2.311,0.949,-9.624,0.157,-0.957,-1.531,173.716,12.794,0.097,-0.236,-1.531,4.637920,-74.084548,0.00,6,1
3385,35436107,-2.268,0.963,-9.602,-0.118,-0.774,-1.745,173.750,12.813,0.098,-0.231,-1.745,4.637920,-74.084548,0.00,6,1
3386,35446111,-2.213,1.028,-9.600,-0.057,-0.774,-2.050,173.752,12.807,0.105,-0.226,-2.050,4.637920,-74.084548,0.00,6,1
3387,35456102,-2.194,1.055,-9.559,0.218,-0.835,-2.111,173.742,12.797,0.108,-0.224,-2.111,4.637920,-74.084548,0.00,6,1
3388,35466105,-2.189,1.096,-9.547,0.462,-1.293,-2.081,173.717,12.782,0.112,-0.223,-2.081,4.637920,-74.084548,0.00,6,1
3389,35476107,-2.173,1.120,-9.612,1.011,-1.934,-1.989,173.691,12.748,0.114,-0.222,-1.989,4.637920,-74.084548,0.00,6,1
3390,35486111,-2.187,1.103,-9.626,1.316,-2.513,-1.715,173.678,12.716,0.112,-0.223,-1.715,4.637920,-74.084548,0.00,6,1
3391,35496101,-2.199,1.091,-9.653,1.438,-2.819,-1.379,173.674,12.687,0.111,-0.224,-1.379,4.637920,-74.084548,0.00,6,1
3392,35506105,-2.225,1.067,-9.715,1.469,-3.002,-1.013,173.684,12.663,0.109,-0.227,-1.013,4.637920,-74.084548,0.00,6,1
3393,35516107,-2.251,1.045,-9.763,1.591,-3.063,-0.616,173.707,12.648,0.107,-0.230,-0.616,4.637920,-74.084548,0.00,6,1
3394,35526111,-2.309,1.033,-9.754,1.591,-3.063,-0.524,173.732,12.659,0.105,-0.235,-0.524,4.637920,-74.084548,0.00,6,1
3395,35536102,-2.344,1.012,-9.811,1.713,-2.788,-0.494,173.770,12.681,0.103,-0.239,-0.494,4.637920,-74.084548,0.00,6,1
3396,35546105,-2.364,0.913,-9.867,2.079,-2.086,-0.524,173.853,12.712,0.093,-0.241,-0.524,4.637920,-74.084548,0.00,6,1
3397,35556107,-2.385,0.855,-9.898,1.866,-1.354,-0.799,173.955,12.753,0.087,-0.243,-0.799,4.637920,-74.084548,0.00,6,1
3398,35566111,-2.380,0.852,-9.895,1.408,-0.438,-1.013,174.046,12.798,0.087,-0.243,-1.013,4.637920,-74.084548,0.00,6,1
3399,35576102,-2.349,0.889,-9.879,1.011,0.203,-1.013,174.110,12.834,0.091,-0.240,-1.013,4.637920,-74.084548,0.00,6,1
3400,35586105,-2.323,0.956,-9.879,0.340,0.630,-0.738,174.133,12.860,0.097,-0.237,-0.738,4.637920,-74.084548,0.00,6,1
3401,35609598,-2.232,0.954,-9.730,-0.118,1.393,0.330,174.135,12.876,0.097,-0.228,0.330,4.637920,-74.084548,0.00,6,1
3402,35611017,-2.232,0.954,-9.730,-0.118,1.393,0.330,174.145,12.884,0.097,-0.228,0.330,4.637920,-74.084548,0.00,6,1
3403,35616105,-2.182,0.937,-9.658,-0.210,1.423,0.452,174.162,12.874,0.096,-0.223,0.452,4.637920,-74.084548,0.00,6,1
3404,35626158,-2.175,0.917,-9.598,-0.179,1.271,0.361,174.184,12.866,0.094,-0.222,0.361,4.637920,-74.084548,0.00,6,1
3405,35636106,-2.163,0.884,-9.569,-0.057,0.905,-0.067,174.220,12.854,0.090,-0.221,-0.067,4.637920,-74.084548,0.00,6,1
3406,35646131,-2.194,0.896,-9.590,0.034,0.386,-0.738,174.248,12.850,0.091,-0.224,-0.738,4.637920,-74.084548,0.00,6,1
3407,35656107,-2.220,0.908,-9.593,0.248,0.172,-1.013,174.271,12.855,0.093,-0.226,-1.013,4.637920,-74.084548,0.00,6,1
3408,35666122,-2.254,0.915,-9.590,0.340,0.111,-1.135,174.289,12.875,0.093,-0.230,-1.135,4.637918,-74.084558,0.05,6,1
3409,35676128,-2.251,0.884,-9.602,0.340,-0.011,-1.257,174.320,12.890,0.090,-0.230,-1.257,4.637918,-74.084558,0.05,6,1
3410,35686125,-2.256,0.872,-9.586,-0.210,0.020,-1.104,174.349,12.908,0.089,-0.230,-1.104,4.637918,-74.084558,0.05,6,1
3411,35696122,-2.256,0.896,-9.530,-0.728,-0.194,-1.043,174.356,12.928,0.091,-0.230,-1.043,4.637918,-74.084558,0.05,6,1
3412,35706108,-2.275,1.033,-9.511,-1.125,-0.591,-0.952,174.295,12.951,0.105,-0.232,-0.952,4.637918,-74.084558,0.05,6,1
3413,35716123,-2.280,1.130,-9.509,-0.942,-0.896,-0.707,174.196,12.971,0.115,-0.233,-0.707,4.637918,-74.084558,0.05,6,1
3414,35726118,-2.302,1.091,-9.533,-0.027,-1.048,-0.402,174.132,12.995,0.111,-0.235,-0.402,4.637918,-74.084558,0.05,6,1
3415,35736126,-2.383,0.971,-9.605,0.858,-1.201,-0.372,174.140,13.045,0.099,-0.243,-0.372,4.637918,-74.084558,0.05,6,1
3416,35746116,-2.414,0.889,-9.672,1.072,-0.835,-0.738,174.189,13.102,0.091,-0.246,-0.738,4.637918,-74.084558,0.05,6,1
3417,35756118,-2.395,0.884,-9.670,0.767,-0.194,-0.982,174.234,13.152,0.090,-0.244,-0.982,4.637918,-74.084558,0.05,6,1
3418,35766123,-2.335,0.949,-9.679,0.157,0.203,-1.104,174.241,13.174,0.097,-0.238,-1.104,4.637918,-74.084558,0.05,6,1
3419,35776117,-2.278,0.987,-9.612,-0.210,0.203,-0.921,174.223,13.177,0.101,-0.232,-0.921,4.637918,-74.084558,0.05,6,1
3420,35786112,-2.259,1.014,-9.566,-0.606,-0.408,-0.494,174.189,13.170,0.103,-0.230,-0.494,4.637918,-74.084558,0.05,6,1
3421,35796123,-2.242,1.048,-9.559,-0.698,-0.987,-0.067,174.141,13.151,0.107,-0.229,-0.067,4.637918,-74.084558,0.05,6,1
3422,35806126,-2.256,1.055,-9.576,-0.545,-1.323,0.239,174.096,13.135,0.108,-0.230,0.239,4.637918,-74.084558,0.05,6,1
3423,35816121,-2.290,1.024,-9.617,-0.545,-1.445,0.330,174.070,13.130,0.104,-0.233,0.330,4.637918,-74.084558,0.05,6,1
3424,35826133,-2.330,1.007,-9.646,-0.240,-1.323,0.086,174.058,13.141,0.103,-0.238,0.086,4.637918,-74.084558,0.05,6,1
3425,35836121,-2.366,0.983,-9.653,0.004,-0.896,-0.311,174.060,13.170,0.100,-0.241,-0.311,4.637918,-74.084558,0.05,6,1
3426,35846113,-2.347,1.036,-9.660,-0.057,-0.408,-0.524,174.039,13.191,0.106,-0.239,-0.524,4.637918,-74.084558,0.05,6,1
3427,35856123,-2.321,1.077,-9.634,-0.027,-0.041,-0.250,173.999,13.206,0.110,-0.237,-0.250,4.637918,-74.084558,0.05,6,1
3428,35866132,-2.282,1.057,-9.610,-0.088,0.081,0.239,173.969,13.206,0.108,-0.233,0.239,4.637918,-74.084558,0.05,6,1
3429,35876107,-2.275,1.055,-9.586,-0.210,-0.225,0.727,173.941,13.204,0.108,-0.232,0.727,4.637918,-74.084558,0.05,6,1
3430,35886111,-2.254,1.033,-9.602,-0.057,-0.743,0.910,173.926,13.186,0.105,-0.230,0.910,4.637918,-74.084558,0.05,6,1
3431,35896124,-2.266,0.946,-9.619,0.340,-1.262,0.727,173.957,13.168,0.097,-0.231,0.727,4.637918,-74.084558,0.05,6,1
3432,35906133,-2.325,0.872,-9.646,0.553,-1.537,0.391,174.021,13.174,0.089,-0.237,0.391,4.637918,-74.084558,0.05,6,1
3433,35916117,-2.366,0.840,-9.679,0.553,-1.323,-0.036,174.097,13.194,0.086,-0.241,-0.036,4.637918,-74.084558,0.05,6,1
3434,35926115,-2.380,0.877,-9.718,0.492,-0.774,-0.372,174.151,13.221,0.089,-0.243,-0.372,4.637918,-74.084558,0.05,6,1
3435,35936115,-2.397,0.908,-9.703,0.218,-0.408,-0.311,174.184,13.256,0.093,-0.244,-0.311,4.637918,-74.084558,0.05,6,1
3436,35948305,-2.335,0.925,-9.727,0.065,-0.041,-0.036,174.205,13.263,0.094,-0.238,-0.036,4.637918,-74.084558,0.05,6,1
3437,35956132,-2.285,0.913,-9.691,-0.179,0.233,0.361,174.228,13.255,0.093,-0.233,0.361,4.637918,-74.084558,0.05,6,1
3438,35966126,-2.237,0.908,-9.617,-0.393,0.050,0.574,174.246,13.233,0.093,-0.228,0.574,4.637918,-74.084558,0.05,6,1
3439,35976115,-2.220,0.954,-9.583,-0.454,-0.408,0.513,174.240,13.204,0.097,-0.226,0.513,4.637918,-74.084558,0.05,6,1
3440,35986121,-2.244,0.944,-9.607,-0.210,-1.171,0.300,174.242,13.178,0.096,-0.229,0.300,4.637918,-74.084558,0.05,6,1
3441,35996121,-2.306,0.898,-9.660,0.157,-1.842,-0.006,174.270,13.170,0.092,-0.235,-0.006,4.637918,-74.084558,0.05,6,1
3442,36006147,-2.402,0.848,-9.723,0.096,-2.147,-0.402,174.321,13.195,0.086,-0.245,-0.402,4.637918,-74.084558,0.05,6,1
3443,36016110,-2.497,0.944,-9.749,-0.606,-1.659,-0.555,174.319,13.258,0.096,-0.255,-0.555,4.637918,-74.084558,0.05,6,1
3444,36026116,-2.516,1.043,-9.797,-1.003,-0.804,-0.128,174.272,13.327,0.106,-0.257,-0.128,4.637918,-74.084558,0.05,6,1
3445,36036135,-2.485,1.043,-9.826,-0.789,0.416,0.635,174.232,13.385,0.106,-0.253,0.635,4.637918,-74.084558,0.05,6,1
3446,36046134,-2.416,0.966,-9.751,-0.240,1.607,1.185,174.231,13.430,0.098,-0.246,1.185,4.637918,-74.084558,0.05,6,1
3447,36056113,-2.316,0.840,-9.687,0.462,2.308,1.093,174.290,13.443,0.086,-0.236,1.093,4.637918,-74.084558,0.05,6,1
3448,36066113,-2.209,0.773,-9.629,0.797,2.522,0.300,174.375,13.417,0.079,-0.225,0.300,4.637918,-74.084558,0.05,6,1
3449,36076122,-2.154,0.758,-9.566,1.072,2.064,-0.921,174.461,13.372,0.077,-0.220,-0.921,4.637918,-74.084558,0.05,6,1
3450,36086138,-2.151,0.821,-9.581,1.255,1.088,-2.020,174.515,13.318,0.084,-0.219,-2.020,4.637918,-74.084558,0.05,6,1
3451,36096114,-2.156,0.898,-9.574,1.072,0.172,-2.386,174.527,13.261,0.092,-0.220,-2.386,4.637918,-74.084558,0.05,6,1
3452,36106113,-2.237,0.886,-9.554,0.645,-0.438,-2.081,174.539,13.241,0.090,-0.228,-2.081,4.637918,-74.084558,0.05,6,1
3453,36116121,-2.278,0.869,-9.593,-0.484,-0.957,-1.409,174.548,13.231,0.089,-0.232,-1.409,4.637918,-74.084558,0.05,6,1
3454,36126175,-2.342,0.908,-9.629,-1.644,-1.171,-0.555,174.531,13.243,0.093,-0.239,-0.555,4.637918,-74.084558,0.05,6,1
3455,36136120,-2.385,0.954,-9.667,-2.437,-1.110,-0.006,174.488,13.269,0.097,-0.243,-0.006,4.637918,-74.084558,0.05,6,1
3456,36146109,-2.404,0.980,-9.718,-2.498,-0.713,0.239,174.439,13.299,0.100,-0.245,0.239,4.637918,-74.084558,0.05,6,1
3457,36156126,-2.445,1.014,-9.737,-1.675,-0.286,-0.036,174.387,13.346,0.103,-0.249,-0.036,4.637918,-74.084558,0.05,6,1
3458,36166107,-2.442,1.028,-9.737,-0.423,0.233,-0.616,174.344,13.392,0.105,-0.249,-0.616,4.637918,-74.084558,0.05,6,1
3459,36176112,-2.430,1.026,-9.742,0.950,0.874,-1.196,174.318,13.436,0.105,-0.248,-1.196,4.637918,-74.084558,0.05,6,1
3460,36186144,-2.411,0.961,-9.711,2.140,1.454,-1.654,174.333,13.477,0.098,-0.246,-1.654,4.637918,-74.084558,0.05,6,1
3461,36196109,-2.395,0.901,-9.684,2.781,2.034,-2.020,174.378,13.517,0.092,-0.244,-2.020,4.637918,-74.084558,0.05,6,1
3462,36206130,-2.337,0.850,-9.643,2.537,2.369,-2.050,174.439,13.538,0.087,-0.238,-2.050,4.637918,-74.084558,0.05,6,1
3463,36216128,-2.273,0.855,-9.562,1.591,2.369,-1.562,174.480,13.537,0.087,-0.232,-1.562,4.637918,-74.084558,0.05,6,1
3464,36226134,-2.232,0.872,-9.545,0.462,1.790,-1.074,174.500,13.515,0.089,-0.228,-1.074,4.637918,-74.084558,0.05,6,1
3465,36236121,-2.247,0.901,-9.590,-0.423,0.844,-0.616,174.499,13.488,0.092,-0.229,-0.616,4.637918,-74.084558,0.05,6,1
3466,36246109,-2.309,0.925,-9.670,-0.698,-0.072,-0.372,174.488,13.472,0.094,-0.235,-0.372,4.637918,-74.084558,0.05,6,1
3467,36256127,-2.356,0.934,-9.708,-0.851,-0.163,-0.128,174.474,13.473,0.095,-0.240,-0.128,4.637918,-74.084558,0.05,6,1
3468,36266135,-2.418,0.896,-9.744,-0.728,0.325,-0.006,174.481,13.502,0.091,-0.247,-0.006,4.637918,-74.084558,0.05,6,1
3469,36276121,-2.414,0.857,-9.780,0.034,1.118,-0.219,174.513,13.530,0.087,-0.246,-0.219,4.637918,-74.084558,0.05,6,1
3470,36286116,-2.414,0.799,-9.780,0.492,2.095,-0.921,174.572,13.565,0.082,-0.246,-0.921,4.637918,-74.084558,0.05,6,1
3471,36297999,-2.347,0.787,-9.701,0.340,3.071,-1.654,174.628,13.591,0.080,-0.239,-1.654,4.637918,-74.084558,0.05,6,1
3472,36306107,-2.271,0.855,-9.586,0.065,3.682,-2.050,174.643,13.595,0.087,-0.232,-2.050,4.637918,-74.084558,0.05,6,1
3473,36316106,-2.170,0.949,-9.528,-0.118,3.346,-2.294,174.609,13.557,0.097,-0.221,-2.294,4.637918,-74.084558,0.05,6,1
3474,36326114,-2.130,1.009,-9.499,-0.149,2.522,-2.111,174.548,13.498,0.103,-0.217,-2.111,4.637918,-74.084558,0.05,6,1
3475,36336107,-2.106,0.997,-9.463,-0.027,1.454,-1.684,174.498,13.427,0.102,-0.215,-1.684,4.637918,-74.084558,0.05,6,1
3476,36346107,-2.149,0.920,-9.468,0.248,0.355,-1.165,174.489,13.371,0.094,-0.219,-1.165,4.637918,-74.084558,0.05,6,1
3477,36356106,-2.199,0.836,-9.499,0.218,-0.316,-1.226,174.521,13.333,0.085,-0.224,-1.226,4.637918,-74.084558,0.05,6,1
3478,36366114,-2.244,0.770,-9.530,-0.179,-0.682,-1.654,174.577,13.311,0.079,-0.229,-1.654,4.637918,-74.084558,0.05,6,1
3479,36376107,-2.275,0.792,-9.535,-0.698,-0.926,-2.172,174.615,13.302,0.081,-0.232,-2.172,4.637918,-74.084558,0.05,6,1
3480,36386104,-2.309,0.874,-9.547,-1.125,-1.079,-2.600,174.609,13.304,0.089,-0.235,-2.600,4.637918,-74.084558,0.05,6,1
3481,36396116,-2.373,1.028,-9.566,-1.217,-1.140,-2.508,174.534,13.330,0.105,-0.242,-2.508,4.637918,-74.084558,0.05,6,1
3482,36406110,-2.397,1.113,-9.595,-1.247,-0.957,-1.898,174.427,13.361,0.113,-0.244,-1.898,4.637918,-74.084558,0.05,6,1
3483,36416107,-2.409,1.159,-9.602,-1.186,-0.682,-0.982,174.309,13.397,0.118,-0.246,-0.982,4.637918,-74.084558,0.05,6,1
3484,36426106,-2.392,1.134,-9.626,-0.515,-0.225,-0.219,174.218,13.424,0.116,-0.244,-0.219,4.637918,-74.084558,0.05,6,1
3485,36436106,-2.371,1.093,-9.626,0.309,0.203,-0.158,174.160,13.445,0.112,-0.242,-0.158,4.637918,-74.084558,0.05,6,1
3486,36446110,-2.321,1.086,-9.626,1.286,0.416,-0.616,174.119,13.445,0.111,-0.237,-0.616,4.637918,-74.084558,0.05,6,1
3487,36456107,-2.287,1.038,-9.617,2.628,0.447,-1.257,174.114,13.433,0.106,-0.233,-1.257,4.637918,-74.084558,0.05,6,1
3488,36466120,-2.266,0.971,-9.626,3.422,0.233,-1.867,174.148,13.410,0.099,-0.231,-1.867,4.637918,-74.084558,0.05,6,1
3489,36476113,-2.282,0.925,-9.610,3.758,-0.225,-2.233,174.203,13.393,0.094,-0.233,-2.233,4.637918,-74.084558,0.05,6,1
3490,36486109,-2.349,0.860,-9.638,3.544,-0.682,-1.989,174.282,13.400,0.088,-0.240,-1.989,4.637918,-74.084558,0.05,6,1
3491,36496107,-2.387,0.814,-9.691,2.812,-0.804,-1.562,174.370,13.417,0.083,-0.243,-1.562,4.637918,-74.084558,0.05,6,1
3492,36506107,-2.430,0.775,-9.754,1.530,-0.530,-1.074,174.460,13.447,0.079,-0.248,-1.074,4.637918,-74.084558,0.05,6,1
3493,36516106,-2.390,0.797,-9.749,0.218,0.050,-0.372,174.521,13.463,0.081,-0.244,-0.372,4.637918,-74.084558,0.05,6,1
3494,36526110,-2.364,0.799,-9.739,-0.820,0.660,0.178,174.566,13.473,0.082,-0.241,0.178,4.637918,-74.084558,0.05,6,1
3495,36536107,-2.306,0.814,-9.689,-1.247,1.088,0.422,174.595,13.468,0.083,-0.235,0.422,4.637918,-74.084558,0.05,6,1
3496,36546111,-2.278,0.848,-9.682,-1.125,1.118,0.147,174.608,13.451,0.086,-0.232,0.147,4.637918,-74.084558,0.05,6,1
3497,36556107,-2.225,0.879,-9.665,-0.637,0.935,-0.463,174.610,13.413,0.090,-0.227,-0.463,4.637918,-74.084558,0.05,6,1
3498,36566115,-2.244,0.925,-9.672,0.218,0.538,-1.165,174.599,13.381,0.094,-0.229,-1.165,4.637918,-74.084558,0.05,6,1
3499,36576107,-2.256,0.958,-9.679,1.011,0.142,-1.745,174.582,13.352,0.098,-0.230,-1.745,4.637918,-74.084558,0.05,6,1
3500,36586127,-2.261,0.932,-9.711,1.438,-0.041,-1.776,174.583,13.322,0.095,-0.231,-1.776,4.637918,-74.084558,0.05,6,1
3501,36603168,-2.304,0.917,-9.665,0.950,0.172,-0.982,174.585,13.317,0.094,-0.235,-0.982,4.637918,-74.084558,0.05,6,1
3502,36606122,-2.304,0.917,-9.665,0.950,0.172,-0.982,174.586,13.316,0.094,-0.235,-0.982,4.637918,-74.084558,0.05,6,1
3503,36616121,-2.299,0.898,-9.677,0.614,0.111,-0.646,174.593,13.310,0.092,-0.234,-0.646,4.637918,-74.084558,0.05,6,1
3504,36626130,-2.328,0.891,-9.687,0.370,-0.041,-0.280,174.601,13.316,0.091,-0.237,-0.280,4.637918,-74.084558,0.05,6,1
3505,36636115,-2.354,0.884,-9.682,0.401,0.203,0.055,174.612,13.335,0.090,-0.240,0.055,4.637918,-74.084558,0.05,6,1
3506,36646136,-2.344,0.795,-9.672,0.462,0.722,0.117,174.663,13.355,0.081,-0.239,0.117,4.637918,-74.084558,0.05,6,1
3507,36656123,-2.313,0.797,-9.641,0.584,1.271,-0.189,174.708,13.368,0.081,-0.236,-0.189,4.637918,-74.084558,0.05,6,1
3508,36666108,-2.297,0.872,-9.648,0.889,1.332,-0.707,174.719,13.372,0.089,-0.234,-0.707,4.637915,-74.084557,0.00,6,1
3509,36676113,-2.259,0.852,-9.682,1.499,1.362,-1.043,174.745,13.356,0.087,-0.230,-1.043,4.637915,-74.084557,0.00,6,1
3510,36686113,-2.240,0.797,-9.648,1.774,1.484,-1.287,174.795,13.339,0.081,-0.228,-1.287,4.637915,-74.084557,0.00,6,1
3511,36696113,-2.211,0.795,-9.607,1.652,1.332,-1.379,174.840,13.313,0.081,-0.225,-1.379,4.637915,-74.084557,0.00,6,1
3512,36706108,-2.211,0.807,-9.626,1.225,0.935,-1.135,174.873,13.283,0.082,-0.225,-1.135,4.637915,-74.084557,0.00,6,1
3513,36716113,-2.201,0.780,-9.626,0.584,0.630,-0.952,174.909,13.249,0.080,-0.224,-0.952,4.637915,-74.084557,0.00,6,1
3514,36726129,-2.223,0.766,-9.631,-0.027,0.355,-0.707,174.943,13.224,0.078,-0.227,-0.707,4.637915,-74.084557,0.00,6,1
3515,36736118,-2.251,0.814,-9.610,-0.728,-0.041,-0.555,174.946,13.211,0.083,-0.230,-0.555,4.637915,-74.084557,0.00,6,1
3516,36746117,-2.268,0.852,-9.662,-1.034,-0.163,-0.616,174.930,13.200,0.087,-0.231,-0.616,4.637915,-74.084557,0.00,6,1
3517,36756123,-2.299,0.903,-9.687,-0.942,-0.286,-0.616,174.894,13.199,0.092,-0.234,-0.616,4.637915,-74.084557,0.00,6,1
3518,36766120,-2.335,0.917,-9.687,-0.576,-0.194,-0.707,174.859,13.214,0.094,-0.238,-0.707,4.637915,-74.084557,0.00,6,1
3519,36776116,-2.297,0.913,-9.701,-0.332,0.172,-0.799,174.830,13.213,0.093,-0.234,-0.799,4.637915,-74.084557,0.00,6,1
3520,36786126,-2.311,0.925,-9.687,0.157,0.508,-0.952,174.803,13.223,0.094,-0.236,-0.952,4.637915,-74.084557,0.00,6,1
3521,36796104,-2.302,0.944,-9.670,0.401,0.844,-1.104,174.770,13.233,0.096,-0.235,-1.104,4.637915,-74.084557,0.00,6,1
3522,36806108,-2.297,0.968,-9.646,0.584,0.935,-1.287,174.730,13.243,0.099,-0.234,-1.287,4.637915,-74.084557,0.00,6,1
3523,36816118,-2.299,1.019,-9.643,0.919,0.935,-1.257,174.673,13.253,0.104,-0.234,-1.257,4.637915,-74.084557,0.00,6,1
3524,36826117,-2.282,1.036,-9.662,0.919,0.996,-0.860,174.614,13.254,0.106,-0.233,-0.860,4.637915,-74.084557,0.00,6,1
3525,36836105,-2.271,1.038,-9.650,0.675,0.844,0.025,174.556,13.249,0.106,-0.232,0.025,4.637915,-74.084557,0.00,6,1
3526,36846113,-2.273,1.043,-9.619,0.462,0.844,0.879,174.496,13.249,0.106,-0.232,0.879,4.637915,-74.084557,0.00,6,1
3527,36856122,-2.242,0.971,-9.650,0.675,0.691,1.368,174.477,13.231,0.099,-0.229,1.368,4.637915,-74.084557,0.00,6,1
3528,36866118,-2.220,0.898,-9.655,1.011,0.416,1.398,174.495,13.204,0.092,-0.226,1.398,4.637915,-74.084557,0.00,6,1
3529,36876113,-2.256,0.836,-9.677,1.377,0.111,0.940,174.543,13.189,0.085,-0.230,0.940,4.637915,-74.084557,0.00,6,1
3530,36886126,-2.292,0.821,-9.711,1.316,0.142,0.361,174.596,13.188,0.084,-0.234,0.361,4.637915,-74.084557,0.00,6,1
3531,36896108,-2.297,0.845,-9.727,1.194,0.386,-0.006,174.633,13.189,0.086,-0.234,-0.006,4.637915,-74.084557,0.00,6,1
3532,36906109,-2.316,0.910,-9.727,0.736,0.752,0.086,174.634,13.202,0.093,-0.236,0.086,4.637915,-74.084557,0.00,6,1
3533,36916117,-2.304,0.946,-9.689,0.126,1.088,0.574,174.612,13.214,0.097,-0.235,0.574,4.637915,-74.084557,0.00,6,1
3534,36926132,-2.285,0.971,-9.662,-0.210,1.057,1.063,174.576,13.220,0.099,-0.233,1.063,4.637915,-74.084557,0.00,6,1
3535,36936108,-2.275,1.026,-9.691,-0.210,0.935,1.337,174.520,13.217,0.105,-0.232,1.337,4.637915,-74.084557,0.00,6,1
3536,36948321,-2.282,1.053,-9.751,0.309,0.844,1.581,174.462,13.210,0.107,-0.233,1.581,4.637915,-74.084557,0.00,6,1
3537,36956108,-2.318,0.968,-9.735,1.438,0.935,1.642,174.457,13.222,0.099,-0.236,1.642,4.637915,-74.084557,0.00,6,1
3538,36966125,-2.335,0.872,-9.723,2.323,1.301,1.368,174.503,13.246,0.089,-0.238,1.368,4.637915,-74.084557,0.00,6,1
3539,36976106,-2.309,0.790,-9.684,2.659,1.881,0.940,174.585,13.267,0.081,-0.235,0.940,4.637915,-74.084557,0.00,6,1
3540,36986116,-2.254,0.766,-9.641,2.598,2.308,0.452,174.669,13.271,0.078,-0.230,0.452,4.637915,-74.084557,0.00,6,1
3541,36996101,-2.201,0.770,-9.552,2.262,2.217,0.239,174.738,13.260,0.079,-0.224,0.239,4.637915,-74.084557,0.00,6,1
3542,37006117,-2.192,0.884,-9.550,1.621,1.759,0.239,174.743,13.240,0.090,-0.224,0.239,4.637915,-74.084557,0.00,6,1
3543,37016101,-2.206,0.946,-9.586,0.919,1.118,1.002,174.715,13.219,0.097,-0.225,1.002,4.637915,-74.084557,0.00,6,1
3544,37026108,-2.218,0.963,-9.610,0.675,0.630,2.070,174.681,13.197,0.098,-0.226,2.070,4.637915,-74.084557,0.00,6,1
3545,37036125,-2.228,0.893,-9.629,0.767,0.752,2.894,174.682,13.181,0.091,-0.227,2.894,4.637915,-74.084557,0.00,6,1
3546,37046112,-2.225,0.836,-9.684,0.950,0.844,2.924,174.713,13.161,0.085,-0.227,2.924,4.637915,-74.084557,0.00,6,1
3547,37056110,-2.209,0.787,-9.699,1.591,1.057,2.161,174.770,13.136,0.080,-0.225,2.161,4.637915,-74.084557,0.00,6,1
3548,37066114,-2.194,0.701,-9.670,2.384,1.668,1.307,174.868,13.116,0.071,-0.224,1.307,4.637915,-74.084557,0.00,6,1
3549,37076120,-2.151,0.688,-9.641,2.690,1.912,0.422,174.965,13.084,0.070,-0.219,0.422,4.637915,-74.084557,0.00,6,1
3550,37086124,-2.127,0.688,-9.617,2.659,1.515,-0.250,175.054,13.044,0.070,-0.217,-0.250,4.637915,-74.084557,0.00,6,1
3551,37096115,-2.137,0.720,-9.598,2.232,0.844,-0.372,175.118,13.005,0.073,-0.218,-0.372,4.637915,-74.084557,0.00,6,1
3552,37106130,-2.187,0.734,-9.588,1.499,0.325,0.086,175.163,12.988,0.075,-0.223,0.086,4.637915,-74.084557,0.00,6,1
3553,37116102,-2.220,0.756,-9.617,0.523,-0.163,0.788,175.187,12.978,0.077,-0.226,0.788,4.637915,-74.084557,0.00,6,1
3554,37126174,-2.244,0.751,-9.672,-0.484,-0.377,1.154,175.204,12.972,0.077,-0.229,1.154,4.637915,-74.084557,0.00,6,1
3555,37136105,-2.292,0.778,-9.749,-0.912,-0.377,1.429,175.206,12.979,0.079,-0.234,1.429,4.637915,-74.084557,0.00,6,1
3556,37146120,-2.325,0.811,-9.761,-0.881,-0.041,1.429,175.194,13.002,0.083,-0.237,1.429,4.637915,-74.084557,0.00,6,1
3557,37156111,-2.325,0.855,-9.742,-0.454,0.783,1.124,175.167,13.032,0.087,-0.237,1.124,4.637915,-74.084557,0.00,6,1
3558,37166110,-2.247,0.886,-9.732,0.309,1.515,0.452,175.134,13.033,0.090,-0.229,0.452,4.637915,-74.084557,0.00,6,1
3559,37176101,-2.206,0.891,-9.653,1.377,2.034,-0.189,175.109,13.030,0.091,-0.225,-0.189,4.637915,-74.084557,0.00,6,1
3560,37186118,-2.168,0.869,-9.595,1.957,2.095,-0.463,175.098,13.017,0.089,-0.221,-0.463,4.637915,-74.084557,0.00,6,1
3561,37196113,-2.123,0.855,-9.552,2.018,1.729,-0.280,175.093,12.986,0.087,-0.216,-0.280,4.637915,-74.084557,0.00,6,1
3562,37206115,-2.135,0.843,-9.516,1.652,1.057,0.025,175.089,12.960,0.086,-0.218,0.025,4.637915,-74.084557,0.00,6,1
3563,37216104,-2.158,0.864,-9.545,1.042,0.294,0.330,175.072,12.936,0.088,-0.220,0.330,4.637915,-74.084557,0.00,6,1
3564,37226115,-2.206,0.862,-9.605,0.614,-0.347,0.666,175.055,12.923,0.088,-0.225,0.666,4.637915,-74.084557,0.00,6,1
3565,37236126,-2.240,0.879,-9.605,0.004,-0.591,1.093,175.026,12.923,0.090,-0.228,1.093,4.637915,-74.084557,0.00,6,1
3566,37246124,-2.237,0.898,-9.636,-0.393,-0.469,1.642,174.988,12.920,0.092,-0.228,1.642,4.637915,-74.084557,0.00,6,1
3567,37256106,-2.209,0.864,-9.629,-0.454,-0.072,1.887,174.968,12.909,0.088,-0.225,1.887,4.637915,-74.084557,0.00,6,1
3568,37266107,-2.168,0.874,-9.602,-0.454,0.264,1.856,174.944,12.887,0.089,-0.221,1.856,4.637915,-74.084557,0.00,6,1
3569,37276128,-2.163,0.893,-9.590,0.096,0.294,1.551,174.917,12.867,0.091,-0.221,1.551,4.637915,-74.084557,0.00,6,1
3570,37286113,-2.135,0.901,-9.542,0.706,0.264,1.307,174.893,12.839,0.092,-0.218,1.307,4.637915,-74.084557,0.00,6,1
3571,37298078,-2.077,0.910,-9.528,1.316,0.050,0.940,174.872,12.787,0.093,-0.212,0.940,4.637915,-74.084557,0.00,6,1
3572,37306116,-2.082,0.881,-9.497,2.079,-0.438,0.605,174.870,12.740,0.090,-0.212,0.605,4.637915,-74.084557,0.00,6,1
3573,37316110,-2.108,0.860,-9.518,2.384,-1.201,0.452,174.883,12.700,0.088,-0.215,0.452,4.637915,-74.084557,0.00,6,1
3574,37326102,-2.161,0.836,-9.557,2.659,-1.964,0.239,174.909,12.675,0.085,-0.220,0.239,4.637915,-74.084557,0.00,6,1
3575,37336110,-2.187,0.778,-9.583,2.354,-2.391,0.300,174.958,12.658,0.079,-0.223,0.300,4.637915,-74.084557,0.00,6,1
3576,37346102,-2.242,0.802,-9.643,1.652,-2.574,0.635,174.989,12.658,0.082,-0.229,0.635,4.637915,-74.084557,0.00,6,1
3577,37356110,-2.304,0.814,-9.674,0.950,-2.574,1.215,175.006,12.681,0.083,-0.235,1.215,4.637915,-74.084557,0.00,6,1
3578,37366102,-2.311,0.833,-9.720,0.523,-2.300,1.795,175.011,12.703,0.085,-0.236,1.795,4.637915,-74.084557,0.00,6,1
3579,37376109,-2.318,0.850,-9.756,0.401,-1.628,2.222,175.008,12.729,0.087,-0.236,2.222,4.637915,-74.084557,0.00,6,1
3580,37386102,-2.337,0.845,-9.814,0.645,-1.171,2.100,175.012,12.760,0.086,-0.238,2.100,4.637915,-74.084557,0.00,6,1
3581,37396109,-2.306,0.845,-9.802,1.316,-0.682,1.917,175.021,12.781,0.086,-0.235,1.917,4.637915,-74.084557,0.00,6,1
3582,37406102,-2.282,0.819,-9.756,2.110,-0.011,1.612,175.048,12.801,0.083,-0.233,1.612,4.637915,-74.084557,0.00,6,1
3583,37416110,-2.235,0.778,-9.732,2.567,0.325,1.307,175.093,12.805,0.079,-0.228,1.307,4.637915,-74.084557,0.00,6,1
3584,37426102,-2.194,0.725,-9.706,2.842,0.355,1.063,175.161,12.794,0.074,-0.224,1.063,4.637915,-74.084557,0.00,6,1
3585,37436110,-2.232,0.701,-9.682,2.842,0.172,0.910,175.234,12.802,0.071,-0.228,0.910,4.637915,-74.084557,0.00,6,1
3586,37446103,-2.259,0.809,-9.672,2.140,0.050,1.246,175.245,12.819,0.082,-0.230,1.246,4.637915,-74.084557,0.00,6,1
3587,37456110,-2.225,0.662,-9.742,1.560,0.294,2.405,175.319,12.817,0.067,-0.227,2.405,4.637915,-74.084557,0.00,6,1
3588,37466102,-2.230,0.522,-9.655,0.797,0.569,2.527,175.440,12.830,0.053,-0.227,2.527,4.637915,-74.084557,0.00,6,1
3589,37476110,-2.180,0.647,-9.725,-0.179,0.325,1.826,175.488,12.810,0.066,-0.222,1.826,4.637915,-74.084557,0.00,6,1
3590,37486102,-2.149,0.725,-9.708,-0.179,0.264,1.490,175.498,12.779,0.074,-0.219,1.490,4.637915,-74.084557,0.00,6,1
3591,37496100,-2.135,0.809,-9.634,0.126,0.355,1.093,175.469,12.751,0.082,-0.218,1.093,4.637915,-74.084557,0.00,6,1
3592,37506107,-2.116,0.848,-9.648,0.767,0.264,0.971,175.432,12.715,0.086,-0.216,0.971,4.637915,-74.084557,0.00,6,1
3593,37516100,-2.085,0.749,-9.638,1.560,0.081,0.910,175.449,12.668,0.076,-0.213,0.910,4.637915,-74.084557,0.00,6,1
3594,37526107,-2.080,0.708,-9.600,1.774,-0.102,0.605,175.484,12.624,0.072,-0.212,0.605,4.637915,-74.084557,0.00,6,1
3595,37536100,-2.092,0.676,-9.564,1.774,-0.469,0.025,175.529,12.590,0.069,-0.213,0.025,4.637915,-74.084557,0.00,6,1
3596,37546107,-2.151,0.688,-9.607,1.743,-1.171,-0.646,175.566,12.573,0.070,-0.219,-0.646,4.637915,-74.084557,0.00,6,1
3597,37556105,-2.206,0.795,-9.665,1.377,-1.659,-0.952,175.552,12.570,0.081,-0.225,-0.952,4.637915,-74.084557,0.00,6,1
3598,37566112,-2.261,0.823,-9.679,1.377,-1.598,-0.585,175.526,12.590,0.084,-0.231,-0.585,4.637915,-74.084557,0.00,6,1
3599,37576126,-2.271,0.758,-9.662,1.286,-1.110,0.117,175.529,12.619,0.077,-0.232,0.117,4.637915,-74.084557,0.00,6,1
3600,37586108,-2.247,0.703,-9.650,0.614,-0.621,0.544,175.551,12.642,0.072,-0.229,0.544,4.637915,-74.084557,0.00,6,1
3601,37637327,-2.261,0.845,-9.617,1.652,-2.574,-0.860,175.536,12.546,0.086,-0.231,-0.860,4.637915,-74.084557,0.00,6,1
3602,37638737,-2.261,0.845,-9.617,1.652,-2.574,-0.860,175.507,12.495,0.086,-0.231,-0.860,4.637915,-74.084557,0.00,6,1
3603,37640138,-2.261,0.845,-9.617,1.652,-2.574,-0.860,175.472,12.478,0.086,-0.231,-0.860,4.637915,-74.084557,0.00,6,1
3604,37641533,-2.292,0.754,-9.607,2.049,-2.422,-0.494,175.505,12.515,0.077,-0.234,-0.494,4.637915,-74.084557,0.00,6,1
3605,37642916,-2.292,0.754,-9.607,2.049,-2.422,-0.494,175.525,12.568,0.077,-0.234,-0.494,4.637915,-74.084557,0.00,6,1
3606,37646116,-2.292,0.754,-9.607,2.049,-2.422,-0.494,175.536,12.627,0.077,-0.234,-0.494,4.637915,-74.084557,0.00,6,1
3607,37656117,-2.330,0.672,-9.636,1.805,-1.811,-0.311,175.593,12.700,0.068,-0.238,-0.311,4.637915,-74.084548,0.00,6,1
3608,37666142,-2.330,0.606,-9.648,1.560,-0.987,-0.280,175.680,12.769,0.062,-0.238,-0.280,4.637915,-74.084548,0.00,6,1
3609,37676117,-2.309,0.599,-9.653,1.042,-0.347,-0.494,175.754,12.822,0.061,-0.235,-0.494,4.637915,-74.084548,0.00,6,1
3610,37686116,-2.228,0.619,-9.624,0.675,0.172,-0.616,175.805,12.834,0.063,-0.227,-0.616,4.637915,-74.084548,0.00,6,1
3611,37696130,-2.170,0.539,-9.562,0.767,0.477,-0.799,175.891,12.827,0.055,-0.221,-0.799,4.637915,-74.084548,0.00,6,1
3612,37706132,-2.137,0.467,-9.494,0.797,0.416,-1.440,176.004,12.812,0.048,-0.218,-1.440,4.637915,-74.084548,0.00,6,1
3613,37716123,-2.096,0.406,-9.499,0.614,-0.225,-2.325,176.135,12.772,0.041,-0.214,-2.325,4.637915,-74.084548,0.00,6,1
3614,37726118,-2.082,0.421,-9.504,0.218,-1.048,-3.149,176.241,12.721,0.043,-0.212,-3.149,4.637915,-74.084548,0.00,6,1
3615,37736122,-2.096,0.474,-9.487,-0.362,-1.842,-3.729,176.305,12.675,0.048,-0.214,-3.729,4.637915,-74.084548,0.00,6,1
3616,37746116,-2.161,0.541,-9.526,-1.064,-2.574,-3.973,176.325,12.653,0.055,-0.220,-3.973,4.637915,-74.084548,0.00,6,1
3617,37756130,-2.180,0.650,-9.559,-1.827,-3.002,-3.698,176.284,12.633,0.066,-0.222,-3.698,4.637915,-74.084548,0.00,6,1
3618,37766112,-2.163,0.720,-9.559,-2.743,-2.910,-3.027,176.204,12.607,0.073,-0.221,-3.027,4.637915,-74.084548,0.00,6,1
3619,37776126,-2.113,0.756,-9.516,-3.322,-2.605,-2.355,176.107,12.567,0.077,-0.215,-2.355,4.637915,-74.084548,0.00,6,1
3620,37786118,-2.065,0.751,-9.521,-3.261,-2.513,-2.203,176.021,12.509,0.077,-0.211,-2.203,4.637915,-74.084548,0.00,6,1
3621,37796116,-2.001,0.734,-9.461,-2.590,-2.544,-2.783,175.954,12.433,0.075,-0.204,-2.783,4.637915,-74.084548,0.00,6,1
3622,37806121,-1.918,0.761,-9.410,-1.583,-3.154,-3.973,175.887,12.323,0.078,-0.196,-3.973,4.637915,-74.084548,0.00,6,1
3623,37816120,-1.918,0.860,-9.425,-0.301,-4.222,-5.316,175.792,12.211,0.088,-0.196,-5.316,4.637915,-74.084548,0.00,6,1
3624,37826118,-1.937,0.898,-9.499,1.255,-5.596,-6.201,175.703,12.096,0.092,-0.197,-6.201,4.637915,-74.084548,0.00,6,1
3625,37836126,-2.085,0.896,-9.588,2.628,-6.664,-6.536,175.640,12.038,0.091,-0.213,-6.536,4.637915,-74.084548,0.00,6,1
3626,37846136,-2.166,0.898,-9.677,2.903,-7.183,-5.956,175.587,12.006,0.092,-0.221,-5.956,4.637915,-74.084548,0.00,6,1
3627,37856120,-2.242,0.867,-9.744,2.476,-6.847,-4.736,175.551,12.006,0.088,-0.229,-4.736,4.637915,-74.084548,0.00,6,1
3628,37866118,-2.273,0.770,-9.790,1.805,-5.809,-3.637,175.556,12.026,0.079,-0.232,-3.637,4.637915,-74.084548,0.00,6,1
3629,37876127,-2.225,0.790,-9.811,1.164,-4.619,-2.966,175.548,12.032,0.081,-0.227,-2.966,4.637915,-74.084548,0.00,6,1
3630,37886131,-2.156,0.838,-9.804,1.042,-3.642,-2.722,175.517,12.018,0.085,-0.220,-2.722,4.637915,-74.084548,0.00,6,1
3631,37896105,-2.073,0.877,-9.780,2.049,-3.063,-3.118,175.480,11.976,0.089,-0.211,-3.118,4.637915,-74.084548,0.00,6,1
3632,37906117,-1.996,0.903,-9.799,3.544,-3.185,-3.912,175.448,11.902,0.092,-0.204,-3.912,4.637915,-74.084548,0.00,6,1
3633,37916120,-1.999,0.819,-9.819,4.673,-3.704,-4.675,175.468,11.829,0.083,-0.204,-4.675,4.637915,-74.084548,0.00,6,1
3634,37926106,-1.996,0.761,-9.790,5.039,-4.009,-4.827,175.514,11.760,0.078,-0.204,-4.827,4.637915,-74.084548,0.00,6,1
3635,37936126,-1.999,0.742,-9.795,4.246,-4.161,-4.583,175.558,11.696,0.076,-0.204,-4.583,4.637915,-74.084548,0.00,6,1
3636,37948239,-2.046,0.766,-9.775,3.086,-4.375,-4.186,175.581,11.647,0.078,-0.209,-4.186,4.637915,-74.084548,0.00,6,1
3637,37956110,-2.082,0.775,-9.811,1.896,-4.802,-3.485,175.584,11.620,0.079,-0.212,-3.485,4.637915,-74.084548,0.00,6,1
3638,37966119,-2.135,0.852,-9.879,0.401,-5.260,-2.722,175.540,11.607,0.087,-0.218,-2.722,4.637915,-74.084548,0.00,6,1
3639,37976114,-2.218,0.937,-9.915,-0.576,-5.443,-1.989,175.456,11.624,0.096,-0.226,-1.989,4.637915,-74.084548,0.00,6,1
3640,37986125,-2.311,1.009,-9.984,-1.125,-5.443,-1.226,175.344,11.671,0.103,-0.236,-1.226,4.637915,-74.084548,0.00,6,1
3641,37996119,-2.385,1.096,-10.049,-1.003,-5.077,-0.555,175.207,11.742,0.112,-0.243,-0.555,4.637915,-74.084548,0.00,6,1
3642,38006119,-2.480,1.098,-10.097,-0.118,-4.497,0.025,175.090,11.847,0.112,-0.253,0.025,4.637915,-74.084548,0.00,6,1
3643,38016119,-2.581,1.067,-10.162,0.889,-3.612,0.300,175.007,11.986,0.109,-0.263,0.300,4.637915,-74.084548,0.00,6,1
3644,38026142,-2.647,0.983,-10.155,2.049,-2.056,0.605,174.978,12.158,0.100,-0.270,0.605,4.637915,-74.084548,0.00,6,1
3645,38036119,-2.666,0.896,-10.095,3.056,-0.225,0.788,174.995,12.348,0.091,-0.272,0.788,4.637915,-74.084548,0.00,6,1
3646,38046116,-2.664,0.790,-10.052,3.727,1.729,0.818,175.062,12.546,0.081,-0.272,0.818,4.637915,-74.084548,0.00,6,1
3647,38056112,-2.621,0.657,-9.946,4.032,3.254,0.757,175.180,12.738,0.067,-0.267,0.757,4.637915,-74.084548,0.00,6,1
3648,38066117,-2.564,0.566,-9.807,4.032,4.170,0.788,175.326,12.916,0.058,-0.261,0.788,4.637915,-74.084548,0.00,6,1
3649,38076119,-2.495,0.471,-9.662,3.544,4.719,1.002,175.496,13.072,0.048,-0.254,1.002,4.637915,-74.084548,0.00,6,1
3650,38086118,-2.459,0.358,-9.482,3.086,4.658,1.307,175.696,13.221,0.037,-0.251,1.307,4.637915,-74.084548,0.00,6,1
3651,38096118,-2.466,0.262,-9.403,2.690,3.468,1.551,175.921,13.360,0.027,-0.251,1.551,4.637915,-74.084548,0.00,6,1
3652,38106107,-2.516,0.295,-9.386,1.896,2.308,2.039,176.105,13.501,0.030,-0.257,2.039,4.637915,-74.084548,0.00,6,1
3653,38116127,-2.468,0.303,-9.434,1.377,2.858,3.077,176.268,13.610,0.031,-0.252,3.077,4.637915,-74.084548,0.00,6,1
3654,38126118,-2.321,0.226,-9.365,1.408,4.933,4.206,176.453,13.674,0.023,-0.237,4.206,4.637915,-74.084548,0.00,6,1
3655,38136158,-1.977,0.107,-9.240,1.927,7.161,4.023,176.684,13.613,0.011,-0.202,4.023,4.637915,-74.084548,0.00,6,1
3656,38146123,-1.572,0.066,-9.074,2.873,8.046,2.344,176.925,13.393,0.007,-0.160,2.344,4.637915,-74.084548,0.00,6,1
3657,38156116,-1.233,0.170,-8.954,3.971,7.405,-0.006,177.106,13.032,0.017,-0.126,-0.006,4.637915,-74.084548,0.00,6,1
3658,38166125,-0.973,0.421,-8.916,5.284,4.872,-2.386,177.163,12.552,0.043,-0.099,-2.386,4.637915,-74.084548,0.00,6,1
3659,38176123,-0.942,0.874,-8.925,5.894,0.935,-3.332,177.000,12.055,0.089,-0.096,-3.332,4.637915,-74.084548,0.00,6,1
3660,38186109,-0.909,0.708,-9.379,7.206,-3.490,-2.508,176.959,11.519,0.072,-0.093,-2.508,4.637915,-74.084548,0.00,6,1
3661,38196111,-1.083,0.336,-9.418,7.542,-6.999,-2.325,177.098,11.070,0.034,-0.110,-2.325,4.637915,-74.084548,0.00,6,1
3662,38206132,-1.288,0.192,-9.662,6.138,-10.631,-3.729,177.283,10.700,0.020,-0.131,-3.729,4.637915,-74.084548,0.00,6,1
3663,38216120,-1.567,0.245,-10.040,5.009,-13.133,-5.834,177.423,10.433,0.025,-0.160,-5.834,4.637915,-74.084548,0.00,6,1
3664,38226118,-1.882,0.385,-10.102,4.276,-14.110,-7.147,177.486,10.305,0.039,-0.192,-7.147,4.637915,-74.084548,0.00,6,1
3665,38236131,-2.149,0.561,-10.549,2.964,-14.476,-7.452,177.466,10.256,0.057,-0.219,-7.452,4.637915,-74.084548,0.00,6,1
3666,38246130,-2.523,0.643,-10.695,0.218,-12.401,-6.231,177.392,10.364,0.066,-0.257,-6.231,4.637915,-74.084548,0.00,6,1
3667,38256120,-2.602,0.580,-10.172,-0.759,-10.448,-4.797,177.328,10.563,0.059,-0.265,-4.797,4.637915,-74.084548,0.00,6,1
3668,38266105,-2.697,0.913,-11.034,-2.895,-8.800,-3.698,177.138,10.715,0.093,-0.275,-3.698,4.637915,-74.084548,0.00,6,1
3669,38276116,-2.824,0.831,-10.712,-2.254,-5.321,-2.630,176.990,10.966,0.085,-0.288,-2.630,4.637915,-74.084548,0.00,6,1
3670,38287932,-2.986,0.693,-10.746,-3.719,-1.689,-1.684,176.889,11.291,0.071,-0.304,-1.684,4.637915,-74.084548,0.00,6,1
3671,38296111,-3.050,0.672,-10.405,-4.574,3.102,-1.592,176.795,11.700,0.068,-0.311,-1.592,4.637915,-74.084548,0.00,6,1
3672,38306116,-2.941,0.744,-10.191,-5.337,7.008,-1.470,176.664,12.095,0.076,-0.300,-1.470,4.637915,-74.084548,0.00,6,1
3673,38316117,-2.843,0.886,-9.936,-5.215,9.602,-1.623,176.473,12.471,0.090,-0.290,-1.623,4.637915,-74.084548,0.00,6,1
3674,38326103,-2.757,0.939,-9.696,-3.750,10.609,-1.623,176.277,12.820,0.096,-0.281,-1.623,4.637915,-74.084548,0.00,6,1
3675,38336101,-2.700,0.934,-9.482,-2.041,10.304,-1.226,176.105,13.139,0.095,-0.275,-1.226,4.637915,-74.084548,0.00,6,1
3676,38346103,-2.669,0.862,-9.324,-0.912,9.541,-0.006,175.984,13.435,0.088,-0.272,-0.006,4.637915,-74.084548,0.00,6,1
3677,38356116,-2.654,0.713,-9.201,-0.210,8.931,1.703,175.943,13.712,0.073,-0.271,1.703,4.637915,-74.084548,0.00,6,1
3678,38366101,-2.657,0.522,-9.127,0.065,8.839,3.138,175.996,13.979,0.053,-0.271,3.138,4.637915,-74.084548,0.00,6,1
3679,38376117,-2.626,0.428,-9.120,0.584,9.083,3.534,176.095,14.216,0.044,-0.268,3.534,4.637915,-74.084548,0.00,6,1
3680,38386101,-2.499,0.320,-9.074,1.896,9.724,2.863,176.250,14.391,0.033,-0.255,2.863,4.637915,-74.084548,0.00,6,1
3681,38396117,-2.304,0.288,-8.901,3.147,10.274,1.978,176.417,14.489,0.029,-0.235,1.978,4.637915,-74.084548,0.00,6,1
3682,38406103,-2.063,0.295,-8.827,4.002,10.090,0.940,176.574,14.475,0.030,-0.210,0.940,4.637915,-74.084548,0.00,6,1
3683,38416101,-1.810,0.344,-8.757,4.765,9.144,0.635,176.701,14.340,0.035,-0.185,0.635,4.637915,-74.084548,0.00,6,1
3684,38426101,-1.577,0.334,-8.745,5.161,7.252,0.788,176.827,14.087,0.034,-0.161,0.788,4.637915,-74.084548,0.00,6,1
3685,38436117,-1.391,0.264,-8.798,5.375,4.384,0.696,176.981,13.732,0.027,-0.142,0.696,4.637915,-74.084548,0.00,6,1
3686,38446101,-1.264,0.168,-8.803,5.406,0.783,0.300,177.171,13.309,0.017,-0.129,0.300,4.637915,-74.084548,0.00,6,1
3687,38456117,-1.200,0.069,-8.786,4.948,-3.459,-0.677,177.391,12.850,0.007,-0.122,-0.677,4.637915,-74.084548,0.00,6,1
3688,38466103,-1.274,0.100,-8.956,4.032,-8.312,-2.142,177.572,12.404,0.010,-0.130,-2.142,4.637915,-74.084548,0.00,6,1
3689,38476101,-1.469,0.233,-9.194,3.269,-13.194,-3.698,177.670,12.023,0.024,-0.150,-3.698,4.637915,-74.084548,0.00,6,1
3690,38486102,-1.751,0.414,-9.487,2.567,-17.345,-4.858,177.674,11.737,0.042,-0.179,-4.858,4.637915,-74.084548,0.00,6,1
3691,38496101,-2.142,0.534,-9.795,1.866,-19.725,-4.949,177.624,11.593,0.054,-0.218,-4.949,4.637915,-74.084548,0.00,6,1
3692,38506102,-2.504,0.604,-10.095,0.858,-20.427,-4.247,177.545,11.575,0.062,-0.255,-4.247,4.637915,-74.084548,0.00,6,1
3693,38516101,-2.848,0.650,-10.345,-0.027,-19.786,-3.546,177.451,11.675,0.066,-0.290,-3.546,4.637915,-74.084548,0.00,6,1
3694,38526121,-3.167,0.749,-10.578,-0.423,-17.833,-3.027,177.326,11.883,0.076,-0.323,-3.027,4.637915,-74.084548,0.00,6,1
3695,38536125,-3.389,0.802,-10.755,-0.149,-14.232,-2.661,177.196,12.170,0.082,-0.346,-2.661,4.637915,-74.084548,0.00,6,1
3696,38546115,-3.527,0.889,-10.779,0.858,-9.471,-2.264,177.052,12.526,0.091,-0.360,-2.264,4.637915,-74.084548,0.00,6,1
3697,38556105,-3.553,0.864,-10.678,2.445,-4.161,-1.928,176.939,12.927,0.088,-0.362,-1.928,4.637915,-74.084548,0.00,6,1
3698,38566115,-3.470,0.792,-10.433,4.154,0.538,-2.050,176.873,13.340,0.081,-0.354,-2.050,4.637915,-74.084548,0.00,6,1
3699,38576107,-3.382,0.744,-10.196,5.711,3.865,-2.844,176.839,13.749,0.076,-0.345,-2.844,4.637915,-74.084548,0.00,6,1
3700,38586118,-3.365,0.758,-10.004,6.870,5.635,-3.607,176.806,14.162,0.077,-0.343,-3.607,4.637915,-74.084548,0.00,6,1
3701,38603019,-3.351,0.729,-9.691,7.084,9.572,-2.447,176.815,14.690,0.074,-0.342,-2.447,4.637912,-74.084537,0.00,6,1
3702,38606107,-3.351,0.729,-9.691,7.084,9.572,-2.447,176.784,15.118,0.074,-0.342,-2.447,4.637912,-74.084537,0.00,6,1
3703,38616111,-3.184,0.676,-9.494,5.955,12.227,-0.585,176.764,15.492,0.069,-0.325,-0.585,4.637912,-74.084537,0.00,6,1
3704,38626114,-2.943,0.493,-9.273,5.039,14.607,0.605,176.819,15.786,0.050,-0.300,0.605,4.637912,-74.084537,0.00,6,1
3705,38636178,-2.664,0.365,-9.055,4.490,15.858,0.330,176.921,15.975,0.037,-0.272,0.330,4.637912,-74.084537,0.00,6,1
3706,38646114,-2.313,0.283,-8.851,4.917,15.675,-1.440,177.057,16.011,0.029,-0.236,-1.440,4.637912,-74.084537,0.00,6,1
3707,38656121,-2.008,0.279,-8.618,5.619,13.875,-4.309,177.186,15.909,0.028,-0.205,-4.309,4.637912,-74.084537,0.00,6,1
3708,38666121,-1.729,0.247,-8.529,6.413,10.365,-7.604,177.328,15.655,0.025,-0.176,-7.604,4.637912,-74.084537,0.00,6,1
3709,38676129,-1.572,0.206,-8.483,7.176,5.330,-10.626,177.486,15.301,0.021,-0.160,-10.626,4.637912,-74.084537,0.00,6,1
3710,38686118,-1.517,0.129,-8.507,6.840,-0.682,-13.342,177.669,14.889,0.013,-0.155,-13.342,4.637912,-74.084537,0.00,6,1
3711,38696111,-1.605,0.071,-8.596,5.253,-7.183,-15.356,177.853,14.486,0.007,-0.164,-15.356,4.637912,-74.084537,0.00,6,1
3712,38706121,-1.856,0.120,-8.759,2.201,-13.317,-16.516,177.972,14.163,0.012,-0.189,-16.516,4.637912,-74.084537,0.00,6,1
3713,38716125,-2.144,0.177,-9.098,-1.675,-18.138,-16.516,178.019,13.921,0.018,-0.219,-16.516,4.637912,-74.084537,0.00,5,1
3714,38726134,-2.476,0.240,-9.372,-6.069,-21.038,-15.814,177.996,13.788,0.024,-0.252,-15.814,4.637912,-74.084537,0.00,5,1
3715,38736120,-2.798,0.329,-9.562,-10.494,-21.953,-14.837,177.894,13.773,0.034,-0.285,-14.837,4.637912,-74.084537,0.00,5,1
3716,38746114,-3.012,0.409,-9.751,-13.485,-20.976,-14.440,177.740,13.833,0.042,-0.307,-14.440,4.637912,-74.084537,0.00,5,1
3717,38756120,-3.160,0.585,-9.893,-14.736,-18.840,-15.051,177.511,13.948,0.060,-0.322,-15.051,4.637912,-74.084537,0.00,5,1
3718,38766105,-3.253,0.785,-9.929,-14.034,-15.972,-16.393,177.219,14.113,0.080,-0.332,-16.393,4.637912,-74.084537,0.00,5,1
3719,38776120,-3.286,0.937,-9.891,-11.410,-12.889,-17.950,176.905,14.309,0.096,-0.335,-17.950,4.637912,-74.084537,0.00,5,1
3720,38786123,-3.224,1.026,-9.785,-8.236,-9.624,-19.049,176.601,14.509,0.105,-0.329,-19.049,4.637912,-74.084537,0.00,5,1
3721,38796120,-3.105,1.038,-9.622,-5.306,-6.786,-19.598,176.334,14.692,0.106,-0.317,-19.598,4.637912,-74.084537,0.00,5,1
3722,38806118,-2.962,0.992,-9.494,-2.956,-4.802,-19.720,176.124,14.837,0.101,-0.302,-19.720,4.637912,-74.084537,0.00,5,1
3723,38816116,-2.831,0.905,-9.341,-1.736,-3.765,-19.445,175.974,14.947,0.092,-0.289,-19.445,4.637912,-74.084537,0.00,5,1
3724,38826109,-2.731,0.915,-9.237,-1.339,-3.429,-18.804,175.830,15.021,0.093,-0.278,-18.804,4.637912,-74.084537,0.00,5,1
3725,38836120,-2.657,0.949,-9.249,-1.461,-3.734,-18.011,175.680,15.053,0.097,-0.271,-18.011,4.637912,-74.084537,0.00,5,1
3726,38846117,-2.626,0.891,-9.326,-1.156,-4.375,-17.156,175.576,15.054,0.091,-0.268,-17.156,4.637912,-74.084537,0.00,5,1
3727,38856120,-2.657,0.816,-9.432,-0.423,-4.589,-16.851,175.525,15.055,0.083,-0.271,-16.851,4.637912,-74.084537,0.00,5,1
3728,38866118,-2.690,0.688,-9.564,0.431,-4.497,-17.156,175.549,15.056,0.070,-0.274,-17.156,4.637912,-74.084537,0.00,5,1
3729,38876120,-2.738,0.452,-9.674,1.652,-4.039,-18.499,175.692,15.069,0.046,-0.279,-18.499,4.637912,-74.084537,0.00,5,1
3730,38886118,-2.852,0.242,-9.754,3.056,-3.612,-20.941,175.933,15.125,0.025,-0.291,-20.941,4.637912,-74.084537,0.00,5,1
3731,38896113,-2.919,0.105,-9.864,4.093,-2.880,-23.840,176.228,15.198,0.011,-0.298,-23.840,4.637912,-74.084537,0.00,5,1
3732,38906129,-3.003,-0.006,-9.874,4.246,-2.025,-26.556,176.550,15.306,-0.001,-0.306,-26.556,4.637912,-74.084537,0.00,5,1
3733,38916120,-3.103,-0.093,-9.936,3.300,-1.140,-28.356,176.878,15.446,-0.009,-0.316,-28.356,4.637912,-74.084537,0.00,5,1
3734,38926115,-3.184,-0.153,-9.960,1.255,-0.316,-29.119,177.188,15.613,-0.016,-0.325,-29.119,4.637912,-74.084537,0.00,5,1
3735,38938371,-3.243,-0.208,-9.939,-1.552,0.508,-29.394,177.473,15.804,-0.021,-0.331,-29.394,4.637912,-74.084537,0.00,5,1
3736,38946132,-3.265,-0.249,-9.910,-4.787,1.820,-29.577,177.729,16.004,-0.025,-0.333,-29.577,4.637912,-74.084537,0.00,5,1
3737,38956121,-3.191,-0.305,-9.795,-8.083,3.254,-30.157,177.960,16.186,-0.031,-0.325,-30.157,4.637912,-74.084537,0.00,5,1
3738,38966121,-3.022,-0.218,-9.665,-10.708,3.682,-31.896,178.111,16.306,-0.022,-0.308,-31.896,4.637912,-74.084537,0.00,5,1
3739,38976128,-2.933,-0.030,-9.614,-11.806,2.553,-34.521,178.154,16.377,-0.003,-0.299,-34.521,4.637912,-74.084537,0.00,5,1
3740,38986117,-2.919,0.165,-9.540,-11.532,0.386,-37.329,178.107,16.425,0.017,-0.298,-37.329,4.637912,-74.084537,0.00,5,1
3741,38996117,-3.045,0.308,-9.629,-10.189,-2.452,-39.923,178.011,16.484,0.031,-0.311,-39.923,4.637912,-74.084537,0.00,5,1
3742,39006121,-3.284,0.404,-9.939,-8.266,-4.741,-41.876,177.902,16.573,0.041,-0.335,-41.876,4.637912,-74.084537,0.00,5,1
3743,39016111,-3.518,0.288,-10.268,-6.313,-5.260,-43.249,177.875,16.699,0.029,-0.359,-43.249,4.637912,-74.084537,0.00,5,1
3744,39026120,-3.687,0.001,-10.496,-5.520,-3.581,-44.195,177.979,16.865,0.000,-0.376,-44.195,4.637912,-74.084537,0.00,5,1
3745,39036129,-3.696,-0.295,-10.532,-5.947,-0.621,-45.690,178.195,17.044,-0.030,-0.377,-45.690,4.637912,-74.084537,0.00,5,1
3746,39046120,-3.537,-0.486,-10.412,-8.114,1.942,-47.827,178.456,17.188,-0.050,-0.361,-47.827,4.637912,-74.084537,0.00,5,1
3747,39056120,-3.406,-0.421,-10.273,-11.593,2.858,-50.085,178.640,17.298,-0.043,-0.347,-50.085,4.637912,-74.084537,0.00,5,1
3748,39066120,-3.251,-0.177,-10.112,-15.652,2.400,-51.153,178.669,17.356,-0.018,-0.331,-51.153,4.637912,-74.084537,0.00,5,1
3749,39076130,-3.124,0.071,-9.972,-20.016,0.996,-50.695,178.548,17.364,0.007,-0.319,-50.695,4.637912,-74.084537,0.00,5,1
3750,39086118,-3.053,0.262,-9.915,-24.258,-1.323,-49.291,178.313,17.329,0.027,-0.311,-49.291,4.637912,-74.084537,0.00,5,1
3751,39096121,-3.127,0.411,-9.992,-28.133,-4.314,-47.766,177.996,17.287,0.042,-0.319,-47.766,4.637912,-74.084537,0.00,5,1
3752,39106117,-3.305,0.686,-10.181,-31.124,-6.694,-46.514,177.560,17.272,0.070,-0.337,-46.514,4.637912,-74.084537,0.00,5,1
3753,39116121,-3.451,0.942,-10.405,-32.558,-7.091,-45.446,177.044,17.280,0.096,-0.352,-45.446,4.637912,-74.084537,0.00,5,1
3754,39126108,-3.506,1.086,-10.498,-32.650,-5.443,-44.287,176.511,17.309,0.111,-0.357,-44.287,4.637912,-74.084537,0.00,5,1
3755,39136184,-3.532,1.173,-10.527,-31.978,-2.544,-43.310,175.990,17.368,0.120,-0.360,-43.310,4.637912,-74.084537,0.00,5,1
3756,39146120,-3.484,1.226,-10.532,-29.690,0.966,-43.188,175.508,17.436,0.125,-0.355,-43.188,4.637912,-74.084537,0.00,5,1
3757,39156109,-3.329,1.161,-10.450,-26.546,4.567,-43.768,175.116,17.485,0.118,-0.339,-43.768,4.637912,-74.084537,0.00,5,1
3758,39166121,-3.215,1.166,-10.309,-23.708,7.374,-44.836,174.770,17.529,0.119,-0.328,-44.836,4.637912,-74.084537,0.00,5,1
3759,39176117,-3.074,1.166,-10.198,-21.023,9.572,-45.690,174.471,17.548,0.119,-0.313,-45.690,4.637912,-74.084537,0.00,5,1
3760,39186111,-2.952,1.132,-10.025,-18.795,11.036,-45.721,174.221,17.552,0.115,-0.301,-45.721,4.637912,-74.084537,0.00,5,1
3761,39196122,-2.890,1.062,-9.883,-17.757,12.013,-44.653,174.023,17.557,0.108,-0.295,-44.653,4.637912,-74.084537,0.00,5,1
3762,39206120,-2.821,0.939,-9.838,-18.062,12.501,-42.578,173.890,17.545,0.096,-0.288,-42.578,4.637912,-74.084537,0.00,5,1
3763,39216113,-2.867,0.833,-9.816,-19.436,12.837,-40.136,173.800,17.559,0.085,-0.292,-40.136,4.637912,-74.084537,0.00,5,1
3764,39226106,-2.914,0.766,-9.816,-21.419,13.600,-37.634,173.728,17.599,0.078,-0.297,-37.634,4.637912,-74.084537,0.00,5,1
3765,39236112,-2.912,0.787,-9.831,-23.434,15.309,-35.436,173.634,17.649,0.080,-0.297,-35.436,4.637912,-74.084537,0.00,5,1
3766,39246105,-2.890,0.782,-9.778,-24.196,17.598,-33.758,173.541,17.714,0.080,-0.295,-33.758,4.637912,-74.084537,0.00,5,1
3767,39256112,-2.859,0.751,-9.653,-23.739,19.917,-32.995,173.468,17.798,0.077,-0.292,-32.995,4.637912,-74.084537,0.00,5,1
3768,39268039,-2.716,0.773,-9.430,-23.189,21.992,-32.720,173.349,17.897,0.079,-0.277,-32.720,4.637912,-74.084537,0.00,5,1
3769,39276110,-2.540,0.852,-9.225,-21.999,23.060,-32.659,173.245,17.908,0.087,-0.259,-32.659,4.637912,-74.084537,0.00,5,1
3770,39286102,-2.385,0.891,-9.064,-20.168,22.999,-32.507,173.141,17.868,0.091,-0.243,-32.507,4.637912,-74.084537,0.00,5,1
3771,39296106,-2.259,0.838,-8.870,-17.940,21.992,-32.415,173.081,17.786,0.085,-0.230,-32.415,4.637912,-74.084537,0.00,5,1
3772,39306102,-2.209,0.737,-8.771,-15.926,20.283,-32.385,173.091,17.685,0.075,-0.225,-32.385,4.637912,-74.084537,0.00,5,1
3773,39316104,-2.206,0.691,-8.757,-14.675,18.300,-32.202,173.133,17.575,0.070,-0.225,-32.202,4.637912,-74.084537,0.00,5,1
3774,39326101,-2.213,0.688,-8.726,-13.973,16.560,-31.713,173.178,17.464,0.070,-0.226,-31.713,4.637912,-74.084537,0.00,5,1
3775,39336106,-2.209,0.722,-8.704,-13.576,15.126,-30.584,173.206,17.349,0.074,-0.225,-30.584,4.637912,-74.084537,0.00,5,1
3776,39346102,-2.149,0.725,-8.709,-13.119,13.844,-28.814,173.235,17.202,0.074,-0.219,-28.814,4.637912,-74.084537,0.00,5,1
3777,39356106,-2.149,0.701,-8.697,-12.508,12.440,-27.227,173.278,17.055,0.071,-0.219,-27.227,4.637912,-74.084537,0.00,5,1
3778,39366102,-2.180,0.693,-8.783,-11.379,10.701,-26.342,173.336,16.907,0.071,-0.222,-26.342,4.637912,-74.084537,0.00,5,1
3779,39376104,-2.187,0.676,-8.908,-9.670,9.266,-25.701,173.418,16.748,0.069,-0.223,-25.701,4.637912,-74.084537,0.00,5,1
3780,39386107,-2.197,0.602,-8.973,-7.320,8.351,-25.183,173.555,16.589,0.061,-0.224,-25.183,4.637912,-74.084537,0.00,5,1
3781,39396110,-2.201,0.479,-9.040,-4.848,7.710,-25.030,173.765,16.432,0.049,-0.224,-25.030,4.637912,-74.084537,0.00,5,1
3782,39406101,-2.185,0.305,-9.096,-2.315,7.100,-25.549,174.067,16.269,0.031,-0.223,-25.549,4.637912,-74.084537,0.00,5,1
3783,39416102,-2.156,0.214,-9.098,-0.515,6.245,-26.220,174.407,16.097,0.022,-0.220,-26.220,4.637912,-74.084537,0.00,5,1
3784,39426104,-2.158,0.267,-9.122,0.309,5.086,-26.525,174.703,15.927,0.027,-0.220,-26.525,4.637912,-74.084537,0.00,5,1
3785,39436103,-2.154,0.353,-9.180,0.675,3.865,-25.823,174.940,15.749,0.036,-0.220,-25.823,4.637912,-74.084537,0.00,5,1
3786,39446108,-2.232,0.394,-9.249,1.103,2.400,-24.511,175.145,15.599,0.040,-0.228,-24.511,4.637912,-74.084537,0.00,5,1
3787,39456107,-2.285,0.399,-9.403,1.621,1.149,-23.016,175.339,15.455,0.041,-0.233,-23.016,4.637912,-74.084537,0.00,5,1
3788,39466101,-2.337,0.291,-9.530,2.323,0.844,-21.612,175.578,15.330,0.030,-0.238,-21.612,4.637912,-74.084537,0.00,5,1
3789,39476103,-2.356,0.107,-9.598,2.995,1.332,-20.880,175.889,15.220,0.011,-0.240,-20.880,4.637912,-74.084537,0.00,5,1
3790,39486108,-2.340,-0.020,-9.672,3.636,1.973,-21.032,176.240,15.109,-0.002,-0.239,-21.032,4.637912,-74.084537,0.00,5,1
3791,39496108,-2.299,-0.003,-9.629,3.697,2.278,-21.795,176.557,14.997,-0.000,-0.234,-21.795,4.637912,-74.084537,0.00,5,1
3792,39506101,-2.261,0.144,-9.634,3.544,2.217,-22.619,176.782,14.875,0.015,-0.231,-22.619,4.637912,-74.084537,0.00,5,1
3793,39516103,-2.299,0.271,-9.701,4.185,2.095,-23.016,176.939,14.771,0.028,-0.234,-23.016,4.637912,-74.084537,0.00,5,1
3794,39526125,-2.328,0.320,-9.646,4.673,2.247,-22.589,177.066,14.695,0.033,-0.237,-22.589,4.637912,-74.084537,0.00,5,1
3795,39536121,-2.292,0.300,-9.670,4.826,2.369,-21.765,177.194,14.607,0.031,-0.234,-21.765,4.637912,-74.084537,0.00,5,1
3796,39546110,-2.335,0.242,-9.742,5.070,2.156,-21.124,177.341,14.535,0.025,-0.238,-21.124,4.637912,-74.084537,0.00,5,1
3797,39556120,-2.371,0.105,-9.761,5.497,2.095,-20.666,177.543,14.482,0.011,-0.242,-20.666,4.637912,-74.084537,0.00,5,1
3798,39566114,-2.402,0.028,-9.672,5.406,2.095,-20.666,177.762,14.455,0.003,-0.245,-20.666,4.637912,-74.084537,0.00,5,1
3799,39576120,-2.406,0.074,-9.653,4.643,1.973,-20.666,177.938,14.433,0.008,-0.245,-20.666,4.637912,-74.084537,0.00,5,1
3800,39586107,-2.461,0.151,-9.653,3.758,1.851,-19.995,178.057,14.435,0.015,-0.251,-19.995,4.637912,-74.084537,0.00,5,1
3801,39602788,-2.480,0.235,-9.588,2.995,1.607,-17.217,178.137,14.455,0.024,-0.253,-17.217,4.637922,-74.084532,0.05,5,1
3802,39606106,-2.480,0.235,-9.588,2.995,1.607,-17.217,178.196,14.468,0.024,-0.253,-17.217,4.637922,-74.084532,0.05,5,1
3803,39616128,-2.488,0.122,-9.571,3.300,1.881,-16.119,178.307,14.488,0.012,-0.254,-16.119,4.637922,-74.084532,0.05,5,1
3804,39626114,-2.442,-0.044,-9.439,3.849,2.797,-15.661,178.491,14.510,-0.005,-0.249,-15.661,4.637922,-74.084532,0.05,5,1
3805,39636128,-2.321,-0.122,-9.309,3.941,3.651,-16.027,178.699,14.498,-0.012,-0.237,-16.027,4.637922,-74.084532,0.05,5,1
3806,39646126,-2.187,-0.088,-9.113,3.819,3.773,-16.699,178.874,14.450,-0.009,-0.223,-16.699,4.637922,-74.084532,0.05,5,1
3807,39656137,-2.073,-0.008,-9.026,4.460,2.522,-17.431,179.002,14.350,-0.001,-0.211,-17.431,4.637922,-74.084532,0.05,5,1
3808,39666117,-2.003,0.038,-9.043,5.528,0.264,-17.828,179.107,14.203,0.004,-0.204,-17.828,4.637922,-74.084532,0.05,5,1
3809,39676112,-2.051,-0.042,-9.052,6.870,-2.025,-17.370,179.256,14.068,-0.004,-0.209,-17.370,4.637922,-74.084532,0.05,5,1
3810,39686106,-2.113,-0.146,-9.144,7.328,-4.131,-16.821,179.447,13.943,-0.015,-0.215,-16.821,4.637922,-74.084532,0.05,5,1
3811,39696122,-2.144,-0.182,-9.276,6.901,-5.748,-16.210,179.635,13.812,-0.019,-0.219,-16.210,4.637922,-74.084532,0.05,5,1
3812,39706116,-2.175,-0.252,-9.271,6.016,-6.420,-15.264,179.833,13.700,-0.026,-0.222,-15.264,4.637922,-74.084532,0.05,5,1
3813,39716124,-2.156,-0.326,-9.242,4.398,-6.603,-14.257,180.038,13.590,-0.033,-0.220,-14.257,4.637922,-74.084532,0.05,5,1
3814,39726113,-2.144,-0.314,-9.307,2.049,-6.755,-13.128,180.198,13.474,-0.032,-0.219,-13.128,4.637922,-74.084532,0.05,5,1
3815,39736123,-2.156,-0.245,-9.396,-0.057,-6.694,-12.335,180.292,13.364,-0.025,-0.220,-12.335,4.637922,-74.084532,0.05,5,1
3816,39746116,-2.135,-0.093,-9.504,-1.247,-6.389,-11.907,180.296,13.245,-0.009,-0.218,-11.907,4.637922,-74.084532,0.05,5,1
3817,39756119,-2.092,-0.001,-9.547,-1.278,-5.992,-11.877,180.258,13.116,-0.000,-0.213,-11.877,4.637922,-74.084532,0.05,5,1
3818,39766107,-1.975,0.009,-9.473,-1.003,-5.962,-12.060,180.220,12.953,0.001,-0.201,-12.060,4.637922,-74.084532,0.05,5,1
3819,39776115,-1.891,0.103,-9.444,-0.454,-6.633,-12.426,180.147,12.762,0.010,-0.193,-12.426,4.637922,-74.084532,0.05,5,1
3820,39786107,-1.851,0.206,-9.463,0.340,-8.342,-12.701,180.039,12.549,0.021,-0.189,-12.701,4.637922,-74.084532,0.05,5,1
3821,39796137,-1.944,0.233,-9.540,1.530,-10.295,-12.945,179.939,12.369,0.024,-0.198,-12.945,4.637922,-74.084532,0.05,5,1
3822,39806108,-2.149,0.170,-9.715,2.781,-12.157,-13.037,179.888,12.259,0.017,-0.219,-13.037,4.637922,-74.084532,0.05,5,1
3823,39816115,-2.387,0.139,-9.936,3.300,-12.645,-12.762,179.862,12.231,0.014,-0.243,-12.762,4.637922,-74.084532,0.05,5,1
3824,39826116,-2.597,0.165,-10.152,3.239,-11.852,-12.152,179.826,12.278,0.017,-0.265,-12.152,4.637922,-74.084532,0.05,5,1
3825,39836117,-2.733,0.160,-10.304,2.781,-9.227,-11.144,179.793,12.384,0.016,-0.279,-11.144,4.637922,-74.084532,0.05,5,1
3826,39846102,-2.740,0.132,-10.357,2.537,-5.718,-9.954,179.772,12.511,0.013,-0.279,-9.954,4.637922,-74.084532,0.05,5,1
3827,39856119,-2.604,0.050,-10.316,2.628,-2.269,-9.008,179.788,12.611,0.005,-0.266,-9.008,4.637922,-74.084532,0.05,5,1
3828,39866103,-2.390,-0.056,-10.193,2.690,0.386,-8.581,179.849,12.654,-0.006,-0.244,-8.581,4.637922,-74.084532,0.05,5,1
3829,39876132,-2.156,-0.177,-10.023,2.567,1.881,-8.612,179.957,12.626,-0.018,-0.220,-8.612,4.637922,-74.084532,0.05,5,1
3830,39886118,-1.996,-0.237,-9.845,1.927,2.125,-9.130,180.079,12.551,-0.024,-0.204,-9.130,4.637922,-74.084532,0.05,5,1
3831,39896123,-1.896,-0.184,-9.766,0.797,1.362,-9.649,180.158,12.439,-0.019,-0.193,-9.649,4.637922,-74.084532,0.05,5,1
3832,39906118,-1.841,-0.095,-9.737,-0.515,0.172,-9.619,180.179,12.303,-0.010,-0.188,-9.619,4.637922,-74.084532,0.05,5,1
3833,39916116,-1.832,-0.025,-9.725,-1.797,-1.171,-9.100,180.156,12.162,-0.003,-0.187,-9.100,4.637922,-74.084532,0.05,5,1
3834,39926123,-1.939,0.025,-9.759,-2.895,-2.239,-7.910,180.101,12.065,0.003,-0.198,-7.910,4.637922,-74.084532,0.05,5,1
3835,39938361,-2.211,-0.110,-9.972,-4.299,-2.605,-5.956,180.088,12.063,-0.011,-0.225,-5.956,4.637922,-74.084532,0.05,5,1
3836,39946111,-2.211,-0.110,-9.972,-4.299,-2.605,-5.956,180.086,12.067,-0.011,-0.225,-5.956,4.637922,-74.084532,0.05,5,1
3837,39956109,-2.294,-0.158,-10.066,-4.879,-1.110,-5.773,180.099,12.110,-0.016,-0.234,-5.773,4.637922,-74.084532,0.05,5,1
3838,39966127,-2.299,-0.155,-10.064,-5.092,0.966,-6.140,180.108,12.172,-0.016,-0.234,-6.140,4.637922,-74.084532,0.05,5,1
3839,39976143,-2.244,-0.112,-9.982,-4.787,3.010,-6.780,180.100,12.233,-0.011,-0.229,-6.780,4.637922,-74.084532,0.05,5,1
3840,39986107,-2.137,-0.095,-9.864,-4.177,4.201,-7.482,180.092,12.265,-0.010,-0.218,-7.482,4.637922,-74.084532,0.05,5,1
3841,39996109,-2.068,-0.076,-9.768,-2.987,4.567,-7.910,180.087,12.278,-0.008,-0.211,-7.910,4.637922,-74.084532,0.05,5,1
3842,40006123,-2.039,-0.182,-9.725,-1.858,4.323,-8.123,180.141,12.279,-0.019,-0.208,-8.123,4.637922,-74.084532,0.05,5,1
3843,40016119,-2.054,-0.322,-9.672,-1.369,3.743,-8.398,180.259,12.285,-0.033,-0.209,-8.398,4.637922,-74.084532,0.05,5,1
3844,40026124,-2.068,-0.377,-9.554,-2.102,3.071,-8.825,180.388,12.301,-0.038,-0.211,-8.825,4.637922,-74.084532,0.05,5,1
3845,40036120,-2.104,-0.305,-9.468,-3.750,2.247,-8.947,180.461,12.333,-0.031,-0.215,-8.947,4.637922,-74.084532,0.05,5,1
3846,40046109,-2.116,-0.131,-9.454,-6.130,1.057,-8.520,180.425,12.359,-0.013,-0.216,-8.520,4.637922,-74.084532,0.05,5,1
3847,40056108,-2.163,0.103,-9.415,-7.625,-0.194,-7.452,180.270,12.396,0.010,-0.221,-7.452,4.637922,-74.084532,0.05,5,1
3848,40066122,-2.220,0.264,-9.492,-7.931,-1.628,-6.048,180.050,12.434,0.027,-0.226,-6.048,4.637922,-74.084532,0.05,5,1
3849,40076124,-2.354,0.300,-9.605,-7.168,-2.880,-5.071,179.839,12.503,0.031,-0.240,-5.071,4.637922,-74.084532,0.05,5,1
3850,40086111,-2.499,0.192,-9.658,-5.703,-3.642,-4.644,179.707,12.617,0.020,-0.255,-4.644,4.637922,-74.084532,0.05,5,1
3851,40096130,-2.690,0.168,-9.720,-4.543,-3.520,-4.644,179.608,12.797,0.017,-0.274,-4.644,4.637922,-74.084532,0.05,5,1
3852,40106123,-2.800,0.189,-9.797,-3.414,-2.208,-5.194,179.517,13.011,0.019,-0.286,-5.194,4.637922,-74.084532,0.05,5,1
3853,40116120,-2.826,0.197,-9.811,-1.888,-0.194,-5.834,179.444,13.237,0.020,-0.288,-5.834,4.637922,-74.084532,0.05,5,1
3854,40126126,-2.790,0.139,-9.708,-0.179,1.973,-6.475,179.418,13.463,0.014,-0.285,-6.475,4.637922,-74.084532,0.05,5,1
3855,40136166,-2.654,0.081,-9.559,1.042,3.651,-7.147,179.431,13.649,0.008,-0.271,-7.147,4.637922,-74.084532,0.05,5,1
3856,40146106,-2.528,0.028,-9.391,1.530,4.048,-7.513,179.471,13.789,0.003,-0.258,-7.513,4.637922,-74.084532,0.05,5,1
3857,40156131,-2.449,0.028,-9.242,0.950,3.163,-7.543,179.502,13.894,0.003,-0.250,-7.543,4.637922,-74.084532,0.05,5,1
3858,40166111,-2.380,0.151,-9.127,-0.332,1.759,-6.903,179.461,13.960,0.015,-0.243,-6.903,4.637922,-74.084532,0.05,5,1
3859,40176120,-2.366,0.267,-9.031,-1.736,-0.163,-5.499,179.352,14.007,0.027,-0.241,-5.499,4.637922,-74.084532,0.05,5,1
3860,40186127,-2.378,0.336,-8.985,-2.682,-2.788,-3.942,179.209,14.038,0.034,-0.242,-3.942,4.637922,-74.084532,0.05,5,1
3861,40196115,-2.504,0.329,-9.088,-2.834,-5.321,-2.569,179.080,14.087,0.034,-0.255,-2.569,4.637922,-74.084532,0.05,5,1
3862,40206107,-2.700,0.267,-9.307,-2.041,-6.938,-1.745,179.002,14.177,0.027,-0.275,-1.745,4.637922,-74.084532,0.05,5,1
3863,40216108,-2.855,0.180,-9.449,-1.217,-6.816,-1.531,178.979,14.309,0.018,-0.291,-1.531,4.637922,-74.084532,0.05,5,1
3864,40226104,-2.912,0.185,-9.602,-0.454,-4.772,-1.318,178.964,14.455,0.019,-0.297,-1.318,4.637922,-74.084532,0.05,5,1
3865,40236106,-2.809,0.071,-9.595,0.584,-1.598,-0.982,179.012,14.578,0.007,-0.286,-0.982,4.637922,-74.084532,0.05,5,1
3866,40246107,-2.559,-0.119,-9.420,1.743,1.576,-1.196,179.154,14.634,-0.012,-0.261,-1.196,4.637922,-74.084532,0.05,5,1
3867,40256106,-2.218,-0.245,-9.158,2.842,3.193,-2.386,179.357,14.581,-0.025,-0.226,-2.386,4.637922,-74.084532,0.05,5,1
3868,40266107,-1.860,-0.223,-8.892,3.361,2.308,-3.851,179.542,14.386,-0.023,-0.190,-3.851,4.637922,-74.084532,0.05,5,1
3869,40281723,-1.560,-0.160,-8.651,2.903,-4.680,-4.644,179.697,13.981,-0.016,-0.159,-4.644,4.637922,-74.084532,0.05,5,1
3870,40286100,-1.560,-0.160,-8.651,2.903,-4.680,-4.644,179.827,13.637,-0.016,-0.159,-4.644,4.637922,-74.084532,0.05,5,1
3871,40296102,-1.641,-0.081,-8.699,2.110,-9.319,-4.278,179.897,13.314,-0.008,-0.167,-4.278,4.637922,-74.084532,0.05,5,1
3872,40306103,-1.753,-0.040,-8.853,1.560,-13.652,-3.454,179.935,13.018,-0.004,-0.179,-3.454,4.637922,-74.084532,0.05,5,1
3873,40316105,-1.951,-0.100,-9.100,1.377,-16.582,-2.722,179.998,12.788,-0.010,-0.199,-2.722,4.637922,-74.084532,0.05,5,1
3874,40326102,-2.178,-0.199,-9.324,1.499,-18.260,-2.539,180.102,12.642,-0.020,-0.222,-2.539,4.637922,-74.084532,0.05,5,1
3875,40336105,-2.464,-0.216,-9.610,1.103,-18.352,-2.905,180.200,12.601,-0.022,-0.251,-2.905,4.637922,-74.084532,0.05,5,1
3876,40346102,-2.557,-0.129,-9.771,1.438,-16.551,-3.637,180.252,12.602,-0.013,-0.261,-3.637,4.637922,-74.084532,0.05,5,1
3877,40356105,-2.535,-0.042,-9.895,2.262,-13.744,-4.461,180.268,12.607,-0.004,-0.259,-4.461,4.637922,-74.084532,0.05,5,1
3878,40366105,-2.459,0.038,-9.924,3.910,-10.967,-5.407,180.262,12.601,0.004,-0.251,-5.407,4.637922,-74.084532,0.05,5,1
3879,40376104,-2.278,0.033,-9.804,5.558,-9.227,-6.140,180.274,12.547,0.003,-0.232,-6.140,4.637922,-74.084532,0.05,5,1
3880,40386102,-2.108,0.009,-9.711,6.962,-8.861,-6.536,180.309,12.437,0.001,-0.215,-6.536,4.637922,-74.084532,0.05,5,1
3881,40396105,-2.008,0.052,-9.542,7.176,-9.593,-6.689,180.324,12.301,0.005,-0.205,-6.689,4.637922,-74.084532,0.05,5,1
3882,40406102,-1.908,0.134,-9.518,6.443,-11.302,-6.109,180.292,12.118,0.014,-0.195,-6.109,4.637922,-74.084532,0.05,5,1
3883,40416104,-1.951,0.199,-9.542,5.375,-13.408,-4.919,180.224,11.945,0.020,-0.199,-4.919,4.637922,-74.084532,0.05,5,1
3884,40426105,-2.125,0.185,-9.641,4.276,-15.636,-3.607,180.158,11.833,0.019,-0.217,-3.607,4.637922,-74.084532,0.05,5,1
3885,40436107,-2.364,0.185,-9.898,3.391,-17.284,-2.600,180.091,11.790,0.019,-0.241,-2.600,4.637922,-74.084532,0.05,5,1
3886,40446102,-2.571,0.322,-10.260,2.354,-17.101,-1.470,179.964,11.800,0.033,-0.262,-1.470,4.637922,-74.084532,0.05,5,1
3887,40456105,-2.714,0.399,-10.417,2.140,-14.598,-0.128,179.815,11.874,0.041,-0.277,-0.128,4.637922,-74.084532,0.05,5,1
3888,40466102,-2.721,0.334,-10.421,2.659,-10.539,0.910,179.709,11.982,0.034,-0.277,0.910,4.637922,-74.084532,0.05,5,1
3889,40476104,-2.621,0.262,-10.340,3.727,-6.450,1.215,179.650,12.088,0.027,-0.267,1.215,4.637922,-74.084532,0.05,5,1
3890,40486103,-2.402,0.259,-10.222,5.436,-4.131,0.330,179.612,12.131,0.026,-0.245,0.330,4.637922,-74.084532,0.05,5,1
3891,40496104,-2.249,0.250,-10.169,7.420,-3.673,-1.165,179.598,12.118,0.025,-0.229,-1.165,4.637922,-74.084532,0.05,5,1
3892,40506102,-2.368,0.385,-10.049,7.908,-3.398,-1.257,179.530,12.168,0.039,-0.241,-1.257,4.637922,-74.084532,0.05,5,1
3893,40516105,-2.375,0.517,-10.054,6.840,-1.964,0.544,179.399,12.230,0.053,-0.242,0.544,4.637922,-74.084532,0.05,5,1
3894,40526102,-2.290,0.525,-10.044,5.467,-0.987,3.473,179.263,12.261,0.053,-0.233,3.473,4.637922,-74.084532,0.05,5,1
3895,40536133,-2.261,0.382,-9.963,4.154,-0.896,6.434,179.185,12.287,0.039,-0.231,6.434,4.637922,-74.084532,0.05,5,1
3896,40546110,-2.223,0.262,-9.859,2.354,-0.804,8.967,179.149,12.306,0.027,-0.227,8.967,4.637922,-74.084532,0.05,5,1
3897,40556108,-2.161,0.226,-9.876,0.675,-0.438,10.798,179.115,12.300,0.023,-0.220,10.798,4.637922,-74.084532,0.05,5,1
3898,40566118,-2.156,0.170,-9.859,0.065,0.020,11.866,179.103,12.298,0.017,-0.220,11.866,4.637922,-74.084532,0.05,5,1
3899,40576108,-2.118,0.093,-9.833,0.004,0.569,12.232,179.126,12.287,0.009,-0.216,12.232,4.637922,-74.084532,0.05,5,1
3900,40586126,-2.135,0.146,-9.857,0.401,1.027,11.713,179.127,12.287,0.015,-0.218,11.713,4.637922,-74.084532,0.05,5,1
3901,40608394,-2.213,0.185,-9.807,2.781,2.919,11.835,179.156,12.371,0.019,-0.226,11.835,4.637922,-74.084532,0.05,5,1
3902,40609853,-2.213,0.185,-9.807,2.781,2.919,11.835,179.165,12.430,0.019,-0.226,11.835,4.637922,-74.084512,0.06,5,1
3903,40616109,-2.213,0.185,-9.807,2.781,2.919,11.835,179.166,12.476,0.019,-0.226,11.835,4.637922,-74.084512,0.06,5,1
3904,40626133,-2.204,0.170,-9.845,2.476,3.712,12.903,179.171,12.516,0.017,-0.225,12.903,4.637922,-74.084512,0.06,5,1
3905,40636113,-2.201,0.103,-9.862,2.232,4.201,14.002,179.206,12.556,0.010,-0.224,14.002,4.637922,-74.084512,0.06,5,1
3906,40646107,-2.235,-0.044,-9.953,1.927,4.414,14.673,179.303,12.599,-0.005,-0.228,14.673,4.637922,-74.084512,0.06,5,1
3907,40656113,-2.220,-0.102,-9.953,1.255,4.567,14.857,179.412,12.635,-0.010,-0.226,14.857,4.637922,-74.084512,0.06,5,1
3908,40666112,-2.216,-0.146,-10.004,0.004,4.384,14.979,179.520,12.659,-0.015,-0.226,14.979,4.637922,-74.084512,0.06,5,1
3909,40676130,-2.218,-0.134,-10.008,-1.003,3.865,14.612,179.604,12.677,-0.014,-0.226,14.612,4.637922,-74.084512,0.06,5,1
3910,40686128,-2.228,-0.163,-9.951,-1.522,2.766,13.666,179.689,12.693,-0.017,-0.227,13.666,4.637922,-74.084512,0.06,5,1
3911,40696128,-2.199,-0.143,-9.869,-1.552,0.722,11.896,179.760,12.684,-0.015,-0.224,11.896,4.637922,-74.084512,0.06,5,1
3912,40706125,-2.297,-0.011,-9.843,-1.675,-2.391,10.279,179.763,12.692,-0.001,-0.234,10.279,4.637922,-74.084512,0.06,5,1
3913,40716120,-2.461,0.148,-9.795,-1.919,-5.718,9.638,179.692,12.744,0.015,-0.251,9.638,4.637922,-74.084512,0.06,5,1
3914,40726122,-2.721,0.271,-9.828,-2.407,-8.800,9.943,179.566,12.869,0.028,-0.277,9.943,4.637922,-74.084512,0.06,5,1
3915,40736116,-3.062,0.469,-10.040,-3.078,-11.302,11.316,179.360,13.074,0.048,-0.312,11.316,4.637922,-74.084512,0.06,5,1
3916,40746107,-3.410,0.609,-10.232,-3.567,-12.065,13.758,179.110,13.369,0.062,-0.348,13.758,4.637922,-74.084512,0.06,5,1
3917,40756122,-3.665,0.691,-10.455,-4.055,-10.112,16.871,178.845,13.726,0.070,-0.374,16.871,4.637922,-74.084512,0.06,5,1
3918,40766116,-3.749,0.701,-10.462,-4.604,-5.901,19.983,178.592,14.124,0.071,-0.382,19.983,4.637922,-74.084512,0.06,5,1
3919,40776108,-3.747,0.763,-10.395,-4.085,-1.110,22.303,178.336,14.542,0.078,-0.382,22.303,4.637922,-74.084512,0.06,5,1
3920,40786107,-3.651,0.773,-10.424,-2.254,3.987,23.829,178.112,14.936,0.079,-0.372,23.829,4.637922,-74.084512,0.06,5,1
3921,40796113,-3.506,0.696,-10.184,1.011,9.236,24.134,177.962,15.325,0.071,-0.357,24.134,4.637922,-74.084512,0.06,5,1
3922,40806128,-3.265,0.611,-9.895,4.765,13.478,23.401,177.887,15.668,0.062,-0.333,23.401,4.637922,-74.084512,0.06,5,1
3923,40816109,-3.029,0.433,-9.715,8.579,16.347,22.028,177.927,15.939,0.044,-0.309,22.028,4.637922,-74.084512,0.06,5,1
3924,40826107,-2.843,0.127,-9.552,11.509,18.208,20.350,178.129,16.152,0.013,-0.290,20.350,4.637922,-74.084512,0.06,5,1
3925,40836119,-2.733,-0.047,-9.326,13.004,18.941,18.671,178.409,16.337,-0.005,-0.279,18.671,4.637922,-74.084512,0.06,5,1
3926,40846107,-2.683,-0.122,-9.290,12.821,18.635,17.359,178.702,16.487,-0.012,-0.274,17.359,4.637922,-74.084512,0.06,5,1
3927,40856130,-2.623,-0.208,-9.285,12.180,17.964,16.352,179.007,16.595,-0.021,-0.268,16.352,4.637922,-74.084512,0.06,5,1
3928,40866126,-2.581,-0.276,-9.108,10.319,17.018,16.260,179.306,16.689,-0.028,-0.263,16.260,4.637922,-74.084512,0.06,5,1
3929,40876106,-2.542,-0.317,-9.019,7.206,15.553,16.779,179.574,16.755,-0.032,-0.259,16.779,4.637922,-74.084512,0.06,5,1
3930,40886114,-2.499,-0.300,-8.937,3.941,13.478,17.145,179.785,16.789,-0.031,-0.255,17.145,4.637922,-74.084512,0.06,5,1
3931,40896118,-2.485,-0.283,-8.923,1.194,10.609,17.267,179.947,16.789,-0.029,-0.253,17.267,4.637922,-74.084512,0.06,5,1
3932,40906107,-2.519,-0.283,-8.889,-0.789,7.741,17.023,180.078,16.781,-0.029,-0.257,17.023,4.637922,-74.084512,0.06,5,1
3933,40916117,-2.616,-0.269,-8.877,-2.498,4.780,16.169,180.177,16.793,-0.027,-0.267,16.169,4.637922,-74.084512,0.06,5,1
3934,40926108,-2.736,-0.184,-8.971,-3.506,1.423,15.131,180.216,16.815,-0.019,-0.279,15.131,4.637922,-74.084512,0.06,5,1
3935,40936118,-2.952,-0.073,-9.002,-3.933,-1.537,14.124,180.194,16.899,-0.007,-0.301,14.124,4.637922,-74.084512,0.06,5,1
3936,40948267,-3.417,0.095,-9.345,-4.604,-3.642,13.910,180.077,17.100,0.010,-0.348,13.910,4.637922,-74.084512,0.06,5,1
3937,40956106,-3.417,0.095,-9.345,-4.604,-3.642,13.910,179.979,17.293,0.010,-0.348,13.910,4.637922,-74.084512,0.06,5,1
3938,40966104,-3.489,0.153,-9.391,-4.238,-2.910,14.307,179.865,17.500,0.016,-0.356,14.307,4.637922,-74.084512,0.06,5,1
3939,40976106,-3.549,0.242,-9.470,-3.902,-1.659,14.887,179.722,17.714,0.025,-0.362,14.887,4.637922,-74.084512,0.06,5,1
3940,40986130,-3.561,0.315,-9.487,-2.865,0.325,15.467,179.566,17.932,0.032,-0.363,15.467,4.637922,-74.084512,0.06,5,1
3941,40996106,-3.451,0.300,-9.461,-1.247,2.705,15.864,179.443,18.114,0.031,-0.352,15.864,4.637922,-74.084512,0.06,5,1
3942,41006106,-3.217,0.259,-9.317,0.034,4.780,16.077,179.359,18.226,0.026,-0.328,16.077,4.637922,-74.084512,0.06,5,1
3943,41016109,-2.981,0.218,-9.149,1.011,5.787,15.803,179.308,18.261,0.022,-0.304,15.803,4.637922,-74.084512,0.06,5,1
3944,41026115,-2.771,0.209,-9.026,1.774,5.543,15.162,179.272,18.217,0.021,-0.283,15.162,4.637922,-74.084512,0.06,5,1
3945,41036127,-2.566,0.264,-8.942,2.140,4.414,14.643,179.213,18.085,0.027,-0.262,14.643,4.637922,-74.084512,0.06,5,1
3946,41046125,-2.492,0.329,-8.940,2.690,2.278,14.338,179.132,17.909,0.034,-0.254,14.338,4.637922,-74.084512,0.06,5,1
3947,41056106,-2.516,0.361,-9.069,2.628,-0.377,14.399,179.044,17.717,0.037,-0.257,14.399,4.637922,-74.084512,0.06,5,1
3948,41066111,-2.585,0.409,-9.194,2.079,-2.513,14.673,178.937,17.535,0.042,-0.264,14.673,4.637922,-74.084512,0.06,5,1
3949,41076114,-2.714,0.508,-9.341,1.347,-3.887,15.314,178.788,17.392,0.052,-0.277,15.314,4.637922,-74.084512,0.06,5,1
3950,41086106,-2.802,0.609,-9.521,0.981,-3.978,16.413,178.605,17.273,0.062,-0.286,16.413,4.637922,-74.084512,0.06,5,1
3951,41096115,-2.845,0.566,-9.583,0.828,-3.032,17.298,178.457,17.182,0.058,-0.290,17.298,4.637922,-74.084512,0.06,5,1
3952,41106125,-2.864,0.512,-9.576,0.462,-1.628,17.512,178.340,17.121,0.052,-0.292,17.512,4.637922,-74.084512,0.06,5,1
3953,41116115,-2.814,0.556,-9.552,0.736,-0.225,17.084,178.214,17.059,0.057,-0.287,17.084,4.637922,-74.084512,0.06,5,1
3954,41126115,-2.774,0.580,-9.521,1.286,0.874,16.016,178.091,16.999,0.059,-0.283,16.016,4.637922,-74.084512,0.06,5,1
3955,41136167,-2.714,0.657,-9.506,2.262,1.423,14.338,177.951,16.924,0.067,-0.277,14.338,4.637922,-74.084512,0.06,5,1
3956,41146110,-2.662,0.787,-9.406,3.056,1.271,13.361,177.766,16.842,0.080,-0.271,13.361,4.637922,-74.084512,0.06,5,1
3957,41156107,-2.652,0.889,-9.345,3.269,0.569,13.239,177.547,16.761,0.091,-0.270,13.239,4.637922,-74.084512,0.06,5,1
3958,41166126,-2.664,0.908,-9.326,2.781,-0.530,14.155,177.330,16.684,0.093,-0.272,14.155,4.637922,-74.084512,0.06,5,1
3959,41176133,-2.683,0.896,-9.285,1.896,-1.781,15.406,177.126,16.615,0.091,-0.274,15.406,4.637922,-74.084512,0.06,5,1
3960,41186105,-2.707,0.930,-9.305,0.675,-2.666,16.871,176.911,16.550,0.095,-0.276,16.871,4.637922,-74.084512,0.06,5,1
3961,41196115,-2.726,0.889,-9.288,-0.667,-3.246,18.305,176.718,16.496,0.091,-0.278,18.305,4.637922,-74.084512,0.06,5,1
3962,41206105,-2.764,0.893,-9.297,-1.461,-4.131,18.641,176.531,16.453,0.091,-0.282,18.641,4.637922,-74.084512,0.06,5,1
3963,41216125,-2.836,0.951,-9.362,-1.034,-5.077,18.488,176.338,16.426,0.097,-0.289,18.488,4.637922,-74.084512,0.06,5,1
3964,41226123,-2.879,1.057,-9.345,-0.301,-5.657,18.244,176.117,16.414,0.108,-0.294,18.244,4.637922,-74.084512,0.06,5,1
3965,41236101,-2.976,1.084,-9.324,0.279,-6.236,18.641,175.905,16.442,0.111,-0.304,18.641,4.637922,-74.084512,0.06,5,1
3966,41246109,-3.081,1.139,-9.418,1.225,-6.908,19.129,175.697,16.493,0.116,-0.314,19.129,4.637922,-74.084512,0.06,5,1
3967,41256114,-3.200,1.188,-9.487,1.927,-7.274,19.983,175.493,16.575,0.121,-0.326,19.983,4.637922,-74.084512,0.06,5,1
3968,41266100,-3.317,1.115,-9.497,2.293,-6.816,21.387,175.342,16.703,0.114,-0.338,21.387,4.637922,-74.084512,0.06,5,1
3969,41276101,-3.363,1.007,-9.559,2.781,-5.718,23.035,175.258,16.843,0.103,-0.343,23.035,4.637922,-74.084512,0.06,5,1
3970,41287973,-3.377,0.703,-9.569,4.673,-3.276,23.737,175.344,16.999,0.072,-0.344,23.737,4.637922,-74.084512,0.06,5,1
3971,41296113,-3.377,0.703,-9.569,4.673,-3.276,23.737,175.417,17.149,0.072,-0.344,23.737,4.637922,-74.084512,0.06,5,1
3972,41306101,-3.336,0.602,-9.528,5.680,-2.178,23.218,175.538,17.288,0.061,-0.340,23.218,4.637922,-74.084512,0.06,5,1
3973,41316101,-3.267,0.551,-9.454,6.626,-1.140,22.700,175.680,17.408,0.056,-0.333,22.700,4.637922,-74.084512,0.06,5,1
3974,41326110,-3.150,0.486,-9.403,7.694,-0.743,21.998,175.850,17.481,0.050,-0.321,21.998,4.637922,-74.084512,0.06,5,1
3975,41336112,-3.076,0.428,-9.343,8.457,-1.293,21.540,176.040,17.521,0.044,-0.314,21.540,4.637922,-74.084512,0.06,5,1
3976,41346099,-3.048,0.315,-9.312,8.671,-2.300,21.235,176.270,17.541,0.032,-0.311,21.235,4.637922,-74.084512,0.06,5,1
3977,41356100,-3.026,0.300,-9.312,8.152,-3.398,21.113,176.483,17.541,0.031,-0.309,21.113,4.637922,-74.084512,0.06,5,1
3978,41366105,-3.098,0.257,-9.350,7.298,-4.589,21.387,176.694,17.554,0.026,-0.316,21.387,4.637922,-74.084512,0.06,5,1
3979,41376110,-3.210,0.177,-9.480,5.924,-5.596,21.815,176.914,17.587,0.018,-0.327,21.815,4.637922,-74.084512,0.06,5,1
3980,41386118,-3.270,0.146,-9.610,4.734,-5.870,22.333,177.122,17.621,0.015,-0.333,22.333,4.637922,-74.084512,0.06,5,1
3981,41396100,-3.313,0.047,-9.650,3.788,-5.565,22.608,177.350,17.667,0.005,-0.338,22.608,4.637922,-74.084512,0.06,5,1
3982,41406106,-3.358,-0.069,-9.694,3.025,-4.772,21.998,177.606,17.729,-0.007,-0.342,21.998,4.637922,-74.084512,0.06,5,1
3983,41416109,-3.377,-0.052,-9.711,2.445,-3.581,20.716,177.829,17.802,-0.005,-0.344,20.716,4.637922,-74.084512,0.06,5,1
3984,41426118,-3.317,0.047,-9.638,2.445,-2.269,19.251,177.991,17.869,0.005,-0.338,19.251,4.637922,-74.084512,0.06,5,1
3985,41436100,-3.198,0.144,-9.523,2.781,-1.110,18.061,178.099,17.908,0.015,-0.326,18.061,4.637922,-74.084512,0.06,5,1
3986,41446106,-3.124,0.221,-9.418,2.995,-0.530,17.206,178.164,17.933,0.023,-0.319,17.206,4.637922,-74.084512,0.06,5,1
3987,41456109,-3.055,0.233,-9.348,3.269,-0.530,16.749,178.220,17.936,0.024,-0.312,16.749,4.637922,-74.084512,0.06,5,1
3988,41466114,-2.981,0.206,-9.305,2.842,-0.774,16.504,178.280,17.912,0.021,-0.304,16.504,4.637922,-74.084512,0.06,5,1
3989,41476113,-2.933,0.228,-9.249,2.049,-1.110,16.260,178.317,17.874,0.023,-0.299,16.260,4.637922,-74.084512,0.06,5,1
3990,41486100,-2.893,0.286,-9.218,1.164,-1.781,15.680,178.316,17.819,0.029,-0.295,15.680,4.637922,-74.084512,0.06,5,1
3991,41496100,-2.871,0.353,-9.240,0.858,-2.971,15.284,178.280,17.744,0.036,-0.293,15.284,4.637922,-74.084512,0.06,5,1
3992,41506110,-2.917,0.402,-9.357,1.194,-4.100,14.948,178.230,17.669,0.041,-0.297,14.948,4.637922,-74.084512,0.06,5,1
3993,41516113,-2.991,0.315,-9.449,2.049,-4.772,14.399,178.233,17.612,0.032,-0.305,14.399,4.637922,-74.084512,0.06,5,1
3994,41526101,-3.093,0.144,-9.557,3.056,-5.016,13.178,178.325,17.587,0.015,-0.315,13.178,4.637922,-74.084512,0.06,5,1
3995,41536113,-3.210,-0.037,-9.701,3.697,-4.314,11.378,178.498,17.598,-0.004,-0.327,11.378,4.637922,-74.084512,0.06,5,1
3996,41546108,-3.243,-0.136,-9.778,3.910,-2.757,8.967,178.705,17.626,-0.014,-0.331,8.967,4.637922,-74.084512,0.06,5,1
3997,41556125,-3.186,-0.126,-9.703,3.483,-1.140,6.678,178.887,17.654,-0.013,-0.325,6.678,4.637922,-74.084512,0.06,5,1
3998,41566108,-3.153,-0.078,-9.602,2.659,0.142,4.664,179.027,17.692,-0.008,-0.321,4.664,4.637922,-74.084512,0.06,5,1
3999,41576127,-2.910,0.095,-9.396,-1.400,-0.225,3.138,179.039,17.649,0.010,-0.297,3.138,4.637922,-74.084512,0.06,5,1
4000,41586111,-2.931,0.283,-9.355,-4.330,-2.208,3.626,178.935,17.605,0.029,-0.299,3.626,4.637922,-74.084512,0.06,5,1
4001,41614563,-3.143,0.541,-9.547,-7.809,-6.725,5.305,178.531,17.471,0.055,-0.321,5.305,4.637923,-74.084490,0.09,5,1
4002,41615989,-3.143,0.541,-9.547,-7.809,-6.725,5.305,178.220,17.407,0.055,-0.321,5.305,4.637923,-74.084490,0.09,5,1
4003,41617352,-3.317,0.686,-9.739,-8.297,-7.518,5.945,177.931,17.446,0.070,-0.338,5.945,4.637923,-74.084490,0.09,5,1
4004,41626123,-3.437,0.688,-9.886,-7.656,-6.572,6.128,177.690,17.528,0.070,-0.350,6.128,4.637923,-74.084490,0.09,5,1
4005,41636160,-3.470,0.592,-9.936,-6.252,-4.344,5.457,177.535,17.628,0.060,-0.354,5.457,4.637923,-74.084490,0.09,5,1
4006,41646120,-3.410,0.551,-9.907,-4.299,-1.811,3.962,177.430,17.719,0.056,-0.348,3.962,4.637923,-74.084490,0.09,5,1
4007,41656126,-3.282,0.421,-9.795,-2.468,0.386,2.009,177.411,17.784,0.043,-0.335,2.009,4.637923,-74.084490,0.09,5,1
4008,41666129,-3.181,0.435,-9.706,-1.552,2.064,0.239,177.393,17.828,0.044,-0.324,0.239,4.637923,-74.084490,0.09,5,1
4009,41676120,-3.036,0.503,-9.626,-1.095,3.193,-0.830,177.347,17.826,0.051,-0.310,-0.830,4.637923,-74.084490,0.09,5,1
4010,41686116,-2.960,0.488,-9.545,-0.973,3.468,-1.165,177.311,17.805,0.050,-0.302,-1.165,4.637923,-74.084490,0.09,5,1
4011,41696109,-2.924,0.503,-9.504,-1.888,3.316,-1.013,177.261,17.774,0.051,-0.298,-1.013,4.637923,-74.084490,0.09,5,1
4012,41706122,-2.831,0.522,-9.518,-3.536,3.163,-0.280,177.192,17.703,0.053,-0.289,-0.280,4.637923,-74.084490,0.09,5,1
4013,41716123,-2.728,0.568,-9.425,-5.031,2.583,0.452,177.090,17.598,0.058,-0.278,0.452,4.637923,-74.084490,0.09,5,1
4014,41726103,-2.683,0.580,-9.324,-6.313,1.088,0.910,176.975,17.482,0.059,-0.274,0.910,4.637923,-74.084490,0.09,5,1
4015,41736120,-2.685,0.592,-9.439,-7.137,-0.499,0.940,176.860,17.347,0.060,-0.274,0.940,4.637923,-74.084490,0.09,5,1
4016,41746124,-2.750,0.650,-9.506,-6.924,-1.628,0.757,176.731,17.231,0.066,-0.280,0.757,4.637923,-74.084490,0.09,5,1
4017,41756130,-2.843,0.667,-9.514,-6.588,-2.361,0.208,176.608,17.156,0.068,-0.290,0.208,4.637923,-74.084490,0.09,5,1
4018,41766115,-2.969,0.720,-9.655,-6.222,-2.391,-0.646,176.477,17.122,0.073,-0.303,-0.646,4.637923,-74.084490,0.09,5,1
4019,41776114,-3.048,0.845,-9.742,-5.855,-1.384,-1.104,176.307,17.121,0.086,-0.311,-1.104,4.637923,-74.084490,0.09,5,1
4020,41786120,-3.043,0.937,-9.694,-5.215,0.111,-1.226,176.113,17.136,0.096,-0.310,-1.226,4.637923,-74.084490,0.09,5,1
4021,41796139,-2.988,0.987,-9.665,-4.207,1.423,-1.104,175.919,17.143,0.101,-0.305,-1.104,4.637923,-74.084490,0.09,5,1
4022,41806124,-2.921,0.968,-9.581,-3.078,2.369,-0.921,175.755,17.140,0.099,-0.298,-0.921,4.637923,-74.084490,0.09,5,1
4023,41816119,-2.821,0.910,-9.449,-2.132,2.614,-0.830,175.634,17.116,0.093,-0.288,-0.830,4.637923,-74.084490,0.09,5,1
4024,41826123,-2.747,0.889,-9.377,-1.644,2.186,-1.013,175.533,17.067,0.091,-0.280,-1.013,4.637923,-74.084490,0.09,5,1
4025,41836129,-2.731,0.927,-9.333,-1.522,1.362,-0.952,175.421,17.012,0.095,-0.278,-0.952,4.637923,-74.084490,0.09,5,1
4026,41846137,-2.731,1.026,-9.307,-1.705,0.081,-0.646,175.268,16.951,0.105,-0.278,-0.646,4.637923,-74.084490,0.09,5,1
4027,41856119,-2.788,1.134,-9.329,-1.888,-1.110,0.117,175.077,16.905,0.116,-0.284,0.117,4.637923,-74.084490,0.09,5,1
4028,41866117,-2.824,1.166,-9.343,-1.613,-1.995,1.276,174.889,16.867,0.119,-0.288,1.276,4.637923,-74.084490,0.09,5,1
4029,41876119,-2.893,1.183,-9.427,-0.942,-2.422,2.405,174.719,16.846,0.121,-0.295,2.405,4.637923,-74.084490,0.09,5,1
4030,41886130,-2.988,1.072,-9.490,0.034,-2.208,3.260,174.624,16.862,0.109,-0.305,3.260,4.637923,-74.084490,0.09,5,1
4031,41896112,-3.076,0.985,-9.497,1.225,-1.384,3.229,174.588,16.922,0.100,-0.314,3.229,4.637923,-74.084490,0.09,5,1
4032,41906120,-3.067,0.978,-9.535,2.354,-0.316,2.436,174.571,16.978,0.100,-0.313,2.436,4.637923,-74.084490,0.09,5,1
4033,41916112,-3.072,1.019,-9.473,3.208,0.722,1.642,174.540,17.049,0.104,-0.313,1.642,4.637923,-74.084490,0.09,5,1
4034,41926118,-3.031,1.043,-9.374,3.819,1.607,1.520,174.502,17.119,0.106,-0.309,1.520,4.637923,-74.084490,0.09,5,1
4035,41936121,-2.986,1.026,-9.312,3.941,2.186,1.887,174.473,17.178,0.105,-0.304,1.887,4.637923,-74.084490,0.09,5,1
4036,41948311,-2.924,1.019,-9.269,3.605,1.942,2.222,174.448,17.214,0.104,-0.298,2.222,4.637923,-74.084490,0.09,5,1
4037,41956121,-2.921,1.004,-9.230,3.361,0.874,2.588,174.423,17.238,0.102,-0.298,2.588,4.637923,-74.084490,0.09,5,1
4038,41966123,-2.924,1.002,-9.216,3.025,-0.347,2.955,174.397,17.251,0.102,-0.298,2.955,4.637923,-74.084490,0.09,5,1
4039,41976132,-2.938,1.007,-9.209,2.506,-1.232,3.443,174.365,17.263,0.103,-0.300,3.443,4.637923,-74.084490,0.09,5,1
4040,41986123,-2.998,0.997,-9.218,1.530,-2.056,3.962,174.332,17.291,0.102,-0.306,3.962,4.637923,-74.084490,0.09,5,1
4041,41996118,-3.029,1.045,-9.314,1.225,-2.666,4.114,174.281,17.310,0.107,-0.309,4.114,4.637923,-74.084490,0.09,5,1
4042,42006122,-3.045,1.074,-9.324,1.743,-3.063,3.718,174.226,17.329,0.110,-0.311,3.718,4.637923,-74.084490,0.09,5,1
4043,42016124,-3.091,1.002,-9.326,2.903,-3.337,3.168,174.220,17.365,0.102,-0.315,3.168,4.637923,-74.084490,0.09,5,1
4044,42026129,-3.110,0.908,-9.394,4.124,-3.704,2.192,174.272,17.394,0.093,-0.317,2.192,4.637923,-74.084490,0.09,5,1
4045,42036125,-3.174,0.823,-9.497,5.009,-3.826,1.093,174.372,17.433,0.084,-0.324,1.093,4.637923,-74.084490,0.09,5,1
4046,42046103,-3.208,0.749,-9.542,5.192,-3.581,0.391,174.501,17.480,0.076,-0.327,0.391,4.637923,-74.084490,0.09,5,1
4047,42056125,-3.198,0.744,-9.502,4.368,-3.429,0.025,174.614,17.527,0.076,-0.326,0.025,4.637923,-74.084490,0.09,5,1
4048,42066114,-3.205,0.823,-9.542,3.056,-3.368,0.300,174.671,17.567,0.084,-0.327,0.300,4.637923,-74.084490,0.09,5,1
4049,42076116,-3.215,0.910,-9.598,1.316,-3.551,1.520,174.671,17.598,0.093,-0.328,1.520,4.637923,-74.084490,0.09,5,1
4050,42086122,-3.234,0.961,-9.638,-0.149,-3.459,3.290,174.636,17.628,0.098,-0.330,3.290,4.637923,-74.084490,0.09,5,1
4051,42096121,-3.196,0.999,-9.641,-1.003,-2.819,4.908,174.578,17.646,0.102,-0.326,4.908,4.637923,-74.084490,0.09,5,1
4052,42106123,-3.110,0.937,-9.643,-1.308,-2.025,5.976,174.551,17.635,0.096,-0.317,5.976,4.637923,-74.084490,0.09,5,1
4053,42116126,-3.055,0.857,-9.658,-0.851,-1.384,5.793,174.566,17.608,0.087,-0.312,5.793,4.637923,-74.084490,0.09,5,1
4054,42126108,-3.022,0.811,-9.648,0.523,-1.110,4.603,174.613,17.573,0.083,-0.308,4.603,4.637923,-74.084490,0.09,5,1
4055,42136162,-3.019,0.809,-9.670,2.232,-0.957,2.955,174.674,17.539,0.082,-0.308,2.955,4.637923,-74.084490,0.09,5,1
4056,42146122,-3.007,0.807,-9.677,3.758,-0.530,1.520,174.746,17.505,0.082,-0.307,1.520,4.637923,-74.084490,0.09,5,1
4057,42156114,-3.012,0.792,-9.670,5.100,0.081,0.422,174.831,17.483,0.081,-0.307,0.422,4.637923,-74.084490,0.09,5,1
4058,42166128,-2.995,0.790,-9.665,5.924,0.874,0.147,174.918,17.463,0.081,-0.305,0.147,4.637923,-74.084490,0.09,5,1
4059,42176117,-3.012,0.693,-9.583,6.046,1.301,0.361,175.040,17.468,0.071,-0.307,0.361,4.637923,-74.084490,0.09,5,1
4060,42186112,-3.036,0.616,-9.595,5.497,1.210,0.483,175.183,17.480,0.063,-0.310,0.483,4.637923,-74.084490,0.09,5,1
4061,42196129,-3.043,0.527,-9.605,4.582,1.454,0.818,175.348,17.495,0.054,-0.310,0.818,4.637923,-74.084490,0.09,5,1
4062,42206120,-3.005,0.459,-9.538,2.934,1.820,1.246,175.514,17.507,0.047,-0.306,1.246,4.637923,-74.084490,0.09,5,1
4063,42216107,-2.976,0.549,-9.470,0.981,1.515,1.307,175.606,17.511,0.056,-0.304,1.307,4.637923,-74.084490,0.09,5,1
4064,42226102,-2.993,0.672,-9.482,-0.149,0.844,1.276,175.626,17.512,0.068,-0.305,1.276,4.637923,-74.084490,0.09,5,1
4065,42236100,-3.034,0.787,-9.494,-0.301,0.264,1.093,175.589,17.523,0.080,-0.309,1.093,4.637923,-74.084490,0.09,5,1
4066,42246098,-3.115,0.879,-9.538,0.370,0.050,0.361,175.522,17.557,0.090,-0.318,0.361,4.637923,-74.084490,0.09,5,1
4067,42256103,-3.181,0.915,-9.590,2.049,-0.041,-0.707,175.461,17.608,0.093,-0.324,-0.707,4.637923,-74.084490,0.09,5,1
4068,42266101,-3.243,0.939,-9.638,4.215,0.477,-1.745,175.416,17.679,0.096,-0.331,-1.745,4.637923,-74.084490,0.09,5,1
4069,42276100,-3.298,0.869,-9.641,6.199,1.149,-2.966,175.424,17.772,0.089,-0.336,-2.966,4.637923,-74.084490,0.09,5,1
4070,42286101,-3.289,0.770,-9.617,7.389,2.064,-3.881,175.487,17.868,0.079,-0.335,-3.881,4.637923,-74.084490,0.09,5,1
4071,42297969,-3.267,0.722,-9.530,7.176,3.163,-4.003,175.572,17.976,0.074,-0.333,-4.003,4.637923,-74.084490,0.09,5,1
4072,42306103,-3.184,0.703,-9.425,6.016,3.865,-3.790,175.634,18.058,0.072,-0.325,-3.790,4.637923,-74.084490,0.09,5,1
4073,42316104,-3.105,0.819,-9.341,4.429,3.865,-3.179,175.620,18.111,0.083,-0.317,-3.179,4.637923,-74.084490,0.09,5,1
4074,42326100,-3.012,0.903,-9.295,3.269,3.499,-2.355,175.555,18.122,0.092,-0.307,-2.355,4.637923,-74.084490,0.09,5,1
4075,42336101,-2.991,0.932,-9.285,2.903,2.827,-1.715,175.477,18.117,0.095,-0.305,-1.715,4.637923,-74.084490,0.09,5,1
4076,42346103,-2.929,0.886,-9.297,2.934,2.034,-1.592,175.428,18.079,0.090,-0.299,-1.592,4.637923,-74.084490,0.09,5,1
4077,42356104,-2.952,0.864,-9.341,3.422,1.393,-2.264,175.399,18.042,0.088,-0.301,-2.264,4.637923,-74.084490,0.09,5,1
4078,42366101,-2.983,0.872,-9.408,4.398,0.752,-3.454,175.381,18.006,0.089,-0.304,-3.454,4.637923,-74.084490,0.09,5,1
4079,42376101,-3.003,0.872,-9.365,4.734,0.050,-4.339,175.365,17.980,0.089,-0.306,-4.339,4.637923,-74.084490,0.09,5,1
4080,42386103,-3.081,0.946,-9.442,4.612,-0.591,-4.400,175.319,17.972,0.097,-0.314,-4.400,4.637923,-74.084490,0.09,5,1
4081,42396104,-3.217,0.990,-9.646,5.009,-0.835,-4.583,175.269,17.990,0.101,-0.328,-4.583,4.637923,-74.084490,0.09,5,1
4082,42406100,-3.353,0.898,-9.687,5.711,-0.225,-4.309,175.273,18.063,0.092,-0.342,-4.309,4.637923,-74.084490,0.09,5,1
4083,42416101,-3.420,0.751,-9.790,5.772,1.393,-4.064,175.346,18.160,0.077,-0.349,-4.064,4.637923,-74.084490,0.09,5,1
4084,42426103,-3.422,0.621,-9.843,5.497,3.499,-4.186,175.471,18.263,0.063,-0.349,-4.186,4.637923,-74.084490,0.09,5,1
4085,42436105,-3.348,0.546,-9.850,4.917,5.696,-4.705,175.614,18.350,0.056,-0.341,-4.705,4.637923,-74.084490,0.09,5,1
4086,42446103,-3.217,0.532,-9.802,4.276,7.741,-5.438,175.746,18.402,0.054,-0.328,-5.438,4.637923,-74.084490,0.09,5,1
4087,42456104,-3.074,0.503,-9.699,3.819,9.450,-6.231,175.873,18.422,0.051,-0.313,-6.231,4.637923,-74.084490,0.09,5,1
4088,42466103,-2.917,0.435,-9.590,3.178,10.396,-7.025,176.013,18.399,0.044,-0.297,-7.025,4.637923,-74.084490,0.09,5,1
4089,42476101,-2.764,0.385,-9.454,2.598,10.182,-7.971,176.158,18.328,0.039,-0.282,-7.971,4.637923,-74.084490,0.09,5,1
4090,42486100,-2.762,0.242,-9.389,1.499,9.114,-9.313,176.346,18.261,0.025,-0.282,-9.313,4.637923,-74.084490,0.09,5,1
4091,42496101,-2.795,0.136,-9.427,0.126,7.618,-11.175,176.557,18.195,0.014,-0.285,-11.175,4.637923,-74.084490,0.09,5,1
4092,42506103,-2.890,0.127,-9.564,-1.766,6.520,-13.098,176.740,18.146,0.013,-0.295,-13.098,4.637923,-74.084490,0.09,5,1
4093,42516101,-3.012,0.228,-9.612,-4.391,6.398,-14.379,176.839,18.145,0.023,-0.307,-14.379,4.637923,-74.084490,0.09,5,1
4094,42526103,-3.041,0.370,-9.610,-6.832,7.008,-15.234,176.843,18.160,0.038,-0.310,-15.234,4.637923,-74.084490,0.09,5,1
4095,42536125,-3.029,0.488,-9.578,-8.663,7.252,-15.997,176.776,18.176,0.050,-0.309,-15.997,4.637923,-74.084490,0.09,5,1
4096,42546121,-2.952,0.563,-9.521,-9.914,6.856,-16.882,176.666,18.161,0.057,-0.301,-16.882,4.637923,-74.084490,0.09,5,1
4097,42556127,-2.893,0.587,-9.449,-10.677,5.818,-17.797,176.545,18.122,0.060,-0.295,-17.797,4.637923,-74.084490,0.09,5,1
4098,42566119,-2.869,0.568,-9.321,-11.379,4.078,-19.110,176.432,18.077,0.058,-0.293,-19.110,4.637923,-74.084490,0.09,5,1
4099,42576126,-2.805,0.645,-9.283,-12.569,1.393,-20.300,176.279,17.987,0.066,-0.286,-20.300,4.637923,-74.084490,0.09,5,1
4100,42586130,-2.912,0.939,-9.288,-14.675,-1.750,-20.178,175.981,17.916,0.096,-0.297,-20.178,4.637923,-74.084490,0.09,5,1
4101,42601605,-3.060,1.137,-9.482,-15.652,-4.436,-19.262,175.527,17.836,0.116,-0.312,-19.262,4.637923,-74.084490,0.09,5,1
4102,42606107,-3.203,1.178,-9.641,-15.865,-5.626,-17.034,175.179,17.813,0.120,-0.327,-17.034,4.637923,-74.084490,0.09,5,1
4103,42616122,-3.315,1.183,-9.787,-16.506,-5.046,-14.562,174.859,17.823,0.121,-0.338,-14.562,4.637927,-74.084490,0.04,5,1
4104,42626148,-3.355,1.120,-9.972,-16.537,-2.849,-12.426,174.602,17.845,0.114,-0.342,-12.426,4.637927,-74.084490,0.04,5,1
4105,42636160,-3.272,1.060,-10.030,-15.652,0.477,-10.961,174.402,17.856,0.108,-0.334,-10.961,4.637927,-74.084490,0.04,5,1
4106,42646119,-3.072,1.060,-9.977,-14.309,4.292,-10.320,174.228,17.828,0.108,-0.313,-10.320,4.637927,-74.084490,0.04,5,1
4107,42656113,-2.819,1.045,-9.924,-11.623,7.741,-10.229,174.097,17.737,0.107,-0.287,-10.229,4.637927,-74.084490,0.04,5,1
4108,42666123,-2.528,0.913,-9.747,-8.175,10.518,-10.504,174.058,17.579,0.093,-0.258,-10.504,4.637927,-74.084490,0.04,5,1
4109,42676118,-2.230,0.705,-9.617,-5.062,11.860,-11.236,174.140,17.334,0.072,-0.227,-11.236,4.637927,-74.084490,0.04,5,1
4110,42686116,-2.023,0.551,-9.506,-2.987,11.708,-12.213,174.303,17.027,0.056,-0.206,-12.213,4.637927,-74.084490,0.04,5,1
4111,42696123,-1.934,0.457,-9.425,-2.071,10.426,-13.128,174.503,16.701,0.047,-0.197,-13.128,4.637927,-74.084490,0.04,5,1
4112,42706107,-1.949,0.452,-9.374,-2.315,8.717,-13.403,174.686,16.396,0.046,-0.199,-13.403,4.637927,-74.084490,0.04,5,1
4113,42716126,-2.001,0.452,-9.463,-3.139,7.069,-12.609,174.849,16.115,0.046,-0.204,-12.609,4.637927,-74.084490,0.04,5,1
4114,42726110,-2.087,0.418,-9.487,-4.604,5.940,-11.022,175.002,15.881,0.043,-0.213,-11.022,4.637927,-74.084490,0.04,5,1
4115,42736125,-2.156,0.387,-9.518,-6.496,5.238,-9.497,175.141,15.685,0.039,-0.220,-9.497,4.637927,-74.084490,0.04,5,1
4116,42746111,-2.225,0.421,-9.583,-7.686,4.902,-8.734,175.244,15.526,0.043,-0.227,-8.734,4.637927,-74.084490,0.04,5,1
4117,42756133,-2.294,0.455,-9.638,-7.961,4.292,-8.642,175.322,15.397,0.046,-0.234,-8.642,4.637927,-74.084490,0.04,5,1
4118,42766121,-2.411,0.457,-9.665,-7.320,3.712,-9.130,175.400,15.319,0.047,-0.246,-9.130,4.637927,-74.084490,0.04,5,1
4119,42776113,-2.526,0.484,-9.682,-6.405,3.407,-9.680,175.468,15.292,0.049,-0.258,-9.680,4.637927,-74.084490,0.04,5,1
4120,42786110,-2.659,0.566,-9.787,-5.855,3.193,-10.076,175.502,15.308,0.058,-0.271,-10.076,4.637927,-74.084490,0.04,5,1
4121,42796119,-2.802,0.662,-9.859,-4.726,3.407,-10.229,175.504,15.375,0.067,-0.286,-10.229,4.637927,-74.084490,0.04,5,1
4122,42806109,-2.893,0.715,-9.876,-3.353,4.109,-9.710,175.495,15.479,0.073,-0.295,-9.710,4.637927,-74.084490,0.04,5,1
4123,42816112,-2.983,0.655,-9.929,-2.193,5.757,-8.886,175.525,15.620,0.067,-0.304,-8.886,4.637927,-74.084490,0.04,5,1
4124,42826110,-3.003,0.481,-9.927,-1.156,7.802,-7.940,175.639,15.779,0.049,-0.306,-7.940,4.637927,-74.084490,0.04,5,1
4125,42836117,-2.859,0.322,-9.821,-0.759,10.060,-7.360,175.816,15.902,0.033,-0.292,-7.360,4.637927,-74.084490,0.04,5,1
4126,42846120,-2.721,0.257,-9.660,-0.820,11.860,-7.208,176.007,15.994,0.026,-0.277,-7.208,4.637927,-74.084490,0.04,5,1
4127,42856113,-2.581,0.269,-9.516,-0.973,12.959,-7.360,176.174,16.046,0.027,-0.263,-7.360,4.637927,-74.084490,0.04,5,1
4128,42866111,-2.418,0.404,-9.398,-0.912,12.959,-7.482,176.264,16.037,0.041,-0.247,-7.482,4.637927,-74.084490,0.04,5,1
4129,42876112,-2.302,0.522,-9.307,-0.362,12.410,-7.269,176.296,15.982,0.053,-0.235,-7.269,4.637927,-74.084490,0.04,5,1
4130,42886105,-2.220,0.464,-9.237,0.248,11.494,-6.689,176.356,15.895,0.047,-0.226,-6.689,4.637927,-74.084490,0.04,5,1
4131,42896121,-2.147,0.433,-9.201,0.614,10.396,-6.170,176.429,15.775,0.044,-0.219,-6.170,4.637927,-74.084490,0.04,5,1
4132,42906119,-2.116,0.365,-9.245,0.828,9.114,-5.865,176.532,15.634,0.037,-0.216,-5.865,4.637927,-74.084490,0.04,5,1
4133,42916118,-2.147,0.271,-9.329,1.316,7.924,-5.926,176.676,15.498,0.028,-0.219,-5.926,4.637927,-74.084490,0.04,5,1
4134,42926111,-2.135,0.177,-9.372,1.805,7.496,-6.353,176.859,15.359,0.018,-0.218,-6.353,4.637927,-74.084490,0.04,5,1
4135,42942338,-2.087,0.107,-9.381,2.262,7.710,-6.994,177.082,15.243,0.011,-0.213,-6.994,4.637927,-74.084490,0.04,5,1
4136,42946126,-2.037,0.018,-9.362,2.781,7.985,-7.971,177.325,15.077,0.002,-0.208,-7.971,4.637927,-74.084490,0.04,5,1
4137,42956115,-1.922,-0.071,-9.317,3.056,7.588,-9.435,177.593,14.873,-0.007,-0.196,-9.435,4.637927,-74.084490,0.04,5,1
4138,42966114,-1.844,-0.044,-9.257,3.025,6.276,-10.839,177.826,14.644,-0.005,-0.188,-10.839,4.637927,-74.084490,0.04,5,1
4139,42976113,-1.839,0.013,-9.237,2.567,4.536,-11.480,178.008,14.417,0.001,-0.188,-11.480,4.637927,-74.084490,0.04,5,1
4140,42986117,-1.920,0.093,-9.269,1.499,2.095,-11.694,178.128,14.221,0.009,-0.196,-11.694,4.637927,-74.084490,0.04,5,1
4141,42996113,-2.092,0.197,-9.487,0.187,-0.316,-11.389,178.178,14.074,0.020,-0.213,-11.389,4.637927,-74.084490,0.04,5,1
4142,43006114,-2.294,0.320,-9.727,-1.125,-1.506,-10.382,178.158,13.993,0.033,-0.234,-10.382,4.637927,-74.084490,0.04,5,1
4143,43016114,-2.428,0.394,-9.895,-2.132,-1.048,-9.161,178.100,13.961,0.040,-0.248,-9.161,4.637927,-74.084490,0.04,5,1
4144,43026119,-2.485,0.382,-9.989,-2.376,0.233,-8.215,178.051,13.958,0.039,-0.253,-8.215,4.637927,-74.084490,0.04,5,1
4145,43036114,-2.483,0.370,-10.001,-1.919,1.546,-8.093,178.015,13.966,0.038,-0.253,-8.093,4.637927,-74.084490,0.04,5,1
4146,43046114,-2.411,0.418,-9.931,-1.034,2.797,-8.398,177.968,13.961,0.043,-0.246,-8.398,4.637927,-74.084490,0.04,5,1
4147,43056122,-2.306,0.457,-9.879,0.309,3.438,-9.039,177.919,13.924,0.047,-0.235,-9.039,4.637927,-74.084490,0.04,5,1
4148,43066123,-2.206,0.479,-9.862,1.896,3.316,-9.619,177.879,13.848,0.049,-0.225,-9.619,4.637927,-74.084490,0.04,5,1
4149,43076122,-2.187,0.409,-9.855,3.300,2.980,-9.771,177.885,13.767,0.042,-0.223,-9.771,4.637927,-74.084490,0.04,5,1
4150,43086115,-2.194,0.293,-9.785,3.880,2.583,-9.741,177.947,13.700,0.030,-0.224,-9.741,4.637927,-74.084490,0.04,5,1
4151,43096122,-2.178,0.315,-9.747,3.422,1.851,-9.252,177.989,13.627,0.032,-0.222,-9.252,4.637927,-74.084490,0.04,5,1
4152,43106114,-2.170,0.399,-9.807,2.476,1.057,-8.276,177.983,13.543,0.041,-0.221,-8.276,4.637927,-74.084490,0.04,5,1
4153,43116133,-2.237,0.445,-9.857,1.927,0.294,-6.994,177.953,13.482,0.045,-0.228,-6.994,4.637927,-74.084490,0.04,5,1
4154,43126123,-2.328,0.414,-9.927,2.049,0.050,-5.926,177.941,13.454,0.042,-0.237,-5.926,4.637927,-74.084490,0.04,5,1
4155,43136128,-2.404,0.409,-10.011,2.537,0.569,-5.346,177.939,13.458,0.042,-0.245,-5.346,4.637927,-74.084490,0.04,5,1
4156,43146116,-2.502,0.334,-10.124,3.666,2.034,-5.224,177.981,13.503,0.034,-0.255,-5.224,4.637927,-74.084490,0.04,5,1
4157,43156110,-2.523,0.281,-10.116,4.765,4.384,-5.621,178.053,13.576,0.029,-0.257,-5.621,4.637927,-74.084490,0.04,5,1
4158,43166123,-2.418,0.240,-10.044,5.680,7.374,-6.018,178.145,13.636,0.024,-0.247,-6.018,4.637927,-74.084490,0.04,5,1
4159,43176124,-2.223,0.165,-9.850,6.474,9.938,-6.506,178.268,13.653,0.017,-0.227,-6.506,4.637927,-74.084490,0.04,5,1
4160,43186111,-1.996,0.141,-9.622,6.596,11.433,-7.025,178.393,13.606,0.014,-0.204,-7.025,4.637927,-74.084490,0.04,5,1
4161,43196128,-1.772,0.144,-9.406,6.199,11.311,-7.238,178.501,13.481,0.015,-0.181,-7.238,4.637927,-74.084490,0.04,5,1
4162,43206122,-1.632,0.151,-9.223,5.406,9.816,-7.238,178.589,13.304,0.015,-0.166,-7.238,4.637927,-74.084490,0.04,5,1
4163,43216114,-1.546,0.230,-9.163,4.276,7.313,-7.086,178.622,13.081,0.023,-0.158,-7.086,4.637927,-74.084490,0.04,5,1
4164,43226124,-1.536,0.252,-9.096,3.086,4.445,-6.536,178.630,12.850,0.026,-0.157,-6.536,4.637927,-74.084490,0.04,5,1
4165,43236106,-1.615,0.204,-9.108,2.140,1.607,-6.018,178.652,12.646,0.021,-0.165,-6.018,4.637927,-74.084490,0.04,5,1
4166,43246121,-1.753,0.197,-9.206,1.225,-0.438,-6.018,178.668,12.494,0.020,-0.179,-6.018,4.637927,-74.084490,0.04,5,1
4167,43256113,-1.879,0.271,-9.355,0.553,-1.903,-6.445,178.643,12.385,0.028,-0.192,-6.445,4.637927,-74.084490,0.04,5,1
4168,43266114,-2.023,0.298,-9.446,1.255,-2.544,-6.872,178.616,12.332,0.030,-0.206,-6.872,4.637927,-74.084490,0.04,5,1
4169,43276111,-2.108,0.257,-9.593,2.171,-2.757,-7.330,178.620,12.306,0.026,-0.215,-7.330,4.637927,-74.084490,0.04,5,1
4170,43297611,-2.240,0.100,-9.783,4.612,-1.506,-8.428,178.766,12.313,0.010,-0.228,-8.428,4.637927,-74.084490,0.04,5,1
4171,43298937,-2.240,0.100,-9.783,4.612,-1.506,-8.428,178.868,12.336,0.010,-0.228,-8.428,4.637927,-74.084490,0.04,5,1
4172,43306100,-2.247,0.033,-9.759,5.009,-0.743,-9.008,178.987,12.376,0.003,-0.229,-9.008,4.637927,-74.084490,0.04,5,1
4173,43316104,-2.249,0.062,-9.775,4.429,-0.530,-9.558,179.076,12.413,0.006,-0.229,-9.558,4.637927,-74.084490,0.04,5,1
4174,43326120,-2.244,0.173,-9.718,2.964,-0.774,-9.283,179.091,12.447,0.018,-0.229,-9.283,4.637927,-74.084490,0.04,5,1
4175,43336110,-2.230,0.317,-9.682,0.614,-1.079,-7.665,179.015,12.473,0.032,-0.227,-7.665,4.637927,-74.084490,0.04,5,1
4176,43346104,-2.235,0.447,-9.694,-1.491,-1.506,-5.316,178.865,12.493,0.046,-0.228,-5.316,4.637927,-74.084490,0.04,5,1
4177,43356117,-2.266,0.529,-9.799,-2.346,-2.086,-3.118,178.685,12.509,0.054,-0.231,-3.118,4.637927,-74.084490,0.04,5,1
4178,43366119,-2.316,0.462,-9.859,-2.590,-2.422,-1.226,178.549,12.535,0.047,-0.236,-1.226,4.637927,-74.084490,0.04,5,1
4179,43376110,-2.430,0.447,-9.941,-2.254,-2.269,-0.067,178.436,12.602,0.046,-0.248,-0.067,4.637927,-74.084490,0.04,5,1
4180,43386107,-2.485,0.382,-10.128,-0.301,-1.445,-0.555,178.382,12.675,0.039,-0.253,-0.555,4.637927,-74.084490,0.04,5,1
4181,43396119,-2.545,0.271,-10.176,2.262,0.325,-1.654,178.405,12.778,0.028,-0.259,-1.654,4.637927,-74.084490,0.04,5,1
4182,43406117,-2.528,0.240,-10.152,4.551,2.492,-3.149,178.461,12.889,0.024,-0.258,-3.149,4.637927,-74.084490,0.04,5,1
4183,43416110,-2.464,0.252,-10.095,6.138,4.872,-4.095,178.521,12.992,0.026,-0.251,-4.095,4.637927,-74.084490,0.04,5,1
4184,43426104,-2.347,0.209,-9.943,6.840,6.764,-3.759,178.601,13.071,0.021,-0.239,-3.759,4.637927,-74.084490,0.04,5,1
4185,43436117,-2.209,0.170,-9.816,6.199,7.863,-2.661,178.685,13.108,0.017,-0.225,-2.661,4.637927,-74.084490,0.04,5,1
4186,43446114,-2.054,0.081,-9.665,5.070,8.320,-1.226,178.791,13.094,0.008,-0.209,-1.226,4.637927,-74.084490,0.04,5,1
4187,43456100,-1.925,-0.042,-9.602,3.849,8.137,0.025,178.934,13.029,-0.004,-0.196,0.025,4.637927,-74.084490,0.04,5,1
4188,43466115,-1.853,-0.155,-9.583,3.086,7.374,0.452,179.111,12.932,-0.016,-0.189,0.452,4.637927,-74.084490,0.04,5,1
4189,43476108,-1.763,-0.247,-9.523,2.720,6.367,-0.036,179.313,12.798,-0.025,-0.180,-0.036,4.637927,-74.084490,0.04,5,1
4190,43486100,-1.739,-0.331,-9.504,2.232,5.269,-0.952,179.535,12.655,-0.034,-0.177,-0.952,4.637927,-74.084490,0.04,5,1
4191,43496114,-1.782,-0.317,-9.478,1.652,4.292,-2.233,179.728,12.535,-0.032,-0.182,-2.233,4.637927,-74.084490,0.04,5,1
4192,43506117,-1.808,-0.230,-9.478,1.011,3.346,-3.576,179.860,12.427,-0.023,-0.184,-3.576,4.637927,-74.084490,0.04,5,1
4193,43516108,-1.870,-0.105,-9.518,0.401,2.492,-4.370,179.918,12.344,-0.011,-0.191,-4.370,4.637927,-74.084490,0.04,5,1
4194,43526099,-1.977,0.016,-9.506,-0.149,1.790,-4.370,179.911,12.310,0.002,-0.202,-4.370,4.637927,-74.084490,0.04,5,1
4195,43536114,-2.037,0.158,-9.547,-0.728,1.423,-3.820,179.834,12.297,0.016,-0.208,-3.820,4.637927,-74.084490,0.04,5,1
4196,43546124,-2.044,0.197,-9.542,-1.034,1.301,-2.783,179.743,12.288,0.020,-0.208,-2.783,4.637927,-74.084490,0.04,5,1
4197,43556122,-2.092,0.194,-9.566,-0.973,0.996,-1.989,179.660,12.295,0.020,-0.213,-1.989,4.637927,-74.084490,0.04,5,1
4198,43566110,-2.158,0.211,-9.624,-0.362,0.386,-1.806,179.582,12.319,0.022,-0.220,-1.806,4.637927,-74.084490,0.04,5,1
4199,43576113,-2.228,0.242,-9.699,0.858,0.050,-1.989,179.508,12.361,0.025,-0.227,-1.989,4.637927,-74.084490,0.04,5,1
4200,43586114,-2.287,0.242,-9.835,2.018,0.264,-1.928,179.452,12.413,0.025,-0.233,-1.928,4.637927,-74.084490,0.04,5,1
4201,43608402,-2.347,-0.105,-9.867,4.856,2.247,-1.898,179.637,12.527,-0.011,-0.239,-1.898,4.637927,-74.084490,0.04,5,1
4202,43609805,-2.347,-0.105,-9.867,4.856,2.247,-1.898,179.773,12.619,-0.011,-0.239,-1.898,4.637927,-74.084490,0.04,5,1
4203,43616111,-2.304,-0.208,-9.881,4.917,3.560,-2.081,179.932,12.688,-0.021,-0.235,-2.081,4.637925,-74.084475,0.04,5,1
4204,43626109,-2.235,-0.264,-9.843,4.582,4.963,-2.355,180.100,12.736,-0.027,-0.228,-2.355,4.637925,-74.084475,0.04,5,1
4205,43636177,-2.130,-0.278,-9.720,3.941,5.971,-2.752,180.257,12.755,-0.028,-0.217,-2.752,4.637925,-74.084475,0.04,5,1
4206,43646117,-1.980,-0.158,-9.674,3.056,6.245,-2.844,180.335,12.711,-0.016,-0.202,-2.844,4.637925,-74.084475,0.04,5,1
4207,43656119,-1.865,-0.100,-9.574,2.354,5.910,-2.447,180.373,12.626,-0.010,-0.190,-2.447,4.637925,-74.084475,0.04,5,1
4208,43666119,-1.818,-0.035,-9.569,1.805,4.963,-1.959,180.372,12.518,-0.004,-0.185,-1.959,4.637925,-74.084475,0.04,5,1
4209,43676119,-1.770,-0.028,-9.588,1.774,3.804,-1.592,180.368,12.386,-0.003,-0.180,-1.592,4.637925,-74.084475,0.04,5,1
4210,43686125,-1.782,-0.085,-9.600,1.927,2.949,-1.348,180.392,12.261,-0.009,-0.182,-1.348,4.637925,-74.084475,0.04,5,1
4211,43696118,-1.808,-0.151,-9.614,2.262,2.156,-1.684,180.448,12.149,-0.015,-0.184,-1.684,4.637925,-74.084475,0.04,5,1
4212,43706111,-1.848,-0.175,-9.670,2.262,1.698,-2.264,180.510,12.056,-0.018,-0.188,-2.264,4.637925,-74.084475,0.04,5,1
4213,43716125,-1.848,-0.199,-9.682,2.384,1.515,-2.935,180.579,11.968,-0.020,-0.188,-2.935,4.637925,-74.084475,0.04,5,1
4214,43726124,-1.889,-0.179,-9.687,2.751,1.027,-3.820,180.637,11.899,-0.018,-0.193,-3.820,4.637925,-74.084475,0.04,5,1
4215,43736128,-2.011,-0.179,-9.780,2.903,0.844,-4.431,180.692,11.879,-0.018,-0.205,-4.431,4.637925,-74.084475,0.04,5,1
4216,43746109,-2.116,-0.228,-9.804,2.903,1.271,-4.797,180.763,11.908,-0.023,-0.216,-4.797,4.637925,-74.084475,0.04,5,1
4217,43756108,-2.156,-0.204,-9.845,2.354,2.003,-5.010,180.813,11.955,-0.021,-0.220,-5.010,4.637925,-74.084475,0.04,5,1
4218,43766120,-2.142,-0.148,-9.862,1.682,2.797,-5.010,180.828,11.998,-0.015,-0.218,-5.010,4.637925,-74.084475,0.04,5,1
4219,43776123,-2.125,-0.066,-9.838,0.797,3.407,-4.644,180.797,12.038,-0.007,-0.217,-4.644,4.637925,-74.084475,0.04,5,1
4220,43786116,-2.087,0.030,-9.859,-0.210,3.712,-3.790,180.716,12.060,0.003,-0.213,-3.790,4.637925,-74.084475,0.04,5,1
4221,43796127,-2.032,0.079,-9.869,-0.484,3.987,-2.813,180.617,12.059,0.008,-0.207,-2.813,4.637925,-74.084475,0.04,5,1
4222,43806117,-2.044,0.064,-9.905,-0.088,3.865,-2.111,180.536,12.058,0.007,-0.208,-2.111,4.637925,-74.084475,0.04,5,1
4223,43816123,-2.046,-0.018,-9.965,0.858,3.895,-2.142,180.507,12.054,-0.002,-0.209,-2.142,4.637925,-74.084475,0.04,5,1
4224,43826105,-2.092,-0.187,-9.967,1.774,4.628,-2.752,180.562,12.075,-0.019,-0.213,-2.752,4.637925,-74.084475,0.04,5,1
4225,43836107,-2.042,-0.283,-9.931,2.201,5.452,-3.851,180.660,12.084,-0.029,-0.208,-3.851,4.637925,-74.084475,0.04,5,1
4226,43846114,-1.994,-0.213,-9.895,1.774,6.032,-4.797,180.716,12.081,-0.022,-0.203,-4.797,4.637925,-74.084475,0.04,5,1
4227,43856132,-1.946,-0.114,-9.819,1.164,6.642,-5.010,180.718,12.071,-0.012,-0.198,-5.010,4.637925,-74.084475,0.04,5,1
4228,43866117,-1.846,-0.023,-9.725,0.340,6.947,-4.309,180.672,12.028,-0.002,-0.188,-4.309,4.637925,-74.084475,0.04,5,1
4229,43876109,-1.751,-0.015,-9.684,-0.271,6.825,-3.057,180.621,11.950,-0.002,-0.179,-3.057,4.637925,-74.084475,0.04,5,1
4230,43886118,-1.758,-0.040,-9.696,-0.545,6.398,-2.050,180.582,11.875,-0.004,-0.179,-2.050,4.637925,-74.084475,0.04,5,1
4231,43896114,-1.775,-0.114,-9.720,-0.576,6.215,-1.745,180.579,11.810,-0.012,-0.181,-1.745,4.637925,-74.084475,0.04,5,1
4232,43906126,-1.701,-0.165,-9.713,-0.423,6.215,-2.111,180.601,11.718,-0.017,-0.173,-2.111,4.637925,-74.084475,0.04,5,1
4233,43916119,-1.686,-0.165,-9.684,0.126,6.154,-2.966,180.626,11.629,-0.017,-0.172,-2.966,4.637925,-74.084475,0.04,5,1
4234,43926112,-1.701,-0.199,-9.682,0.797,5.910,-4.064,180.671,11.550,-0.020,-0.173,-4.064,4.637925,-74.084475,0.04,5,1
4235,43936112,-1.720,-0.160,-9.763,1.194,5.696,-4.980,180.698,11.478,-0.016,-0.175,-4.980,4.637925,-74.084475,0.04,5,1
4236,43948410,-1.746,-0.110,-9.744,1.438,5.879,-5.316,180.705,11.435,-0.011,-0.178,-5.316,4.637925,-74.084475,0.04,5,1
4237,43956106,-1.753,-0.100,-9.677,1.042,6.093,-5.010,180.701,11.395,-0.010,-0.179,-5.010,4.637925,-74.084475,0.04,5,1
4238,43966110,-1.703,-0.085,-9.658,0.248,6.123,-4.431,180.684,11.338,-0.009,-0.174,-4.431,4.637925,-74.084475,0.04,5,1
4239,43976118,-1.658,-0.054,-9.631,-0.484,5.879,-3.820,180.647,11.265,-0.006,-0.169,-3.820,4.637925,-74.084475,0.04,5,1
4240,43986117,-1.717,-0.011,-9.619,-1.034,5.238,-3.301,180.589,11.219,-0.001,-0.175,-3.301,4.637925,-74.084475,0.04,5,1
4241,43996123,-1.670,-0.023,-9.689,-1.308,4.658,-2.905,180.537,11.146,-0.002,-0.170,-2.905,4.637925,-74.084475,0.04,5,1
4242,44006106,-1.651,-0.100,-9.593,-1.034,4.292,-3.057,180.528,11.073,-0.010,-0.168,-3.057,4.637925,-74.084475,0.04,5,1
4243,44016109,-1.653,-0.095,-9.590,-1.156,3.682,-4.003,180.516,11.002,-0.010,-0.169,-4.003,4.637925,-74.084475,0.04,5,1
4244,44026134,-1.636,0.035,-9.578,-1.766,3.163,-4.980,180.439,10.925,0.004,-0.167,-4.980,4.637925,-74.084475,0.04,5,1
4245,44036118,-1.691,0.267,-9.574,-1.919,2.583,-5.041,180.261,10.873,0.027,-0.172,-5.041,4.637925,-74.084475,0.04,5,1
4246,44046122,-1.753,0.397,-9.638,-1.278,2.156,-4.309,180.045,10.843,0.040,-0.179,-4.309,4.637925,-74.084475,0.04,5,1
4247,44056122,-1.891,0.361,-9.802,-0.210,1.942,-3.057,179.874,10.860,0.037,-0.193,-3.057,4.637925,-74.084475,0.04,5,1
4248,44066110,-2.015,0.197,-9.965,0.858,2.400,-2.355,179.800,10.920,0.020,-0.206,-2.355,4.637925,-74.084475,0.04,5,1
4249,44076108,-2.039,-0.049,-9.994,1.530,4.109,-2.111,179.847,10.998,-0.005,-0.208,-2.111,4.637925,-74.084475,0.04,5,1
4250,44086110,-1.925,-0.129,-9.924,1.133,6.184,-2.264,179.921,11.047,-0.013,-0.196,-2.264,4.637925,-74.084475,0.04,5,1
4251,44096113,-1.717,-0.013,-9.847,0.553,7.283,-2.844,179.934,11.020,-0.001,-0.175,-2.844,4.637925,-74.084475,0.04,5,1
4252,44106115,-1.555,0.018,-9.672,0.462,7.008,-2.935,179.930,10.935,0.002,-0.159,-2.935,4.637925,-74.084475,0.04,5,1
4253,44116118,-1.527,0.033,-9.562,0.004,6.001,-2.996,179.916,10.842,0.003,-0.156,-2.996,4.637925,-74.084475,0.04,5,1
4254,44126130,-1.479,0.127,-9.552,-0.728,4.719,-2.508,179.853,10.724,0.013,-0.151,-2.508,4.637925,-74.084475,0.04,5,1
4255,44136120,-1.493,0.127,-9.622,-1.003,3.895,-1.287,179.793,10.608,0.013,-0.152,-1.287,4.637925,-74.084475,0.04,5,1
4256,44146117,-1.479,-0.023,-9.576,-0.789,3.224,-0.524,179.807,10.492,-0.002,-0.151,-0.524,4.637925,-74.084475,0.04,5,1
4257,44156112,-1.486,-0.160,-9.590,-1.064,2.827,-0.494,179.880,10.383,-0.016,-0.152,-0.494,4.637925,-74.084475,0.04,5,1
4258,44166131,-1.457,-0.163,-9.638,-1.369,2.614,-0.982,179.946,10.265,-0.017,-0.149,-0.982,4.637925,-74.084475,0.04,5,1
4259,44176128,-1.412,-0.172,-9.581,-1.369,2.308,-1.684,180.011,10.136,-0.018,-0.144,-1.684,4.637925,-74.084475,0.04,5,1
4260,44186102,-1.448,-0.148,-9.554,-1.217,1.301,-2.661,180.063,10.026,-0.015,-0.148,-2.661,4.637925,-74.084475,0.04,5,1
4261,44196117,-1.519,-0.003,-9.732,-0.973,0.203,-3.424,180.046,9.933,-0.000,-0.155,-3.424,4.637925,-74.084475,0.04,5,1
4262,44206128,-1.624,0.062,-9.840,-0.515,-0.225,-3.454,180.006,9.882,0.006,-0.166,-3.454,4.637925,-74.084475,0.04,5,1
4263,44216120,-1.715,-0.013,-9.876,0.065,-0.102,-3.179,180.007,9.872,-0.001,-0.175,-3.179,4.637925,-74.084475,0.04,5,1
4264,44226123,-1.760,-0.073,-10.006,0.645,0.660,-3.027,180.040,9.880,-0.007,-0.179,-3.027,4.637925,-74.084475,0.04,5,1
4265,44236108,-1.798,-0.122,-10.030,0.553,1.881,-2.935,180.091,9.912,-0.012,-0.183,-2.935,4.637925,-74.084475,0.04,5,1
4266,44246106,-1.751,-0.155,-9.965,-0.088,3.132,-2.752,180.147,9.939,-0.016,-0.179,-2.752,4.637925,-74.084475,0.04,5,1
4267,44256108,-1.601,-0.177,-9.847,-0.912,3.804,-2.630,180.201,9.913,-0.018,-0.163,-2.630,4.637925,-74.084475,0.04,5,1
4268,44266107,-1.519,-0.122,-9.840,-1.339,3.682,-2.844,180.223,9.854,-0.012,-0.155,-2.844,4.637925,-74.084475,0.04,5,1
4269,44276108,-1.508,-0.151,-9.826,-1.125,3.041,-3.179,180.258,9.789,-0.015,-0.154,-3.179,4.637925,-74.084475,0.04,5,1
4270,44287967,-1.605,-0.199,-9.838,-1.217,2.339,-3.424,180.309,9.767,-0.020,-0.164,-3.424,4.637925,-74.084475,0.04,5,1
4271,44296107,-1.696,-0.177,-9.900,-1.949,2.278,-3.576,180.341,9.778,-0.018,-0.173,-3.576,4.637925,-74.084475,0.04,5,1
4272,44306107,-1.655,-0.141,-9.905,-2.712,3.041,-3.240,180.348,9.777,-0.014,-0.169,-3.240,4.637925,-74.084475,0.04,5,1
4273,44316108,-1.577,-0.134,-9.859,-3.322,3.895,-2.752,180.346,9.753,-0.014,-0.161,-2.752,4.637925,-74.084475,0.04,5,1
4274,44326107,-1.539,-0.155,-9.807,-3.963,4.353,-2.691,180.348,9.722,-0.016,-0.157,-2.691,4.637925,-74.084475,0.04,5,1
4275,44336107,-1.460,-0.163,-9.715,-4.238,4.780,-2.905,180.352,9.670,-0.017,-0.149,-2.905,4.637925,-74.084475,0.04,5,1
4276,44346107,-1.353,-0.097,-9.588,-4.238,4.811,-3.515,180.326,9.582,-0.010,-0.138,-3.515,4.637925,-74.084475,0.04,5,1
4277,44356107,-1.283,-0.020,-9.516,-4.330,4.109,-4.247,180.266,9.468,-0.002,-0.131,-4.247,4.637925,-74.084475,0.04,5,1
4278,44366108,-1.274,0.088,-9.413,-4.330,2.766,-4.797,180.160,9.352,0.009,-0.130,-4.797,4.637925,-74.084475,0.04,5,1
4279,44376106,-1.267,0.173,-9.439,-4.055,1.149,-5.041,180.026,9.225,0.018,-0.129,-5.041,4.637925,-74.084475,0.04,5,1
4280,44386119,-1.336,0.209,-9.492,-3.780,-0.530,-4.705,179.888,9.120,0.021,-0.136,-4.705,4.637925,-74.084475,0.04,5,1
4281,44396106,-1.474,0.228,-9.504,-3.780,-1.659,-4.247,179.752,9.075,0.023,-0.150,-4.247,4.637925,-74.084475,0.04,5,1
4282,44406106,-1.531,0.228,-9.648,-3.750,-2.239,-4.003,179.629,9.043,0.023,-0.156,-4.003,4.637925,-74.084475,0.04,5,1
4283,44416108,-1.548,0.187,-9.751,-3.353,-2.208,-3.820,179.538,9.014,0.019,-0.158,-3.820,4.637925,-74.084475,0.04,5,1
4284,44426106,-1.558,0.132,-9.751,-2.498,-2.208,-4.095,179.486,8.991,0.013,-0.159,-4.095,4.637925,-74.084475,0.04,5,1
4285,44436106,-1.610,0.156,-9.833,-1.827,-2.422,-4.583,179.435,8.986,0.016,-0.164,-4.583,4.637925,-74.084475,0.04,5,1
4286,44446099,-1.705,0.071,-9.943,-1.278,-2.452,-4.980,179.430,9.013,0.007,-0.174,-4.980,4.637925,-74.084475,0.04,5,1
4287,44456106,-1.791,0.023,-9.996,-1.217,-2.117,-5.316,179.448,9.074,0.002,-0.183,-5.316,4.637925,-74.084475,0.04,5,1
4288,44466099,-1.820,0.098,-10.030,-1.858,-1.293,-5.285,179.426,9.148,0.010,-0.186,-5.285,4.637925,-74.084475,0.04,5,1
4289,44476106,-1.808,0.223,-10.028,-2.651,-0.499,-4.522,179.344,9.218,0.023,-0.184,-4.522,4.637925,-74.084475,0.04,5,1
4290,44486106,-1.810,0.245,-9.965,-3.353,0.477,-3.240,179.251,9.298,0.025,-0.185,-3.240,4.637925,-74.084475,0.04,5,1
4291,44496106,-1.760,0.286,-9.934,-4.207,1.515,-2.264,179.139,9.362,0.029,-0.179,-2.264,4.637925,-74.084475,0.04,5,1
4292,44506099,-1.703,0.288,-9.931,-4.085,2.431,-1.440,179.035,9.406,0.029,-0.174,-1.440,4.637925,-74.084475,0.04,5,1
4293,44516108,-1.655,0.276,-9.857,-3.475,3.285,-1.592,178.950,9.439,0.028,-0.169,-1.592,4.637925,-74.084475,0.04,5,1
4294,44526111,-1.567,0.300,-9.811,-2.102,3.529,-2.508,178.872,9.437,0.031,-0.160,-2.508,4.637925,-74.084475,0.04,5,1
4295,44536121,-1.529,0.240,-9.881,-0.057,3.316,-3.637,178.847,9.412,0.024,-0.156,-3.637,4.637925,-74.084475,0.04,5,1
4296,44546128,-1.517,0.018,-9.845,1.682,3.346,-4.522,178.938,9.386,0.002,-0.155,-4.522,4.637925,-74.084475,0.04,5,1
4297,44556107,-1.479,-0.090,-9.773,1.652,3.254,-5.163,179.070,9.350,-0.009,-0.151,-5.163,4.637925,-74.084475,0.04,5,1
4298,44566111,-1.441,-0.064,-9.737,0.004,2.888,-5.071,179.165,9.299,-0.006,-0.147,-5.071,4.637925,-74.084475,0.04,5,1
4299,44576112,-1.417,0.016,-9.715,-2.163,2.339,-4.186,179.197,9.238,0.002,-0.144,-4.186,4.637925,-74.084475,0.04,5,1
4300,44586114,-1.415,0.028,-9.696,-3.902,1.759,-2.935,179.205,9.176,0.003,-0.144,-2.935,4.637925,-74.084475,0.04,5,1
4301,44603179,-1.419,0.081,-9.660,-5.886,0.844,-1.257,179.131,9.112,0.008,-0.145,-1.257,4.637930,-74.084477,0.00,5,1
4302,44606113,-1.419,0.081,-9.660,-5.886,0.844,-1.257,179.103,9.053,0.008,-0.145,-1.257,4.637930,-74.084477,0.00,5,1
4303,44616119,-1.443,0.129,-9.706,-6.313,0.630,-1.409,179.051,9.005,0.013,-0.147,-1.409,4.637930,-74.084477,0.00,5,1
4304,44626113,-1.415,0.221,-9.749,-5.794,0.599,-1.867,178.966,8.945,0.023,-0.144,-1.867,4.637930,-74.084477,0.00,5,1
4305,44636180,-1.398,0.262,-9.732,-4.513,0.569,-2.752,178.880,8.883,0.027,-0.143,-2.752,4.637930,-74.084477,0.00,5,1
4306,44646113,-1.393,0.230,-9.723,-2.834,0.172,-3.851,178.831,8.821,0.023,-0.142,-3.851,4.637930,-74.084477,0.00,5,1
4307,44656113,-1.424,0.180,-9.711,-1.552,-0.408,-4.766,178.821,8.773,0.018,-0.145,-4.766,4.637930,-74.084477,0.00,5,1
4308,44666117,-1.496,0.124,-9.723,-1.217,-0.896,-5.285,178.839,8.756,0.013,-0.153,-5.285,4.637930,-74.084477,0.00,5,1
4309,44676116,-1.562,0.127,-9.795,-1.675,-1.384,-5.163,178.852,8.760,0.013,-0.159,-5.163,4.637930,-74.084477,0.00,5,1
4310,44686113,-1.632,0.083,-9.799,-2.590,-1.415,-4.492,178.875,8.793,0.008,-0.166,-4.492,4.637930,-74.084477,0.00,5,1
4311,44696115,-1.663,0.074,-9.831,-3.872,-1.293,-3.820,178.888,8.837,0.008,-0.170,-3.820,4.637930,-74.084477,0.00,5,1
4312,44706107,-1.684,0.158,-9.867,-5.306,-1.201,-3.149,178.849,8.884,0.016,-0.172,-3.149,4.637930,-74.084477,0.00,5,1
4313,44716113,-1.715,0.245,-9.883,-5.886,-0.987,-2.539,178.770,8.942,0.025,-0.175,-2.539,4.637930,-74.084477,0.00,5,1
4314,44726118,-1.715,0.303,-9.967,-5.825,-0.438,-2.050,178.673,8.993,0.031,-0.175,-2.050,4.637930,-74.084477,0.00,5,1
4315,44736114,-1.677,0.298,-9.939,-5.092,0.325,-1.989,178.591,9.034,0.030,-0.171,-1.989,4.637930,-74.084477,0.00,5,1
4316,44746103,-1.641,0.300,-9.907,-3.994,1.027,-2.325,178.525,9.065,0.031,-0.167,-2.325,4.637930,-74.084477,0.00,5,1
4317,44756114,-1.562,0.308,-9.855,-2.956,1.698,-2.935,178.469,9.069,0.031,-0.159,-2.935,4.637930,-74.084477,0.00,5,1
4318,44766109,-1.491,0.291,-9.775,-2.041,1.881,-3.668,178.433,9.049,0.030,-0.152,-3.668,4.637930,-74.084477,0.00,5,1
4319,44776119,-1.472,0.288,-9.778,-1.613,1.210,-4.217,178.404,9.016,0.029,-0.150,-4.217,4.637930,-74.084477,0.00,5,1
4320,44786115,-1.479,0.295,-9.778,-1.583,0.630,-4.431,178.375,8.983,0.030,-0.151,-4.431,4.637930,-74.084477,0.00,5,1
4321,44796112,-1.486,0.312,-9.749,-1.613,-0.072,-4.431,178.339,8.951,0.032,-0.152,-4.431,4.637930,-74.084477,0.00,5,1
4322,44806107,-1.567,0.370,-9.799,-2.224,-0.865,-3.942,178.276,8.946,0.038,-0.160,-3.942,4.637930,-74.084477,0.00,5,1
4323,44816118,-1.653,0.392,-9.895,-3.078,-1.079,-2.722,178.201,8.970,0.040,-0.169,-2.722,4.637930,-74.084477,0.00,5,1
4324,44826118,-1.713,0.339,-9.955,-3.750,-0.621,-1.592,178.151,9.017,0.035,-0.175,-1.592,4.637930,-74.084477,0.00,5,1
4325,44836119,-1.698,0.303,-10.013,-4.238,0.111,-0.860,178.116,9.058,0.031,-0.173,-0.860,4.637930,-74.084477,0.00,5,1
4326,44846107,-1.679,0.257,-10.040,-4.085,1.240,-0.738,178.106,9.096,0.026,-0.171,-0.738,4.637930,-74.084477,0.00,5,1
4327,44856118,-1.615,0.283,-9.924,-3.628,2.553,-1.348,178.087,9.124,0.029,-0.165,-1.348,4.637930,-74.084477,0.00,5,1
4328,44866112,-1.531,0.300,-9.864,-2.773,3.316,-2.264,178.070,9.124,0.031,-0.156,-2.264,4.637930,-74.084477,0.00,5,1
4329,44876110,-1.453,0.322,-9.766,-2.041,3.529,-3.088,178.050,9.099,0.033,-0.148,-3.088,4.637930,-74.084477,0.00,5,1
4330,44886103,-1.369,0.365,-9.670,-1.461,2.888,-3.607,178.016,9.040,0.037,-0.140,-3.607,4.637930,-74.084477,0.00,5,1
4331,44896108,-1.345,0.404,-9.650,-1.369,1.637,-3.637,177.967,8.963,0.041,-0.137,-3.637,4.637930,-74.084477,0.00,5,1
4332,44906126,-1.431,0.402,-9.638,-1.705,0.477,-2.935,177.920,8.921,0.041,-0.146,-2.935,4.637930,-74.084477,0.00,5,1
4333,44916117,-1.493,0.363,-9.667,-2.498,-0.499,-2.020,177.887,8.898,0.037,-0.152,-2.020,4.637930,-74.084477,0.00,5,1
4334,44926115,-1.529,0.346,-9.749,-3.353,-1.110,-1.318,177.858,8.882,0.035,-0.156,-1.318,4.637930,-74.084477,0.00,5,1
4335,44936114,-1.565,0.344,-9.763,-4.085,-1.232,-0.799,177.825,8.881,0.035,-0.160,-0.799,4.637930,-74.084477,0.00,5,1
4336,44948370,-1.572,0.406,-9.804,-4.024,-1.018,-0.860,177.759,8.878,0.041,-0.160,-0.860,4.637930,-74.084477,0.00,5,1
4337,44956122,-1.558,0.474,-9.852,-3.109,-0.743,-1.257,177.686,8.872,0.048,-0.159,-1.257,4.637930,-74.084477,0.00,5,1
4338,44966112,-1.591,0.443,-9.773,-1.949,-0.469,-1.623,177.642,8.889,0.045,-0.162,-1.623,4.637930,-74.084477,0.00,5,1
4339,44976122,-1.591,0.474,-9.826,-1.156,-0.255,-1.928,177.596,8.903,0.048,-0.162,-1.928,4.637930,-74.084477,0.00,5,1
4340,44986107,-1.560,0.558,-9.823,-0.301,0.233,-2.142,177.523,8.906,0.057,-0.159,-2.142,4.637930,-74.084477,0.00,5,1
4341,44996116,-1.503,0.496,-9.687,0.614,0.416,-1.654,177.490,8.896,0.051,-0.153,-1.654,4.637930,-74.084477,0.00,5,1
4342,45006108,-1.493,0.370,-9.641,0.736,-0.133,-1.196,177.516,8.880,0.038,-0.152,-1.196,4.637930,-74.084477,0.00,5,1
4343,45016110,-1.531,0.329,-9.766,0.553,-0.865,-1.074,177.559,8.868,0.034,-0.156,-1.074,4.637930,-74.084477,0.00,5,1
4344,45026115,-1.617,0.230,-9.787,0.187,-0.987,-1.043,177.640,8.891,0.023,-0.165,-1.043,4.637930,-74.084477,0.00,5,1
4345,45036111,-1.646,0.201,-9.792,-0.912,-0.896,-0.982,177.717,8.925,0.021,-0.168,-0.982,4.637930,-74.084477,0.00,5,1
4346,45046123,-1.643,0.295,-9.869,-2.285,-0.652,-0.707,177.735,8.953,0.030,-0.168,-0.707,4.637930,-74.084477,0.00,5,1
4347,45056114,-1.682,0.382,-9.864,-3.445,-0.225,-0.067,177.702,8.999,0.039,-0.171,-0.067,4.637930,-74.084477,0.00,5,1
4348,45066117,-1.674,0.440,-9.828,-4.513,0.355,0.605,177.636,9.046,0.045,-0.171,0.605,4.637930,-74.084477,0.00,5,1
4349,45076112,-1.636,0.544,-9.778,-5.062,0.752,1.337,177.522,9.080,0.055,-0.167,1.337,4.637930,-74.084477,0.00,5,1
4350,45086118,-1.560,0.609,-9.797,-4.726,0.966,1.734,177.392,9.078,0.062,-0.159,1.734,4.637930,-74.084477,0.00,5,1
4351,45096116,-1.546,0.597,-9.761,-3.628,1.179,1.734,177.286,9.075,0.061,-0.158,1.734,4.637930,-74.084477,0.00,5,1
4352,45106107,-1.515,0.484,-9.727,-2.193,1.271,1.398,177.251,9.062,0.049,-0.154,1.398,4.637930,-74.084477,0.00,5,1
4353,45116109,-1.477,0.404,-9.713,-0.942,1.210,0.483,177.266,9.034,0.041,-0.151,0.483,4.637930,-74.084477,0.00,5,1
4354,45126117,-1.419,0.353,-9.631,-0.057,0.783,-0.585,177.309,8.984,0.036,-0.145,-0.585,4.637930,-74.084477,0.00,5,1
4355,45136173,-1.393,0.361,-9.569,0.126,-0.316,-1.226,177.346,8.921,0.037,-0.142,-1.226,4.637930,-74.084477,0.00,5,1
4356,45146106,-1.422,0.455,-9.578,-0.332,-1.720,-1.226,177.334,8.861,0.046,-0.145,-1.226,4.637930,-74.084477,0.00,5,1
4357,45156110,-1.536,0.573,-9.646,-0.942,-2.788,-0.372,177.265,8.842,0.058,-0.157,-0.372,4.637930,-74.084477,0.00,5,1
4358,45166106,-1.658,0.616,-9.751,-1.552,-3.276,1.002,177.179,8.865,0.063,-0.169,1.002,4.637930,-74.084477,0.00,5,1
4359,45176124,-1.684,0.566,-9.826,-2.132,-3.154,2.497,177.119,8.893,0.058,-0.172,2.497,4.637930,-74.084477,0.00,5,1
4360,45186112,-1.756,0.549,-9.874,-2.712,-2.483,3.412,177.066,8.953,0.056,-0.179,3.412,4.637930,-74.084477,0.00,5,1
4361,45196109,-1.727,0.568,-9.934,-2.590,-1.506,3.657,177.012,9.001,0.058,-0.176,3.657,4.637930,-74.084477,0.00,5,1
4362,45206116,-1.632,0.614,-9.917,-1.400,-0.713,3.229,176.952,9.012,0.063,-0.166,3.229,4.637930,-74.084477,0.00,5,1
4363,45216111,-1.562,0.566,-9.797,0.065,-0.194,2.527,176.929,9.006,0.058,-0.159,2.527,4.637930,-74.084477,0.00,5,1
4364,45226115,-1.496,0.561,-9.766,0.889,-0.255,2.039,176.916,8.973,0.057,-0.153,2.039,4.637930,-74.084477,0.00,5,1
4365,45236100,-1.455,0.541,-9.723,1.530,-0.926,1.795,176.918,8.922,0.055,-0.148,1.795,4.637930,-74.084477,0.00,5,1
4366,45246103,-1.496,0.474,-9.711,1.805,-2.086,1.734,176.952,8.882,0.048,-0.153,1.734,4.637930,-74.084477,0.00,5,1
4367,45256101,-1.601,0.411,-9.754,1.316,-3.093,2.039,177.008,8.880,0.042,-0.163,2.039,4.637930,-74.084477,0.00,5,1
4368,45266107,-1.651,0.433,-9.855,0.157,-3.490,2.619,177.041,8.888,0.044,-0.168,2.619,4.637930,-74.084477,0.00,5,1
4369,45276109,-1.729,0.491,-9.871,-1.308,-3.398,3.473,177.033,8.929,0.050,-0.176,3.473,4.637930,-74.084477,0.00,5,1
4370,45286099,-1.782,0.575,-9.871,-2.560,-2.757,4.481,176.977,8.995,0.059,-0.182,4.481,4.637930,-74.084477,0.00,5,1
4371,45298022,-1.796,0.652,-9.869,-2.804,-1.781,5.243,176.882,9.068,0.067,-0.183,5.243,4.637930,-74.084477,0.00,5,1
4372,45306111,-1.722,0.688,-9.792,-2.590,-0.865,5.579,176.784,9.121,0.070,-0.176,5.579,4.637930,-74.084477,0.00,5,1
4373,45316115,-1.617,0.676,-9.696,-1.400,-0.255,5.335,176.707,9.137,0.069,-0.165,5.335,4.637930,-74.084477,0.00,5,1
4374,45326106,-1.550,0.635,-9.650,0.187,-0.133,4.481,176.668,9.127,0.065,-0.158,4.481,4.637930,-74.084477,0.00,5,1
4375,45336107,-1.493,0.606,-9.590,1.438,-0.438,3.565,176.655,9.094,0.062,-0.152,3.565,4.637930,-74.084477,0.00,5,1
4376,45346113,-1.431,0.628,-9.538,2.293,-0.987,2.924,176.639,9.034,0.064,-0.146,2.924,4.637930,-74.084477,0.00,5,1
4377,45356101,-1.343,0.599,-9.454,2.659,-1.293,2.833,176.639,8.942,0.061,-0.137,2.833,4.637930,-74.084477,0.00,5,1
4378,45366109,-1.326,0.585,-9.300,2.232,-2.361,3.138,176.636,8.849,0.060,-0.135,3.138,4.637930,-74.084477,0.00,5,1
4379,45376114,-1.338,0.686,-9.276,1.133,-4.619,3.596,176.576,8.749,0.070,-0.136,3.596,4.637930,-74.084477,0.00,5,1
4380,45386106,-1.446,0.809,-9.379,0.187,-6.481,4.633,176.458,8.681,0.082,-0.147,4.633,4.637930,-74.084477,0.00,5,1
4381,45396107,-1.534,0.879,-9.458,-0.240,-7.915,6.128,176.316,8.639,0.090,-0.156,6.128,4.637930,-74.084477,0.00,5,1
4382,45406114,-1.636,0.930,-9.574,-0.149,-8.678,7.715,176.168,8.629,0.095,-0.167,7.715,4.637930,-74.084477,0.00,5,1
4383,45416102,-1.720,0.886,-9.641,0.919,-8.647,8.753,176.063,8.653,0.090,-0.175,8.753,4.637930,-74.084477,0.00,5,1
4384,45426109,-1.787,0.787,-9.689,2.628,-8.464,8.784,176.029,8.703,0.080,-0.182,8.784,4.637930,-74.084477,0.00,5,1
4385,45436115,-1.822,0.766,-9.797,4.643,-8.098,8.051,176.029,8.759,0.078,-0.186,8.051,4.637930,-74.084477,0.00,5,1
4386,45446106,-1.848,0.737,-9.807,6.809,-7.213,7.013,176.063,8.830,0.075,-0.188,7.013,4.637930,-74.084477,0.00,5,1
4387,45456107,-1.858,0.720,-9.751,8.274,-6.450,6.556,176.113,8.911,0.073,-0.189,6.556,4.637930,-74.084477,0.00,5,1
4388,45466113,-1.865,0.703,-9.761,8.976,-5.870,6.678,176.173,8.993,0.072,-0.190,6.678,4.637930,-74.084477,0.00,5,1
4389,45476101,-1.894,0.643,-9.759,8.976,-5.626,7.410,176.256,9.085,0.066,-0.193,7.410,4.637930,-74.084477,0.00,5,1
4390,45486106,-1.879,0.650,-9.747,8.000,-5.413,8.753,176.320,9.166,0.066,-0.192,8.753,4.637930,-74.084477,0.00,5,1
4391,45496107,-1.818,0.744,-9.744,6.474,-5.260,10.492,176.323,9.216,0.076,-0.185,10.492,4.637930,-74.084477,0.00,5,1
4392,45506117,-1.767,0.754,-9.727,5.558,-5.229,12.385,176.312,9.241,0.077,-0.180,12.385,4.637930,-74.084477,0.00,5,1
4393,45516107,-1.720,0.698,-9.715,5.619,-5.382,13.666,176.327,9.244,0.071,-0.175,13.666,4.637930,-74.084477,0.00,5,1
4394,45526127,-1.677,0.647,-9.672,6.382,-5.809,13.880,176.369,9.228,0.066,-0.171,13.880,4.637930,-74.084477,0.00,5,1
4395,45536118,-1.670,0.597,-9.655,7.755,-6.420,13.361,176.443,9.205,0.061,-0.170,13.361,4.637930,-74.084477,0.00,5,1
4396,45546120,-1.705,0.556,-9.629,8.976,-6.816,12.690,176.541,9.198,0.057,-0.174,12.690,4.637930,-74.084477,0.00,5,1
4397,45556108,-1.753,0.558,-9.667,9.709,-7.427,12.171,176.637,9.205,0.057,-0.179,12.171,4.637930,-74.084477,0.00,5,1
4398,45566119,-1.782,0.510,-9.699,9.525,-7.732,12.476,176.748,9.218,0.052,-0.182,12.476,4.637930,-74.084477,0.00,5,1
4399,45576122,-1.813,0.556,-9.713,8.335,-7.793,13.514,176.818,9.241,0.057,-0.185,13.514,4.637930,-74.084477,0.00,5,1
4400,45586115,-1.868,0.679,-9.706,6.718,-7.854,15.284,176.813,9.286,0.069,-0.190,15.284,4.637930,-74.084477,0.00,5,1
4401,45601649,-1.872,0.819,-9.730,5.375,-7.762,17.451,176.754,9.290,0.083,-0.191,17.451,4.637932,-74.084472,0.00,5,1
4402,45606118,-1.839,0.910,-9.744,4.612,-7.274,19.526,176.627,9.324,0.093,-0.188,19.526,4.637932,-74.084472,0.00,5,1
4403,45616130,-1.775,0.942,-9.665,4.734,-6.298,21.296,176.494,9.340,0.096,-0.181,21.296,4.637932,-74.084472,0.00,5,1
4404,45626119,-1.670,0.942,-9.564,5.802,-5.962,22.425,176.378,9.319,0.096,-0.170,22.425,4.637932,-74.084472,0.00,5,1
4405,45636161,-1.610,0.884,-9.516,7.603,-6.053,22.822,176.312,9.276,0.090,-0.164,22.822,4.637932,-74.084472,0.00,5,1
4406,45646114,-1.579,0.917,-9.492,9.861,-6.328,22.700,176.256,9.221,0.094,-0.161,22.700,4.637932,-74.084472,0.00,5,1
4407,45656114,-1.565,0.874,-9.442,12.119,-6.328,22.700,176.243,9.169,0.089,-0.160,22.700,4.637932,-74.084472,0.00,5,1
4408,45666126,-1.524,0.807,-9.281,13.218,-6.420,22.852,176.267,9.113,0.082,-0.155,22.852,4.637932,-74.084472,0.00,5,1
4409,45676123,-1.474,0.860,-9.228,13.584,-7.091,23.401,176.265,9.035,0.088,-0.150,23.401,4.637932,-74.084472,0.00,5,1
4410,45686112,-1.450,0.857,-9.185,13.950,-7.762,24.256,176.266,8.950,0.087,-0.148,24.256,4.637932,-74.084472,0.00,5,1
4411,45696117,-1.455,0.831,-9.144,14.378,-8.464,25.110,176.282,8.870,0.085,-0.148,25.110,4.637932,-74.084472,0.00,5,1
4412,45706123,-1.467,0.797,-9.185,15.293,-10.173,25.568,176.323,8.783,0.081,-0.150,25.568,4.637932,-74.084472,0.00,5,1
4413,45716117,-1.515,0.703,-9.228,16.636,-12.218,25.690,176.420,8.703,0.072,-0.154,25.690,4.637932,-74.084472,0.00,5,1
4414,45726110,-1.608,0.520,-9.254,17.613,-14.446,25.355,176.605,8.651,0.053,-0.164,25.355,4.637932,-74.084472,0.00,5,1
4415,45736121,-1.772,0.539,-9.317,17.735,-16.551,25.202,176.771,8.652,0.055,-0.181,25.202,4.637932,-74.084472,0.00,5,1
4416,45746112,-1.949,0.626,-9.343,17.094,-18.077,26.148,176.877,8.717,0.064,-0.199,26.148,4.637932,-74.084472,0.00,5,1
4417,45756120,-2.175,0.631,-9.487,15.598,-18.505,28.162,176.964,8.858,0.064,-0.222,28.162,4.637932,-74.084472,0.00,5,1
4418,45766115,-2.342,0.657,-9.509,14.134,-17.894,30.848,177.020,9.065,0.067,-0.239,30.848,4.637932,-74.084472,0.00,5,1
4419,45776109,-2.421,0.650,-9.607,13.462,-16.521,33.320,177.071,9.292,0.066,-0.247,33.320,4.637932,-74.084472,0.00,5,1
4420,45786114,-2.371,0.592,-9.574,14.012,-14.110,34.968,177.149,9.507,0.060,-0.242,34.968,4.637932,-74.084472,0.00,5,1
4421,45796128,-2.261,0.515,-9.391,14.897,-11.394,35.547,177.259,9.702,0.053,-0.231,35.547,4.637932,-74.084472,0.00,5,1
4422,45806110,-2.135,0.421,-9.295,16.178,-9.654,35.151,177.415,9.853,0.043,-0.218,35.151,4.637932,-74.084472,0.00,5,1
4423,45816120,-1.951,0.365,-9.261,18.040,-9.532,33.961,177.602,9.914,0.037,-0.199,33.961,4.637932,-74.084472,0.00,5,1
4424,45826119,-1.741,0.387,-9.062,19.962,-10.509,33.137,177.777,9.884,0.039,-0.178,33.137,4.637932,-74.084472,0.00,5,1
4425,45836120,-1.653,0.199,-8.973,22.007,-13.469,32.435,178.048,9.796,0.020,-0.169,32.435,4.637932,-74.084472,0.00,5,1
4426,45846114,-1.722,0.013,-9.072,23.319,-18.108,31.489,178.401,9.696,0.001,-0.176,31.489,4.637932,-74.084472,0.00,5,1
4427,45856122,-1.987,-0.208,-9.230,23.716,-22.746,31.122,178.836,9.667,-0.021,-0.203,31.122,4.637932,-74.084472,0.00,5,1
4428,45866118,-2.323,-0.375,-9.454,21.794,-25.981,31.550,179.294,9.736,-0.038,-0.237,31.550,4.637932,-74.084472,0.00,5,1
4429,45876122,-2.626,-0.515,-9.677,18.803,-26.988,32.831,179.749,9.895,-0.052,-0.268,32.831,4.637932,-74.084472,0.00,5,1
4430,45886123,-2.821,-0.688,-9.828,15.446,-26.409,34.113,180.212,10.109,-0.070,-0.288,34.113,4.637932,-74.084472,0.00,5,1
4431,45896120,-2.931,-0.823,-9.953,12.364,-24.608,34.815,180.666,10.353,-0.084,-0.299,34.815,4.637932,-74.084472,0.00,5,1
4432,45906111,-2.967,-0.915,-9.987,9.800,-22.502,34.723,181.100,10.607,-0.093,-0.303,34.723,4.637932,-74.084472,0.00,5,1
4433,45916116,-2.910,-0.910,-9.905,7.542,-19.969,33.961,181.481,10.852,-0.093,-0.297,33.961,4.637932,-74.084472,0.00,5,1
4434,45926115,-2.807,-0.823,-9.749,5.680,-17.864,32.770,181.784,11.075,-0.084,-0.286,32.770,4.637932,-74.084472,0.00,5,1
4435,45936120,-2.707,-0.630,-9.622,4.734,-17.314,31.336,181.973,11.261,-0.064,-0.276,31.336,4.637932,-74.084472,0.00,5,1
4436,45952744,-2.721,-0.252,-9.478,4.582,-19.664,29.871,181.999,11.333,-0.026,-0.277,29.871,4.637932,-74.084472,0.00,5,1
4437,45956120,-2.721,-0.252,-9.478,4.582,-19.664,29.871,181.999,11.518,-0.026,-0.277,29.871,4.637932,-74.084472,0.00,5,1
4438,45966107,-2.859,-0.054,-9.624,4.429,-21.099,30.695,181.903,11.715,-0.006,-0.292,30.695,4.637932,-74.084472,0.00,5,1
4439,45976135,-2.957,-0.049,-9.802,5.009,-21.678,32.099,181.818,11.908,-0.005,-0.302,32.099,4.637932,-74.084472,0.00,5,1
4440,45986111,-3.086,-0.336,-9.838,6.046,-21.556,33.655,181.880,12.134,-0.034,-0.315,33.655,4.637932,-74.084472,0.00,5,1
4441,45996119,-3.301,-0.435,-10.032,5.924,-20.488,33.838,181.976,12.412,-0.044,-0.337,33.838,4.637932,-74.084472,0.00,5,1
4442,46006113,-3.432,-0.314,-10.227,5.894,-17.986,33.472,182.009,12.717,-0.032,-0.350,33.472,4.637932,-74.084472,0.00,5,1
4443,46016118,-3.479,-0.179,-10.285,6.321,-13.957,33.350,181.985,13.046,-0.018,-0.355,33.350,4.637932,-74.084472,0.00,5,1
4444,46026118,-3.336,-0.056,-10.215,7.359,-8.953,33.503,181.919,13.349,-0.006,-0.340,33.503,4.637932,-74.084472,0.00,5,1
4445,46036108,-3.181,0.035,-10.042,8.732,-4.436,33.961,181.832,13.630,0.004,-0.324,33.961,4.637932,-74.084472,0.00,5,1
4446,46046119,-2.893,0.250,-10.006,10.258,-1.262,34.907,181.671,13.806,0.025,-0.295,34.907,4.637932,-74.084472,0.00,5,1
4447,46056108,-2.607,0.074,-9.811,12.852,1.423,36.280,181.623,13.898,0.008,-0.266,36.280,4.637932,-74.084472,0.00,5,1
4448,46066119,-2.364,-0.206,-9.670,15.019,2.705,36.768,181.726,13.906,-0.021,-0.241,36.768,4.637932,-74.084472,0.00,5,1
4449,46076111,-2.123,-0.442,-9.650,17.185,2.492,35.761,181.949,13.809,-0.045,-0.216,35.761,4.637932,-74.084472,0.00,5,1
4450,46086110,-2.058,-0.732,-9.598,19.444,1.271,33.686,182.308,13.684,-0.075,-0.210,33.686,4.637932,-74.084472,0.00,5,1
4451,46096108,-2.023,-0.912,-9.711,21.427,-1.262,30.787,182.735,13.518,-0.093,-0.206,30.787,4.637932,-74.084472,0.00,5,1
4452,46106119,-2.137,-1.194,-9.756,22.343,-3.429,28.223,183.262,13.387,-0.122,-0.218,28.223,4.637932,-74.084472,0.00,5,1
4453,46116119,-2.290,-1.423,-9.785,21.610,-5.504,26.117,183.840,13.305,-0.145,-0.233,26.117,4.637932,-74.084472,0.00,5,1
4454,46126107,-2.473,-1.476,-9.771,18.894,-7.732,24.775,184.373,13.287,-0.151,-0.252,24.775,4.637932,-74.084472,0.00,5,1
4455,46136168,-2.621,-1.443,-9.624,15.324,-9.777,25.080,184.828,13.329,-0.147,-0.267,25.080,4.637932,-74.084472,0.00,5,1
4456,46146119,-2.805,-1.491,-10.071,10.380,-11.943,26.148,185.194,13.373,-0.152,-0.286,26.148,4.637932,-74.084472,0.00,5,1
4457,46156115,-3.146,-1.433,-10.217,5.070,-11.150,27.064,185.449,13.540,-0.146,-0.321,27.064,4.637932,-74.084472,0.00,5,1
4458,46166121,-3.236,-1.517,-9.939,1.866,-10.021,28.223,185.708,13.772,-0.155,-0.330,28.223,4.637932,-74.084472,0.00,5,1
4459,46176122,-3.336,-1.498,-9.984,-3.261,-8.586,29.200,185.890,14.033,-0.153,-0.340,29.200,4.637932,-74.084472,0.00,5,1
4460,46186121,-3.398,-1.329,-10.059,-6.832,-5.657,29.169,185.947,14.319,-0.136,-0.347,29.169,4.637932,-74.084472,0.00,5,1
4461,46196118,-3.298,-1.223,-9.725,-8.388,-2.513,28.773,185.958,14.619,-0.125,-0.336,28.773,4.637932,-74.084472,0.00,5,1
4462,46206125,-3.146,-1.120,-9.343,-9.487,-1.079,28.162,185.933,14.900,-0.114,-0.321,28.162,4.637932,-74.084472,0.00,5,1
4463,46216115,-2.976,-0.867,-9.204,-10.341,-1.323,27.308,185.791,15.109,-0.088,-0.304,27.308,4.637932,-74.084472,0.00,5,1
4464,46226107,-2.936,-0.568,-9.122,-10.128,-2.788,26.972,185.523,15.286,-0.058,-0.299,26.972,4.637932,-74.084472,0.00,5,1
4465,46236110,-3.060,-0.360,-9.120,-8.816,-4.772,27.338,185.188,15.486,-0.037,-0.312,27.338,4.637932,-74.084472,0.00,5,1
4466,46246108,-3.117,-0.257,-9.173,-7.290,-6.084,28.589,184.843,15.676,-0.026,-0.318,28.589,4.637932,-74.084472,0.00,5,1
4467,46256110,-3.248,-0.211,-9.170,-5.733,-6.084,29.749,184.517,15.908,-0.021,-0.331,29.749,4.637932,-74.084472,0.00,5,1
4468,46266111,-3.336,-0.322,-9.333,-2.895,-5.931,30.543,184.292,16.136,-0.033,-0.340,30.543,4.637932,-74.084472,0.00,5,1
4469,46277945,-3.410,-0.584,-9.432,0.828,-5.016,30.482,184.238,16.364,-0.060,-0.348,30.482,4.637932,-74.084472,0.00,5,1
4470,46286114,-3.437,-0.792,-9.425,4.124,-3.215,28.986,184.315,16.609,-0.081,-0.350,28.986,4.637932,-74.084472,0.00,5,1
4471,46296111,-3.386,-0.898,-9.401,7.359,-1.079,26.575,184.466,16.836,-0.092,-0.345,26.575,4.637932,-74.084472,0.00,5,1
4472,46306110,-3.360,-0.970,-9.307,9.831,0.660,24.012,184.666,17.063,-0.099,-0.343,24.012,4.637932,-74.084472,0.00,5,1
4473,46316111,-3.284,-0.968,-9.321,11.784,1.423,22.181,184.868,17.246,-0.099,-0.335,22.181,4.637932,-74.084472,0.00,5,1
4474,46326110,-3.212,-1.028,-9.285,13.340,1.637,21.174,185.098,17.391,-0.105,-0.328,21.174,4.637932,-74.084472,0.00,5,1
4475,46336111,-3.150,-1.045,-9.189,13.371,1.332,21.082,185.323,17.509,-0.107,-0.321,21.082,4.637932,-74.084472,0.00,5,1
4476,46346110,-3.112,-1.045,-9.189,12.486,0.447,21.937,185.523,17.594,-0.107,-0.317,21.937,4.637932,-74.084472,0.00,5,1
4477,46356111,-3.057,-1.168,-9.225,11.662,-0.591,23.188,185.756,17.632,-0.119,-0.312,23.188,4.637932,-74.084472,0.00,5,1
4478,46366110,-3.034,-1.320,-9.228,10.471,-1.476,23.737,186.031,17.646,-0.135,-0.309,23.737,4.637932,-74.084472,0.00,5,1
4479,46376111,-2.974,-1.455,-9.170,9.159,-2.788,23.493,186.339,17.626,-0.148,-0.303,23.493,4.637932,-74.084472,0.00,5,1
4480,46386110,-2.991,-1.440,-9.093,7.694,-5.016,22.242,186.609,17.605,-0.147,-0.305,22.242,4.637932,-74.084472,0.00,5,1
4481,46396115,-3.031,-1.272,-9.254,6.718,-7.701,20.563,186.760,17.559,-0.130,-0.309,20.563,4.637932,-74.084472,0.00,5,1
4482,46406111,-3.122,-1.151,-9.362,6.657,-9.441,19.190,186.836,17.527,-0.117,-0.318,19.190,4.637932,-74.084472,0.00,5,1
4483,46416111,-3.162,-1.021,-9.333,6.321,-10.387,18.519,186.845,17.511,-0.104,-0.322,18.519,4.637932,-74.084472,0.00,5,1
4484,46426110,-3.155,-0.910,-9.283,5.924,-10.753,18.488,186.800,17.498,-0.093,-0.322,18.488,4.637932,-74.084472,0.00,5,1
4485,46436111,-3.129,-0.912,-9.141,5.406,-11.302,18.763,186.762,17.491,-0.093,-0.319,18.763,4.637932,-74.084472,0.00,5,1
4486,46446110,-3.112,-0.854,-9.076,5.253,-13.042,18.519,186.701,17.471,-0.087,-0.317,18.519,4.637932,-74.084472,0.00,5,1
4487,46456111,-3.129,-0.640,-9.120,5.284,-15.270,17.756,186.540,17.436,-0.065,-0.319,17.756,4.637932,-74.084472,0.00,5,1
4488,46466111,-3.260,-0.510,-9.084,6.321,-17.131,16.779,186.340,17.449,-0.052,-0.332,16.779,4.637932,-74.084472,0.00,5,1
4489,46476111,-3.413,-0.341,-9.156,7.725,-19.145,15.650,186.086,17.496,-0.035,-0.348,15.650,4.637932,-74.084472,0.00,5,1
4490,46486110,-3.577,-0.179,-9.319,9.922,-20.549,14.918,185.794,17.571,-0.018,-0.365,14.918,4.637932,-74.084472,0.00,5,1
4491,46496111,-3.808,-0.182,-9.454,12.333,-20.793,14.368,185.545,17.709,-0.019,-0.388,14.368,4.637932,-74.084472,0.00,5,1
4492,46506110,-4.056,-0.363,-9.667,14.683,-19.298,13.819,185.417,17.912,-0.037,-0.414,13.819,4.637932,-74.084472,0.00,5,1
4493,46516112,-4.216,-0.568,-9.879,16.758,-15.941,12.446,185.405,18.156,-0.058,-0.430,12.446,4.637932,-74.084472,0.00,5,1
4494,46526127,-4.293,-0.729,-9.915,18.467,-11.547,10.401,185.480,18.444,-0.074,-0.438,10.401,4.637932,-74.084472,0.00,5,1
4495,46536126,-4.297,-0.775,-9.864,19.810,-6.450,7.471,185.583,18.765,-0.079,-0.438,7.471,4.637932,-74.084472,0.00,5,1
4496,46546109,-4.157,-0.654,-9.843,20.359,-1.384,4.786,185.631,19.062,-0.067,-0.424,4.786,4.637932,-74.084472,0.00,5,1
4497,46556107,-3.961,-0.652,-9.598,20.817,2.980,2.466,185.685,19.340,-0.066,-0.404,2.466,4.637932,-74.084472,0.00,5,1
4498,46566117,-3.794,-0.517,-9.401,20.573,5.299,0.422,185.677,19.586,-0.053,-0.387,0.422,4.637932,-74.084472,0.00,5,1
4499,46576133,-3.518,-0.517,-9.425,19.962,5.604,-0.799,185.664,19.701,-0.053,-0.359,-0.799,4.637932,-74.084472,0.00,5,1
4500,46586121,-3.324,-0.691,-9.139,19.230,4.658,-2.050,185.734,19.760,-0.070,-0.339,-2.050,4.637932,-74.084472,0.00,5,1
4501,46609757,-3.508,-0.587,-9.187,13.493,-2.849,-5.041,185.841,19.786,-0.060,-0.358,-5.041,4.637938,-74.084465,0.00,5,1
4502,46611163,-3.706,-0.411,-9.305,10.288,-5.260,-5.163,185.693,19.873,-0.042,-0.378,-5.163,4.637938,-74.084465,0.00,5,1
4503,46616105,-3.706,-0.411,-9.305,10.288,-5.260,-5.163,185.518,19.975,-0.042,-0.378,-5.163,4.637938,-74.084465,0.00,5,1
4504,46626116,-3.923,-0.336,-9.473,7.694,-6.236,-4.736,185.296,20.123,-0.034,-0.400,-4.736,4.637938,-74.084465,0.00,5,1
4505,46636129,-4.147,-0.302,-9.540,5.253,-6.114,-4.034,185.055,20.339,-0.031,-0.423,-4.034,4.637938,-74.084465,0.00,5,1
4506,46646117,-4.259,-0.273,-9.634,2.934,-4.650,-3.759,184.800,20.578,-0.028,-0.434,-3.759,4.637938,-74.084465,0.00,5,1
4507,46656109,-4.254,-0.232,-9.739,1.103,-2.330,-4.034,184.530,20.796,-0.024,-0.434,-4.034,4.637938,-74.084465,0.00,5,1
4508,46666108,-4.204,-0.194,-9.631,0.096,0.264,-4.888,184.257,21.018,-0.020,-0.429,-4.888,4.637938,-74.084465,0.00,5,1
4509,46676124,-4.080,-0.110,-9.458,-0.545,2.217,-6.292,183.963,21.219,-0.011,-0.416,-6.292,4.637938,-74.084465,0.00,5,1
4510,46686121,-3.930,0.177,-9.345,-0.667,3.071,-7.940,183.554,21.371,0.018,-0.401,-7.940,4.637938,-74.084465,0.00,5,1
4511,46696110,-3.782,0.291,-9.285,0.187,3.071,-8.795,183.132,21.459,0.030,-0.386,-8.795,4.637938,-74.084465,0.00,5,1
4512,46706109,-3.711,0.242,-9.062,1.682,1.912,-9.741,182.778,21.537,0.025,-0.378,-9.741,4.637938,-74.084465,0.00,5,1
4513,46716113,-3.763,0.329,-9.100,2.415,-0.377,-10.900,182.418,21.603,0.034,-0.384,-10.900,4.637938,-74.084465,0.00,5,1
4514,46726139,-3.921,0.380,-9.240,2.751,-1.995,-11.175,182.068,21.690,0.039,-0.400,-11.175,4.637938,-74.084465,0.00,5,1
4515,46736112,-4.071,0.380,-9.345,2.506,-2.086,-10.504,181.746,21.810,0.039,-0.415,-10.504,4.637938,-74.084465,0.00,5,1
4516,46746105,-4.138,0.320,-9.396,2.476,-0.896,-9.649,181.478,21.950,0.033,-0.422,-9.649,4.637938,-74.084465,0.00,5,1
4517,46756124,-4.171,0.173,-9.425,2.201,0.844,-8.978,181.297,22.104,0.018,-0.425,-8.978,4.637938,-74.084465,0.00,5,1
4518,46766117,-4.126,0.059,-9.415,1.560,2.858,-8.795,181.178,22.249,0.006,-0.421,-8.795,4.637938,-74.084465,0.00,5,1
4519,46776123,-4.004,0.018,-9.317,0.950,4.506,-9.191,181.082,22.367,0.002,-0.408,-9.191,4.637938,-74.084465,0.00,5,1
4520,46786109,-3.940,0.134,-9.216,0.126,5.055,-9.863,180.930,22.472,0.014,-0.402,-9.863,4.637938,-74.084465,0.00,5,1
4521,46796106,-3.823,0.293,-9.247,-0.240,4.994,-9.985,180.712,22.515,0.030,-0.390,-9.985,4.637938,-74.084465,0.00,5,1
4522,46806115,-3.682,0.291,-9.113,-0.179,4.841,-9.466,180.510,22.518,0.030,-0.375,-9.466,4.637938,-74.084465,0.00,5,1
4523,46816119,-3.601,0.262,-8.923,-0.088,3.529,-9.222,180.335,22.507,0.027,-0.367,-9.222,4.637938,-74.084465,0.00,5,1
4524,46826124,-3.584,0.235,-8.942,-0.301,1.149,-9.008,180.185,22.465,0.024,-0.366,-9.008,4.637938,-74.084465,0.00,5,1
4525,46836105,-3.663,0.153,-9.038,-0.301,-1.201,-8.550,180.088,22.421,0.016,-0.374,-8.550,4.637938,-74.084465,0.00,5,1
4526,46846104,-3.792,0.105,-9.098,-0.667,-2.727,-7.940,180.018,22.410,0.011,-0.387,-7.940,4.637938,-74.084465,0.00,5,1
4527,46856123,-3.887,0.023,-9.199,-1.522,-3.032,-7.177,179.986,22.419,0.002,-0.396,-7.177,4.637938,-74.084465,0.00,5,1
4528,46866121,-3.928,-0.023,-9.249,-2.529,-2.544,-6.536,179.968,22.439,-0.002,-0.401,-6.536,4.637938,-74.084465,0.00,5,1
4529,46876111,-3.928,-0.025,-9.309,-3.048,-1.781,-6.414,179.948,22.454,-0.003,-0.401,-6.414,4.637938,-74.084465,0.00,5,1
4530,46886113,-3.873,0.009,-9.237,-2.956,-1.262,-6.536,179.914,22.463,0.001,-0.395,-6.536,4.637938,-74.084465,0.00,5,1
4531,46896114,-3.816,0.042,-9.197,-2.712,-0.743,-6.811,179.869,22.460,0.004,-0.389,-6.811,4.637938,-74.084465,0.00,5,1
4532,46906139,-3.725,0.035,-9.197,-1.797,-0.377,-7.147,179.840,22.424,0.004,-0.380,-7.147,4.637938,-74.084465,0.00,5,1
4533,46916105,-3.661,-0.054,-9.115,-0.820,-0.377,-7.788,179.864,22.378,-0.006,-0.373,-7.788,4.637938,-74.084465,0.00,5,1
4534,46926119,-3.580,-0.175,-9.012,-0.179,-0.652,-8.642,179.951,22.316,-0.018,-0.365,-8.642,4.637938,-74.084465,0.00,5,1
4535,46936115,-3.596,-0.158,-9.069,-0.637,-1.232,-9.619,180.019,22.250,-0.016,-0.367,-9.619,4.637938,-74.084465,0.00,5,1
4536,46948318,-3.613,-0.143,-9.048,-1.400,-2.147,-10.290,180.065,22.187,-0.015,-0.368,-10.290,4.637938,-74.084465,0.00,5,1
4537,46956105,-3.623,-0.102,-9.028,-2.743,-3.093,-10.534,180.078,22.132,-0.010,-0.369,-10.534,4.637938,-74.084465,0.00,5,1
4538,46966104,-3.601,-0.011,-9.055,-4.299,-3.948,-10.046,180.032,22.060,-0.001,-0.367,-10.046,4.637938,-74.084465,0.00,5,1
4539,46976119,-3.668,0.069,-9.079,-5.398,-4.924,-9.222,179.940,22.008,0.007,-0.374,-9.222,4.637938,-74.084465,0.00,5,1
4540,46986117,-3.751,0.057,-9.105,-6.496,-5.657,-8.093,179.851,21.984,0.006,-0.383,-8.093,4.637938,-74.084465,0.00,5,1
4541,46996110,-3.904,0.033,-9.288,-8.266,-5.596,-6.658,179.764,21.993,0.003,-0.398,-6.658,4.637938,-74.084465,0.00,5,1
4542,47006114,-3.823,0.011,-9.271,-8.480,-4.650,-5.926,179.692,21.980,0.001,-0.390,-5.926,4.637938,-74.084465,0.00,5,1
4543,47016124,-3.851,0.281,-9.309,-8.480,-3.795,-5.804,179.499,21.981,0.029,-0.393,-5.804,4.637938,-74.084465,0.00,5,1
4544,47026106,-3.766,0.042,-9.228,-6.679,-2.788,-5.834,179.449,21.970,0.004,-0.384,-5.834,4.637938,-74.084465,0.00,5,1
4545,47036121,-3.613,-0.112,-9.105,-5.215,-1.964,-7.757,179.491,21.926,-0.011,-0.368,-7.757,4.637938,-74.084465,0.00,5,1
4546,47046114,-3.510,-0.011,-9.031,-3.506,-1.934,-10.473,179.497,21.854,-0.001,-0.358,-10.473,4.637938,-74.084465,0.00,5,1
4547,47056108,-3.494,0.132,-8.932,-2.407,-2.544,-12.029,179.442,21.791,0.013,-0.356,-12.029,4.637938,-74.084465,0.00,5,1
4548,47066112,-3.465,0.226,-8.846,-2.254,-3.673,-11.907,179.346,21.725,0.023,-0.353,-11.907,4.637938,-74.084465,0.00,5,1
4549,47076105,-3.501,0.315,-8.858,-3.200,-5.107,-10.382,179.205,21.663,0.032,-0.357,-10.382,4.637938,-74.084465,0.00,5,1
4550,47086141,-3.494,0.300,-8.822,-4.360,-6.572,-8.032,179.070,21.596,0.031,-0.356,-8.032,4.637938,-74.084465,0.00,5,1
4551,47096107,-3.489,0.295,-8.853,-5.550,-8.281,-5.804,178.938,21.510,0.030,-0.356,-5.804,4.637938,-74.084465,0.00,5,1
4552,47106105,-3.587,0.221,-8.985,-6.252,-10.051,-4.522,178.848,21.434,0.023,-0.366,-4.522,4.637938,-74.084465,0.00,5,1
4553,47116128,-3.725,0.211,-9.091,-6.313,-11.516,-4.400,178.769,21.391,0.022,-0.380,-4.400,4.637938,-74.084465,0.00,5,1
4554,47126121,-3.806,0.269,-9.189,-4.970,-12.828,-5.133,178.683,21.355,0.027,-0.388,-5.133,4.637938,-74.084465,0.00,5,1
4555,47136170,-3.954,0.274,-9.321,-2.834,-13.072,-6.201,178.623,21.356,0.028,-0.403,-6.201,4.637938,-74.084465,0.00,5,1
4556,47146124,-4.169,0.230,-9.420,-1.278,-12.065,-6.872,178.603,21.434,0.023,-0.425,-6.872,4.637938,-74.084465,0.00,5,1
4557,47156105,-4.269,0.288,-9.475,-0.881,-9.990,-6.536,178.562,21.555,0.029,-0.435,-6.536,4.637938,-74.084465,0.00,5,1
4558,47166116,-4.235,0.303,-9.473,-0.942,-7.060,-4.949,178.517,21.681,0.031,-0.432,-4.949,4.637938,-74.084465,0.00,5,1
4559,47176128,-4.111,0.228,-9.398,-1.675,-4.222,-2.905,178.503,21.788,0.023,-0.419,-2.905,4.637938,-74.084465,0.00,5,1
4560,47186118,-3.956,0.185,-9.314,-2.865,-2.147,-1.287,178.498,21.860,0.019,-0.403,-1.287,4.637938,-74.084465,0.00,5,1
4561,47196111,-3.735,0.194,-9.187,-3.750,-1.201,-0.555,178.479,21.868,0.020,-0.381,-0.555,4.637938,-74.084465,0.00,5,1
4562,47206112,-3.568,0.221,-9.127,-3.933,-1.842,-0.402,178.447,21.809,0.023,-0.364,-0.402,4.637938,-74.084465,0.00,5,1
4563,47216113,-3.489,0.216,-9.084,-3.231,-3.520,-0.891,178.425,21.714,0.022,-0.356,-0.891,4.637938,-74.084465,0.00,5,1
4564,47226100,-3.499,0.267,-9.161,-2.071,-5.840,-1.959,178.393,21.597,0.027,-0.357,-1.959,4.637938,-74.084465,0.00,5,1
4565,47236109,-3.587,0.267,-9.266,-0.851,-8.434,-2.905,178.376,21.484,0.027,-0.366,-2.905,4.637938,-74.084465,0.00,5,1
4566,47246113,-3.773,0.197,-9.331,-0.301,-10.051,-2.813,178.398,21.429,0.020,-0.385,-2.813,4.637938,-74.084465,0.00,5,1
4567,47256110,-3.935,0.141,-9.470,-1.095,-10.326,-1.928,178.439,21.419,0.014,-0.401,-1.928,4.637938,-74.084465,0.00,5,1
4568,47266107,-4.059,0.091,-9.559,-2.224,-9.868,-0.707,178.490,21.447,0.009,-0.414,-0.707,4.637938,-74.084465,0.00,5,1
4569,47278013,-4.176,0.045,-9.593,-3.689,-8.830,0.513,178.538,21.510,0.005,-0.426,0.513,4.637938,-74.084465,0.00,5,1
4570,47286110,-4.247,0.100,-9.711,-5.123,-7.121,1.795,178.552,21.605,0.010,-0.433,1.795,4.637938,-74.084465,0.00,5,1
4571,47296113,-4.266,0.122,-9.737,-6.344,-4.680,3.107,178.543,21.719,0.012,-0.435,3.107,4.637938,-74.084465,0.00,5,1
4572,47306109,-4.185,0.173,-9.720,-7.503,-1.995,4.450,178.502,21.820,0.018,-0.427,4.450,4.637938,-74.084465,0.00,5,1
4573,47316113,-3.990,0.216,-9.605,-7.992,0.630,5.488,178.438,21.881,0.022,-0.407,5.488,4.637938,-74.084465,0.00,5,1
4574,47326117,-3.727,0.281,-9.398,-7.778,2.614,6.067,178.348,21.885,0.029,-0.380,6.067,4.637938,-74.084465,0.00,5,1
4575,47336111,-3.556,0.339,-9.254,-6.649,3.132,5.823,178.247,21.845,0.035,-0.363,5.823,4.637938,-74.084465,0.00,5,1
4576,47346109,-3.417,0.365,-9.100,-4.665,2.095,4.999,178.156,21.766,0.037,-0.348,4.999,4.637938,-74.084465,0.00,5,1
4577,47356110,-3.451,0.361,-9.062,-2.254,-0.530,3.718,178.095,21.688,0.037,-0.352,3.718,4.637938,-74.084465,0.00,5,1
4578,47366116,-3.642,0.375,-9.165,-0.393,-3.551,2.741,178.052,21.652,0.038,-0.371,2.741,4.637938,-74.084465,0.00,5,1
4579,47376114,-3.909,0.426,-9.324,0.584,-5.413,3.199,178.000,21.682,0.043,-0.399,3.199,4.637938,-74.084465,0.00,5,1
4580,47386109,-4.135,0.385,-9.437,0.919,-5.413,4.847,177.977,21.781,0.039,-0.422,4.847,4.637938,-74.084465,0.00,5,1
4581,47396111,-4.304,0.259,-9.547,0.340,-3.642,7.319,178.010,21.936,0.026,-0.439,7.319,4.637938,-74.084465,0.00,5,1
4582,47406103,-4.424,-0.008,-9.506,-0.088,-0.591,9.730,178.159,22.160,-0.001,-0.451,9.730,4.637938,-74.084465,0.00,5,1
4583,47416114,-4.295,-0.165,-9.391,-0.973,3.377,10.767,178.361,22.374,-0.017,-0.438,10.767,4.637938,-74.084465,0.00,5,1
4584,47426110,-4.080,-0.138,-9.093,-2.102,7.191,10.859,178.527,22.576,-0.014,-0.416,10.859,4.637938,-74.084465,0.00,5,1
4585,47436117,-3.832,0.091,-8.735,-2.834,9.205,10.279,178.562,22.745,0.009,-0.391,10.279,4.637938,-74.084465,0.00,5,1
4586,47446109,-3.563,0.392,-8.584,-2.132,8.961,9.363,178.446,22.810,0.040,-0.363,9.363,4.637938,-74.084465,0.00,5,1
4587,47456110,-3.453,0.558,-8.284,-0.454,6.886,9.211,178.261,22.855,0.057,-0.352,9.211,4.637938,-74.084465,0.00,5,1
4588,47466115,-3.375,0.720,-8.238,0.034,3.132,10.279,178.007,22.833,0.073,-0.344,10.279,4.637938,-74.084465,0.00,5,1
4589,47476118,-3.286,0.874,-8.262,-0.210,-0.530,12.293,177.690,22.732,0.089,-0.335,12.293,4.637938,-74.084465,0.00,5,1
4590,47486106,-3.363,0.737,-8.202,0.370,-3.795,14.338,177.472,22.656,0.075,-0.343,14.338,4.637938,-74.084465,0.00,5,1
4591,47496118,-3.475,0.635,-8.385,0.462,-6.938,15.589,177.332,22.575,0.065,-0.354,15.589,4.637938,-74.084465,0.00,5,1
4592,47506106,-3.537,0.660,-8.567,0.370,-9.044,16.199,177.197,22.475,0.067,-0.361,16.199,4.637938,-74.084465,0.00,5,1
4593,47516118,-3.634,0.647,-8.606,0.614,-9.960,16.352,177.082,22.410,0.066,-0.371,16.352,4.637938,-74.084465,0.00,5,1
4594,47526113,-3.682,0.672,-8.781,1.103,-10.204,16.382,176.975,22.336,0.068,-0.375,16.382,4.637938,-74.084465,0.00,5,1
4595,47536110,-3.716,0.681,-8.920,2.140,-10.692,15.986,176.886,22.253,0.069,-0.379,15.986,4.637938,-74.084465,0.00,5,1
4596,47546111,-3.780,0.698,-9.016,3.056,-11.547,15.589,176.808,22.178,0.071,-0.385,15.589,4.637938,-74.084465,0.00,5,1
4597,47556123,-3.906,0.688,-9.141,3.452,-12.187,15.803,176.749,22.133,0.070,-0.398,15.803,4.637938,-74.084465,0.00,5,1
4598,47566124,-4.035,0.672,-9.350,3.422,-12.676,16.382,176.708,22.103,0.068,-0.411,16.382,4.637938,-74.084465,0.00,5,1
4599,47576119,-4.183,0.606,-9.564,3.300,-12.493,17.451,176.707,22.099,0.062,-0.427,17.451,4.637938,-74.084465,0.00,5,1
4600,47586115,-4.328,0.503,-9.694,2.720,-11.608,18.641,176.750,22.138,0.051,-0.441,18.641,4.637938,-74.084465,0.00,5,1
4601,47603269,-4.548,0.288,-9.900,0.492,-8.800,20.411,176.874,22.200,0.029,-0.464,20.411,4.637938,-74.084465,0.00,5,1
4602,47606136,-4.548,0.288,-9.900,0.492,-8.800,20.411,176.988,22.314,0.029,-0.464,20.411,4.637938,-74.084465,0.00,5,1
4603,47616105,-4.667,0.308,-9.809,-1.339,-6.694,21.296,177.065,22.498,0.031,-0.476,21.296,4.637938,-74.084465,0.00,5,1
4604,47626118,-4.691,0.426,-9.759,-3.445,-4.527,22.333,177.061,22.703,0.043,-0.478,22.333,4.637938,-74.084465,0.00,5,1
4605,47636125,-4.679,0.544,-9.694,-4.452,-2.239,23.493,176.993,22.919,0.055,-0.477,23.493,4.637938,-74.084465,0.00,5,1
4606,47646127,-4.645,0.645,-9.571,-4.787,-0.469,24.714,176.876,23.141,0.066,-0.474,24.714,4.637938,-74.084465,0.00,5,1
4607,47656107,-4.619,0.778,-9.516,-3.902,0.416,25.599,176.714,23.352,0.079,-0.471,25.599,4.637938,-74.084465,0.00,5,1
4608,47666114,-4.543,0.816,-9.463,-1.644,1.118,26.117,176.565,23.533,0.083,-0.463,26.117,4.637938,-74.084465,0.00,5,1
4609,47676110,-4.474,0.720,-9.437,1.347,0.935,26.545,176.499,23.678,0.073,-0.456,26.545,4.637938,-74.084465,0.00,5,1
4610,47686116,-4.488,0.469,-9.482,4.551,0.630,26.667,176.586,23.808,0.048,-0.458,26.667,4.637938,-74.084465,0.00,5,1
4611,47696118,-4.562,0.132,-9.552,7.206,0.508,26.087,176.849,23.945,0.013,-0.465,26.087,4.637938,-74.084465,0.00,5,1
4612,47706108,-4.645,-0.129,-9.634,9.037,0.416,24.866,177.227,24.086,-0.013,-0.474,24.866,4.637938,-74.084465,0.00,5,1
4613,47716111,-4.781,-0.305,-9.687,9.312,0.691,23.859,177.658,24.259,-0.031,-0.488,23.859,4.637938,-74.084465,0.00,5,1
4614,47726121,-4.839,-0.331,-9.607,8.061,1.790,23.859,178.057,24.464,-0.034,-0.493,23.859,4.637938,-74.084465,0.00,5,1
4615,47736121,-4.834,-0.302,-9.494,6.046,3.285,24.958,178.396,24.686,-0.031,-0.493,24.958,4.637938,-74.084465,0.00,5,1
4616,47746119,-4.765,-0.208,-9.345,4.093,4.567,26.758,178.648,24.906,-0.021,-0.486,26.758,4.637938,-74.084465,0.00,5,1
4617,47756112,-4.669,-0.136,-9.223,2.842,5.269,28.711,178.836,25.103,-0.014,-0.476,28.711,4.637938,-74.084465,0.00,5,1
4618,47766112,-4.550,-0.208,-9.223,2.690,5.391,30.543,179.043,25.240,-0.021,-0.464,30.543,4.637938,-74.084465,0.00,5,1
4619,47776122,-4.467,-0.290,-9.115,3.575,5.360,31.336,179.283,25.355,-0.030,-0.455,31.336,4.637938,-74.084465,0.00,5,1
4620,47786131,-4.383,-0.375,-9.103,5.009,4.933,30.848,179.558,25.426,-0.038,-0.447,30.848,4.637938,-74.084465,0.00,5,1
4621,47796105,-4.326,-0.437,-9.132,6.718,4.384,29.841,179.857,25.459,-0.045,-0.441,29.841,4.637938,-74.084465,0.00,5,1
4622,47806105,-4.331,-0.474,-9.040,8.518,4.536,28.559,180.170,25.508,-0.048,-0.442,28.559,4.637938,-74.084465,0.00,5,1
4623,47816127,-4.269,-0.464,-8.997,10.380,4.628,27.277,180.473,25.539,-0.047,-0.435,27.277,4.637938,-74.084465,0.00,5,1
4624,47826131,-4.171,-0.452,-9.064,12.425,4.536,26.514,180.763,25.515,-0.046,-0.425,26.514,4.637938,-74.084465,0.00,5,1
4625,47836115,-4.147,-0.541,-9.115,14.256,4.414,26.301,181.090,25.473,-0.055,-0.423,26.301,4.637938,-74.084465,0.00,5,1
4626,47846103,-4.135,-0.688,-9.105,15.415,4.658,26.240,181.474,25.431,-0.070,-0.422,26.240,4.637938,-74.084465,0.00,5,1
4627,47856106,-4.135,-0.787,-9.170,15.873,4.811,25.599,181.876,25.381,-0.080,-0.422,25.599,4.637938,-74.084465,0.00,5,1
4628,47866113,-4.128,-0.801,-9.281,16.331,5.299,24.531,182.255,25.317,-0.082,-0.421,24.531,4.637938,-74.084465,0.00,5,1
4629,47876123,-4.087,-0.809,-9.302,17.613,6.642,23.157,182.619,25.250,-0.082,-0.417,23.157,4.637938,-74.084465,0.00,5,1
4630,47886109,-4.004,-0.854,-9.177,18.620,8.168,21.845,182.992,25.190,-0.087,-0.408,21.845,4.637938,-74.084465,0.00,5,1
4631,47896106,-3.906,-0.929,-9.115,18.711,9.083,20.533,183.375,25.114,-0.095,-0.398,20.533,4.637938,-74.084465,0.00,5,1
4632,47906108,-3.799,-0.862,-9.146,18.467,9.266,19.556,183.693,24.997,-0.088,-0.387,19.556,4.637938,-74.084465,0.00,5,1
4633,47916122,-3.677,-1.047,-9.206,18.681,9.297,18.641,184.073,24.827,-0.107,-0.375,18.641,4.637938,-74.084465,0.00,5,1
4634,47926115,-3.596,-1.216,-9.165,18.986,8.687,16.565,184.509,24.635,-0.124,-0.367,16.565,4.637938,-74.084465,0.00,5,1
4635,47936112,-3.587,-1.375,-9.105,18.253,7.130,14.033,184.984,24.445,-0.140,-0.366,14.033,4.637938,-74.084465,0.00,5,1
4636,47948352,-3.639,-1.329,-9.093,16.148,5.910,11.378,185.417,24.290,-0.136,-0.371,11.378,4.637938,-74.084465,0.00,5,1
4637,47956116,-3.634,-1.182,-9.213,13.798,5.452,9.394,185.685,24.115,-0.121,-0.371,9.394,4.637938,-74.084465,0.00,5,1
4638,47966131,-3.656,-1.050,-9.225,11.387,5.360,8.356,185.848,23.961,-0.107,-0.373,8.356,4.637938,-74.084465,0.00,5,1
4639,47976118,-3.639,-1.030,-9.175,8.457,4.933,8.143,185.964,23.818,-0.105,-0.371,8.143,4.637938,-74.084465,0.00,5,1
4640,47986111,-3.620,-0.905,-9.199,5.345,4.109,7.868,185.982,23.668,-0.092,-0.369,7.868,4.637938,-74.084465,0.00,5,1
4641,47996117,-3.651,-0.659,-9.278,2.812,3.071,7.715,185.855,23.524,-0.067,-0.372,7.715,4.637938,-74.084465,0.00,5,1
4642,48006113,-3.692,-0.464,-9.369,1.133,2.339,7.929,185.629,23.388,-0.047,-0.376,7.929,4.637938,-74.084465,0.00,5,1
4643,48016112,-3.754,-0.365,-9.432,0.340,2.247,7.746,185.365,23.278,-0.037,-0.383,7.746,4.637938,-74.084465,0.00,5,1
4644,48026104,-3.813,-0.218,-9.521,0.370,2.766,7.136,185.053,23.191,-0.022,-0.389,7.136,4.637938,-74.084465,0.00,5,1
4645,48036108,-3.789,-0.126,-9.530,1.469,3.743,6.251,184.733,23.109,-0.013,-0.386,6.251,4.637938,-74.084465,0.00,5,1
4646,48046120,-3.732,-0.138,-9.418,3.147,4.933,4.999,184.459,23.040,-0.014,-0.381,4.999,4.637938,-74.084465,0.00,5,1
4647,48056099,-3.716,-0.085,-9.444,4.521,5.635,3.596,184.194,22.971,-0.009,-0.379,3.596,4.637938,-74.084465,0.00,5,1
4648,48066119,-3.682,-0.112,-9.398,6.046,6.154,2.588,183.976,22.907,-0.011,-0.375,2.588,4.637938,-74.084465,0.00,5,1
4649,48076106,-3.732,-0.102,-9.386,6.535,6.611,2.192,183.775,22.873,-0.010,-0.381,2.192,4.637938,-74.084465,0.00,5,1
4650,48086116,-3.646,-0.076,-9.348,6.321,7.344,2.741,183.575,22.821,-0.008,-0.372,2.741,4.637938,-74.084465,0.00,5,1
4651,48096129,-3.513,-0.131,-9.235,5.222,7.924,4.145,183.407,22.741,-0.013,-0.358,4.145,4.637938,-74.084465,0.00,5,1
4652,48106112,-3.503,-0.206,-9.146,3.758,7.771,5.152,183.274,22.675,-0.021,-0.357,5.152,4.637938,-74.084465,0.00,5,1
4653,48116108,-3.487,-0.054,-9.271,1.896,6.795,5.945,183.062,22.579,-0.006,-0.356,5.945,4.637938,-74.084465,0.00,5,1
4654,48126119,-3.386,-0.001,-9.269,1.377,6.550,7.044,182.836,22.447,-0.000,-0.345,7.044,4.637938,-74.084465,0.00,5,1
4655,48136176,-3.377,-0.037,-9.120,1.438,6.093,7.746,182.645,22.340,-0.004,-0.344,7.746,4.637938,-74.084465,0.00,5,1
4656,48146105,-3.401,-0.011,-9.266,1.774,4.750,7.898,182.458,22.216,-0.001,-0.347,7.898,4.637938,-74.084465,0.00,5,1
4657,48156113,-3.451,-0.011,-9.312,3.269,3.804,7.685,182.300,22.106,-0.001,-0.352,7.685,4.637938,-74.084465,0.00,5,1
4658,48166102,-3.572,-0.073,-9.307,4.826,3.407,7.319,182.198,22.052,-0.007,-0.364,7.319,4.637938,-74.084465,0.00,5,1
4659,48176117,-3.708,-0.143,-9.348,5.985,4.017,7.227,182.146,22.056,-0.015,-0.378,7.227,4.637938,-74.084465,0.00,5,1
4660,48186126,-3.749,-0.199,-9.326,6.535,5.787,7.197,182.130,22.096,-0.020,-0.382,7.197,4.637938,-74.084465,0.00,5,1
4661,48196106,-3.727,-0.211,-9.204,6.718,7.771,7.349,182.124,22.163,-0.021,-0.380,7.349,4.637938,-74.084465,0.00,5,1
4662,48206117,-3.613,-0.213,-9.057,6.870,9.175,7.502,182.122,22.214,-0.022,-0.368,7.502,4.637938,-74.084465,0.00,5,1
4663,48216116,-3.491,-0.165,-8.944,7.023,9.694,7.868,182.100,22.234,-0.017,-0.356,7.868,4.637938,-74.084465,0.00,5,1
4664,48226101,-3.391,-0.138,-8.911,7.389,8.992,8.112,182.070,22.209,-0.014,-0.346,8.112,4.637938,-74.084465,0.00,5,1
4665,48236110,-3.334,-0.131,-8.764,7.939,7.588,8.631,182.045,22.173,-0.013,-0.340,8.631,4.637938,-74.084465,0.00,5,1
4666,48246101,-3.272,-0.189,-8.875,7.786,5.910,9.424,182.048,22.078,-0.019,-0.334,9.424,4.637938,-74.084465,0.00,5,1
4667,48256110,-3.277,-0.334,-8.889,8.000,4.658,9.760,182.123,21.978,-0.034,-0.334,9.760,4.637938,-74.084465,0.00,5,1
4668,48266106,-3.324,-0.370,-8.952,7.694,3.254,9.424,182.207,21.883,-0.038,-0.339,9.424,4.637938,-74.084465,0.00,5,1
4669,48276106,-3.360,-0.416,-9.026,7.572,2.278,9.058,182.304,21.790,-0.042,-0.343,9.058,4.637938,-74.084465,0.00,5,1
4670,48288104,-3.372,-0.476,-9.093,7.328,1.729,8.631,182.431,21.694,-0.049,-0.344,8.631,4.637938,-74.084465,0.00,5,1
4671,48296107,-3.396,-0.447,-9.170,7.237,1.393,7.868,182.519,21.598,-0.046,-0.346,7.868,4.637938,-74.084465,0.00,5,1
4672,48306114,-3.336,-0.478,-9.057,7.298,1.454,7.319,182.619,21.502,-0.049,-0.340,7.319,4.637938,-74.084465,0.00,5,1
4673,48316115,-3.301,-0.527,-9.012,6.962,1.484,6.861,182.733,21.405,-0.054,-0.337,6.861,4.637938,-74.084465,0.00,5,1
4674,48326104,-3.239,-0.560,-9.019,6.291,1.454,6.251,182.848,21.287,-0.057,-0.330,6.251,4.637938,-74.084465,0.00,5,1
4675,48336109,-3.179,-0.539,-8.995,6.382,0.905,5.579,182.946,21.152,-0.055,-0.324,5.579,4.637938,-74.084465,0.00,5,1
4676,48346114,-3.181,-0.553,-8.911,6.718,-0.316,4.450,183.048,21.029,-0.056,-0.324,4.450,4.637938,-74.084465,0.00,5,1
4677,48356114,-3.262,-0.437,-9.009,6.535,-2.117,3.504,183.082,20.921,-0.045,-0.333,3.504,4.637938,-74.084465,0.00,5,1
4678,48366109,-3.398,-0.421,-9.163,6.718,-3.612,3.351,183.103,20.840,-0.043,-0.347,3.351,4.637938,-74.084465,0.00,5,1
4679,48376114,-3.530,-0.543,-9.185,5.985,-4.436,3.657,183.174,20.809,-0.055,-0.360,3.657,4.637938,-74.084465,0.00,5,1
4680,48386107,-3.639,-0.560,-9.300,4.154,-4.711,4.053,183.227,20.804,-0.057,-0.371,4.053,4.637938,-74.084465,0.00,5,1
4681,48396115,-3.654,-0.341,-9.273,3.147,-4.680,4.358,183.165,20.812,-0.035,-0.373,4.358,4.637938,-74.084465,0.00,5,1
4682,48406104,-3.708,-0.235,-9.660,2.110,-4.680,4.999,183.043,20.781,-0.024,-0.378,4.999,4.637938,-74.084465,0.00,5,1
4683,48416111,-3.785,-0.235,-9.401,2.110,-3.063,5.823,182.933,20.838,-0.024,-0.386,5.823,4.637938,-74.084465,0.00,5,1
4684,48426107,-3.706,-0.281,-9.466,2.415,-1.720,6.525,182.855,20.861,-0.029,-0.378,6.525,4.637938,-74.084465,0.00,5,1
4685,48436107,-3.656,-0.264,-9.475,3.025,-0.499,6.373,182.781,20.873,-0.027,-0.373,6.373,4.637938,-74.084465,0.00,5,1
4686,48446111,-3.563,-0.295,-9.343,4.246,0.142,5.793,182.740,20.872,-0.030,-0.363,5.793,4.637938,-74.084465,0.00,5,1
4687,48456110,-3.472,-0.259,-9.357,5.192,0.355,5.457,182.693,20.834,-0.026,-0.354,5.457,4.637938,-74.084465,0.00,5,1
4688,48466115,-3.413,-0.218,-9.336,6.291,0.447,5.366,182.642,20.778,-0.022,-0.348,5.366,4.637938,-74.084465,0.00,5,1
4689,48476115,-3.394,-0.283,-9.261,7.206,-0.255,5.457,182.634,20.724,-0.029,-0.346,5.457,4.637938,-74.084465,0.00,5,1
4690,48486104,-3.422,-0.343,-9.401,7.755,-1.232,5.732,182.658,20.655,-0.035,-0.349,5.732,4.637938,-74.084465,0.00,5,1
4691,48496109,-3.489,-0.437,-9.480,7.694,-1.659,6.006,182.722,20.602,-0.045,-0.356,6.006,4.637938,-74.084465,0.00,5,1
4692,48506107,-3.561,-0.500,-9.509,7.298,-1.964,6.251,182.805,20.575,-0.051,-0.363,6.251,4.637938,-74.084465,0.00,5,1
4693,48516115,-3.587,-0.389,-9.458,6.779,-1.964,6.525,182.827,20.569,-0.040,-0.366,6.525,4.637938,-74.084465,0.00,5,1
4694,48526124,-3.637,-0.346,-9.523,6.596,-1.506,7.105,182.825,20.577,-0.035,-0.371,7.105,4.637938,-74.084465,0.00,5,1
4695,48536117,-3.673,-0.353,-9.230,6.413,-0.652,7.898,182.830,20.654,-0.036,-0.374,7.898,4.637938,-74.084465,0.00,5,1
4696,48546123,-3.444,-0.179,-9.415,6.016,-1.476,8.784,182.747,20.596,-0.018,-0.351,8.784,4.637938,-74.084465,0.00,5,1
4697,48556127,-3.475,0.088,-9.823,5.863,-0.835,10.248,182.546,20.501,0.009,-0.354,10.248,4.637938,-74.084465,0.00,5,1
4698,48566123,-3.491,-0.421,-9.406,8.763,0.264,11.347,182.622,20.490,-0.043,-0.356,11.347,4.637938,-74.084465,0.00,5,1
4699,48576122,-3.603,-0.635,-9.662,7.908,0.996,10.615,182.775,20.492,-0.065,-0.367,10.615,4.637938,-74.084465,0.00,5,1
4700,48586110,-3.675,-0.813,-9.602,7.939,2.614,8.631,183.000,20.543,-0.083,-0.375,8.631,4.637938,-74.084465,0.00,5,1
4701,48622529,-3.603,-0.334,-9.314,4.093,5.940,8.326,183.027,20.788,-0.034,-0.367,8.326,4.637948,-74.084440,0.08,5,1
4702,48623936,-3.603,-0.334,-9.314,4.093,5.940,8.326,183.018,20.966,-0.034,-0.367,8.326,4.637948,-74.084440,0.08,5,1
4703,48625301,-3.603,-0.334,-9.314,4.093,5.940,8.326,182.982,21.083,-0.034,-0.367,8.326,4.637948,-74.084440,0.08,5,1
4704,48626702,-3.603,-0.334,-9.314,4.093,5.940,8.326,182.926,21.144,-0.034,-0.367,8.326,4.637948,-74.084440,0.08,5,1
4705,48636174,-3.592,-0.387,-9.252,1.988,6.611,10.950,182.889,21.207,-0.039,-0.366,10.950,4.637948,-74.084440,0.08,5,1
4706,48646128,-3.558,-0.406,-9.216,-0.271,7.130,13.392,182.847,21.260,-0.041,-0.363,13.392,4.637948,-74.084440,0.08,5,1
4707,48656124,-3.468,-0.474,-9.204,-1.613,7.252,14.826,182.835,21.269,-0.048,-0.354,14.826,4.637948,-74.084440,0.08,5,1
4708,48666125,-3.365,-0.490,-9.197,-2.193,7.100,14.826,182.827,21.230,-0.050,-0.343,14.826,4.637948,-74.084440,0.08,5,1
4709,48676127,-3.284,-0.469,-9.180,-1.919,6.764,13.605,182.811,21.158,-0.048,-0.335,13.605,4.637948,-74.084440,0.08,5,1
4710,48686114,-3.258,-0.324,-9.141,-0.912,5.513,11.774,182.731,21.077,-0.033,-0.332,11.774,4.637948,-74.084440,0.08,5,1
4711,48696124,-3.336,-0.061,-9.218,0.919,3.651,10.431,182.541,21.012,-0.006,-0.340,10.431,4.637948,-74.084440,0.08,5,1
4712,48706116,-3.494,0.042,-9.257,2.934,2.186,10.645,182.334,21.004,0.004,-0.356,10.645,4.637948,-74.084440,0.08,5,1
4713,48716126,-3.673,-0.020,-9.365,3.941,1.668,12.049,182.186,21.050,-0.002,-0.374,12.049,4.637948,-74.084440,0.08,5,1
4714,48726120,-3.808,-0.158,-9.468,3.666,2.522,14.002,182.115,21.140,-0.016,-0.388,14.002,4.637948,-74.084440,0.08,5,1
4715,48736120,-3.842,-0.329,-9.487,2.628,4.414,15.711,182.122,21.250,-0.034,-0.392,15.711,4.637948,-74.084440,0.08,5,1
4716,48746114,-3.780,-0.423,-9.418,1.194,6.886,16.779,182.162,21.359,-0.043,-0.385,16.779,4.637948,-74.084440,0.08,5,1
4717,48756119,-3.634,-0.394,-9.247,-0.179,8.870,16.993,182.176,21.446,-0.040,-0.371,16.993,4.637948,-74.084440,0.08,5,1
4718,48766102,-3.451,-0.245,-9.093,-0.912,9.541,16.535,182.111,21.479,-0.025,-0.352,16.535,4.637948,-74.084440,0.08,5,1
4719,48776112,-3.315,-0.172,-9.081,0.126,8.198,15.803,182.026,21.442,-0.018,-0.338,15.803,4.637948,-74.084440,0.08,5,1
4720,48786122,-3.320,-0.134,-9.084,2.232,5.452,14.857,181.948,21.385,-0.014,-0.339,14.857,4.637948,-74.084440,0.08,5,1
4721,48796106,-3.439,-0.213,-9.103,4.368,2.492,14.094,181.935,21.352,-0.022,-0.351,14.094,4.637948,-74.084440,0.08,5,1
4722,48806121,-3.644,-0.348,-9.285,5.314,0.569,13.819,181.994,21.360,-0.036,-0.372,13.819,4.637948,-74.084440,0.08,5,1
4723,48816110,-3.849,-0.437,-9.398,4.948,0.599,14.002,182.085,21.433,-0.045,-0.392,14.002,4.637948,-74.084440,0.08,5,1
4724,48826135,-4.035,-0.471,-9.437,3.513,2.247,14.673,182.170,21.582,-0.048,-0.411,14.673,4.637948,-74.084440,0.08,5,1
4725,48836125,-3.997,-0.478,-9.425,1.530,4.902,15.589,182.234,21.731,-0.049,-0.408,15.589,4.637948,-74.084440,0.08,5,1
4726,48846116,-3.875,-0.457,-9.329,-0.606,7.344,16.474,182.266,21.859,-0.047,-0.395,16.474,4.637948,-74.084440,0.08,5,1
4727,48856126,-3.704,-0.387,-9.185,-2.285,8.931,16.718,182.249,21.946,-0.039,-0.378,16.718,4.637948,-74.084440,0.08,5,1
4728,48866116,-3.541,-0.235,-9.084,-2.804,8.992,16.565,182.158,21.978,-0.024,-0.361,16.565,4.637948,-74.084440,0.08,5,1
4729,48876111,-3.434,-0.158,-9.028,-1.461,8.259,16.291,182.049,21.964,-0.016,-0.350,16.291,4.637948,-74.084440,0.08,5,1
4730,48886116,-3.382,-0.278,-8.930,0.614,7.283,15.711,182.028,21.935,-0.028,-0.345,15.711,4.637948,-74.084440,0.08,5,1
4731,48896108,-3.348,-0.363,-8.899,2.262,5.757,14.551,182.066,21.885,-0.037,-0.341,14.551,4.637948,-74.084440,0.08,5,1
4732,48906109,-3.353,-0.464,-8.968,3.666,4.384,13.148,182.162,21.816,-0.047,-0.342,13.148,4.637948,-74.084440,0.08,5,1
4733,48916127,-3.429,-0.534,-8.964,4.246,3.773,12.171,182.289,21.779,-0.054,-0.350,12.171,4.637948,-74.084440,0.08,5,1
4734,48926117,-3.413,-0.517,-8.937,3.727,3.529,11.652,182.395,21.740,-0.053,-0.348,11.652,4.637948,-74.084440,0.08,5,1
4735,48936122,-3.382,-0.515,-8.928,2.293,3.254,11.774,182.479,21.690,-0.052,-0.345,11.774,4.637948,-74.084440,0.08,5,1
4736,48948295,-3.346,-0.517,-8.971,0.858,3.010,12.293,182.544,21.624,-0.053,-0.341,12.293,4.637948,-74.084440,0.08,5,1
4737,48956111,-3.289,-0.522,-8.964,-0.576,2.858,12.842,182.593,21.532,-0.053,-0.335,12.842,4.637948,-74.084440,0.08,5,1
4738,48966118,-3.222,-0.522,-8.947,-1.919,2.400,13.178,182.626,21.417,-0.053,-0.329,13.178,4.637948,-74.084440,0.08,5,1
4739,48976116,-3.181,-0.454,-9.057,-2.682,1.729,12.873,182.614,21.270,-0.046,-0.324,12.873,4.637948,-74.084440,0.08,5,1
4740,48986104,-3.162,-0.355,-9.163,-2.437,0.966,12.324,182.555,21.105,-0.036,-0.322,12.324,4.637948,-74.084440,0.08,5,1
4741,48996117,-3.172,-0.261,-9.254,-1.461,0.172,11.469,182.463,20.936,-0.027,-0.323,11.469,4.637948,-74.084440,0.08,5,1
4742,49006120,-3.177,-0.218,-9.293,-0.210,-0.255,10.706,182.369,20.773,-0.022,-0.324,10.706,4.637948,-74.084440,0.08,5,1
4743,49016123,-3.239,-0.216,-9.406,0.340,-0.621,10.462,182.284,20.629,-0.022,-0.330,10.462,4.637948,-74.084440,0.08,5,1
4744,49026116,-3.253,-0.245,-9.473,0.523,-0.621,10.401,182.221,20.492,-0.025,-0.332,10.401,4.637948,-74.084440,0.08,5,1
4745,49036121,-3.282,-0.286,-9.478,0.431,-0.255,9.943,182.181,20.381,-0.029,-0.335,9.943,4.637948,-74.084440,0.08,5,1
4746,49046116,-3.298,-0.194,-9.578,-0.057,-0.133,9.241,182.095,20.272,-0.020,-0.336,9.241,4.637948,-74.084440,0.08,5,1
4747,49056124,-3.348,-0.059,-9.552,-0.851,0.660,9.119,181.948,20.203,-0.006,-0.341,9.119,4.637948,-74.084440,0.08,5,1
4748,49066111,-3.313,0.038,-9.468,-2.529,2.095,9.730,181.752,20.150,0.004,-0.338,9.730,4.637948,-74.084440,0.08,5,1
4749,49076108,-3.217,0.218,-9.401,-4.177,3.438,11.011,181.471,20.083,0.022,-0.328,11.011,4.637948,-74.084440,0.08,5,1
4750,49086108,-3.093,0.324,-9.300,-4.330,3.712,12.263,181.159,19.986,0.033,-0.315,12.263,4.637948,-74.084440,0.08,5,1
4751,49096119,-3.053,0.286,-9.281,-3.139,2.919,12.934,180.901,19.874,0.029,-0.311,12.934,4.637948,-74.084440,0.08,5,1
4752,49106124,-3.115,0.151,-9.312,-1.644,1.942,12.964,180.739,19.784,0.015,-0.318,12.964,4.637948,-74.084440,0.08,5,1
4753,49116111,-3.153,0.028,-9.449,-0.851,2.064,12.903,180.655,19.700,0.003,-0.321,12.903,4.637948,-74.084440,0.08,5,1
4754,49126106,-3.117,-0.138,-9.341,-1.034,3.865,12.507,180.654,19.638,-0.014,-0.318,12.507,4.637948,-74.084440,0.08,5,1
4755,49136189,-3.062,-0.172,-9.211,-1.705,5.574,11.652,180.663,19.592,-0.018,-0.312,11.652,4.637948,-74.084440,0.08,5,1
4756,49146118,-2.991,-0.059,-9.127,-2.560,6.184,10.462,180.610,19.536,-0.006,-0.305,10.462,4.637948,-74.084440,0.08,5,1
4757,49156106,-2.952,0.086,-9.040,-2.987,5.360,9.394,180.488,19.473,0.009,-0.301,9.394,4.637948,-74.084440,0.08,5,1
4758,49166109,-3.007,0.375,-9.000,-3.597,3.254,9.302,180.228,19.423,0.038,-0.307,9.302,4.637948,-74.084440,0.08,5,1
4759,49176116,-3.096,0.727,-9.108,-4.635,1.027,11.072,179.813,19.377,0.074,-0.316,11.072,4.637948,-74.084440,0.08,5,1
4760,49186117,-3.150,0.635,-9.233,-4.787,-0.377,14.246,179.476,19.327,0.065,-0.321,14.246,4.637948,-74.084440,0.08,5,1
4761,49196129,-3.236,0.457,-9.211,-4.879,-1.262,15.955,179.248,19.314,0.047,-0.330,15.955,4.637948,-74.084440,0.08,5,1
4762,49206111,-3.336,0.469,-9.398,-5.123,-1.872,16.352,179.033,19.310,0.048,-0.340,16.352,4.637948,-74.084440,0.08,5,1
4763,49216111,-3.434,0.358,-9.504,-4.421,-1.384,16.230,178.894,19.336,0.037,-0.350,16.230,4.637948,-74.084440,0.08,5,1
4764,49226117,-3.491,0.173,-9.506,-3.597,0.172,15.223,178.859,19.398,0.018,-0.356,15.223,4.637948,-74.084440,0.08,5,1
4765,49236101,-3.463,0.136,-9.542,-3.475,2.095,13.727,178.844,19.457,0.014,-0.353,13.727,4.637948,-74.084440,0.08,5,1
4766,49246111,-3.341,0.052,-9.473,-3.292,3.651,12.049,178.871,19.486,0.005,-0.341,12.049,4.637948,-74.084440,0.08,5,1
4767,49256118,-3.198,0.038,-9.245,-3.139,3.987,9.730,178.903,19.490,0.004,-0.326,9.730,4.637948,-74.084440,0.08,5,1
4768,49266104,-3.169,0.132,-9.163,-3.414,2.583,7.776,178.885,19.480,0.013,-0.323,7.776,4.637948,-74.084440,0.08,5,1
4769,49276106,-3.246,0.209,-9.151,-4.299,-0.163,6.922,178.824,19.480,0.021,-0.331,6.922,4.637948,-74.084440,0.08,5,1
4770,49287965,-3.351,0.312,-9.225,-5.947,-3.124,7.197,178.692,19.479,0.032,-0.342,7.197,4.637948,-74.084440,0.08,5,1
4771,49296105,-3.611,0.332,-9.386,-7.839,-4.772,8.631,178.557,19.552,0.034,-0.368,8.631,4.637948,-74.084440,0.08,5,1
4772,49306112,-3.856,0.194,-9.545,-10.067,-4.924,10.157,178.479,19.692,0.020,-0.393,10.157,4.637948,-74.084440,0.08,5,1
4773,49316118,-3.973,0.127,-9.626,-11.867,-3.734,10.584,178.421,19.865,0.013,-0.405,10.584,4.637948,-74.084440,0.08,5,1
4774,49326112,-3.973,0.180,-9.713,-12.844,-1.598,9.913,178.335,20.031,0.018,-0.405,9.913,4.637948,-74.084440,0.08,5,1
4775,49336117,-3.916,0.182,-9.631,-12.630,1.088,8.814,178.256,20.199,0.019,-0.399,8.814,4.637948,-74.084440,0.08,5,1
4776,49346105,-3.773,0.194,-9.530,-12.386,3.193,7.227,178.178,20.333,0.020,-0.385,7.227,4.637948,-74.084440,0.08,5,1
4777,49356105,-3.603,0.279,-9.420,-12.050,5.116,5.610,178.070,20.424,0.028,-0.367,5.610,4.637948,-74.084440,0.08,5,1
4778,49366112,-3.477,0.418,-9.182,-12.203,6.276,4.938,177.898,20.502,0.043,-0.355,4.938,4.637948,-74.084440,0.08,5,1
4779,49376112,-3.310,0.341,-9.206,-12.630,6.611,5.060,177.773,20.505,0.035,-0.338,5.060,4.637948,-74.084440,0.08,5,1
4780,49386099,-3.258,0.192,-9.076,-13.668,6.947,4.633,177.717,20.508,0.020,-0.332,4.633,4.637948,-74.084440,0.08,5,1
4781,49396100,-3.150,0.211,-9.086,-15.896,6.733,3.687,177.636,20.462,0.022,-0.321,3.687,4.637948,-74.084440,0.08,5,1
4782,49406105,-3.038,0.233,-8.923,-16.750,6.520,1.795,177.541,20.393,0.024,-0.310,1.795,4.637948,-74.084440,0.08,5,1
4783,49416105,-2.981,0.469,-8.875,-17.300,5.086,-1.013,177.331,20.297,0.048,-0.304,-1.013,4.637948,-74.084440,0.08,5,1
4784,49426112,-2.957,0.681,-8.973,-16.689,3.254,-3.607,177.042,20.164,0.069,-0.302,-3.607,4.637948,-74.084440,0.08,5,1
4785,49436112,-2.936,0.836,-8.932,-15.682,1.729,-5.468,176.708,20.022,0.085,-0.299,-5.468,4.637948,-74.084440,0.08,5,1
4786,49446100,-2.924,0.855,-8.884,-14.980,0.569,-6.994,176.394,19.881,0.087,-0.298,-6.994,4.637948,-74.084440,0.08,5,1
4787,49456100,-2.969,0.877,-8.889,-14.461,-0.682,-8.612,176.099,19.759,0.089,-0.303,-8.612,4.637948,-74.084440,0.08,5,1
4788,49466105,-3.038,0.922,-8.947,-13.729,-2.117,-10.443,175.814,19.653,0.094,-0.310,-10.443,4.637948,-74.084440,0.08,5,1
4789,49476112,-3.098,0.975,-8.988,-12.905,-3.246,-12.609,175.534,19.565,0.099,-0.316,-12.609,4.637948,-74.084440,0.08,5,1
4790,49486105,-3.167,1.045,-9.024,-12.386,-3.551,-14.318,175.249,19.503,0.107,-0.323,-14.318,4.637948,-74.084440,0.08,5,1
4791,49496112,-3.105,1.120,-9.048,-12.844,-3.398,-14.990,174.948,19.416,0.114,-0.317,-14.990,4.637948,-74.084440,0.08,5,1
4792,49506105,-2.943,1.028,-8.889,-13.943,-3.154,-15.356,174.694,19.293,0.105,-0.300,-15.356,4.637948,-74.084440,0.08,5,1
4793,49516112,-2.802,1.084,-8.894,-16.048,-4.100,-15.783,174.413,19.106,0.111,-0.286,-15.783,4.637948,-74.084440,0.08,5,1
4794,49526129,-2.759,1.344,-8.947,-17.025,-6.755,-16.485,174.023,18.877,0.137,-0.281,-16.485,4.637948,-74.084440,0.08,5,1
4795,49536106,-2.852,1.450,-9.079,-16.537,-10.692,-17.523,173.626,18.651,0.148,-0.291,-17.523,4.637948,-74.084440,0.08,5,1
4796,49546124,-3.096,1.602,-9.437,-14.980,-14.324,-18.530,173.232,18.460,0.163,-0.316,-18.530,4.637948,-74.084440,0.08,5,1
4797,49556116,-3.372,1.662,-9.725,-13.088,-15.575,-18.560,172.880,18.345,0.170,-0.344,-18.560,4.637948,-74.084440,0.08,5,1
4798,49566125,-3.611,1.542,-10.001,-11.104,-14.202,-18.133,172.644,18.310,0.157,-0.368,-18.133,4.637948,-74.084440,0.08,5,1
4799,49576128,-3.706,1.303,-10.116,-9.426,-10.784,-17.950,172.551,18.334,0.133,-0.378,-17.950,4.637948,-74.084440,0.08,5,1
4800,49586136,-3.665,1.072,-10.097,-8.205,-6.206,-18.560,172.574,18.389,0.109,-0.374,-18.560,4.637948,-74.084440,0.08,5,1
4801,49603146,-3.336,1.134,-9.845,-7.076,1.942,-21.856,172.519,18.433,0.116,-0.340,-21.856,4.637945,-74.084438,0.08,5,1
4802,49606116,-3.336,1.134,-9.845,-7.076,1.942,-21.856,172.518,18.462,0.116,-0.340,-21.856,4.637945,-74.084438,0.08,5,1
4803,49616115,-3.091,1.168,-9.626,-6.191,3.468,-23.443,172.498,18.430,0.119,-0.315,-23.443,4.637945,-74.084438,0.08,5,1
4804,49626112,-2.890,1.134,-9.432,-5.886,2.339,-24.877,172.487,18.331,0.116,-0.295,-24.877,4.637945,-74.084438,0.08,5,1
4805,49636122,-2.871,1.171,-9.379,-6.466,-1.018,-25.793,172.451,18.207,0.119,-0.293,-25.793,4.637945,-74.084438,0.08,5,1
4806,49646113,-2.991,1.284,-9.420,-8.205,-4.833,-25.488,172.352,18.102,0.131,-0.305,-25.488,4.637945,-74.084438,0.08,5,1
4807,49656122,-3.196,1.315,-9.499,-10.250,-7.945,-24.084,172.232,18.052,0.134,-0.326,-24.084,4.637945,-74.084438,0.08,5,1
4808,49666118,-3.501,1.337,-9.691,-12.142,-9.960,-22.589,172.105,18.084,0.136,-0.357,-22.589,4.637945,-74.084438,0.08,5,1
4809,49676127,-3.782,1.337,-9.847,-13.790,-10.326,-21.337,171.983,18.199,0.136,-0.386,-21.337,4.637945,-74.084438,0.08,5,1
4810,49686116,-4.018,1.414,-9.960,-15.102,-8.556,-20.483,171.832,18.393,0.144,-0.410,-20.483,4.637945,-74.084438,0.08,5,1
4811,49696109,-4.080,1.544,-10.061,-15.011,-5.107,-19.872,171.643,18.609,0.157,-0.416,-19.872,4.637945,-74.084438,0.08,5,1
4812,49706119,-4.004,1.629,-9.936,-13.882,-0.347,-19.140,171.434,18.840,0.166,-0.408,-19.140,4.637945,-74.084438,0.08,5,1
4813,49716116,-3.744,1.571,-9.766,-12.112,4.567,-18.774,171.271,19.025,0.160,-0.382,-18.774,4.637945,-74.084438,0.08,5,1
4814,49726119,-3.363,1.356,-9.475,-10.067,8.473,-19.445,171.215,19.127,0.138,-0.343,-19.445,4.637945,-74.084438,0.08,5,1
4815,49736110,-3.119,1.159,-9.113,-8.724,9.480,-21.490,171.245,19.184,0.118,-0.318,-21.490,4.637945,-74.084438,0.08,5,1
4816,49746122,-2.855,1.472,-9.079,-8.968,7.283,-23.992,171.120,19.100,0.150,-0.291,-23.992,4.637945,-74.084438,0.08,5,1
4817,49756116,-2.681,1.537,-8.968,-8.694,3.865,-24.938,170.968,18.928,0.157,-0.273,-24.938,4.637945,-74.084438,0.08,5,1
4818,49766126,-2.688,1.351,-8.786,-8.510,-0.896,-25.244,170.904,18.757,0.138,-0.274,-25.244,4.637945,-74.084438,0.08,5,1
4819,49776116,-2.812,1.482,-8.949,-9.426,-6.786,-25.884,170.786,18.575,0.151,-0.287,-25.884,4.637945,-74.084438,0.08,5,1
4820,49786118,-3.174,1.523,-9.240,-9.456,-12.279,-26.434,170.680,18.470,0.155,-0.324,-26.434,4.637945,-74.084438,0.08,5,1
4821,49796124,-3.603,1.513,-9.521,-8.724,-16.246,-26.647,170.614,18.472,0.154,-0.367,-26.647,4.637945,-74.084438,0.08,5,1
4822,49806112,-4.014,1.491,-9.883,-7.961,-17.528,-26.312,170.595,18.568,0.152,-0.409,-26.312,4.637945,-74.084438,0.08,5,1
4823,49816129,-4.390,1.344,-10.143,-7.015,-15.636,-25.915,170.664,18.776,0.137,-0.448,-25.915,4.637945,-74.084438,0.08,5,1
4824,49826132,-4.614,1.228,-10.299,-6.557,-11.150,-25.488,170.790,19.069,0.125,-0.471,-25.488,4.637945,-74.084438,0.08,5,1
4825,49836116,-4.643,1.188,-10.198,-6.740,-5.229,-24.877,170.916,19.420,0.121,-0.473,-24.877,4.637945,-74.084438,0.08,5,1
4826,49846114,-4.550,1.354,-10.196,-7.625,0.874,-23.687,170.955,19.765,0.138,-0.464,-23.687,4.637945,-74.084438,0.08,5,1
4827,49856113,-4.343,1.402,-9.883,-6.801,5.574,-22.497,170.959,20.100,0.143,-0.443,-22.497,4.637945,-74.084438,0.08,5,1
4828,49866105,-4.133,1.441,-9.583,-5.947,7.771,-21.215,170.934,20.399,0.147,-0.421,-21.215,4.637945,-74.084438,0.08,5,1
4829,49876117,-3.937,1.455,-9.446,-5.123,8.381,-19.842,170.903,20.626,0.148,-0.401,-19.842,4.637945,-74.084438,0.08,5,1
4830,49886112,-3.818,1.477,-9.170,-4.574,8.565,-17.919,170.850,20.834,0.151,-0.389,-17.919,4.637945,-74.084438,0.08,5,1
4831,49896123,-3.751,1.279,-9.007,-4.421,8.137,-15.600,170.883,21.028,0.130,-0.383,-15.600,4.637945,-74.084438,0.08,5,1
4832,49906117,-3.663,0.987,-8.923,-4.543,7.313,-14.440,171.048,21.183,0.101,-0.374,-14.440,4.637945,-74.084438,0.08,5,1
4833,49916110,-3.651,1.016,-8.805,-5.092,6.123,-14.379,171.174,21.330,0.104,-0.372,-14.379,4.637945,-74.084438,0.08,5,1
4834,49926116,-3.632,1.086,-8.858,-5.306,4.841,-14.105,171.258,21.435,0.111,-0.370,-14.105,4.637945,-74.084438,0.08,5,1
4835,49938317,-3.582,0.939,-8.781,-7.351,3.102,-12.548,171.371,21.517,0.096,-0.365,-12.548,4.637945,-74.084438,0.08,5,1
4836,49946125,-3.582,0.939,-8.781,-7.351,3.102,-12.548,171.491,21.587,0.096,-0.365,-12.548,4.637945,-74.084438,0.08,5,1
4837,49956116,-3.518,1.106,-8.851,-9.090,2.614,-12.029,171.507,21.605,0.113,-0.359,-12.029,4.637945,-74.084438,0.08,5,1
4838,49966117,-3.458,1.243,-8.841,-10.280,2.095,-10.320,171.443,21.589,0.127,-0.353,-10.320,4.637945,-74.084438,0.08,5,1
4839,49976122,-3.360,1.243,-8.810,-11.013,1.393,-8.306,171.375,21.531,0.127,-0.343,-8.306,4.637945,-74.084438,0.08,5,1
4840,49986112,-3.217,1.380,-8.868,-11.196,0.508,-6.567,171.247,21.395,0.141,-0.328,-6.567,4.637945,-74.084438,0.08,5,1
4841,49996127,-3.212,1.284,-8.896,-9.456,-0.316,-5.285,171.194,21.258,0.131,-0.328,-5.285,4.637945,-74.084438,0.08,5,1
4842,50006119,-3.158,1.139,-8.882,-6.924,-1.628,-5.194,171.238,21.101,0.116,-0.322,-5.194,4.637945,-74.084438,0.08,5,1
4843,50016121,-3.141,1.055,-8.980,-4.146,-2.513,-5.865,171.351,20.927,0.108,-0.320,-5.865,4.637945,-74.084438,0.08,5,1
4844,50026113,-3.217,0.836,-9.038,-0.454,-3.734,-7.238,171.597,20.782,0.085,-0.328,-7.238,4.637945,-74.084438,0.08,5,1
4845,50036120,-3.313,0.674,-9.134,2.415,-5.077,-9.008,171.932,20.665,0.069,-0.338,-9.008,4.637945,-74.084438,0.08,5,1
4846,50046109,-3.501,0.515,-9.269,4.582,-5.443,-10.382,172.342,20.613,0.053,-0.357,-10.382,4.637945,-74.084438,0.08,5,1
4847,50056118,-3.651,0.358,-9.394,5.680,-4.894,-11.114,172.806,20.612,0.037,-0.372,-11.114,4.637945,-74.084438,0.08,5,1
4848,50066115,-3.742,0.242,-9.432,5.436,-3.398,-11.053,173.286,20.657,0.025,-0.382,-11.053,4.637945,-74.084438,0.08,5,1
4849,50076119,-3.747,0.033,-9.418,4.521,-1.354,-10.809,173.819,20.722,0.003,-0.382,-10.809,4.637945,-74.084438,0.08,5,1
4850,50086116,-3.725,0.057,-9.353,2.751,0.294,-10.595,174.283,20.798,0.006,-0.380,-10.595,4.637945,-74.084438,0.08,5,1
4851,50096120,-3.601,0.168,-9.240,0.401,1.515,-9.954,174.637,20.848,0.017,-0.367,-9.954,4.637945,-74.084438,0.08,5,1
4852,50106117,-3.398,0.238,-9.129,-2.163,2.247,-8.489,174.906,20.834,0.024,-0.347,-8.489,4.637945,-74.084438,0.08,5,1
4853,50116114,-3.212,0.370,-8.856,-4.757,2.156,-6.994,175.062,20.782,0.038,-0.328,-6.994,4.637945,-74.084438,0.08,5,1
4854,50126131,-3.029,0.546,-8.803,-6.954,0.905,-6.018,175.097,20.649,0.056,-0.309,-6.018,4.637945,-74.084438,0.08,5,1
4855,50136163,-2.945,0.621,-8.719,-7.076,-1.567,-5.926,175.089,20.478,0.063,-0.300,-5.926,4.637945,-74.084438,0.08,5,1
4856,50146115,-2.955,0.739,-8.702,-6.618,-4.741,-6.384,175.026,20.296,0.075,-0.301,-6.384,4.637945,-74.084438,0.08,5,1
4857,50156114,-3.034,0.884,-8.827,-5.825,-7.701,-6.445,174.909,20.115,0.090,-0.309,-6.445,4.637945,-74.084438,0.08,5,1
4858,50166114,-3.215,0.913,-9.026,-4.360,-9.715,-6.140,174.811,19.977,0.093,-0.328,-6.140,4.637945,-74.084438,0.08,5,1
4859,50176133,-3.417,0.903,-9.257,-2.773,-10.723,-5.743,174.750,19.891,0.092,-0.348,-5.743,4.637945,-74.084438,0.08,5,1
4860,50186118,-3.577,0.811,-9.458,-0.851,-10.570,-5.468,174.762,19.849,0.083,-0.365,-5.468,4.637945,-74.084438,0.08,5,1
4861,50196118,-3.727,0.669,-9.629,0.584,-9.288,-5.377,174.858,19.858,0.068,-0.380,-5.377,4.637945,-74.084438,0.08,5,1
4862,50206118,-3.825,0.549,-9.699,1.316,-7.274,-5.499,175.009,19.913,0.056,-0.390,-5.499,4.637945,-74.084438,0.08,5,1
4863,50216114,-3.811,0.563,-9.687,1.164,-4.711,-5.468,175.140,19.985,0.057,-0.389,-5.468,4.637945,-74.084438,0.08,5,1
4864,50226100,-3.727,0.626,-9.593,0.523,-2.300,-4.736,175.225,20.054,0.064,-0.380,-4.736,4.637945,-74.084438,0.08,5,1
4865,50236122,-3.639,0.657,-9.444,-0.393,-0.774,-3.607,175.276,20.119,0.067,-0.371,-3.607,4.637945,-74.084438,0.08,5,1
4866,50246117,-3.539,0.693,-9.329,-1.217,-0.347,-2.355,175.295,20.160,0.071,-0.361,-2.355,4.637945,-74.084438,0.08,5,1
4867,50256122,-3.460,0.686,-9.237,-2.010,-0.835,-1.348,175.305,20.175,0.070,-0.353,-1.348,4.637945,-74.084438,0.08,5,1
4868,50266117,-3.513,0.780,-9.288,-2.621,-2.147,-0.830,175.266,20.190,0.080,-0.358,-0.830,4.637945,-74.084438,0.08,5,1
4869,50278071,-3.816,0.848,-9.533,-1.461,-3.337,0.330,175.216,20.270,0.086,-0.389,0.330,4.637945,-74.084438,0.08,5,1
4870,50286101,-3.816,0.848,-9.533,-1.461,-3.337,0.330,175.174,20.351,0.086,-0.389,0.330,4.637945,-74.084438,0.08,5,1
4871,50296103,-3.935,0.780,-9.610,-0.576,-2.178,0.544,175.177,20.471,0.080,-0.401,0.544,4.637945,-74.084438,0.08,5,1
4872,50306106,-3.947,0.688,-9.598,0.126,0.050,0.605,175.227,20.611,0.070,-0.402,0.605,4.637945,-74.084438,0.08,5,1
4873,50316108,-3.868,0.647,-9.542,0.492,2.217,0.513,175.294,20.738,0.066,-0.394,0.513,4.637945,-74.084438,0.08,5,1
4874,50326115,-3.763,0.705,-9.430,0.218,3.590,0.361,175.323,20.843,0.072,-0.384,0.361,4.637945,-74.084438,0.08,5,1
4875,50336120,-3.632,0.814,-9.259,0.034,4.139,0.513,175.291,20.918,0.083,-0.370,0.513,4.637945,-74.084438,0.08,5,1
4876,50346106,-3.506,0.855,-9.064,-0.332,3.804,1.459,175.230,20.962,0.087,-0.357,1.459,4.637945,-74.084438,0.08,5,1
4877,50356112,-3.434,0.862,-8.980,-0.973,2.522,2.527,175.160,20.974,0.088,-0.350,2.527,4.637945,-74.084438,0.08,5,1
4878,50366119,-3.456,0.864,-8.971,-1.461,0.630,3.351,175.090,20.979,0.088,-0.352,3.351,4.637945,-74.084438,0.08,5,1
4879,50376121,-3.501,0.934,-9.021,-2.041,-1.232,3.840,174.988,20.976,0.095,-0.357,3.840,4.637945,-74.084438,0.08,5,1
4880,50386115,-3.651,1.026,-9.117,-2.193,-3.032,4.175,174.854,21.001,0.105,-0.372,4.175,4.637945,-74.084438,0.08,5,1
4881,50396120,-3.789,1.132,-9.264,-1.919,-4.100,4.694,174.691,21.045,0.115,-0.386,4.694,4.637945,-74.084438,0.08,5,1
4882,50406115,-3.921,1.202,-9.336,-1.156,-4.009,5.488,174.519,21.126,0.123,-0.400,5.488,4.637945,-74.084438,0.08,5,1
4883,50416121,-4.049,1.195,-9.420,0.157,-3.124,6.464,174.381,21.246,0.122,-0.413,6.464,4.637945,-74.084438,0.08,5,1
4884,50426110,-4.147,1.081,-9.454,1.957,-1.598,7.166,174.324,21.406,0.110,-0.423,7.166,4.637945,-74.084438,0.08,5,1
4885,50436123,-4.192,0.893,-9.511,3.697,0.538,7.197,174.376,21.584,0.091,-0.428,7.197,4.637945,-74.084438,0.08,5,1
4886,50446115,-4.157,0.713,-9.490,4.978,2.766,6.769,174.517,21.761,0.073,-0.424,6.769,4.637945,-74.084438,0.08,5,1
4887,50456117,-4.045,0.602,-9.324,5.924,4.445,5.976,174.702,21.926,0.061,-0.412,5.976,4.637945,-74.084438,0.08,5,1
4888,50466106,-3.906,0.623,-9.158,5.894,5.452,5.488,174.858,22.061,0.064,-0.398,5.488,4.637945,-74.084438,0.08,5,1
4889,50476109,-3.739,0.676,-9.036,5.558,5.604,5.732,174.969,22.139,0.069,-0.381,5.732,4.637945,-74.084438,0.08,5,1
4890,50486115,-3.599,0.604,-8.875,5.222,4.780,6.159,175.098,22.173,0.062,-0.367,6.159,4.637945,-74.084438,0.08,5,1
4891,50496120,-3.527,0.527,-8.755,4.643,2.339,6.434,175.246,22.173,0.054,-0.360,6.434,4.637945,-74.084438,0.08,5,1
4892,50506110,-3.580,0.549,-8.829,4.276,-0.896,6.159,175.370,22.153,0.056,-0.365,6.159,4.637945,-74.084438,0.08,5,1
4893,50516117,-3.713,0.587,-8.961,4.063,-3.520,5.762,175.469,22.142,0.060,-0.379,5.762,4.637945,-74.084438,0.08,5,1
4894,50526148,-3.890,0.570,-9.098,3.971,-4.985,5.640,175.572,22.168,0.058,-0.397,5.640,4.637945,-74.084438,0.08,5,1
4895,50536119,-4.049,0.484,-9.221,4.002,-4.894,5.701,175.712,22.237,0.049,-0.413,5.701,4.637945,-74.084438,0.08,5,1
4896,50546122,-4.123,0.377,-9.297,3.513,-3.673,5.427,175.888,22.328,0.038,-0.420,5.427,4.637945,-74.084438,0.08,5,1
4897,50556125,-4.138,0.327,-9.343,3.300,-1.964,4.633,176.073,22.426,0.033,-0.422,4.633,4.637945,-74.084438,0.08,5,1
4898,50566123,-4.040,0.353,-9.302,3.513,-0.530,3.382,176.233,22.499,0.036,-0.412,3.382,4.637945,-74.084438,0.08,5,1
4899,50576124,-3.978,0.385,-9.247,3.788,0.233,2.253,176.368,22.557,0.039,-0.406,2.253,4.637945,-74.084438,0.08,5,1
4900,50586123,-3.923,0.471,-9.149,3.697,0.874,1.703,176.448,22.612,0.048,-0.400,1.703,4.637945,-74.084438,0.08,5,1
4901,50601688,-3.694,0.573,-8.992,2.537,1.179,2.741,176.468,22.601,0.058,-0.377,2.741,4.637943,-74.084450,0.00,5,1
4902,50606120,-3.694,0.573,-8.992,2.537,1.179,2.741,176.477,22.586,0.058,-0.377,2.741,4.637943,-74.084450,0.00,5,1
4903,50616130,-3.615,0.553,-8.976,2.171,0.233,2.985,176.490,22.533,0.056,-0.369,2.985,4.637943,-74.084450,0.00,5,1
4904,50626114,-3.549,0.534,-8.973,1.835,-1.201,2.649,176.509,22.444,0.054,-0.362,2.649,4.637943,-74.084450,0.00,5,1
4905,50636121,-3.572,0.578,-9.000,1.438,-2.880,2.405,176.503,22.351,0.059,-0.364,2.405,4.637943,-74.084450,0.00,5,1
4906,50646114,-3.637,0.611,-9.081,1.225,-3.978,2.009,176.481,22.268,0.062,-0.371,2.009,4.637943,-74.084450,0.00,5,1
4907,50656118,-3.685,0.679,-9.175,1.164,-4.650,1.795,176.430,22.190,0.069,-0.376,1.795,4.637943,-74.084450,0.00,5,1
4908,50666128,-3.735,0.643,-9.295,1.377,-4.711,1.887,176.407,22.118,0.066,-0.381,1.887,4.637943,-74.084450,0.00,5,1
4909,50676119,-3.773,0.517,-9.350,1.682,-3.887,1.826,176.450,22.067,0.053,-0.385,1.826,4.637943,-74.084450,0.00,5,1
4910,50686107,-3.739,0.469,-9.394,1.408,-2.666,1.429,176.510,22.012,0.048,-0.381,1.429,4.637943,-74.084450,0.00,5,1
4911,50696123,-3.723,0.498,-9.482,0.614,-1.537,0.879,176.547,21.950,0.051,-0.380,0.879,4.637943,-74.084450,0.00,5,1
4912,50706147,-3.649,0.633,-9.502,0.279,-0.926,0.147,176.516,21.864,0.065,-0.372,0.147,4.637943,-74.084450,0.00,5,1
4913,50716123,-3.582,0.674,-9.449,0.309,-0.743,-0.097,176.467,21.767,0.069,-0.365,-0.097,4.637943,-74.084450,0.00,5,1
4914,50726121,-3.551,0.686,-9.451,0.370,-1.140,-0.280,176.417,21.662,0.070,-0.362,-0.280,4.637943,-74.084450,0.00,5,1
4915,50736128,-3.551,0.676,-9.480,0.584,-2.086,-0.585,176.379,21.551,0.069,-0.362,-0.585,4.637943,-74.084450,0.00,5,1
4916,50746121,-3.627,0.616,-9.523,0.523,-3.063,-0.952,176.371,21.465,0.063,-0.370,-0.952,4.637943,-74.084450,0.00,5,1
4917,50756115,-3.751,0.597,-9.593,0.279,-3.581,-1.440,176.373,21.419,0.061,-0.383,-1.440,4.637943,-74.084450,0.00,5,1
4918,50766114,-3.909,0.667,-9.682,0.065,-4.192,-2.172,176.344,21.418,0.068,-0.399,-2.172,4.637943,-74.084450,0.00,5,1
4919,50776115,-4.118,0.701,-9.845,-0.149,-4.283,-2.355,176.305,21.471,0.071,-0.420,-2.355,4.637943,-74.084450,0.00,5,1
4920,50786119,-4.319,0.768,-9.953,-0.515,-3.124,-1.867,176.240,21.588,0.078,-0.440,-1.867,4.637943,-74.084450,0.00,5,1
4921,50796127,-4.452,0.804,-10.032,-0.820,-0.987,-1.348,176.163,21.751,0.082,-0.454,-1.348,4.637943,-74.084450,0.00,5,1
4922,50806108,-4.498,0.754,-9.975,-1.034,1.942,-0.555,176.111,21.955,0.077,-0.459,-0.555,4.637943,-74.084450,0.00,5,1
4923,50816115,-4.459,0.647,-9.869,-1.156,5.177,0.086,176.104,22.178,0.066,-0.455,0.086,4.637943,-74.084450,0.00,5,1
4924,50826124,-4.355,0.655,-9.720,-1.675,8.137,0.055,176.086,22.397,0.067,-0.444,0.055,4.637943,-74.084450,0.00,5,1
4925,50836115,-4.178,0.691,-9.545,-1.461,10.365,-0.219,176.049,22.582,0.070,-0.426,-0.219,4.637943,-74.084450,0.00,5,1
4926,50846122,-3.992,0.681,-9.326,-0.912,11.708,-0.372,176.018,22.730,0.069,-0.407,-0.372,4.637943,-74.084450,0.00,5,1
4927,50856115,-3.823,0.676,-9.100,-0.667,12.379,-0.494,175.985,22.843,0.069,-0.390,-0.494,4.637943,-74.084450,0.00,5,1
4928,50866108,-3.665,0.643,-8.947,-0.759,12.013,-0.555,175.965,22.906,0.066,-0.374,-0.555,4.637943,-74.084450,0.00,5,1
4929,50876120,-3.534,0.592,-8.822,-0.851,10.975,-0.646,175.966,22.921,0.060,-0.360,-0.646,4.637943,-74.084450,0.00,5,1
4930,50886143,-3.463,0.594,-8.721,-1.278,9.724,-1.074,175.958,22.910,0.061,-0.353,-1.074,4.637943,-74.084450,0.00,5,1
4931,50896115,-3.410,0.606,-8.716,-1.552,7.863,-1.562,175.943,22.860,0.062,-0.348,-1.562,4.637943,-74.084450,0.00,5,1
4932,50906126,-3.384,0.606,-8.711,-1.491,5.665,-1.867,175.929,22.783,0.062,-0.345,-1.867,4.637943,-74.084450,0.00,5,1
4933,50916124,-3.427,0.623,-8.776,-1.369,3.377,-2.508,175.911,22.698,0.064,-0.349,-2.508,4.637943,-74.084450,0.00,5,1
4934,50926128,-3.501,0.626,-8.865,-1.339,1.851,-2.905,175.896,22.623,0.064,-0.357,-2.905,4.637943,-74.084450,0.00,5,1
4935,50936119,-3.577,0.594,-8.918,-0.973,1.088,-3.240,175.903,22.570,0.061,-0.365,-3.240,4.637943,-74.084450,0.00,5,1
4936,50950650,-3.594,0.619,-9.021,-0.789,0.874,-4.461,175.898,22.509,0.063,-0.366,-4.461,4.637943,-74.084450,0.00,5,1
4937,50956115,-3.594,0.619,-9.021,-0.789,0.874,-4.461,175.899,22.450,0.063,-0.366,-4.461,4.637943,-74.084450,0.00,5,1
4938,50966106,-3.549,0.592,-8.997,-0.545,1.149,-4.888,175.914,22.384,0.060,-0.362,-4.888,4.637943,-74.084450,0.00,5,1
4939,50976132,-3.518,0.527,-9.012,-0.057,1.027,-5.682,175.965,22.307,0.054,-0.359,-5.682,4.637943,-74.084450,0.00,5,1
4940,50986112,-3.508,0.479,-9.067,0.401,0.264,-6.689,176.041,22.216,0.049,-0.358,-6.689,4.637943,-74.084450,0.00,5,1
4941,50996112,-3.577,0.464,-9.055,0.553,-0.713,-7.879,176.119,22.155,0.047,-0.365,-7.879,4.637943,-74.084450,0.00,5,1
4942,51006116,-3.665,0.476,-9.156,0.096,-1.720,-8.825,176.184,22.110,0.049,-0.374,-8.825,4.637943,-74.084450,0.00,5,1
4943,51016135,-3.785,0.578,-9.276,-0.423,-2.147,-9.100,176.194,22.092,0.059,-0.386,-9.100,4.637943,-74.084450,0.00,5,1
4944,51026121,-3.899,0.611,-9.343,-1.247,-1.995,-8.825,176.181,22.112,0.062,-0.398,-8.825,4.637943,-74.084450,0.00,5,1
4945,51036113,-3.954,0.611,-9.398,-2.285,-1.323,-8.245,176.162,22.149,0.062,-0.403,-8.245,4.637943,-74.084450,0.00,5,1
4946,51046113,-3.971,0.684,-9.499,-2.987,-0.316,-7.513,176.107,22.181,0.070,-0.405,-7.513,4.637943,-74.084450,0.00,5,1
4947,51056118,-4.006,0.684,-9.581,-2.956,0.905,-7.025,176.059,22.223,0.070,-0.409,-7.025,4.637943,-74.084450,0.00,5,1
4948,51066142,-4.002,0.592,-9.554,-2.163,2.339,-7.025,176.063,22.279,0.060,-0.408,-7.025,4.637943,-74.084450,0.00,5,1
4949,51076116,-3.973,0.534,-9.530,-0.881,3.773,-7.635,176.105,22.337,0.054,-0.405,-7.635,4.637943,-74.084450,0.00,5,1
4950,51086109,-3.925,0.450,-9.470,0.706,5.086,-8.673,176.196,22.394,0.046,-0.400,-8.673,4.637943,-74.084450,0.00,5,1
4951,51096120,-3.890,0.317,-9.355,1.866,6.154,-9.741,176.349,22.462,0.032,-0.397,-9.741,4.637943,-74.084450,0.00,5,1
4952,51106116,-3.751,0.269,-9.249,2.384,7.222,-10.778,176.517,22.497,0.027,-0.383,-10.778,4.637943,-74.084450,0.00,5,1
4953,51116107,-3.620,0.255,-9.062,2.110,8.015,-11.389,176.674,22.514,0.026,-0.369,-11.389,4.637943,-74.084450,0.00,5,1
4954,51126118,-3.520,0.279,-8.968,1.011,8.198,-11.541,176.796,22.505,0.028,-0.359,-11.541,4.637943,-74.084450,0.00,5,1
4955,51136162,-3.358,0.329,-8.887,-0.545,7.802,-11.267,176.867,22.437,0.034,-0.342,-11.267,4.637943,-74.084450,0.00,5,1
4956,51146118,-3.229,0.283,-8.757,-2.498,7.008,-10.839,176.936,22.332,0.029,-0.329,-10.839,4.637943,-74.084450,0.00,5,1
4957,51156119,-3.160,0.361,-8.750,-5.062,5.269,-10.565,176.937,22.189,0.037,-0.322,-10.565,4.637943,-74.084450,0.00,5,1
4958,51166111,-3.096,0.544,-8.844,-7.412,3.377,-10.198,176.828,21.995,0.055,-0.316,-10.198,4.637943,-74.084450,0.00,5,1
4959,51176107,-3.086,0.638,-8.817,-9.395,2.125,-9.619,176.662,21.803,0.065,-0.315,-9.619,4.637943,-74.084450,0.00,5,1
4960,51186115,-3.079,0.807,-8.884,-11.165,0.874,-9.222,176.412,21.599,0.082,-0.314,-9.222,4.637943,-74.084450,0.00,5,1
4961,51196128,-3.234,1.091,-9.055,-11.745,-1.537,-9.405,176.047,21.424,0.111,-0.330,-9.405,4.637943,-74.084450,0.00,5,1
4962,51206122,-3.234,1.091,-9.055,-11.745,-1.537,-9.405,175.710,21.263,0.111,-0.330,-9.405,4.637943,-74.084450,0.00,5,1
4963,51216119,-3.243,1.364,-9.187,-9.212,-1.842,-9.405,175.303,21.091,0.139,-0.331,-9.405,4.637943,-74.084450,0.00,5,1
4964,51226099,-3.243,1.364,-9.187,-9.212,-1.842,-9.405,174.926,20.932,0.139,-0.331,-9.405,4.637943,-74.084450,0.00,5,1
4965,51236109,-3.379,1.282,-9.314,-4.879,-2.635,-10.626,174.665,20.817,0.131,-0.345,-10.626,4.637943,-74.084450,0.00,5,1
4966,51246099,-3.477,1.192,-9.319,-3.170,-2.666,-10.992,174.480,20.752,0.122,-0.355,-10.992,4.637943,-74.084450,0.00,5,1
4967,51256118,-3.575,1.118,-9.365,-2.651,-2.300,-10.687,174.352,20.729,0.114,-0.365,-10.687,4.637943,-74.084450,0.00,5,1
4968,51266115,-3.630,1.019,-9.396,-3.261,-1.476,-9.741,174.274,20.735,0.104,-0.370,-9.741,4.637943,-74.084450,0.00,5,1
4969,51276108,-3.611,0.934,-9.353,-4.818,-0.591,-8.489,174.225,20.749,0.095,-0.368,-8.489,4.637943,-74.084450,0.00,5,1
4970,51290012,-3.592,1.050,-9.317,-6.496,-0.347,-7.391,174.083,20.758,0.107,-0.366,-7.391,4.637943,-74.084450,0.00,5,1
4971,51296117,-3.594,1.221,-9.324,-7.534,-0.835,-6.018,173.887,20.761,0.125,-0.366,-6.018,4.637943,-74.084450,0.00,5,1
4972,51306117,-3.625,1.323,-9.369,-7.900,-1.323,-4.247,173.658,20.763,0.135,-0.370,-4.247,4.637943,-74.084450,0.00,5,1
4973,51316116,-3.685,1.330,-9.420,-7.503,-1.567,-2.661,173.451,20.778,0.136,-0.376,-2.661,4.637943,-74.084450,0.00,5,1
4974,51326099,-3.775,1.347,-9.518,-6.679,-1.537,-1.531,173.267,20.813,0.137,-0.385,-1.531,4.637943,-74.084450,0.00,5,1
4975,51336101,-3.882,1.282,-9.631,-4.360,-1.018,-1.165,173.156,20.877,0.131,-0.396,-1.165,4.637943,-74.084450,0.00,5,1
4976,51346116,-3.973,1.178,-9.699,-1.491,0.050,-1.684,173.130,20.972,0.120,-0.405,-1.684,4.637943,-74.084450,0.00,5,1
4977,51356101,-3.994,1.043,-9.701,1.438,1.973,-2.386,173.193,21.087,0.106,-0.407,-2.386,4.637943,-74.084450,0.00,5,1
4978,51366116,-3.909,0.836,-9.629,3.849,4.536,-3.149,173.365,21.199,0.085,-0.399,-3.149,4.637943,-74.084450,0.00,5,1
4979,51376107,-3.737,0.640,-9.470,5.436,6.795,-4.095,173.621,21.282,0.065,-0.381,-4.095,4.637943,-74.084450,0.00,5,1
4980,51386117,-3.575,0.537,-9.333,5.680,8.290,-4.888,173.904,21.330,0.055,-0.365,-4.888,4.637943,-74.084450,0.00,5,1
4981,51396117,-3.382,0.493,-9.127,4.917,8.504,-5.163,174.173,21.328,0.050,-0.345,-5.163,4.637943,-74.084450,0.00,5,1
4982,51406117,-3.236,0.469,-8.947,3.666,7.313,-5.102,174.418,21.282,0.048,-0.330,-5.102,4.637943,-74.084450,0.00,5,1
4983,51416107,-3.160,0.479,-8.942,1.927,5.391,-4.766,174.622,21.189,0.049,-0.322,-4.766,4.637943,-74.084450,0.00,5,1
4984,51426100,-3.131,0.440,-8.942,0.157,3.224,-4.309,174.813,21.071,0.045,-0.319,-4.309,4.637943,-74.084450,0.00,5,1
4985,51436100,-3.167,0.431,-8.959,-1.644,1.149,-4.034,174.978,20.955,0.044,-0.323,-4.034,4.637943,-74.084450,0.00,5,1
4986,51446117,-3.243,0.517,-9.045,-3.261,-0.560,-4.400,175.076,20.852,0.053,-0.331,-4.400,4.637943,-74.084450,0.00,5,1
4987,51456107,-3.293,0.621,-9.139,-4.177,-1.598,-4.888,175.110,20.753,0.063,-0.336,-4.888,4.637943,-74.084450,0.00,5,1
4988,51466117,-3.370,0.698,-9.156,-4.635,-2.239,-5.468,175.102,20.685,0.071,-0.344,-5.468,4.637943,-74.084450,0.00,5,1
4989,51476100,-3.453,0.889,-9.204,-4.726,-2.635,-6.018,175.006,20.643,0.091,-0.352,-6.018,4.637943,-74.084450,0.00,5,1
4990,51486117,-3.556,1.024,-9.290,-4.085,-2.757,-6.140,174.863,20.629,0.104,-0.363,-6.140,4.637943,-74.084450,0.00,5,1
4991,51496107,-3.611,1.057,-9.331,-3.139,-2.330,-6.018,174.727,20.637,0.108,-0.368,-6.018,4.637943,-74.084450,0.00,5,1
4992,51506101,-3.649,1.050,-9.305,-2.498,-1.659,-5.682,174.609,20.669,0.107,-0.372,-5.682,4.637943,-74.084450,0.00,5,1
4993,51516107,-3.637,1.048,-9.343,-2.102,-0.957,-5.377,174.507,20.695,0.107,-0.371,-5.377,4.637943,-74.084450,0.00,5,1
4994,51526113,-3.637,1.101,-9.367,-1.766,-0.438,-4.858,174.393,20.719,0.112,-0.371,-4.858,4.637943,-74.084450,0.00,5,1
4995,51536116,-3.608,1.149,-9.360,-1.613,-0.072,-4.064,174.266,20.733,0.117,-0.368,-4.064,4.637943,-74.084450,0.00,5,1
4996,51546119,-3.563,1.147,-9.345,-1.827,0.264,-2.966,174.147,20.733,0.117,-0.363,-2.966,4.637943,-74.084450,0.00,5,1
4997,51556122,-3.541,1.159,-9.341,-2.071,0.813,-1.837,174.029,20.730,0.118,-0.361,-1.837,4.637943,-74.084450,0.00,5,1
4998,51566117,-3.501,1.192,-9.324,-1.858,1.210,-0.982,173.906,20.716,0.122,-0.357,-0.982,4.637943,-74.084450,0.00,5,1
4999,51576116,-3.432,1.192,-9.324,-1.064,1.362,-0.585,173.799,20.677,0.122,-0.350,-0.585,4.637943,-74.084450,0.00,5,1
5000,51586117,-3.365,1.127,-9.281,0.004,1.210,-0.585,173.738,20.619,0.115,-0.343,-0.585,4.637943,-74.084450,0.00,5,1
5001,51609607,-3.348,0.995,-9.240,2.476,0.294,-1.348,173.787,20.553,0.101,-0.341,-1.348,4.637947,-74.084448,0.00,5,1
5002,51611039,-3.348,0.995,-9.240,2.476,0.294,-1.348,173.818,20.492,0.101,-0.341,-1.348,4.637947,-74.084448,0.00,5,1
5003,51616110,-3.375,0.983,-9.237,3.361,-0.286,-1.867,173.852,20.443,0.100,-0.344,-1.867,4.637947,-74.084448,0.00,5,1
5004,51626107,-3.406,0.937,-9.235,4.215,-1.018,-2.203,173.914,20.407,0.096,-0.347,-2.203,4.637947,-74.084448,0.00,5,1
5005,51636111,-3.458,0.852,-9.245,4.643,-1.445,-2.172,174.017,20.394,0.087,-0.353,-2.172,4.637947,-74.084448,0.00,5,1
5006,51646128,-3.530,0.778,-9.269,4.276,-1.689,-1.989,174.146,20.408,0.079,-0.360,-1.989,4.637947,-74.084448,0.00,5,1
5007,51656126,-3.558,0.766,-9.341,3.544,-1.689,-1.623,174.266,20.421,0.078,-0.363,-1.623,4.637947,-74.084448,0.00,5,1
5008,51666111,-3.601,0.739,-9.357,2.934,-1.171,-0.799,174.384,20.453,0.075,-0.367,-0.799,4.637947,-74.084448,0.00,5,1
5009,51676107,-3.596,0.698,-9.321,2.049,-0.560,-0.158,174.503,20.493,0.071,-0.367,-0.158,4.637947,-74.084448,0.00,5,1
5010,51686103,-3.539,0.672,-9.329,1.408,-0.102,0.269,174.618,20.508,0.068,-0.361,0.269,4.637947,-74.084448,0.00,5,1
5011,51696114,-3.503,0.652,-9.271,1.347,0.111,0.269,174.731,20.518,0.067,-0.357,0.269,4.637947,-74.084448,0.00,5,1
5012,51706106,-3.465,0.681,-9.223,1.591,-0.072,-0.280,174.821,20.518,0.069,-0.353,-0.280,4.637947,-74.084448,0.00,5,1
5013,51716113,-3.465,0.734,-9.233,1.927,-0.316,-0.860,174.882,20.512,0.075,-0.353,-0.860,4.637947,-74.084448,0.00,4,1
5014,51726121,-3.422,0.705,-9.192,2.720,-0.438,-1.409,174.958,20.495,0.072,-0.349,-1.409,4.637947,-74.084448,0.00,4,1
5015,51736121,-3.410,0.652,-9.170,2.842,-0.560,-1.623,175.053,20.477,0.067,-0.348,-1.623,4.637947,-74.084448,0.00,4,1
5016,51746113,-3.420,0.621,-9.161,2.262,-0.957,-1.806,175.151,20.462,0.063,-0.349,-1.806,4.637947,-74.084448,0.00,4,1
5017,51756111,-3.425,0.633,-9.144,1.499,-1.293,-1.928,175.227,20.450,0.065,-0.349,-1.928,4.637947,-74.084448,0.00,4,1
5018,51766106,-3.422,0.669,-9.173,0.218,-1.537,-1.470,175.270,20.431,0.068,-0.349,-1.470,4.637947,-74.084448,0.00,4,1
5019,51776128,-3.475,0.688,-9.204,-0.942,-1.415,-0.738,175.290,20.431,0.070,-0.354,-0.738,4.637947,-74.084448,0.00,4,1
5020,51786107,-3.441,0.754,-9.192,-2.041,-1.048,-0.189,175.267,20.422,0.077,-0.351,-0.189,4.637947,-74.084448,0.00,4,1
5021,51796113,-3.353,0.763,-9.206,-2.254,-0.560,0.055,175.240,20.379,0.078,-0.342,0.055,4.637947,-74.084448,0.00,4,1
5022,51806108,-3.317,0.751,-9.132,-1.919,-0.347,-0.250,175.221,20.337,0.077,-0.338,-0.250,4.637947,-74.084448,0.00,4,1
5023,51816110,-3.260,0.758,-9.079,-1.400,-0.469,-0.830,175.202,20.281,0.077,-0.332,-0.830,4.637947,-74.084448,0.00,4,1
5024,51826120,-3.253,0.814,-9.036,-0.789,-0.957,-1.562,175.163,20.228,0.083,-0.332,-1.562,4.637947,-74.084448,0.00,4,1
5025,51836107,-3.298,0.913,-9.002,-0.149,-2.361,-2.416,175.083,20.189,0.093,-0.336,-2.416,4.637947,-74.084448,0.00,4,1
5026,51846115,-3.389,1.014,-9.086,0.614,-4.039,-2.935,174.972,20.161,0.103,-0.346,-2.935,4.637947,-74.084448,0.00,4,1
5027,51856109,-3.561,1.009,-9.192,1.499,-5.290,-2.539,174.885,20.179,0.103,-0.363,-2.539,4.637947,-74.084448,0.00,4,1
5028,51866122,-3.696,0.927,-9.319,1.896,-5.565,-1.501,174.854,20.229,0.095,-0.377,-1.501,4.637947,-74.084448,0.00,4,1
5029,51876112,-3.801,0.852,-9.422,1.286,-5.260,-0.280,174.858,20.305,0.087,-0.388,-0.280,4.637947,-74.084448,0.00,4,1
5030,51886115,-3.906,0.787,-9.490,0.492,-4.375,0.696,174.887,20.416,0.080,-0.398,0.696,4.637947,-74.084448,0.00,4,1
5031,51896112,-3.911,0.797,-9.514,-0.088,-3.032,1.276,174.905,20.528,0.081,-0.399,1.276,4.637947,-74.084448,0.00,4,1
5032,51906115,-3.892,0.782,-9.478,-0.240,-1.811,1.642,174.926,20.641,0.080,-0.397,1.642,4.637947,-74.084448,0.00,4,1
5033,51916130,-3.830,0.802,-9.369,0.004,-0.804,1.917,174.934,20.748,0.082,-0.391,1.917,4.637947,-74.084448,0.00,4,1
5034,51926104,-3.761,0.823,-9.369,0.279,-0.225,1.826,174.934,20.823,0.084,-0.383,1.826,4.637947,-74.084448,0.00,4,1
5035,51936122,-3.694,0.831,-9.276,0.981,0.020,1.642,174.933,20.884,0.085,-0.377,1.642,4.637947,-74.084448,0.00,4,1
5036,51948326,-3.632,0.828,-9.177,1.835,-0.225,1.459,174.940,20.928,0.084,-0.370,1.459,4.637947,-74.084448,0.00,4,1
5037,51956120,-3.592,0.785,-9.132,2.171,-0.408,1.459,174.965,20.959,0.080,-0.366,1.459,4.637947,-74.084448,0.00,4,1
5038,51966109,-3.563,0.710,-9.033,1.866,-0.987,1.398,175.018,20.987,0.072,-0.363,1.398,4.637947,-74.084448,0.00,4,1
5039,51976111,-3.534,0.746,-9.050,1.347,-1.964,1.551,175.046,20.988,0.076,-0.360,1.551,4.637947,-74.084448,0.00,4,1
5040,51986108,-3.534,0.816,-9.091,0.370,-2.880,1.978,175.030,20.974,0.083,-0.360,1.978,4.637947,-74.084448,0.00,4,1
5041,51996108,-3.603,0.855,-9.127,-0.118,-3.429,2.588,174.994,20.978,0.087,-0.367,2.588,4.637947,-74.084448,0.00,4,1
5042,52006127,-3.687,0.874,-9.228,-0.057,-4.070,3.016,174.956,20.993,0.089,-0.376,3.016,4.637947,-74.084448,0.00,4,1
5043,52016127,-3.766,0.838,-9.369,0.919,-4.680,3.046,174.954,21.011,0.085,-0.384,3.046,4.637947,-74.084448,0.00,4,1
5044,52026122,-3.901,0.722,-9.427,2.445,-4.466,2.711,175.021,21.076,0.074,-0.398,2.711,4.637947,-74.084448,0.00,4,1
5045,52036107,-3.999,0.587,-9.470,3.605,-3.490,1.948,175.158,21.178,0.060,-0.408,1.948,4.637947,-74.084448,0.00,4,1
5046,52046127,-4.021,0.496,-9.557,4.032,-2.025,1.185,175.333,21.281,0.051,-0.410,1.185,4.637947,-74.084448,0.00,4,1
5047,52056115,-3.997,0.431,-9.497,3.727,-0.255,0.605,175.520,21.393,0.044,-0.408,0.605,4.637947,-74.084448,0.00,4,1
5048,52066113,-3.906,0.426,-9.377,2.659,1.149,0.544,175.683,21.494,0.043,-0.398,0.544,4.637947,-74.084448,0.00,4,1
5049,52076107,-3.782,0.467,-9.288,1.347,1.851,0.757,175.799,21.558,0.048,-0.386,0.757,4.637947,-74.084448,0.00,4,1
5050,52086122,-3.687,0.534,-9.252,0.340,1.820,1.368,175.865,21.584,0.054,-0.376,1.368,4.637947,-74.084448,0.00,4,1
5051,52096119,-3.611,0.539,-9.197,-0.362,1.484,1.642,175.916,21.582,0.055,-0.368,1.642,4.637947,-74.084448,0.00,4,1
5052,52106110,-3.537,0.527,-9.139,-0.576,0.752,1.612,175.965,21.552,0.054,-0.361,1.612,4.637947,-74.084448,0.00,4,1
5053,52116120,-3.503,0.529,-9.117,-0.759,-0.225,1.185,176.006,21.506,0.054,-0.357,1.185,4.637947,-74.084448,0.00,4,1
5054,52126115,-3.496,0.573,-9.120,-0.851,-1.384,0.422,176.023,21.448,0.058,-0.357,0.422,4.637947,-74.084448,0.00,4,1
5055,52136171,-3.522,0.621,-9.182,-0.728,-2.422,-0.402,176.019,21.385,0.063,-0.359,-0.402,4.637947,-74.084448,0.00,4,1
5056,52146112,-3.615,0.698,-9.259,-0.393,-3.307,-0.952,175.985,21.345,0.071,-0.369,-0.952,4.637947,-74.084448,0.00,4,1
5057,52156107,-3.701,0.773,-9.333,-0.088,-3.673,-1.165,175.923,21.326,0.079,-0.377,-1.165,4.637947,-74.084448,0.00,4,1
5058,52166104,-3.773,0.845,-9.418,0.553,-3.612,-0.921,175.843,21.323,0.086,-0.385,-0.921,4.637947,-74.084448,0.00,4,1
5059,52176122,-3.866,0.814,-9.466,1.438,-3.154,-0.555,175.793,21.355,0.083,-0.394,-0.555,4.637947,-74.084448,0.00,4,1
5060,52186125,-3.921,0.775,-9.530,2.262,-2.300,-0.311,175.774,21.403,0.079,-0.400,-0.311,4.637947,-74.084448,0.00,4,1
5061,52196107,-3.913,0.727,-9.502,3.117,-1.110,-0.158,175.786,21.462,0.074,-0.399,-0.158,4.637947,-74.084448,0.00,4,1
5062,52206112,-3.880,0.655,-9.470,3.727,0.172,-0.097,175.834,21.521,0.067,-0.396,-0.097,4.637947,-74.084448,0.00,4,1
5063,52216107,-3.813,0.592,-9.444,4.032,1.271,-0.097,175.910,21.563,0.060,-0.389,-0.097,4.637947,-74.084448,0.00,4,1
5064,52226105,-3.754,0.537,-9.396,3.819,2.186,-0.036,176.002,21.596,0.055,-0.383,-0.036,4.637947,-74.084448,0.00,4,1
5065,52236115,-3.661,0.522,-9.317,3.239,2.614,0.025,176.087,21.605,0.053,-0.373,0.025,4.637947,-74.084448,0.00,4,1
5066,52246112,-3.582,0.539,-9.235,2.384,2.736,0.239,176.147,21.595,0.055,-0.365,0.239,4.637947,-74.084448,0.00,4,1
5067,52256112,-3.539,0.532,-9.194,1.560,2.522,0.666,176.197,21.573,0.054,-0.361,0.666,4.637947,-74.084448,0.00,4,1
5068,52266113,-3.518,0.534,-9.199,1.194,1.973,0.788,176.239,21.538,0.054,-0.359,0.788,4.637947,-74.084448,0.00,4,1
5069,52276112,-3.537,0.570,-9.242,1.133,1.057,0.391,176.261,21.498,0.058,-0.361,0.391,4.637947,-74.084448,0.00,4,1
5070,52286112,-3.575,0.510,-9.288,1.469,0.416,-0.311,176.314,21.464,0.052,-0.365,-0.311,4.637947,-74.084448,0.00,4,1
5071,52298009,-3.649,0.505,-9.321,1.866,-0.041,-1.257,176.373,21.453,0.052,-0.372,-1.257,4.637947,-74.084448,0.00,4,1
5072,52306107,-3.708,0.515,-9.362,2.140,0.081,-1.898,176.424,21.462,0.053,-0.378,-1.898,4.637947,-74.084448,0.00,4,1
5073,52316106,-3.732,0.500,-9.353,1.988,0.660,-2.081,176.476,21.486,0.051,-0.381,-2.081,4.637947,-74.084448,0.00,4,1
5074,52326107,-3.732,0.445,-9.312,1.316,1.515,-1.837,176.544,21.524,0.045,-0.381,-1.837,4.637947,-74.084448,0.00,4,1
5075,52336108,-3.673,0.433,-9.221,0.096,2.492,-1.531,176.598,21.559,0.044,-0.374,-1.531,4.637947,-74.084448,0.00,4,1
5076,52346112,-3.582,0.452,-9.125,-1.278,3.102,-1.318,176.624,21.574,0.046,-0.365,-1.318,4.637947,-74.084448,0.00,4,1
5077,52356113,-3.501,0.578,-9.048,-2.041,2.949,-1.501,176.578,21.565,0.059,-0.357,-1.501,4.637947,-74.084448,0.00,4,1
5078,52366115,-3.441,0.763,-9.019,-2.071,2.034,-1.867,176.445,21.525,0.078,-0.351,-1.867,4.637947,-74.084448,0.00,4,1
5079,52376116,-3.489,0.828,-9.048,-1.156,0.905,-2.203,176.300,21.492,0.084,-0.356,-2.203,4.637947,-74.084448,0.00,4,1
5080,52386104,-3.537,0.795,-9.110,0.065,-0.163,-2.600,176.197,21.462,0.081,-0.361,-2.600,4.637947,-74.084448,0.00,4,1
5081,52396116,-3.592,0.742,-9.194,0.981,-1.018,-3.027,176.139,21.437,0.076,-0.366,-3.027,4.637947,-74.084448,0.00,4,1
5082,52406104,-3.677,0.722,-9.221,1.499,-1.323,-3.271,176.100,21.442,0.074,-0.375,-3.271,4.637947,-74.084448,0.00,4,1
5083,52416116,-3.713,0.715,-9.225,1.469,-1.018,-3.362,176.067,21.463,0.073,-0.379,-3.362,4.637947,-74.084448,0.00,4,1
5084,52426104,-3.749,0.768,-9.199,1.286,-0.530,-3.118,176.009,21.505,0.078,-0.382,-3.118,4.637947,-74.084448,0.00,4,1
5085,52436116,-3.754,0.823,-9.261,1.408,-0.316,-2.752,175.933,21.537,0.084,-0.383,-2.752,4.637947,-74.084448,0.00,4,1
5086,52446104,-3.761,0.809,-9.235,2.049,-0.286,-2.416,175.875,21.575,0.082,-0.383,-2.416,4.637947,-74.084448,0.00,4,1
5087,52456116,-3.775,0.717,-9.216,2.445,-0.316,-1.989,175.867,21.619,0.073,-0.385,-1.989,4.637947,-74.084448,0.00,4,1
5088,52466104,-3.761,0.660,-9.189,2.201,-0.163,-1.623,175.884,21.660,0.067,-0.383,-1.623,4.637947,-74.084448,0.00,4,1
5089,52476116,-3.742,0.650,-9.199,1.560,0.020,-1.196,175.898,21.691,0.066,-0.382,-1.196,4.637947,-74.084448,0.00,4,1
5090,52486116,-3.742,0.674,-9.163,0.614,0.386,-0.738,175.890,21.729,0.069,-0.382,-0.738,4.637947,-74.084448,0.00,4,1
5091,52496116,-3.730,0.708,-9.134,0.248,0.477,-0.250,175.862,21.764,0.072,-0.380,-0.250,4.637947,-74.084448,0.00,4,1
5092,52506116,-3.670,0.727,-9.072,0.279,0.477,0.178,175.825,21.782,0.074,-0.374,0.178,4.637947,-74.084448,0.00,4,1
5093,52516116,-3.639,0.770,-9.033,0.248,0.477,0.361,175.768,21.792,0.079,-0.371,0.361,4.637947,-74.084448,0.00,4,1
5094,52526118,-3.561,0.831,-9.014,0.645,0.447,0.361,175.690,21.770,0.085,-0.363,0.361,4.637947,-74.084448,0.00,4,1
5095,52536113,-3.527,0.819,-8.980,1.499,0.081,0.269,175.629,21.738,0.083,-0.360,0.269,4.637947,-74.084448,0.00,4,1
5096,52546149,-3.513,0.814,-9.007,2.079,-0.469,0.025,175.582,21.693,0.083,-0.358,0.025,4.637947,-74.084448,0.00,4,1
5097,52556111,-3.503,0.775,-9.016,2.567,-0.713,-0.158,175.563,21.644,0.079,-0.357,-0.158,4.637947,-74.084448,0.00,4,1
5098,52566124,-3.513,0.775,-9.004,2.659,-1.018,-0.006,175.545,21.603,0.079,-0.358,-0.006,4.637947,-74.084448,0.00,4,1
5099,52576112,-3.520,0.821,-9.002,2.079,-1.293,0.483,175.500,21.564,0.084,-0.359,0.483,4.637947,-74.084448,0.00,4,1
5100,52586122,-3.470,0.855,-9.012,1.591,-1.537,1.215,175.439,21.503,0.087,-0.354,1.215,4.637947,-74.084448,0.00,4,1
5101,52611572,-3.484,0.744,-9.120,1.591,-3.185,2.192,175.453,21.370,0.076,-0.355,2.192,4.637943,-74.084465,0.00,4,1
5102,52613001,-3.484,0.744,-9.120,1.591,-3.185,2.192,175.458,21.272,0.076,-0.355,2.192,4.637943,-74.084465,0.00,4,1
5103,52616117,-3.580,0.701,-9.192,1.988,-4.527,1.734,175.486,21.225,0.071,-0.365,1.734,4.637943,-74.084465,0.00,4,1
5104,52626105,-3.706,0.681,-9.343,2.690,-5.474,1.185,175.533,21.203,0.069,-0.378,1.185,4.637943,-74.084465,0.00,4,1
5105,52636167,-3.868,0.616,-9.480,3.300,-5.351,1.002,175.620,21.231,0.063,-0.394,1.002,4.637943,-74.084465,0.00,4,1
5106,52646123,-3.978,0.508,-9.562,2.842,-4.222,1.124,175.750,21.299,0.052,-0.406,1.124,4.637943,-74.084465,0.00,4,1
5107,52656120,-4.030,0.498,-9.600,1.805,-2.269,1.612,175.864,21.394,0.051,-0.411,1.612,4.637943,-74.084465,0.00,4,1
5108,52666118,-3.975,0.568,-9.554,0.553,0.294,2.344,175.922,21.488,0.058,-0.405,2.344,4.637943,-74.084465,0.00,4,1
5109,52676116,-3.825,0.621,-9.454,0.034,2.431,3.077,175.942,21.548,0.063,-0.390,3.077,4.637943,-74.084465,0.00,4,1
5110,52686123,-3.651,0.566,-9.333,0.645,3.071,3.565,175.989,21.558,0.058,-0.372,3.565,4.637943,-74.084465,0.00,4,1
5111,52696124,-3.553,0.426,-9.204,1.866,2.492,3.107,176.108,21.543,0.043,-0.362,3.107,4.637943,-74.084465,0.00,4,1
5112,52706123,-3.501,0.349,-9.113,2.690,1.027,2.009,176.260,21.508,0.036,-0.357,2.009,4.637943,-74.084465,0.00,4,1
5113,52716117,-3.549,0.283,-9.113,3.147,-0.408,0.849,176.436,21.484,0.029,-0.362,0.849,4.637943,-74.084465,0.00,4,1
5114,52726118,-3.692,0.279,-9.125,2.903,-1.445,0.117,176.598,21.511,0.028,-0.376,0.117,4.637943,-74.084465,0.00,4,1
5115,52736116,-3.797,0.390,-9.199,2.018,-1.720,0.117,176.687,21.563,0.040,-0.387,0.117,4.637943,-74.084465,0.00,4,1
5116,52746118,-3.828,0.433,-9.180,0.675,-0.865,1.124,176.735,21.634,0.044,-0.390,1.124,4.637943,-74.084465,0.00,4,1
5117,52756128,-3.747,0.438,-9.091,-0.942,0.477,2.588,176.760,21.694,0.045,-0.382,2.588,4.637943,-74.084465,0.00,4,1
5118,52766127,-3.651,0.418,-8.949,-2.163,1.118,3.443,176.778,21.740,0.043,-0.372,3.443,4.637943,-74.084465,0.00,4,1
5119,52776112,-3.539,0.467,-8.913,-2.834,0.691,3.321,176.763,21.736,0.048,-0.361,3.321,4.637943,-74.084465,0.00,4,1
5120,52786118,-3.508,0.561,-8.932,-2.804,-0.377,2.649,176.704,21.706,0.057,-0.358,2.649,4.637943,-74.084465,0.00,4,1
5121,52796117,-3.556,0.761,-9.009,-2.346,-1.720,2.253,176.560,21.670,0.078,-0.363,2.253,4.637943,-74.084465,0.00,4,1
5122,52806105,-3.639,0.848,-9.132,-1.278,-2.696,2.344,176.399,21.642,0.086,-0.371,2.344,4.637943,-74.084465,0.00,4,1
5123,52816129,-3.730,0.792,-9.302,-0.271,-3.002,2.558,176.294,21.623,0.081,-0.380,2.558,4.637943,-74.084465,0.00,4,1
5124,52826129,-4.948,1.241,-10.525,-2.285,-1.262,4.084,176.037,21.870,0.127,-0.505,4.084,4.637943,-74.084465,0.00,4,1
5125,52836120,-7.829,5.018,-12.590,-21.114,6.917,18.976,174.477,22.555,0.512,-0.798,18.976,4.637943,-74.084465,0.00,4,1
5126,52846119,-8.131,5.197,-12.701,-33.565,20.131,56.696,172.882,23.359,0.530,-0.829,56.696,4.637943,-74.084465,0.00,4,1
5127,52856132,-5.401,0.476,-10.378,-18.642,29.316,79.218,173.046,23.943,0.049,-0.551,79.218,4.637943,-74.084465,0.00,4,1
5128,52866124,-2.752,-2.400,-10.510,-13.424,32.216,67.499,174.429,23.505,-0.245,-0.281,67.499,4.637943,-74.084465,0.00,4,1
5129,52876120,-1.860,-2.482,-8.690,-8.327,36.641,32.160,175.989,22.936,-0.253,-0.190,32.160,4.637943,-74.084465,0.00,4,1
5130,52886118,-1.612,-0.613,-7.720,1.438,33.711,-2.447,176.650,22.393,-0.063,-0.164,-2.447,4.637943,-74.084465,0.00,4,1
5131,52896111,-1.345,1.093,-8.092,13.950,28.493,-21.704,176.441,21.660,0.112,-0.137,-21.704,4.637943,-74.084465,0.00,4,1
5132,52906113,-1.286,1.691,-7.436,23.747,23.549,-27.532,175.949,20.953,0.172,-0.131,-27.532,4.637943,-74.084465,0.00,4,1
5133,52916116,-1.331,1.935,-7.049,28.294,14.332,-24.023,175.344,20.273,0.197,-0.136,-24.023,4.637943,-74.084465,0.00,4,1
5134,52926118,-1.622,1.395,-7.249,28.507,2.125,-15.386,175.126,19.689,0.142,-0.165,-15.386,4.637943,-74.084465,0.00,4,1
5135,52936128,-2.080,0.744,-7.628,23.869,-8.159,-6.170,175.288,19.268,0.076,-0.212,-6.170,4.637943,-74.084465,0.00,4,1
5136,52948413,-2.602,-0.037,-8.145,18.345,-14.690,0.330,175.873,18.978,-0.004,-0.265,0.330,4.637943,-74.084465,0.00,4,1
5137,52956122,-3.034,-0.517,-8.567,12.425,-19.267,3.168,176.568,18.836,-0.053,-0.309,3.168,4.637943,-74.084465,0.00,4,1
5138,52966125,-3.541,-0.864,-8.968,6.382,-21.923,3.351,177.311,18.833,-0.088,-0.361,3.351,4.637943,-74.084465,0.00,4,1
5139,52976119,-3.975,-0.693,-9.454,0.340,-22.533,1.215,177.838,18.924,-0.071,-0.405,1.215,4.637943,-74.084465,0.00,4,1
5140,52986107,-4.242,-0.240,-9.701,-3.902,-20.275,-0.402,178.071,19.095,-0.024,-0.433,-0.402,4.637943,-74.084465,0.00,4,1
5141,52996126,-4.452,0.028,-9.667,-7.381,-15.666,-0.189,178.133,19.381,0.003,-0.454,-0.189,4.637943,-74.084465,0.00,4,1
5142,53006119,-4.493,0.464,-9.888,-10.097,-10.570,1.063,177.971,19.667,0.047,-0.458,1.063,4.637943,-74.084465,0.00,4,1
5143,53016124,-4.331,0.836,-10.040,-9.273,-5.229,2.283,177.671,19.892,0.085,-0.442,2.283,4.637943,-74.084465,0.00,4,1
5144,53026120,-4.140,0.732,-9.687,-6.344,-0.926,3.199,177.454,20.126,0.075,-0.422,3.199,4.637943,-74.084465,0.00,4,1
5145,53036115,-3.839,0.674,-9.530,-3.689,1.484,2.466,177.300,20.273,0.069,-0.392,2.466,4.637943,-74.084465,0.00,4,1
5146,53046127,-3.596,0.845,-9.458,-1.308,2.492,0.696,177.098,20.330,0.086,-0.367,0.696,4.637943,-74.084465,0.00,4,1
5147,53056118,-3.375,0.893,-9.199,0.797,2.217,-0.494,176.898,20.328,0.091,-0.344,-0.494,4.637943,-74.084465,0.00,4,1
5148,53066119,-3.205,0.932,-9.076,1.866,0.752,-1.348,176.699,20.258,0.095,-0.327,-1.348,4.637943,-74.084465,0.00,4,1
5149,53076119,-3.272,1.349,-9.098,1.530,-1.262,-1.379,176.315,20.193,0.138,-0.334,-1.379,4.637943,-74.084465,0.00,4,1
5150,53086120,-3.339,1.349,-9.120,2.659,-4.039,0.788,175.973,20.132,0.138,-0.340,0.788,4.637943,-74.084465,0.00,4,1
5151,53096119,-3.627,1.236,-9.458,1.743,-5.992,3.992,175.723,20.127,0.126,-0.370,3.992,4.637943,-74.084465,0.00,4,1
5152,53106119,-3.828,1.040,-9.643,1.164,-6.053,7.013,175.584,20.177,0.106,-0.390,7.013,4.637943,-74.084465,0.00,4,1
5153,53116129,-3.913,0.795,-9.766,0.889,-4.833,9.058,175.569,20.252,0.081,-0.399,9.058,4.637943,-74.084465,0.00,4,1
5154,53126131,-4.030,0.541,-9.823,0.767,-2.757,9.180,175.667,20.379,0.055,-0.411,9.180,4.637943,-74.084465,0.00,4,1
5155,53136157,-4.021,0.484,-9.895,1.347,-0.163,7.471,175.791,20.506,0.049,-0.410,7.471,4.637943,-74.084465,0.00,4,1
5156,53146117,-3.904,0.578,-9.855,2.659,2.736,5.305,175.875,20.611,0.059,-0.398,5.305,4.637943,-74.084465,0.00,4,1
5157,53156120,-3.708,0.611,-9.588,4.154,5.025,3.596,175.944,20.694,0.062,-0.378,3.596,4.637943,-74.084465,0.00,4,1
5158,53166106,-3.501,0.616,-9.410,4.582,6.215,2.649,176.004,20.724,0.063,-0.357,2.649,4.637943,-74.084465,0.00,4,1
5159,53176127,-3.403,0.657,-9.329,4.337,6.215,2.405,176.036,20.725,0.067,-0.347,2.405,4.637943,-74.084465,0.00,4,1
5160,53186122,-3.630,0.414,-9.744,4.673,5.604,2.192,176.190,20.751,0.042,-0.370,2.192,4.637943,-74.084465,0.00,4,1
5161,53196119,-4.080,0.011,-10.297,5.100,6.795,0.696,176.518,20.878,0.001,-0.416,0.696,4.637943,-74.084465,0.00,4,1
5162,53206104,-4.569,-0.264,-10.844,5.009,10.792,-2.081,176.930,21.126,-0.027,-0.466,-2.081,4.637943,-74.084465,0.00,4,1
5163,53216110,-4.917,-0.365,-11.336,3.941,17.537,-4.827,177.335,21.462,-0.037,-0.501,-4.827,4.637943,-74.084465,0.00,4,1
5164,53226103,-4.746,-0.780,-11.269,4.093,25.929,-7.604,177.872,21.801,-0.080,-0.484,-7.604,4.637943,-74.084465,0.00,4,1
5165,53236103,-4.176,-1.276,-10.741,3.697,33.253,-12.091,178.580,22.054,-0.130,-0.426,-12.091,4.637943,-74.084465,0.00,4,1
5166,53246115,-3.513,-1.891,-10.352,3.269,38.807,-19.049,179.502,22.137,-0.193,-0.358,-19.049,4.637943,-74.084465,0.00,4,1
5167,53256103,-2.795,-2.294,-9.660,3.758,42.531,-28.906,180.587,22.040,-0.234,-0.285,-28.906,4.637943,-74.084465,0.00,4,1
5168,53266109,-2.068,-2.159,-9.000,5.467,43.049,-40.411,181.616,21.716,-0.220,-0.211,-40.411,4.637943,-74.084465,0.00,4,1
5169,53276117,-1.107,-0.517,-7.386,5.955,40.150,-50.176,181.848,21.079,-0.053,-0.113,-50.176,4.637943,-74.084465,0.00,4,1
5170,53288107,0.171,1.593,-5.325,2.659,30.263,-50.451,180.443,19.645,0.162,0.017,-50.451,4.637943,-74.084465,0.00,4,1
5171,53296111,-0.399,2.207,-6.435,2.598,12.410,-41.082,178.968,18.501,0.225,-0.041,-41.082,4.637943,-74.084465,0.00,4,1
5172,53306102,-1.770,1.332,-8.627,12.119,-2.178,-33.697,178.478,17.937,0.136,-0.180,-33.697,4.637943,-74.084465,0.00,4,1
5173,53316103,-2.538,-0.541,-9.177,19.962,-7.366,-35.101,179.033,17.673,-0.055,-0.259,-35.101,4.637943,-74.084465,0.00,4,1
5174,53326110,-2.702,-1.501,-9.110,19.169,-7.549,-42.608,179.997,17.496,-0.153,-0.276,-42.608,4.637943,-74.084465,0.00,4,1
5175,53336101,-2.807,-0.857,-8.973,11.234,-6.999,-50.665,180.514,17.413,-0.087,-0.286,-50.665,4.637943,-74.084465,0.00,4,1
5176,53346110,-2.695,-0.179,-8.611,3.513,-9.349,-54.663,180.594,17.321,-0.018,-0.275,-54.663,4.637943,-74.084465,0.00,4,1
5177,53356102,-2.461,-0.073,-8.649,-1.705,-13.194,-54.540,180.564,17.086,-0.007,-0.251,-54.540,4.637943,-74.084465,0.00,4,1
5178,53366108,-2.068,-0.293,-8.759,-3.048,-17.742,-53.625,180.634,16.628,-0.030,-0.211,-53.625,4.637943,-74.084465,0.00,4,1
5179,53376110,-2.027,-0.302,-8.743,-5.550,-22.685,-52.496,180.681,16.142,-0.031,-0.207,-52.496,4.637943,-74.084465,0.00,4,1
5180,53386102,-2.304,-0.071,-8.642,-9.670,-27.141,-50.573,180.570,15.795,-0.007,-0.235,-50.573,4.637943,-74.084465,0.00,4,1
5181,53396103,-2.428,-0.117,-8.884,-12.539,-30.742,-47.491,180.463,15.469,-0.012,-0.248,-47.491,4.637943,-74.084465,0.00,4,1
5182,53406117,-2.273,-0.768,-9.045,-15.865,-32.390,-45.721,180.646,15.058,-0.078,-0.232,-45.721,4.637943,-74.084465,0.00,4,1
5183,53416103,-2.077,-0.862,-8.884,-20.138,-33.916,-48.986,180.829,14.593,-0.088,-0.212,-48.986,4.637943,-74.084465,0.00,4,1
5184,53426116,-2.280,0.064,-9.055,-23.983,-37.395,-52.099,180.508,14.209,0.007,-0.233,-52.099,4.637943,-74.084465,0.00,4,1
5185,53436101,-2.881,0.373,-9.201,-25.020,-41.027,-50.543,180.056,14.068,0.038,-0.294,-50.543,4.637943,-74.084465,0.00,4,1
5186,53446110,-3.034,0.392,-9.093,-26.180,-44.597,-46.087,179.616,13.985,0.040,-0.309,-46.087,4.637943,-74.084465,0.00,4,1
5187,53456102,-2.740,0.168,-8.880,-27.248,-48.595,-42.272,179.306,13.775,0.017,-0.279,-42.272,4.637943,-74.084465,0.00,4,1
5188,53466116,-2.514,-0.346,-8.409,-27.767,-52.989,-42.730,179.277,13.499,-0.035,-0.256,-42.730,4.637943,-74.084465,0.00,4,1
5189,53476103,-2.566,-1.088,-8.370,-29.018,-58.452,-48.590,179.623,13.216,-0.111,-0.262,-48.590,4.637943,-74.084465,0.00,4,1
5190,53486101,-2.509,-1.768,-8.856,-33.901,-59.886,-59.271,180.195,12.836,-0.180,-0.256,-59.271,4.637943,-74.084465,0.00,4,1
5191,53496107,-3.432,0.144,-9.055,-43.026,-58.849,-70.501,179.708,12.893,0.015,-0.350,-70.501,4.637943,-74.084465,0.00,4,1
5192,53506101,-3.878,1.850,-9.605,-45.162,-61.504,-67.083,178.477,12.988,0.189,-0.395,-67.083,4.637943,-74.084465,0.00,4,1
5193,53516106,-4.042,2.104,-9.989,-40.554,-57.994,-58.721,177.307,13.106,0.215,-0.412,-58.721,4.637943,-74.084465,0.00,4,1
5194,53526101,-4.052,2.137,-9.684,-31.582,-49.144,-55.670,176.267,13.344,0.218,-0.413,-55.670,4.637943,-74.084465,0.00,4,1
5195,53536117,-3.813,1.660,-9.259,-23.342,-42.949,-53.381,175.556,13.610,0.169,-0.389,-53.381,4.637943,-74.084465,0.00,4,1
5196,53546132,-3.191,-0.488,-9.175,-18.337,-39.714,-52.831,175.952,13.662,-0.050,-0.325,-52.831,4.637943,-74.084465,0.00,4,1
5197,53556118,-2.786,-2.267,-8.452,-20.229,-34.282,-62.475,177.212,13.648,-0.231,-0.284,-62.475,4.637943,-74.084465,0.00,4,1
5198,53566127,-3.553,-1.426,-7.621,-30.849,-33.519,-77.459,177.942,14.172,-0.145,-0.362,-77.459,4.637943,-74.084465,0.00,4,1
5199,53576121,-4.419,-0.196,-8.409,-38.906,-43.041,-86.981,177.836,14.804,-0.020,-0.451,-86.981,4.637943,-74.084465,0.00,4,1
5200,53586143,-4.750,0.604,-8.639,-43.300,-52.806,-90.429,177.290,15.375,0.062,-0.484,-90.429,4.637943,-74.084465,0.00,4,1
5201,53603875,-4.526,1.204,-8.169,-35.305,-64.952,-92.108,176.251,15.388,0.123,-0.462,-92.108,4.637943,-74.084465,0.00,4,1
5202,53606109,-4.526,1.204,-8.169,-35.305,-64.952,-92.108,175.552,15.852,0.123,-0.462,-92.108,4.637943,-74.084465,0.00,4,1
5203,53616110,-4.948,0.674,-8.097,-30.239,-65.563,-93.054,175.244,16.474,0.069,-0.505,-93.054,4.637943,-74.084465,0.00,4,1
5204,53626124,-5.189,0.262,-8.118,-28.805,-61.565,-94.213,175.202,17.173,0.027,-0.529,-94.213,4.637943,-74.084465,0.00,4,1
5205,53636159,-5.456,-0.266,-7.965,-28.347,-53.722,-95.709,175.462,18.027,-0.027,-0.556,-95.709,4.637943,-74.084465,0.00,4,1
5206,53646120,-5.690,0.013,-7.835,-30.361,-44.506,-96.899,175.524,19.017,0.001,-0.580,-96.899,4.637943,-74.084465,0.00,4,1
5207,53656125,-5.482,0.488,-7.405,-30.514,-36.266,-95.342,175.292,20.038,0.050,-0.559,-95.342,4.637943,-74.084465,0.00,4,1
5208,53666108,-4.574,-0.242,-8.829,-30.636,-28.453,-91.497,175.492,20.345,-0.025,-0.466,-91.497,4.637943,-74.084465,0.00,4,1
5209,53676132,-3.832,-0.476,-6.564,-34.328,-12.737,-92.260,175.839,20.991,-0.049,-0.391,-92.260,4.637943,-74.084465,0.00,4,1
5210,53686113,-4.295,-0.102,-5.450,-30.636,-10.875,-97.204,175.956,22.221,-0.010,-0.438,-97.204,4.637943,-74.084465,0.00,4,1
5211,53696121,-4.593,-0.346,-6.620,-27.645,-17.772,-98.608,176.238,23.020,-0.035,-0.468,-98.608,4.637943,-74.084465,0.00,4,1
5212,53706122,-4.819,-0.787,-7.004,-28.042,-20.824,-99.432,176.757,23.701,-0.080,-0.491,-99.432,4.637943,-74.084465,0.00,4,1
5213,53716116,-5.106,-0.729,-7.052,-30.636,-21.526,-102.362,177.173,24.429,-0.074,-0.521,-102.362,4.637943,-74.084465,0.00,4,1
5214,53726127,-5.039,-1.100,-6.970,-33.108,-21.129,-105.627,177.768,25.087,-0.112,-0.514,-105.627,4.637943,-74.084465,0.00,4,1
5215,53736126,-5.005,-1.308,-6.985,-37.746,-18.932,-109.472,178.399,25.685,-0.133,-0.510,-109.472,4.637943,-74.084465,0.00,4,1
5216,53746118,-5.091,-0.290,-6.968,-42.873,-16.002,-111.975,178.304,26.338,-0.030,-0.519,-111.975,4.637943,-74.084465,0.00,4,1
5217,53756120,-5.308,0.264,-6.716,-42.354,-14.385,-109.014,177.866,27.122,0.027,-0.541,-109.014,4.637943,-74.084465,0.00,4,1
5218,53766113,-5.668,-0.042,-6.865,-38.601,-14.263,-103.613,177.696,27.942,-0.004,-0.578,-103.613,4.637943,-74.084465,0.00,4,1
5219,53776120,-6.076,-0.715,-7.081,-35.488,-12.859,-99.798,177.981,28.784,-0.073,-0.620,-99.798,4.637943,-74.084465,0.00,4,1
5220,53786124,-6.233,-1.120,-6.985,-35.488,-8.861,-98.669,178.499,29.667,-0.114,-0.636,-98.669,4.637943,-74.084465,0.00,4,1
5221,53796129,-6.100,-0.748,-7.249,-37.014,-4.497,-101.507,178.719,30.412,-0.076,-0.622,-101.507,4.637943,-74.084465,0.00,4,1
5222,53806122,-5.916,0.098,-7.328,-37.014,-1.903,-105.841,178.413,31.046,0.010,-0.603,-105.841,4.637943,-74.084465,0.00,4,1
5223,53816120,-6.009,0.363,-6.773,-35.641,0.325,-108.038,177.967,31.852,0.037,-0.613,-108.038,4.637943,-74.084465,0.00,4,1
5224,53826118,-6.369,0.416,-6.581,-31.185,1.851,-110.327,177.554,32.799,0.042,-0.649,-110.327,4.637943,-74.084465,0.00,4,1
5225,53836126,-6.148,0.708,-6.805,-24.013,4.353,-113.043,177.062,33.540,0.072,-0.627,-113.043,4.637943,-74.084465,0.00,4,1
5226,53846106,-5.850,-0.095,-7.424,-15.072,10.640,-114.141,177.200,33.999,-0.010,-0.596,-114.141,4.637943,-74.084465,0.00,4,1
5227,53856129,-6.026,-1.768,-7.957,-10.738,21.657,-115.789,178.267,34.391,-0.180,-0.614,-115.789,4.637943,-74.084465,0.00,4,1
5228,53866118,-6.000,-2.557,-7.542,-15.072,33.406,-120.031,179.685,34.901,-0.261,-0.612,-120.031,4.637943,-74.084465,0.00,4,1
5229,53876120,-5.883,-2.438,-6.925,-23.586,39.540,-122.595,180.967,35.560,-0.249,-0.600,-122.595,4.637943,-74.084465,0.00,4,1
5230,53886118,-5.861,-2.605,-6.675,-32.497,39.204,-121.649,182.216,36.210,-0.266,-0.598,-121.649,4.637943,-74.084465,0.00,4,1
5231,53896115,-5.916,-2.689,-6.795,-41.408,35.481,-120.794,183.308,36.753,-0.274,-0.603,-120.794,4.637943,-74.084465,0.00,4,1
5232,53906129,-6.038,-2.098,-7.251,-48.061,31.178,-121.710,183.840,37.189,-0.214,-0.616,-121.710,4.637943,-74.084465,0.00,4,1
5233,53916120,-6.090,-1.445,-7.751,-50.503,28.035,-122.289,183.884,37.490,-0.147,-0.621,-122.289,4.637943,-74.084465,0.00,4,1
5234,53930029,-5.921,-1.363,-8.241,-50.533,27.638,-120.764,183.668,37.678,-0.139,-0.604,-120.764,4.637943,-74.084465,0.00,4,1
5235,53936120,-5.680,-1.356,-8.764,-47.909,30.324,-117.742,183.624,37.568,-0.138,-0.579,-117.742,4.637943,-74.084465,0.00,4,1
5236,53946115,-5.742,-1.568,-8.769,-44.674,32.979,-112.646,183.716,37.505,-0.160,-0.586,-112.646,4.637943,-74.084465,0.00,4,1
5237,53956115,-5.985,-2.559,-8.534,-46.200,30.903,-107.397,184.293,37.514,-0.261,-0.610,-107.397,4.637943,-74.084465,0.00,4,1
5238,53966119,-5.861,-2.571,-7.945,-52.639,24.159,-105.535,184.860,37.550,-0.262,-0.598,-105.535,4.637943,-74.084465,0.00,4,1
5239,53976133,-5.950,-2.113,-8.358,-56.759,15.370,-105.749,185.054,37.468,-0.215,-0.607,-105.749,4.637943,-74.084465,0.00,4,1
5240,53986128,-5.933,-1.537,-8.637,-59.017,10.365,-105.566,184.895,37.305,-0.157,-0.605,-105.566,4.637943,-74.084465,0.00,4,1
5241,53996119,-6.148,-1.204,-9.348,-59.078,9.724,-104.711,184.536,37.076,-0.123,-0.627,-104.711,4.637943,-74.084465,0.00,4,1
5242,54006119,-6.295,-1.035,-9.766,-56.942,13.508,-102.941,184.125,36.864,-0.106,-0.642,-102.941,4.637943,-74.084465,0.00,4,1
5243,54016127,-6.262,-1.332,-9.946,-53.951,19.154,-99.890,183.894,36.668,-0.136,-0.639,-99.890,4.637943,-74.084465,0.00,4,1
5244,54026107,-5.945,-1.481,-9.470,-54.195,23.945,-96.289,183.776,36.519,-0.151,-0.606,-96.289,4.637943,-74.084465,0.00,4,1
5245,54036129,-5.718,-1.187,-9.242,-55.446,24.739,-91.955,183.534,36.369,-0.121,-0.583,-91.955,4.637943,-74.084465,0.00,4,1
5246,54046120,-5.523,-0.948,-9.569,-55.233,23.335,-86.584,183.185,36.090,-0.097,-0.563,-86.584,4.637943,-74.084465,0.00,4,1
5247,54056119,-5.418,-0.625,-9.857,-52.730,22.481,-80.602,182.731,35.739,-0.064,-0.552,-80.602,4.637943,-74.084465,0.00,4,1
5248,54066120,-5.537,-0.719,-9.711,-46.627,21.718,-73.919,182.414,35.474,-0.073,-0.565,-73.919,4.637943,-74.084465,0.00,4,1
5249,54076130,-5.757,-1.510,-9.307,-40.798,19.459,-68.518,182.556,35.346,-0.154,-0.587,-68.518,4.637943,-74.084465,0.00,4,1
5250,54086131,-5.940,-2.315,-9.391,-40.035,16.347,-67.571,183.048,35.209,-0.236,-0.606,-67.571,4.637943,-74.084465,0.00,4,1
5251,54096119,-5.847,-2.827,-9.919,-43.972,16.499,-71.173,183.623,34.932,-0.288,-0.596,-71.173,4.637943,-74.084465,0.00,4,1
5252,54106120,-5.845,-2.858,-10.570,-50.136,21.473,-77.185,184.037,34.610,-0.291,-0.596,-77.185,4.637943,-74.084465,0.00,4,1
5253,54116119,-5.664,-1.966,-10.650,-55.599,28.767,-82.617,184.013,34.344,-0.200,-0.578,-82.617,4.637943,-74.084465,0.00,4,1
5254,54126114,-5.449,-1.120,-11.041,-56.026,34.810,-84.387,183.631,34.042,-0.114,-0.556,-84.387,4.637943,-74.084465,0.00,4,1
5255,54136115,-5.077,-0.789,-11.185,-51.906,39.570,-81.579,183.183,33.671,-0.080,-0.518,-81.579,4.637943,-74.084465,0.00,4,1
5256,54146121,-4.653,-0.821,-10.971,-45.467,42.012,-76.147,182.846,33.241,-0.084,-0.474,-76.147,4.637943,-74.084465,0.00,4,1
5257,54156130,-4.152,-0.999,-10.553,-40.645,41.707,-70.135,182.665,32.725,-0.102,-0.423,-70.135,4.637943,-74.084465,0.00,4,1
5258,54166118,-3.749,-1.120,-10.611,-38.265,39.113,-65.161,182.568,32.068,-0.114,-0.382,-65.161,4.637943,-74.084465,0.00,4,1
5259,54176120,-3.675,-0.876,-10.798,-37.075,35.542,-61.865,182.383,31.381,-0.089,-0.375,-61.865,4.637943,-74.084465,0.00,4,1
5260,54186108,-3.687,-0.411,-10.750,-34.756,30.690,-58.264,182.048,30.715,-0.042,-0.376,-58.264,4.637943,-74.084465,0.00,4,1
5261,54196116,-3.389,-0.437,-10.734,-30.025,24.281,-53.686,181.792,29.934,-0.045,-0.346,-53.686,4.637943,-74.084465,0.00,4,1
5262,54206105,-3.227,-0.531,-10.914,-26.211,19.063,-48.437,181.626,29.083,-0.054,-0.329,-48.437,4.637943,-74.084465,0.00,4,1
5263,54216123,-3.119,-0.394,-10.755,-22.854,15.767,-42.883,181.451,28.244,-0.040,-0.318,-42.883,4.637943,-74.084465,0.00,4,1
5264,54226115,-2.972,-0.519,-10.827,-19.436,13.844,-37.451,181.370,27.388,-0.053,-0.303,-37.451,4.637943,-74.084465,0.00,4,1
5265,54236106,-2.871,-0.500,-10.796,-17.422,14.271,-34.033,181.308,26.566,-0.051,-0.293,-34.033,4.637943,-74.084465,0.00,4,1
5266,54246102,-2.776,-0.428,-10.609,-14.248,15.584,-33.209,181.253,25.802,-0.044,-0.283,-33.209,4.637943,-74.084465,0.00,4,1
5267,54257997,-2.678,-0.654,-10.741,-9.884,17.018,-34.490,181.318,25.075,-0.067,-0.273,-34.490,4.637943,-74.084465,0.00,4,1
5268,54266112,-2.809,-1.006,-10.931,-7.534,20.100,-36.932,181.552,24.434,-0.103,-0.286,-36.932,4.637943,-74.084465,0.00,4,1
5269,54276119,-2.747,-1.030,-10.765,-7.931,24.464,-39.007,181.781,23.877,-0.105,-0.280,-39.007,4.637943,-74.084465,0.00,4,1
5270,54286112,-2.406,-1.067,-10.385,-7.961,28.309,-40.014,182.021,23.301,-0.109,-0.245,-40.014,4.637943,-74.084465,0.00,4,1
5271,54296104,-1.927,-1.339,-10.160,-8.358,31.727,-40.869,182.366,22.622,-0.137,-0.197,-40.869,4.637943,-74.084465,0.00,4,1
5272,54306103,-1.353,-1.317,-9.941,-10.708,34.596,-42.974,182.665,21.795,-0.134,-0.138,-42.974,4.637943,-74.084465,0.00,4,1
5273,54316109,-0.878,-1.088,-9.941,-12.356,36.061,-45.690,182.826,20.842,-0.111,-0.090,-45.690,4.637943,-74.084465,0.00,4,1
5274,54326103,-0.652,-0.845,-9.907,-13.180,35.969,-47.430,182.862,19.865,-0.086,-0.066,-47.430,4.637943,-74.084465,0.00,4,1
5275,54336112,-0.649,-0.582,-9.751,-12.905,32.643,-47.888,182.786,18.937,-0.059,-0.066,-47.888,4.637943,-74.084465,0.00,4,1
5276,54346107,-0.694,-0.531,-9.600,-10.860,25.624,-46.820,182.715,18.040,-0.054,-0.071,-46.820,4.637943,-74.084465,0.00,4,1
5277,54356119,-0.766,-0.676,-9.350,-9.121,16.621,-44.988,182.740,17.170,-0.069,-0.078,-44.988,4.637943,-74.084465,0.00,4,1
5278,54366111,-0.766,-0.840,-9.288,-8.541,7.496,-43.371,182.848,16.284,-0.086,-0.078,-43.371,4.637943,-74.084465,0.00,4,1
5279,54376104,-0.823,-0.804,-9.482,-8.358,0.294,-42.394,182.924,15.419,-0.082,-0.084,-42.394,4.637943,-74.084465,0.00,4,1
5280,54386112,-0.897,-0.640,-9.626,-7.992,-4.070,-40.289,182.918,14.607,-0.065,-0.091,-40.289,4.637943,-74.084465,0.00,4,1
5281,54396119,-1.071,-0.592,-9.655,-7.107,-6.450,-36.688,182.898,13.912,-0.060,-0.109,-36.688,4.637943,-74.084465,0.00,4,1
5282,54406110,-1.157,-0.587,-9.754,-5.916,-8.098,-32.110,182.886,13.288,-0.060,-0.118,-32.110,4.637943,-74.084465,0.00,4,1
5283,54416119,-1.379,-0.587,-9.912,-4.391,-8.953,-26.556,182.885,12.792,-0.060,-0.141,-26.556,4.637943,-74.084465,0.00,4,1
5284,54426108,-1.744,-0.666,-9.927,-2.682,-9.807,-20.300,182.934,12.481,-0.068,-0.178,-20.300,4.637943,-74.084465,0.00,4,1
5285,54436114,-2.104,-0.785,-9.879,-1.125,-11.852,-14.379,183.047,12.330,-0.080,-0.215,-14.379,4.637943,-74.084465,0.00,4,1
5286,54446106,-2.280,-1.028,-9.900,0.431,-14.110,-10.015,183.272,12.240,-0.105,-0.233,-10.015,4.637943,-74.084465,0.00,4,1
5287,54456110,-2.373,-1.320,-10.020,1.377,-15.239,-7.849,183.608,12.170,-0.135,-0.242,-7.849,4.637943,-74.084465,0.00,4,1
5288,54466103,-2.511,-1.387,-10.016,1.255,-14.751,-7.574,183.947,12.167,-0.141,-0.256,-7.574,4.637943,-74.084465,0.00,4,1
5289,54476106,-2.731,-1.317,-9.948,0.828,-13.225,-7.940,184.230,12.274,-0.134,-0.278,-7.940,4.637943,-74.084465,0.00,4,1
5290,54486111,-3.017,-1.146,-9.987,1.164,-11.333,-7.788,184.419,12.504,-0.117,-0.308,-7.788,4.637943,-74.084465,0.00,4,1
5291,54496118,-3.246,-1.069,-9.919,1.988,-9.136,-7.604,184.570,12.837,-0.109,-0.331,-7.604,4.637943,-74.084465,0.00,4,1
5292,54506105,-3.029,-1.231,-9.670,2.720,-6.328,-7.910,184.801,13.113,-0.125,-0.309,-7.910,4.637943,-74.084465,0.00,4,1
5293,54516104,-2.664,-1.433,-9.550,2.567,-3.368,-9.252,185.111,13.255,-0.146,-0.272,-9.252,4.637943,-74.084465,0.00,4,1
5294,54526122,-2.457,-1.484,-9.516,1.805,-0.347,-11.053,185.415,13.329,-0.151,-0.250,-11.053,4.637943,-74.084465,0.00,4,1
5295,54536124,-2.316,-1.433,-9.355,0.309,1.484,-11.724,185.670,13.372,-0.146,-0.236,-11.724,4.637943,-74.084465,0.00,4,1
5296,54546125,-2.318,-1.300,-9.240,-0.912,1.179,-11.053,185.841,13.425,-0.133,-0.236,-11.053,4.637943,-74.084465,0.00,4,1
5297,54556120,-2.421,-1.206,-9.204,-1.369,-0.621,-9.161,185.954,13.507,-0.123,-0.247,-9.161,4.637943,-74.084465,0.00,4,1
5298,54566119,-2.645,-1.158,-9.293,-1.461,-2.666,-7.086,186.030,13.652,-0.118,-0.270,-7.086,4.637943,-74.084465,0.00,4,1
5299,54576121,-2.862,-1.064,-9.446,-1.644,-3.734,-5.346,186.046,13.851,-0.109,-0.292,-5.346,4.637943,-74.084465,0.00,4,1
5300,54601706,-2.905,-1.214,-9.595,-1.400,-1.750,-3.759,186.116,14.046,-0.124,-0.296,-3.759,4.637938,-74.084478,0.06,4,1
5301,54603101,-2.850,-1.259,-9.528,-2.071,0.752,-3.881,186.209,14.268,-0.128,-0.291,-3.881,4.637938,-74.084478,0.06,4,1
5302,54606119,-2.850,-1.259,-9.528,-2.071,0.752,-3.881,186.304,14.464,-0.128,-0.291,-3.881,4.637938,-74.084478,0.06,4,1
5303,54616123,-2.778,-1.267,-9.379,-3.567,2.736,-3.881,186.389,14.645,-0.129,-0.283,-3.881,4.637938,-74.084478,0.06,4,1
5304,54626119,-2.814,-1.202,-9.401,-4.970,3.224,-3.668,186.419,14.829,-0.123,-0.287,-3.668,4.637938,-74.084478,0.06,4,1
5305,54636170,-2.941,-1.134,-9.434,-5.764,2.888,-3.393,186.404,15.046,-0.116,-0.300,-3.393,4.637938,-74.084478,0.06,4,1
5306,54646116,-3.007,-1.129,-9.420,-6.100,2.125,-3.515,186.384,15.269,-0.115,-0.307,-3.515,4.637938,-74.084478,0.06,4,1
5307,54656126,-2.917,-1.076,-9.533,-6.344,1.484,-4.644,186.332,15.412,-0.110,-0.297,-4.644,4.637938,-74.084478,0.06,4,1
5308,54666127,-2.757,-0.994,-9.626,-6.039,1.942,-6.048,186.243,15.466,-0.101,-0.281,-6.048,4.637938,-74.084478,0.06,4,1
5309,54676123,-2.619,-1.021,-9.715,-5.031,3.499,-7.635,186.179,15.460,-0.104,-0.267,-7.635,4.637938,-74.084478,0.06,4,1
5310,54686130,-2.538,-1.045,-9.658,-4.604,5.360,-9.069,186.138,15.442,-0.107,-0.259,-9.069,4.637938,-74.084478,0.06,4,1
5311,54696116,-2.488,-1.021,-9.547,-4.543,6.520,-9.558,186.095,15.428,-0.104,-0.254,-9.558,4.637938,-74.084478,0.06,4,1
5312,54706106,-2.485,-1.074,-9.552,-4.543,6.856,-9.466,186.079,15.416,-0.110,-0.253,-9.466,4.637938,-74.084478,0.06,4,1
5313,54716120,-2.485,-1.132,-9.502,-4.848,7.069,-9.558,186.092,15.412,-0.115,-0.253,-9.558,4.637938,-74.084478,0.06,4,1
5314,54726125,-2.347,-1.096,-9.562,-5.367,7.283,-10.168,186.078,15.345,-0.112,-0.239,-10.168,4.637938,-74.084478,0.06,3,1
5315,54736121,-2.225,-1.026,-9.684,-5.977,7.954,-10.595,186.022,15.224,-0.105,-0.227,-10.595,4.637938,-74.084478,0.06,3,1
5316,54746119,-2.135,-0.893,-9.701,-6.100,8.961,-10.320,185.909,15.084,-0.091,-0.218,-10.320,4.637938,-74.084478,0.06,3,1
5317,54756106,-2.104,-0.874,-9.607,-5.489,9.602,-9.344,185.805,14.956,-0.089,-0.215,-9.344,4.637938,-74.084478,0.06,3,1
5318,54766119,-2.158,-1.009,-9.586,-4.604,9.297,-8.459,185.779,14.860,-0.103,-0.220,-8.459,4.637938,-74.084478,0.06,3,1
5319,54776131,-2.220,-1.108,-9.533,-4.421,8.473,-8.276,185.805,14.795,-0.113,-0.226,-8.276,4.637938,-74.084478,0.06,3,1
5320,54786104,-2.242,-1.112,-9.482,-4.970,7.100,-8.825,185.829,14.736,-0.113,-0.229,-8.825,4.637938,-74.084478,0.06,3,1
5321,54796115,-2.273,-0.961,-9.514,-5.672,5.086,-9.283,185.773,14.676,-0.098,-0.232,-9.283,4.637938,-74.084478,0.06,3,1
5322,54806106,-2.268,-0.746,-9.595,-5.825,3.438,-9.069,185.619,14.597,-0.076,-0.231,-9.069,4.637938,-74.084478,0.06,3,1
5323,54816129,-2.359,-0.611,-9.636,-4.452,2.553,-8.245,185.428,14.551,-0.062,-0.241,-8.245,4.637938,-74.084478,0.06,3,1
5324,54826129,-2.392,-0.785,-9.679,-2.651,2.400,-7.177,185.344,14.516,-0.080,-0.244,-7.177,4.637938,-74.084478,0.06,3,1
5325,54836119,-2.325,-1.018,-9.607,-1.644,2.583,-6.719,185.384,14.462,-0.104,-0.237,-6.719,4.637938,-74.084478,0.06,3,1
5326,54846112,-2.228,-1.226,-9.492,-1.797,2.888,-6.689,185.520,14.382,-0.125,-0.227,-6.689,4.637938,-74.084478,0.06,3,1
5327,54856122,-2.161,-1.392,-9.430,-3.353,3.071,-6.964,185.711,14.285,-0.142,-0.220,-6.964,4.637938,-74.084478,0.06,3,1
5328,54866128,-2.144,-1.435,-9.451,-5.764,2.827,-7.452,185.882,14.183,-0.146,-0.219,-7.452,4.637938,-74.084478,0.06,3,1
5329,54876115,-2.197,-1.165,-9.506,-8.480,2.369,-7.421,185.890,14.105,-0.119,-0.224,-7.421,4.637938,-74.084478,0.06,3,1
5330,54886106,-2.347,-0.792,-9.533,-9.395,1.393,-6.323,185.718,14.091,-0.081,-0.239,-6.323,4.637938,-74.084478,0.06,3,1
5331,54896127,-2.471,-0.707,-9.670,-8.663,0.508,-3.973,185.522,14.109,-0.072,-0.252,-3.973,4.637938,-74.084478,0.06,3,1
5332,54906124,-2.452,-0.727,-9.631,-7.168,0.416,-1.623,185.366,14.120,-0.074,-0.250,-1.623,4.637938,-74.084478,0.06,3,1
5333,54916118,-2.378,-0.830,-9.631,-5.916,1.027,-0.067,185.279,14.104,-0.085,-0.242,-0.067,4.637938,-74.084478,0.06,3,1
5334,54928349,-2.313,-0.854,-9.612,-6.039,2.217,0.666,185.198,14.077,-0.087,-0.236,0.666,4.637938,-74.084478,0.06,3,1
5335,54936124,-2.309,-0.763,-9.583,-6.344,3.102,1.154,185.091,14.058,-0.078,-0.235,1.154,4.637938,-74.084478,0.06,3,1
5336,54946114,-2.359,-0.616,-9.638,-6.374,3.438,1.703,184.923,14.062,-0.063,-0.241,1.703,4.637938,-74.084478,0.06,3,1
5337,54956112,-2.414,-0.524,-9.747,-5.337,3.499,2.070,184.734,14.078,-0.053,-0.246,2.070,4.637938,-74.084478,0.06,3,1
5338,54966120,-2.480,-0.512,-9.898,-3.506,3.926,2.070,184.567,14.109,-0.052,-0.253,2.070,4.637938,-74.084478,0.06,3,1
5339,54976105,-2.461,-0.577,-9.927,-1.522,4.841,1.826,184.459,14.135,-0.059,-0.251,1.826,4.637938,-74.084478,0.06,3,1
5340,54986123,-2.361,-0.736,-9.891,0.157,5.818,1.307,184.447,14.129,-0.075,-0.241,1.307,4.637938,-74.084478,0.06,3,1
5341,54996111,-2.290,-0.854,-9.821,1.042,6.184,1.032,184.498,14.103,-0.087,-0.233,1.032,4.637938,-74.084478,0.06,3,1
5342,55006129,-2.213,-0.886,-9.727,0.858,5.787,1.398,184.562,14.051,-0.090,-0.226,1.398,4.637938,-74.084478,0.06,3,1
5343,55016120,-2.158,-0.883,-9.631,0.523,4.780,2.009,184.620,13.980,-0.090,-0.220,2.009,4.637938,-74.084478,0.06,3,1
5344,55026114,-2.156,-0.804,-9.595,0.553,3.316,2.649,184.640,13.904,-0.082,-0.220,2.649,4.637938,-74.084478,0.06,3,1
5345,55036120,-2.113,-0.698,-9.646,0.706,1.942,3.534,184.609,13.798,-0.071,-0.215,3.534,4.637938,-74.084478,0.06,3,1
5346,55046121,-2.073,-0.642,-9.684,1.469,1.118,4.481,184.562,13.672,-0.065,-0.211,4.481,4.637938,-74.084478,0.06,3,1
5347,55056122,-2.106,-0.666,-9.727,2.323,1.301,5.518,184.536,13.568,-0.068,-0.215,5.518,4.637938,-74.084478,0.06,3,1
5348,55066120,-2.108,-0.758,-9.775,3.056,2.186,6.190,184.558,13.476,-0.077,-0.215,6.190,4.637938,-74.084478,0.06,3,1
5349,55076114,-2.020,-0.912,-9.672,3.117,3.254,6.891,184.652,13.371,-0.093,-0.206,6.891,4.637938,-74.084478,0.06,3,1
5350,55086127,-1.922,-0.934,-9.559,2.140,3.926,7.624,184.744,13.248,-0.095,-0.196,7.624,4.637938,-74.084478,0.06,3,1
5351,55096114,-1.875,-0.876,-9.422,0.919,3.682,8.478,184.798,13.123,-0.089,-0.191,8.478,4.637938,-74.084478,0.06,3,1
5352,55106105,-1.868,-0.898,-9.367,-0.332,2.461,9.028,184.848,12.998,-0.092,-0.190,9.028,4.637938,-74.084478,0.06,3,1
5353,55116121,-1.894,-0.854,-9.374,-1.278,0.905,8.845,184.865,12.879,-0.087,-0.193,8.845,4.637938,-74.084478,0.06,3,1
5354,55126122,-1.903,-0.642,-9.413,-1.736,-0.743,8.631,184.778,12.757,-0.065,-0.194,8.631,4.637938,-74.084478,0.06,3,1
5355,55136126,-1.987,-0.623,-9.564,-1.369,-2.239,8.692,184.686,12.653,-0.064,-0.203,8.692,4.637938,-74.084478,0.06,3,1
5356,55146110,-2.056,-0.727,-9.672,-1.186,-2.971,8.661,184.647,12.570,-0.074,-0.210,8.661,4.637938,-74.084478,0.06,3,1
5357,55156106,-2.025,-0.703,-9.602,-1.827,-3.551,8.265,184.597,12.482,-0.072,-0.206,8.265,4.637938,-74.084478,0.06,3,1
5358,55166123,-2.049,-0.633,-9.569,-2.895,-4.466,7.746,184.510,12.405,-0.065,-0.209,7.746,4.637938,-74.084478,0.06,3,1
5359,55176138,-2.123,-0.454,-9.518,-4.024,-5.962,7.075,184.338,12.358,-0.046,-0.216,7.075,4.637938,-74.084478,0.06,3,1
5360,55186115,-2.261,-0.232,-9.516,-4.543,-7.823,6.586,184.074,12.359,-0.024,-0.231,6.586,4.637938,-74.084478,0.06,3,1
5361,55196115,-2.492,-0.061,-9.564,-4.116,-9.502,6.342,183.755,12.439,-0.006,-0.254,6.342,4.637938,-74.084478,0.06,3,1
5362,55206112,-2.676,-0.083,-9.538,-3.322,-10.509,5.732,183.477,12.585,-0.008,-0.273,5.732,4.637938,-74.084478,0.06,3,1
5363,55216103,-2.738,-0.028,-9.418,-2.407,-10.906,4.267,183.204,12.758,-0.003,-0.279,4.267,4.637938,-74.084478,0.06,3,1
5364,55226101,-2.819,-0.093,-9.571,-0.820,-10.753,2.009,182.996,12.934,-0.009,-0.287,2.009,4.637938,-74.084478,0.06,3,1
5365,55236104,-2.895,-0.218,-9.730,0.767,-9.197,-1.196,182.874,13.122,-0.022,-0.295,-1.196,4.637938,-74.084478,0.06,3,1
5366,55246101,-2.972,-0.295,-9.816,2.567,-6.725,-4.553,182.811,13.340,-0.030,-0.303,-4.553,4.637938,-74.084478,0.06,3,1
5367,55256103,-2.976,-0.447,-9.831,4.185,-3.917,-7.269,182.836,13.567,-0.046,-0.304,-7.269,4.637938,-74.084478,0.06,3,1
5368,55266101,-2.843,-0.637,-9.761,5.314,-1.232,-9.313,182.955,13.754,-0.065,-0.290,-9.313,4.637938,-74.084478,0.06,3,1
5369,55277970,-2.707,-0.828,-9.684,5.772,0.752,-10.748,183.168,13.898,-0.084,-0.276,-10.748,4.637938,-74.084478,0.06,3,1
5370,55286103,-2.645,-0.968,-9.631,5.131,1.912,-11.358,183.415,14.019,-0.099,-0.270,-11.358,4.637938,-74.084478,0.06,3,1
5371,55296104,-2.619,-0.973,-9.648,4.643,2.278,-11.450,183.639,14.122,-0.099,-0.267,-11.450,4.637938,-74.084478,0.06,3,1
5372,55306103,-2.635,-0.833,-9.799,5.253,2.400,-10.992,183.783,14.209,-0.085,-0.269,-10.992,4.637938,-74.084478,0.06,3,1
5373,55316105,-2.528,-0.816,-9.871,6.962,2.858,-9.924,183.921,14.241,-0.083,-0.258,-9.924,4.637938,-74.084478,0.06,3,1
5374,55326104,-2.297,-1.057,-9.768,9.556,3.865,-8.428,184.183,14.191,-0.108,-0.234,-8.428,4.637938,-74.084478,0.06,3,1
5375,55336105,-2.166,-1.443,-9.600,11.723,4.963,-6.994,184.627,14.110,-0.147,-0.221,-6.994,4.637938,-74.084478,0.06,3,1
5376,55346103,-2.085,-1.790,-9.384,11.845,5.269,-6.079,185.210,14.018,-0.183,-0.213,-6.079,4.637938,-74.084478,0.06,3,1
5377,55356104,-2.011,-2.033,-9.189,10.319,4.689,-5.255,185.862,13.909,-0.207,-0.205,-5.255,4.637938,-74.084478,0.06,3,1
5378,55366104,-1.949,-2.192,-9.125,7.542,3.560,-4.400,186.518,13.772,-0.224,-0.199,-4.400,4.637938,-74.084478,0.06,3,1
5379,55376104,-2.020,-2.183,-9.141,4.215,2.369,-3.515,187.087,13.666,-0.223,-0.206,-3.515,4.637938,-74.084478,0.06,3,1
5380,55386104,-2.158,-2.014,-9.223,1.225,1.332,-2.386,187.500,13.615,-0.205,-0.220,-2.386,4.637938,-74.084478,0.06,3,1
5381,55396104,-2.263,-1.903,-9.329,-0.942,0.630,-1.135,187.800,13.600,-0.194,-0.231,-1.135,4.637938,-74.084478,0.06,3,1
5382,55406104,-2.375,-1.906,-9.369,-2.498,0.874,0.117,188.061,13.632,-0.194,-0.242,0.117,4.637938,-74.084478,0.06,3,1
5383,55416105,-2.464,-1.932,-9.396,-4.268,1.881,0.879,188.295,13.705,-0.197,-0.251,0.879,4.637938,-74.084478,0.06,3,1
5384,55426104,-2.504,-1.848,-9.468,-6.374,3.010,1.398,188.448,13.795,-0.188,-0.255,1.398,4.637938,-74.084478,0.06,3,1
5385,55436105,-2.631,-1.652,-9.581,-8.907,4.567,1.795,188.470,13.937,-0.169,-0.268,1.795,4.637938,-74.084478,0.06,3,1
5386,55446103,-2.688,-1.354,-9.711,-11.043,6.306,2.253,188.329,14.098,-0.138,-0.274,2.253,4.637938,-74.084478,0.06,3,1
5387,55456104,-2.726,-1.052,-9.867,-12.020,8.107,2.772,188.049,14.267,-0.107,-0.278,2.772,4.637938,-74.084478,0.06,3,1
5388,55466104,-2.771,-0.881,-9.874,-12.020,9.877,3.260,187.715,14.458,-0.090,-0.283,3.260,4.637938,-74.084478,0.06,3,1
5389,55476104,-2.669,-0.744,-9.898,-11.623,11.525,3.168,187.350,14.607,-0.076,-0.272,3.168,4.637938,-74.084478,0.06,3,1
5390,55486104,-2.442,-0.729,-10.020,-10.891,13.325,2.375,187.008,14.655,-0.074,-0.249,2.375,4.637938,-74.084478,0.06,3,1
5391,55496105,-2.204,-0.674,-10.068,-10.616,15.767,1.002,186.670,14.620,-0.069,-0.225,1.002,4.637938,-74.084478,0.06,3,1
5392,55506104,-2.008,-0.539,-9.996,-10.372,17.781,-0.555,186.302,14.532,-0.055,-0.205,-0.555,4.637938,-74.084478,0.06,3,1
5393,55516105,-1.810,-0.457,-9.946,-9.701,18.391,-2.386,185.935,14.377,-0.047,-0.185,-2.386,4.637938,-74.084478,0.06,3,1
5394,55526134,-1.624,-0.334,-9.879,-8.663,18.056,-4.034,185.552,14.157,-0.034,-0.166,-4.034,4.637938,-74.084478,0.06,3,1
5395,55536116,-1.469,-0.261,-9.792,-7.534,16.713,-5.194,185.177,13.879,-0.027,-0.150,-5.194,4.637938,-74.084478,0.06,3,1
5396,55546134,-1.391,-0.155,-9.804,-6.313,14.912,-5.682,184.795,13.572,-0.016,-0.142,-5.682,4.637938,-74.084478,0.06,3,1
5397,55556126,-1.300,-0.028,-9.814,-4.391,13.356,-5.468,184.403,13.233,-0.003,-0.133,-5.468,4.637938,-74.084478,0.06,3,1
5398,55566112,-1.298,-0.008,-9.790,-1.736,11.433,-4.156,184.057,12.902,-0.001,-0.132,-4.156,4.637938,-74.084478,0.06,3,1
5399,55576129,-1.329,-0.160,-9.792,1.072,9.175,-2.172,183.831,12.589,-0.016,-0.135,-2.172,4.637938,-74.084478,0.06,3,1
5400,55586106,-1.360,-0.396,-9.761,3.025,6.947,0.086,183.746,12.295,-0.040,-0.139,0.086,4.637938,-74.084478,0.06,3,1
5401,55603165,-1.362,-0.895,-9.571,3.941,2.095,2.741,183.938,11.984,-0.091,-0.139,2.741,4.637943,-74.084487,0.02,3,1
5402,55606116,-1.362,-0.895,-9.571,3.941,2.095,2.741,184.087,11.688,-0.091,-0.139,2.741,4.637943,-74.084487,0.02,3,1
5403,55616114,-1.450,-0.973,-9.545,2.781,-0.041,3.260,184.251,11.440,-0.099,-0.148,3.260,4.637943,-74.084487,0.02,3,1
5404,55626110,-1.534,-0.927,-9.437,1.164,-2.300,3.962,184.370,11.239,-0.095,-0.156,3.962,4.637943,-74.084487,0.02,3,1
5405,55636157,-1.677,-0.852,-9.384,-0.179,-4.863,4.938,184.434,11.101,-0.087,-0.171,4.938,4.637943,-74.084487,0.02,3,1
5406,55646122,-1.868,-0.712,-9.384,-1.064,-7.091,6.098,184.418,11.041,-0.073,-0.190,6.098,4.637943,-74.084487,0.02,3,1
5407,55656127,-2.025,-0.587,-9.478,-1.858,-8.403,7.136,184.335,11.037,-0.060,-0.206,7.136,4.637943,-74.084487,0.02,3,1
5408,55666115,-2.168,-0.519,-9.523,-2.224,-8.464,7.715,184.222,11.092,-0.053,-0.221,7.715,4.637943,-74.084487,0.02,3,1
5409,55676109,-2.304,-0.558,-9.631,-2.437,-7.335,7.197,184.131,11.202,-0.057,-0.235,7.197,4.637943,-74.084487,0.02,3,1
5410,55686120,-2.495,-0.534,-9.677,-2.987,-5.535,5.671,184.030,11.396,-0.054,-0.254,5.671,4.637943,-74.084487,0.02,3,1
5411,55696116,-2.564,-0.483,-9.658,-3.567,-3.368,3.748,183.909,11.627,-0.049,-0.261,3.748,4.637943,-74.084487,0.02,3,1
5412,55706118,-2.547,-0.421,-9.665,-3.841,-1.537,1.887,183.766,11.849,-0.043,-0.260,1.887,4.637943,-74.084487,0.02,3,1
5413,55716113,-2.488,-0.360,-9.653,-4.146,0.081,0.208,183.604,12.046,-0.037,-0.254,0.208,4.637943,-74.084487,0.02,3,1
5414,55726115,-2.426,-0.249,-9.612,-4.146,1.393,-1.318,183.405,12.217,-0.025,-0.247,-1.318,4.637943,-74.084487,0.02,3,1
5415,55736122,-2.406,-0.129,-9.631,-4.177,2.247,-2.661,183.166,12.373,-0.013,-0.245,-2.661,4.637943,-74.084487,0.02,3,1
5416,55746112,-2.437,-0.018,-9.713,-3.536,2.644,-3.485,182.900,12.525,-0.002,-0.249,-3.485,4.637943,-74.084487,0.02,3,1
5417,55756115,-2.430,-0.037,-9.732,-1.858,3.041,-4.186,182.680,12.664,-0.004,-0.248,-4.186,4.637943,-74.084487,0.02,3,1
5418,55766111,-2.352,-0.114,-9.787,0.126,3.682,-4.980,182.529,12.760,-0.012,-0.240,-4.980,4.637943,-74.084487,0.02,3,1
5419,55776111,-2.242,-0.220,-9.804,1.866,4.841,-5.621,182.452,12.810,-0.022,-0.229,-5.621,4.637943,-74.084487,0.02,3,1
5420,55786118,-2.189,-0.384,-9.823,3.117,6.062,-6.201,182.466,12.843,-0.039,-0.223,-6.201,4.637943,-74.084487,0.02,3,1
5421,55796126,-2.101,-0.515,-9.775,3.941,7.222,-6.628,182.546,12.851,-0.052,-0.214,-6.628,4.637943,-74.084487,0.02,3,1
5422,55806118,-2.063,-0.654,-9.725,4.246,7.680,-6.689,182.686,12.850,-0.067,-0.210,-6.689,4.637943,-74.084487,0.02,3,1
5423,55816123,-2.008,-0.804,-9.708,4.582,7.191,-6.597,182.886,12.822,-0.082,-0.205,-6.597,4.637943,-74.084487,0.02,3,1
5424,55826111,-1.961,-0.958,-9.754,4.429,6.489,-6.719,183.136,12.763,-0.098,-0.200,-6.719,4.637943,-74.084487,0.02,3,1
5425,55836109,-1.977,-0.989,-9.838,4.093,6.001,-7.025,183.374,12.704,-0.101,-0.202,-7.025,4.637943,-74.084487,0.02,3,1
5426,55846110,-1.884,-1.006,-9.862,4.429,6.032,-7.055,183.604,12.609,-0.103,-0.192,-7.055,4.637943,-74.084487,0.02,3,1
5427,55856109,-1.787,-1.086,-9.843,4.887,6.184,-6.750,183.856,12.481,-0.111,-0.182,-6.750,4.637943,-74.084487,0.02,3,1
5428,55866110,-1.646,-1.243,-9.835,4.978,6.550,-6.323,184.158,12.305,-0.127,-0.168,-6.323,4.637943,-74.084487,0.02,3,1
5429,55876154,-1.581,-1.358,-9.766,4.429,6.825,-5.865,184.488,12.121,-0.139,-0.161,-5.865,4.637943,-74.084487,0.02,3,1
5430,55886111,-1.577,-1.358,-9.711,3.636,6.459,-5.163,184.788,11.950,-0.139,-0.161,-5.163,4.637943,-74.084487,0.02,3,1
5431,55896119,-1.584,-1.363,-9.670,2.812,5.391,-4.339,185.062,11.787,-0.139,-0.162,-4.339,4.637943,-74.084487,0.02,3,1
5432,55906113,-1.574,-1.394,-9.658,1.896,4.292,-3.393,185.322,11.623,-0.142,-0.161,-3.393,4.637943,-74.084487,0.02,3,1
5433,55916123,-1.605,-1.428,-9.665,1.133,3.560,-2.722,185.569,11.478,-0.146,-0.164,-2.722,4.637943,-74.084487,0.02,3,1
5434,55926114,-1.577,-1.450,-9.699,0.004,3.316,-2.111,185.795,11.326,-0.148,-0.161,-2.111,4.637943,-74.084487,0.02,3,1
5435,55936112,-1.536,-1.411,-9.739,-1.400,3.560,-1.776,185.970,11.168,-0.144,-0.157,-1.776,4.637943,-74.084487,0.02,3,1
5436,55948463,-1.510,-1.313,-9.754,-2.712,4.231,-1.409,186.073,11.022,-0.134,-0.154,-1.409,4.637943,-74.084487,0.02,3,1
5437,55956115,-1.539,-1.231,-9.761,-4.055,4.811,-0.830,186.123,10.898,-0.125,-0.157,-0.830,4.637943,-74.084487,0.02,3,1
5438,55966126,-1.603,-1.062,-9.773,-5.276,4.933,-0.097,186.082,10.814,-0.108,-0.163,-0.097,4.637943,-74.084487,0.02,3,1
5439,55976113,-1.670,-0.845,-9.795,-6.100,4.506,0.788,185.939,10.761,-0.086,-0.170,0.788,4.637943,-74.084487,0.02,3,1
5440,55986114,-1.703,-0.633,-9.843,-6.191,4.017,1.764,185.710,10.720,-0.065,-0.174,1.764,4.637943,-74.084487,0.02,3,1
5441,55996112,-1.720,-0.500,-9.891,-5.550,3.682,2.192,185.444,10.684,-0.051,-0.175,2.192,4.637943,-74.084487,0.02,3,1
5442,56006123,-1.622,-0.428,-9.915,-4.696,3.773,2.222,185.175,10.607,-0.044,-0.165,2.222,4.637943,-74.084487,0.02,3,1
5443,56016120,-1.479,-0.442,-9.821,-3.536,4.017,1.581,184.945,10.483,-0.045,-0.151,1.581,4.637943,-74.084487,0.02,3,1
5444,56026115,-1.343,-0.474,-9.783,-2.560,3.163,0.300,184.757,10.304,-0.048,-0.137,0.300,4.637943,-74.084487,0.02,3,1
5445,56036104,-1.169,-0.604,-9.845,-2.071,1.149,-1.806,184.644,10.039,-0.062,-0.119,-1.806,4.637943,-74.084487,0.02,3,1
5446,56046117,-1.026,-0.678,-9.881,-1.797,-0.621,-4.980,184.574,9.714,-0.069,-0.105,-4.980,4.637943,-74.084487,0.02,3,1
5447,56056154,-1.052,-0.748,-9.787,-1.797,-2.422,-8.612,184.544,9.413,-0.076,-0.107,-8.612,4.637943,-74.084487,0.02,3,1
5448,56066113,-1.138,-0.719,-9.687,-2.010,-5.168,-12.060,184.504,9.152,-0.073,-0.116,-12.060,4.637943,-74.084487,0.02,3,1
5449,56076115,-1.267,-0.577,-9.650,-2.468,-8.617,-14.227,184.401,8.940,-0.059,-0.129,-14.227,4.637943,-74.084487,0.02,3,1
5450,56086111,-1.388,-0.454,-9.730,-2.926,-11.699,-14.807,184.243,8.764,-0.046,-0.142,-14.807,4.637943,-74.084487,0.02,3,1
5451,56096120,-1.543,-0.240,-9.672,-2.102,-14.049,-14.318,184.010,8.653,-0.024,-0.157,-14.318,4.637943,-74.084487,0.02,3,1
5452,56106110,-1.739,-0.175,-9.739,-0.393,-14.995,-12.670,183.780,8.622,-0.018,-0.177,-12.670,4.637943,-74.084487,0.02,3,1
5453,56116121,-1.887,-0.167,-9.725,1.530,-14.720,-10.107,183.583,8.662,-0.017,-0.192,-10.107,4.637943,-74.084487,0.02,3,1
5454,56126122,-2.051,-0.269,-9.742,3.269,-13.500,-6.903,183.462,8.779,-0.027,-0.209,-6.903,4.637943,-74.084487,0.02,3,1
5455,56136114,-2.182,-0.471,-9.720,4.612,-11.363,-3.576,183.454,8.964,-0.048,-0.223,-3.576,4.637943,-74.084487,0.02,3,1
5456,56146118,-2.273,-0.640,-9.708,5.222,-8.830,-0.677,183.528,9.197,-0.065,-0.232,-0.677,4.637943,-74.084487,0.02,3,1
5457,56156107,-2.364,-0.780,-9.646,5.039,-6.206,1.826,183.659,9.481,-0.080,-0.241,1.826,4.637943,-74.084487,0.02,3,1
5458,56166107,-2.423,-0.912,-9.624,4.398,-4.100,3.931,183.835,9.789,-0.093,-0.247,3.931,4.637943,-74.084487,0.02,3,1
5459,56176118,-2.445,-1.011,-9.598,3.605,-2.635,5.152,184.036,10.099,-0.103,-0.249,5.152,4.637943,-74.084487,0.02,3,1
5460,56186130,-2.437,-1.050,-9.612,2.842,-1.628,5.762,184.231,10.388,-0.107,-0.249,5.762,4.637943,-74.084487,0.02,3,1
5461,56196130,-2.395,-1.086,-9.600,2.323,-0.682,5.396,184.424,10.648,-0.111,-0.244,5.396,4.637943,-74.084487,0.02,3,1
5462,56206118,-2.375,-1.127,-9.595,1.866,0.050,4.145,184.616,10.886,-0.115,-0.242,4.145,4.637943,-74.084487,0.02,3,1
5463,56216106,-2.368,-1.122,-9.614,1.194,0.813,2.314,184.784,11.108,-0.114,-0.241,2.314,4.637943,-74.084487,0.02,3,1
5464,56226099,-2.333,-1.105,-9.641,0.370,1.515,0.086,184.923,11.302,-0.113,-0.238,0.086,4.637943,-74.084487,0.02,3,1
5465,56236106,-2.309,-1.052,-9.677,-0.240,2.553,-2.203,185.020,11.477,-0.107,-0.235,-2.203,4.637943,-74.084487,0.02,3,1
5466,56246119,-2.235,-1.047,-9.650,-0.881,3.651,-3.790,185.103,11.621,-0.107,-0.228,-3.790,4.637943,-74.084487,0.02,3,1
5467,56256116,-2.123,-1.006,-9.602,-1.858,4.292,-4.980,185.155,11.716,-0.103,-0.216,-4.980,4.637943,-74.084487,0.02,3,1
5468,56266114,-2.051,-0.811,-9.612,-2.926,4.323,-5.346,185.104,11.775,-0.083,-0.209,-5.346,4.637943,-74.084487,0.02,3,1
5469,56276109,-2.023,-0.650,-9.660,-3.292,4.109,-4.797,184.980,11.811,-0.066,-0.206,-4.797,4.637943,-74.084487,0.02,3,1
5470,56290190,-2.008,-0.551,-9.744,-2.865,4.292,-3.851,184.808,11.847,-0.056,-0.205,-3.851,4.637943,-74.084487,0.02,3,1
5471,56296120,-1.946,-0.524,-9.809,-1.797,4.780,-3.057,184.657,11.838,-0.053,-0.198,-3.057,4.637943,-74.084487,0.02,3,1
5472,56306117,-1.858,-0.575,-9.864,-0.667,5.604,-2.905,184.550,11.794,-0.059,-0.189,-2.905,4.637943,-74.084487,0.02,3,1
5473,56316108,-1.791,-0.674,-9.835,0.126,6.581,-3.454,184.503,11.735,-0.069,-0.183,-3.454,4.637943,-74.084487,0.02,3,1
5474,56326100,-1.703,-0.789,-9.804,0.645,7.374,-4.522,184.519,11.652,-0.080,-0.174,-4.522,4.637943,-74.084487,0.02,3,1
5475,56336115,-1.674,-0.828,-9.766,0.675,7.374,-5.621,184.552,11.565,-0.084,-0.171,-5.621,4.637943,-74.084487,0.02,3,1
5476,56346114,-1.615,-0.888,-9.732,0.309,6.520,-6.597,184.607,11.454,-0.091,-0.165,-6.597,4.637943,-74.084487,0.02,3,1
5477,56356108,-1.558,-0.912,-9.708,-0.271,5.208,-7.604,184.665,11.315,-0.093,-0.159,-7.604,4.637943,-74.084487,0.02,3,1
5478,56366105,-1.577,-0.900,-9.742,-0.789,3.773,-8.642,184.707,11.181,-0.092,-0.161,-8.642,4.637943,-74.084487,0.02,3,1
5479,56376114,-1.586,-0.840,-9.703,-0.973,2.156,-9.649,184.718,11.049,-0.086,-0.162,-9.649,4.637943,-74.084487,0.02,3,1
5480,56386117,-1.467,-0.821,-9.691,-0.728,0.508,-10.534,184.722,10.860,-0.084,-0.150,-10.534,4.637943,-74.084487,0.02,3,1
5481,56396114,-1.386,-0.879,-9.720,-0.393,-0.255,-11.206,184.754,10.641,-0.090,-0.141,-11.206,4.637943,-74.084487,0.02,3,1
5482,56406120,-1.317,-0.924,-9.708,-0.576,-0.499,-11.999,184.803,10.407,-0.094,-0.134,-11.999,4.637943,-74.084487,0.02,3,1
5483,56416115,-1.345,-0.879,-9.708,-1.125,-0.987,-12.487,184.822,10.199,-0.090,-0.137,-12.487,4.637943,-74.084487,0.02,3,1
5484,56426120,-1.405,-0.874,-9.699,-1.308,-2.147,-12.640,184.837,10.023,-0.089,-0.143,-12.640,4.637943,-74.084487,0.02,3,1
5485,56436114,-1.503,-0.968,-9.699,-1.400,-3.673,-12.792,184.891,9.889,-0.099,-0.153,-12.792,4.637943,-74.084487,0.02,3,1
5486,56446114,-1.641,-0.958,-9.814,-1.552,-5.046,-13.128,184.931,9.805,-0.098,-0.167,-13.128,4.637943,-74.084487,0.02,3,1
5487,56456108,-1.760,-0.920,-9.795,-1.705,-5.870,-13.372,184.950,9.773,-0.094,-0.179,-13.372,4.637943,-74.084487,0.02,3,1
5488,56466105,-1.856,-0.883,-9.816,-1.583,-6.389,-13.464,184.952,9.778,-0.090,-0.189,-13.464,4.637943,-74.084487,0.02,3,1
5489,56476119,-1.848,-0.765,-9.879,-1.613,-6.298,-13.128,184.899,9.776,-0.078,-0.188,-13.128,4.637943,-74.084487,0.02,3,1
5490,56486120,-1.853,-0.715,-9.891,-1.705,-5.565,-11.907,184.826,9.782,-0.073,-0.189,-11.907,4.637943,-74.084487,0.02,3,1
5491,56496117,-1.848,-0.609,-9.785,-1.247,-4.253,-10.290,184.720,9.807,-0.062,-0.188,-10.290,4.637943,-74.084487,0.02,3,1
5492,56506117,-1.894,-0.589,-9.819,-0.484,-2.971,-8.215,184.619,9.859,-0.060,-0.193,-8.215,4.637943,-74.084487,0.02,3,1
5493,56516109,-1.896,-0.664,-9.785,-0.027,-1.934,-6.231,184.564,9.920,-0.068,-0.193,-6.231,4.637943,-74.084487,0.02,3,1
5494,56526126,-1.863,-0.695,-9.713,0.034,-1.445,-4.797,184.530,9.972,-0.071,-0.190,-4.797,4.637943,-74.084487,0.02,3,1
5495,56536116,-1.818,-0.662,-9.763,-0.179,-1.476,-3.881,184.481,9.997,-0.067,-0.185,-3.881,4.637943,-74.084487,0.02,3,1
5496,56546134,-1.806,-0.662,-9.715,0.126,-1.415,-3.485,184.439,10.019,-0.067,-0.184,-3.485,4.637943,-74.084487,0.02,3,1
5497,56556122,-1.818,-0.654,-9.670,0.340,-1.659,-3.362,184.400,10.045,-0.067,-0.185,-3.362,4.637943,-74.084487,0.02,3,1
5498,56566115,-1.789,-0.633,-9.634,0.401,-2.208,-3.210,184.357,10.056,-0.065,-0.182,-3.210,4.637943,-74.084487,0.02,3,1
5499,56576114,-1.775,-0.664,-9.605,0.492,-2.910,-2.935,184.332,10.054,-0.068,-0.181,-2.935,4.637943,-74.084487,0.02,3,1
5500,56586122,-1.839,-0.674,-9.550,0.828,-3.337,-2.844,184.319,10.082,-0.069,-0.188,-2.844,4.637943,-74.084487,0.02,3,1
5501,56620111,-2.089,-0.664,-9.708,2.232,-4.436,-3.149,184.357,10.113,-0.068,-0.213,-3.149,4.637943,-74.084485,0.04,3,1
5502,56621560,-2.063,-0.765,-9.706,2.934,-3.948,-3.668,184.443,10.189,-0.078,-0.210,-3.668,4.637943,-74.084485,0.04,3,1
5503,56622920,-2.063,-0.765,-9.706,2.934,-3.948,-3.668,184.497,10.292,-0.078,-0.210,-3.668,4.637943,-74.084485,0.04,3,1
5504,56626103,-2.063,-0.765,-9.706,2.934,-3.948,-3.668,184.526,10.407,-0.078,-0.210,-3.668,4.637943,-74.084485,0.04,3,1
5505,56636167,-2.027,-0.883,-9.718,3.575,-3.093,-4.431,184.620,10.495,-0.090,-0.207,-4.431,4.637943,-74.084485,0.04,3,1
5506,56646126,-2.046,-0.977,-9.648,3.544,-2.269,-5.194,184.756,10.595,-0.100,-0.209,-5.194,4.637943,-74.084485,0.04,3,1
5507,56656128,-2.042,-1.016,-9.646,3.025,-1.872,-5.651,184.893,10.685,-0.104,-0.208,-5.651,4.637943,-74.084485,0.04,3,1
5508,56666106,-2.108,-0.973,-9.665,2.323,-1.903,-5.468,184.988,10.796,-0.099,-0.215,-5.468,4.637943,-74.084485,0.04,3,1
5509,56676118,-2.228,-0.900,-9.629,2.018,-2.025,-4.980,185.038,10.954,-0.092,-0.227,-4.980,4.637943,-74.084485,0.04,3,1
5510,56686112,-2.318,-0.857,-9.662,2.049,-2.269,-4.125,185.061,11.134,-0.087,-0.236,-4.125,4.637943,-74.084485,0.04,3,1
5511,56696123,-2.368,-0.823,-9.708,2.445,-1.842,-3.485,185.068,11.319,-0.084,-0.241,-3.485,4.637943,-74.084485,0.04,3,1
5512,56706122,-2.261,-0.898,-9.638,2.812,-0.347,-3.424,185.116,11.459,-0.092,-0.231,-3.424,4.637943,-74.084485,0.04,3,1
5513,56716119,-2.111,-0.999,-9.677,2.873,1.576,-4.064,185.206,11.533,-0.102,-0.215,-4.064,4.637943,-74.084485,0.04,3,1
5514,56726130,-2.025,-1.108,-9.648,2.903,3.895,-5.163,185.341,11.585,-0.113,-0.206,-5.163,4.637943,-74.084485,0.04,3,1
5515,56736130,-1.958,-1.161,-9.600,2.537,5.482,-6.506,185.488,11.621,-0.118,-0.200,-6.506,4.637943,-74.084485,0.04,3,1
5516,56746116,-1.918,-1.192,-9.562,1.896,6.001,-8.154,185.634,11.644,-0.122,-0.196,-8.154,4.637943,-74.084485,0.04,3,1
5517,56756115,-1.860,-1.448,-9.650,1.530,6.245,-10.565,185.876,11.632,-0.148,-0.190,-10.565,4.637943,-74.084485,0.04,3,1
5518,56766121,-1.810,-1.580,-9.518,-0.057,6.672,-14.715,186.154,11.612,-0.161,-0.185,-14.715,4.637943,-74.084485,0.04,3,1
5519,56776128,-1.777,-1.691,-9.482,-2.651,6.337,-20.086,186.438,11.577,-0.172,-0.181,-20.086,4.637943,-74.084485,0.04,3,1
5520,56786115,-1.837,-1.546,-9.610,-6.313,5.269,-24.938,186.591,11.553,-0.158,-0.187,-24.938,4.637943,-74.084485,0.04,3,1
5521,56796124,-1.825,-1.170,-9.586,-9.151,3.621,-27.532,186.537,11.517,-0.119,-0.186,-27.532,4.637943,-74.084485,0.04,3,1
5522,56806121,-1.787,-0.968,-9.799,-9.151,2.095,-28.082,186.385,11.438,-0.099,-0.182,-28.082,4.637943,-74.084485,0.04,3,1
5523,56816132,-1.839,-0.809,-9.855,-8.083,1.637,-27.166,186.182,11.380,-0.082,-0.188,-27.166,4.637943,-74.084485,0.04,3,1
5524,56826108,-1.860,-0.717,-9.799,-7.137,1.149,-24.908,185.964,11.337,-0.073,-0.190,-24.908,4.637943,-74.084485,0.04,3,1
5525,56836108,-1.846,-0.691,-9.881,-6.069,0.569,-21.734,185.759,11.279,-0.070,-0.188,-21.734,4.637943,-74.084485,0.04,3,1
5526,56846123,-1.720,-0.637,-9.888,-4.787,0.935,-17.919,185.558,11.174,-0.065,-0.175,-17.919,4.637943,-74.084485,0.04,3,1
5527,56856121,-1.632,-0.695,-9.883,-3.414,1.851,-13.708,185.411,11.048,-0.071,-0.166,-13.708,4.637943,-74.084485,0.04,3,1
5528,56866112,-1.610,-0.758,-9.951,-2.437,3.041,-9.466,185.310,10.928,-0.077,-0.164,-9.466,4.637943,-74.084485,0.04,3,1
5529,56876107,-1.603,-0.804,-9.879,-1.766,4.109,-5.224,185.245,10.829,-0.082,-0.163,-5.224,4.637943,-74.084485,0.04,3,1
5530,56886105,-1.536,-0.898,-9.838,-1.064,4.628,-1.013,185.234,10.716,-0.092,-0.157,-1.013,4.637943,-74.084485,0.04,3,1
5531,56896129,-1.469,-1.018,-9.843,-0.637,4.597,2.375,185.282,10.582,-0.104,-0.150,2.375,4.637943,-74.084485,0.04,3,1
5532,56906122,-1.441,-1.103,-9.775,-0.576,4.353,4.603,185.366,10.447,-0.112,-0.147,4.603,4.637943,-74.084485,0.04,3,1
5533,56916113,-1.322,-1.098,-9.756,-0.820,3.926,5.671,185.441,10.267,-0.112,-0.135,5.671,4.637943,-74.084485,0.04,3,1
5534,56926121,-1.236,-1.047,-9.708,-0.667,3.743,5.793,185.491,10.065,-0.107,-0.126,5.793,4.637943,-74.084485,0.04,3,1
5535,56938326,-1.269,-1.093,-9.593,-0.759,3.499,5.305,185.563,9.900,-0.111,-0.129,5.305,4.637943,-74.084485,0.04,3,1
5536,56946112,-1.274,-1.057,-9.394,-1.552,2.186,4.297,185.617,9.744,-0.108,-0.130,4.297,4.637943,-74.084485,0.04,3,1
5537,56956160,-1.434,-0.977,-9.350,-2.041,-0.408,3.443,185.627,9.654,-0.100,-0.146,3.443,4.637943,-74.084485,0.04,3,1
5538,56966124,-1.655,-0.893,-9.319,-2.773,-3.917,2.741,185.591,9.642,-0.091,-0.169,2.741,4.637943,-74.084485,0.04,3,1
5539,56976118,-1.937,-0.775,-9.321,-3.414,-8.006,1.795,185.497,9.723,-0.079,-0.197,1.795,4.637943,-74.084485,0.04,3,1
5540,56986106,-2.244,-0.657,-9.406,-3.750,-11.699,0.513,185.349,9.892,-0.067,-0.229,0.513,4.637943,-74.084485,0.04,3,1
5541,56996127,-2.540,-0.597,-9.504,-3.841,-14.079,-1.196,185.181,10.145,-0.061,-0.259,-1.196,4.637943,-74.084485,0.04,3,1
5542,57006114,-2.767,-0.524,-9.648,-3.963,-14.232,-3.179,184.987,10.457,-0.053,-0.282,-3.179,4.637943,-74.084485,0.04,3,1
5543,57016108,-2.879,-0.418,-9.751,-4.116,-11.943,-5.102,184.757,10.800,-0.043,-0.294,-5.102,4.637943,-74.084485,0.04,3,1
5544,57026116,-2.857,-0.302,-9.778,-4.085,-7.488,-6.170,184.493,11.146,-0.031,-0.291,-6.170,4.637943,-74.084485,0.04,3,1
5545,57036116,-2.700,-0.129,-9.773,-3.383,-2.269,-6.079,184.177,11.450,-0.013,-0.275,-6.079,4.637943,-74.084485,0.04,3,1
5546,57046122,-2.542,-0.252,-9.831,-1.736,3.132,-5.224,183.956,11.709,-0.026,-0.259,-5.224,4.637943,-74.084485,0.04,3,1
5547,57056125,-2.409,-0.392,-9.898,-0.454,8.473,-4.309,183.824,11.933,-0.040,-0.246,-4.309,4.637943,-74.084485,0.04,3,1
5548,57066113,-2.232,-0.464,-9.819,-0.088,12.501,-3.759,183.739,12.111,-0.047,-0.228,-3.759,4.637943,-74.084485,0.04,3,1
5549,57076111,-1.977,-0.548,-9.766,0.279,14.241,-3.088,183.703,12.187,-0.056,-0.202,-3.088,4.637943,-74.084485,0.04,3,1
5550,57086121,-1.772,-0.604,-9.739,0.553,14.058,-2.874,183.698,12.169,-0.062,-0.181,-2.874,4.637943,-74.084485,0.04,3,1
5551,57096117,-1.612,-0.548,-9.650,0.919,12.562,-2.783,183.674,12.076,-0.056,-0.164,-2.783,4.637943,-74.084485,0.04,3,1
5552,57106115,-1.500,-0.621,-9.595,1.438,10.029,-2.600,183.691,11.921,-0.063,-0.153,-2.600,4.637943,-74.084485,0.04,3,1
5553,57116125,-1.465,-0.874,-9.619,2.354,7.374,-2.996,183.829,11.734,-0.089,-0.149,-2.996,4.637943,-74.084485,0.04,3,1
5554,57126114,-1.398,-1.182,-9.617,2.812,5.147,-4.553,184.099,11.509,-0.121,-0.143,-4.553,4.637943,-74.084485,0.04,3,1
5555,57136161,-1.305,-1.472,-9.511,1.988,3.193,-6.780,184.477,11.246,-0.150,-0.133,-6.780,4.637943,-74.084485,0.04,3,1
5556,57146106,-1.267,-1.604,-9.605,0.401,1.179,-9.161,184.864,10.961,-0.164,-0.129,-9.161,4.637943,-74.084485,0.04,3,1
5557,57156125,-1.217,-1.597,-9.679,-1.491,-0.408,-10.870,185.196,10.657,-0.163,-0.124,-10.870,4.637943,-74.084485,0.04,3,1
5558,57166107,-1.183,-1.655,-9.708,-3.933,-2.300,-11.663,185.502,10.342,-0.169,-0.121,-11.663,4.637943,-74.084485,0.04,3,1
5559,57176121,-1.217,-1.549,-9.840,-5.916,-4.283,-12.152,185.712,10.041,-0.158,-0.124,-12.152,4.637943,-74.084485,0.04,3,1
5560,57186109,-1.250,-1.327,-9.980,-7.229,-5.809,-11.694,185.789,9.758,-0.135,-0.127,-11.694,4.637943,-74.084485,0.04,3,1
5561,57196118,-1.322,-1.156,-10.169,-7.412,-6.420,-10.351,185.775,9.512,-0.118,-0.135,-10.351,4.637943,-74.084485,0.04,3,1
5562,57206126,-1.415,-0.963,-10.191,-6.771,-5.870,-8.550,185.686,9.328,-0.098,-0.144,-8.550,4.637943,-74.084485,0.04,3,1
5563,57216113,-1.462,-0.785,-10.196,-5.916,-4.589,-6.231,185.535,9.191,-0.080,-0.149,-6.231,4.637943,-74.084485,0.04,3,1
5564,57226114,-1.386,-0.765,-10.181,-4.513,-2.605,-3.637,185.401,9.052,-0.078,-0.141,-3.637,4.637943,-74.084485,0.04,3,1
5565,57236109,-1.231,-0.797,-10.032,-3.719,-0.102,-1.074,185.303,8.888,-0.081,-0.126,-1.074,4.637943,-74.084485,0.04,3,1
5566,57246108,-1.112,-0.775,-9.816,-3.719,1.546,1.490,185.210,8.712,-0.079,-0.113,1.490,4.637943,-74.084485,0.04,3,1
5567,57256119,-1.121,-0.760,-9.641,-3.994,1.423,3.748,185.122,8.561,-0.078,-0.114,3.748,4.637943,-74.084485,0.04,3,1
5568,57266101,-1.231,-0.719,-9.559,-4.085,-0.255,5.335,185.024,8.460,-0.073,-0.126,5.335,4.637943,-74.084485,0.04,3,1
5569,57277949,-1.376,-0.647,-9.578,-4.116,-2.666,6.159,184.892,8.403,-0.066,-0.140,6.159,4.637943,-74.084485,0.04,3,1
5570,57286100,-1.522,-0.580,-9.602,-3.841,-5.229,6.037,184.747,8.396,-0.059,-0.155,6.037,4.637943,-74.084485,0.04,3,1
5571,57296120,-1.646,-0.609,-9.665,-3.292,-6.969,4.969,184.631,8.424,-0.062,-0.168,4.969,4.637943,-74.084485,0.04,3,1
5572,57306112,-1.794,-0.630,-9.670,-2.895,-7.427,3.260,184.537,8.509,-0.064,-0.183,3.260,4.637943,-74.084485,0.04,3,1
5573,57316108,-1.937,-0.671,-9.715,-2.773,-7.030,1.185,184.468,8.651,-0.068,-0.197,1.185,4.637943,-74.084485,0.04,3,1
5574,57326106,-2.118,-0.642,-9.720,-3.109,-6.328,-0.707,184.388,8.865,-0.065,-0.216,-0.707,4.637943,-74.084485,0.04,3,1
5575,57336112,-2.209,-0.587,-9.785,-3.475,-5.626,-1.989,184.285,9.103,-0.060,-0.225,-1.989,4.637943,-74.084485,0.04,3,1
5576,57346108,-2.223,-0.584,-9.857,-3.353,-4.619,-2.661,184.187,9.330,-0.060,-0.227,-2.661,4.637943,-74.084485,0.04,3,1
5577,57356103,-2.182,-0.560,-9.881,-3.200,-3.063,-2.966,184.088,9.536,-0.057,-0.223,-2.966,4.637943,-74.084485,0.04,3,1
5578,57366116,-2.175,-0.519,-9.898,-3.078,-1.415,-2.996,183.978,9.736,-0.053,-0.222,-2.996,4.637943,-74.084485,0.04,3,1
5579,57376104,-2.158,-0.435,-9.871,-2.773,-0.286,-2.416,183.843,9.927,-0.044,-0.220,-2.416,4.637943,-74.084485,0.04,3,1
5580,57386113,-2.132,-0.380,-9.893,-2.071,0.538,-1.409,183.700,10.098,-0.039,-0.217,-1.409,4.637943,-74.084485,0.04,3,1
5581,57396114,-2.123,-0.384,-9.821,-0.789,1.484,-0.341,183.583,10.268,-0.039,-0.216,-0.341,4.637943,-74.084485,0.04,3,1
5582,57406108,-1.996,-0.498,-9.768,0.706,2.339,0.544,183.540,10.383,-0.051,-0.204,0.544,4.637943,-74.084485,0.04,3,1
5583,57416115,-1.736,-0.666,-9.732,1.255,3.132,0.940,183.582,10.386,-0.068,-0.177,0.940,4.637943,-74.084485,0.04,3,1
5584,57426109,-1.572,-0.693,-9.665,1.286,3.865,0.788,183.636,10.329,-0.071,-0.160,0.788,4.637943,-74.084485,0.04,3,1
5585,57436114,-1.498,-0.724,-9.617,1.072,3.499,0.513,183.698,10.243,-0.074,-0.153,0.513,4.637943,-74.084485,0.04,3,1
5586,57446116,-1.424,-0.715,-9.557,0.797,2.217,0.269,183.752,10.123,-0.073,-0.145,0.269,4.637943,-74.084485,0.04,3,1
5587,57456108,-1.384,-0.758,-9.528,0.736,0.294,-0.097,183.821,9.978,-0.077,-0.141,-0.097,4.637943,-74.084485,0.04,3,1
5588,57466106,-1.455,-0.773,-9.518,0.584,-2.056,-0.707,183.891,9.855,-0.079,-0.148,-0.707,4.637943,-74.084485,0.04,3,1
5589,57476118,-1.622,-0.712,-9.557,0.340,-4.405,-1.318,183.924,9.792,-0.073,-0.165,-1.318,4.637943,-74.084485,0.04,3,1
5590,57486111,-1.751,-0.659,-9.682,-0.027,-5.962,-1.531,183.923,9.766,-0.067,-0.179,-1.531,4.637943,-74.084485,0.04,3,1
5591,57496108,-1.832,-0.645,-9.727,0.034,-6.206,-1.501,183.915,9.772,-0.066,-0.187,-1.501,4.637943,-74.084485,0.04,3,1
5592,57506115,-1.915,-0.722,-9.763,0.340,-5.626,-1.226,183.944,9.815,-0.074,-0.195,-1.226,4.637943,-74.084485,0.04,3,1
5593,57516112,-1.994,-0.719,-9.735,0.096,-4.589,-0.982,183.968,9.901,-0.073,-0.203,-0.982,4.637943,-74.084485,0.04,3,1
5594,57526113,-2.042,-0.642,-9.720,-0.149,-3.642,-0.250,183.954,10.011,-0.065,-0.208,-0.250,4.637943,-74.084485,0.04,3,1
5595,57536126,-2.101,-0.640,-9.735,0.248,-3.063,0.696,183.943,10.142,-0.065,-0.214,0.696,4.637943,-74.084485,0.04,3,1
5596,57546117,-2.163,-0.700,-9.703,0.584,-2.635,1.215,183.965,10.297,-0.071,-0.221,1.215,4.637943,-74.084485,0.04,3,1
5597,57556114,-2.139,-0.758,-9.650,0.614,-2.239,1.307,184.012,10.438,-0.077,-0.218,1.307,4.637943,-74.084485,0.04,3,1
5598,57566112,-2.070,-0.804,-9.670,0.279,-1.232,1.063,184.073,10.545,-0.082,-0.211,1.063,4.637943,-74.084485,0.04,3,1
5599,57576118,-2.015,-0.823,-9.715,-0.118,0.355,0.422,184.132,10.631,-0.084,-0.206,0.422,4.637943,-74.084485,0.04,3,1
5600,57586127,-2.003,-0.813,-9.737,-0.210,1.912,-0.433,184.181,10.718,-0.083,-0.204,-0.433,4.637943,-74.084485,0.04,3,1
5601,57603113,-1.877,-0.862,-9.699,-0.728,3.071,-2.142,184.244,10.776,-0.088,-0.191,-2.142,4.637938,-74.084470,0.07,3,1
5602,57606121,-1.877,-0.862,-9.699,-0.728,3.071,-2.142,184.305,10.811,-0.088,-0.191,-2.142,4.637938,-74.084470,0.07,3,1
5603,57616132,-1.801,-0.813,-9.691,-1.186,2.705,-2.264,184.335,10.807,-0.083,-0.184,-2.264,4.637938,-74.084470,0.07,3,1
5604,57626119,-1.777,-0.710,-9.694,-1.583,1.942,-1.837,184.311,10.787,-0.072,-0.181,-1.837,4.637938,-74.084470,0.07,3,1
5605,57636170,-1.779,-0.575,-9.715,-1.705,0.996,-0.707,184.225,10.759,-0.059,-0.181,-0.707,4.637938,-74.084470,0.07,3,1
5606,57646123,-1.803,-0.577,-9.790,-1.217,0.386,0.574,184.149,10.733,-0.059,-0.184,0.574,4.637938,-74.084470,0.07,3,1
5607,57656129,-1.808,-0.618,-9.809,-0.515,0.203,1.581,184.104,10.707,-0.063,-0.184,1.581,4.637938,-74.084470,0.07,3,1
5608,57666126,-1.834,-0.710,-9.828,0.004,0.386,1.795,184.108,10.694,-0.072,-0.187,1.795,4.637938,-74.084470,0.07,3,1
5609,57676125,-1.810,-0.801,-9.828,0.096,0.935,1.276,184.153,10.677,-0.082,-0.185,1.276,4.637938,-74.084470,0.07,3,1
5610,57686127,-1.698,-0.850,-9.751,-0.088,1.729,0.300,184.218,10.625,-0.087,-0.173,0.300,4.637938,-74.084470,0.07,3,1
5611,57696120,-1.584,-0.828,-9.636,-0.362,2.095,-0.738,184.270,10.539,-0.084,-0.162,-0.738,4.637938,-74.084470,0.07,3,1
5612,57706112,-1.457,-0.777,-9.538,-0.881,1.729,-1.409,184.293,10.407,-0.079,-0.149,-1.409,4.637938,-74.084470,0.07,3,1
5613,57716106,-1.481,-0.732,-9.660,-0.912,0.996,-1.745,184.289,10.281,-0.075,-0.151,-1.745,4.637938,-74.084470,0.07,3,1
5614,57726136,-1.574,-0.691,-9.672,-0.912,0.355,-1.562,184.267,10.200,-0.070,-0.161,-1.562,4.637938,-74.084470,0.07,3,1
5615,57736124,-1.562,-0.664,-9.588,-0.851,-0.987,-0.952,184.238,10.113,-0.068,-0.159,-0.952,4.637938,-74.084470,0.07,3,1
5616,57746108,-1.570,-0.719,-9.552,-0.789,-2.727,-0.219,184.237,10.022,-0.073,-0.160,-0.219,4.637938,-74.084470,0.07,3,1
5617,57756125,-1.705,-0.751,-9.634,-0.820,-4.039,0.361,184.248,9.980,-0.077,-0.174,0.361,4.637938,-74.084470,0.07,3,1
5618,57766105,-1.913,-0.729,-9.694,-0.973,-4.985,0.910,184.245,10.018,-0.074,-0.195,0.910,4.637938,-74.084470,0.07,3,1
5619,57776111,-2.046,-0.703,-9.713,-1.278,-5.321,1.307,184.227,10.107,-0.072,-0.209,1.307,4.637938,-74.084470,0.07,3,1
5620,57786124,-2.089,-0.751,-9.703,-1.552,-5.351,1.581,184.230,10.207,-0.077,-0.213,1.581,4.637938,-74.084470,0.07,3,1
5621,57796124,-2.068,-0.782,-9.691,-1.736,-4.680,1.490,184.245,10.298,-0.080,-0.211,1.490,4.637938,-74.084470,0.07,3,1
5622,57806110,-2.132,-0.748,-9.708,-1.919,-3.398,0.879,184.241,10.420,-0.076,-0.217,0.879,4.637938,-74.084470,0.07,3,1
5623,57816112,-2.211,-0.707,-9.747,-1.736,-1.934,0.025,184.220,10.576,-0.072,-0.225,0.025,4.637938,-74.084470,0.07,3,1
5624,57826135,-2.249,-0.652,-9.807,-1.858,-0.408,-0.860,184.173,10.745,-0.066,-0.229,-0.860,4.637938,-74.084470,0.07,3,1
5625,57836125,-2.232,-0.645,-9.797,-1.461,1.088,-1.592,184.130,10.909,-0.066,-0.228,-1.592,4.637938,-74.084470,0.07,3,1
5626,57846111,-2.156,-0.698,-9.744,-0.973,2.308,-2.477,184.120,11.044,-0.071,-0.220,-2.477,4.637938,-74.084470,0.07,3,1
5627,57856124,-2.006,-0.717,-9.725,-0.942,3.316,-3.332,184.121,11.116,-0.073,-0.205,-3.332,4.637938,-74.084470,0.07,3,1
5628,57866112,-1.922,-0.712,-9.699,-1.369,3.804,-3.454,184.116,11.152,-0.073,-0.196,-3.454,4.637938,-74.084470,0.07,3,1
5629,57876125,-1.872,-0.652,-9.674,-1.858,3.499,-2.905,184.081,11.164,-0.066,-0.191,-2.905,4.637938,-74.084470,0.07,3,1
5630,57886116,-1.839,-0.609,-9.718,-2.041,2.431,-2.081,184.026,11.148,-0.062,-0.188,-2.081,4.637938,-74.084470,0.07,3,1
5631,57896131,-1.813,-0.594,-9.687,-1.797,1.423,-1.318,183.972,11.114,-0.061,-0.185,-1.318,4.637938,-74.084470,0.07,3,1
5632,57906127,-1.751,-0.589,-9.703,-1.705,0.569,-1.013,183.920,11.047,-0.060,-0.179,-1.013,4.637938,-74.084470,0.07,3,1
5633,57916134,-1.777,-0.543,-9.737,-1.705,0.111,-1.318,183.850,10.990,-0.055,-0.181,-1.318,4.637938,-74.084470,0.07,3,1
5634,57926114,-1.834,-0.515,-9.802,-1.217,0.294,-1.867,183.777,10.958,-0.052,-0.187,-1.867,4.637938,-74.084470,0.07,3,1
5635,57938443,-1.837,-0.563,-9.797,-0.362,0.813,-2.508,183.737,10.935,-0.057,-0.187,-2.508,4.637938,-74.084470,0.07,3,1
5636,57946120,-1.829,-0.633,-9.754,0.401,1.240,-3.271,183.740,10.917,-0.065,-0.187,-3.271,4.637938,-74.084470,0.07,3,1
5637,57956109,-1.758,-0.678,-9.751,0.614,1.698,-3.576,183.766,10.874,-0.069,-0.179,-3.576,4.637938,-74.084470,0.07,3,1
5638,57966118,-1.682,-0.794,-9.718,0.645,2.125,-3.485,183.844,10.806,-0.081,-0.171,-3.485,4.637938,-74.084470,0.07,3,1
5639,57976122,-1.677,-0.789,-9.677,0.126,1.759,-2.966,183.910,10.742,-0.080,-0.171,-2.966,4.637938,-74.084470,0.07,3,1
5640,57986107,-1.725,-0.760,-9.646,-0.606,0.660,-2.325,183.952,10.695,-0.078,-0.176,-2.325,4.637938,-74.084470,0.07,3,1
5641,57996118,-1.753,-0.748,-9.691,-1.125,-0.774,-1.776,183.979,10.649,-0.076,-0.179,-1.776,4.637938,-74.084470,0.07,3,1
5642,58006131,-1.822,-0.666,-9.785,-1.217,-1.537,-1.684,183.963,10.621,-0.068,-0.186,-1.684,4.637938,-74.084470,0.07,3,1
5643,58016118,-1.841,-0.674,-9.823,-1.034,-1.232,-1.531,183.952,10.604,-0.069,-0.188,-1.531,4.637938,-74.084470,0.07,3,1
5644,58026120,-1.832,-0.729,-9.855,-0.851,-0.408,-1.379,183.967,10.589,-0.074,-0.187,-1.379,4.637938,-74.084470,0.07,3,1
5645,58036123,-1.818,-0.744,-9.850,-0.973,0.691,-1.257,183.987,10.579,-0.076,-0.185,-1.257,4.637938,-74.084470,0.07,3,1
5646,58046123,-1.837,-0.756,-9.725,-1.217,1.332,-1.165,184.012,10.595,-0.077,-0.187,-1.165,4.637938,-74.084470,0.07,3,1
5647,58056112,-1.815,-0.724,-9.718,-1.675,1.027,-1.074,184.018,10.597,-0.074,-0.185,-1.074,4.637938,-74.084470,0.07,3,1
5648,58066120,-1.753,-0.625,-9.732,-1.949,0.447,-0.891,183.975,10.567,-0.064,-0.179,-0.891,4.637938,-74.084470,0.07,3,1
5649,58076112,-1.729,-0.546,-9.771,-1.858,0.111,-0.555,183.901,10.523,-0.056,-0.176,-0.555,4.637938,-74.084470,0.07,3,1
5650,58086116,-1.751,-0.551,-9.799,-1.430,0.050,-0.067,183.837,10.488,-0.056,-0.179,-0.067,4.637938,-74.084470,0.07,3,1
5651,58096120,-1.739,-0.623,-9.816,-0.973,0.447,0.269,183.814,10.454,-0.064,-0.177,0.269,4.637938,-74.084470,0.07,3,1
5652,58106108,-1.758,-0.637,-9.823,-0.881,0.905,0.055,183.800,10.433,-0.065,-0.179,0.055,4.637938,-74.084470,0.07,3,1
5653,58116112,-1.732,-0.584,-9.787,-1.034,0.966,-0.341,183.763,10.407,-0.060,-0.177,-0.341,4.637938,-74.084470,0.07,3,1
5654,58126109,-1.753,-0.560,-9.768,-0.698,0.477,-0.585,183.722,10.389,-0.057,-0.179,-0.585,4.637938,-74.084470,0.07,3,1
5655,58136112,-1.770,-0.556,-9.759,-0.454,-0.438,-0.891,183.684,10.372,-0.057,-0.180,-0.891,4.637938,-74.084470,0.07,3,1
5656,58146126,-1.727,-0.577,-9.730,-0.240,-1.201,-1.135,183.662,10.332,-0.059,-0.176,-1.135,4.637938,-74.084470,0.07,3,1
5657,58156122,-1.775,-0.597,-9.723,-0.088,-1.567,-1.409,183.651,10.314,-0.061,-0.181,-1.409,4.637938,-74.084470,0.07,3,1
5658,58166109,-1.775,-0.584,-9.694,-0.179,-1.750,-1.531,183.636,10.297,-0.060,-0.181,-1.531,4.637938,-74.084470,0.07,3,1
5659,58176122,-1.806,-0.486,-9.747,-0.057,-1.811,-1.440,183.577,10.291,-0.050,-0.184,-1.440,4.637938,-74.084470,0.07,3,1
5660,58186119,-1.901,-0.433,-9.792,0.340,-1.445,-1.196,183.502,10.326,-0.044,-0.194,-1.196,4.637938,-74.084470,0.07,3,1
5661,58196120,-1.980,-0.442,-9.819,1.133,-0.987,-0.768,183.444,10.394,-0.045,-0.202,-0.768,4.637938,-74.084470,0.07,3,1
5662,58206107,-1.965,-0.558,-9.814,1.957,-0.286,-0.707,183.450,10.458,-0.057,-0.200,-0.707,4.637938,-74.084470,0.07,3,1
5663,58216114,-1.889,-0.695,-9.754,2.262,0.569,-0.799,183.520,10.496,-0.071,-0.193,-0.799,4.637938,-74.084470,0.07,3,1
5664,58226107,-1.732,-0.835,-9.674,1.988,0.966,-1.287,183.648,10.472,-0.085,-0.177,-1.287,4.637938,-74.084470,0.07,3,1
5665,58236108,-1.658,-0.854,-9.641,1.316,0.783,-1.715,183.770,10.418,-0.087,-0.169,-1.715,4.637938,-74.084470,0.07,3,1
5666,58246107,-1.713,-0.739,-9.674,0.584,0.081,-1.684,183.823,10.384,-0.075,-0.175,-1.684,4.637938,-74.084470,0.07,3,1
5667,58256104,-1.815,-0.664,-9.653,0.279,-1.201,-1.470,183.835,10.388,-0.068,-0.185,-1.470,4.637938,-74.084470,0.07,3,1
5668,58266105,-1.863,-0.676,-9.713,0.370,-2.727,-1.135,183.852,10.393,-0.069,-0.190,-1.135,4.637938,-74.084470,0.07,3,1
5669,58277793,-1.894,-0.712,-9.711,0.401,-3.276,-0.860,183.885,10.401,-0.073,-0.193,-0.860,4.637938,-74.084470,0.07,3,1
5670,58286109,-1.927,-0.700,-9.759,0.279,-2.880,-0.585,183.906,10.428,-0.071,-0.197,-0.585,4.637938,-74.084470,0.07,3,1
5671,58296110,-1.987,-0.621,-9.804,0.218,-1.903,-0.402,183.888,10.484,-0.063,-0.203,-0.402,4.637938,-74.084470,0.07,3,1
5672,58306109,-2.013,-0.575,-9.773,0.462,-0.499,-0.311,183.854,10.563,-0.059,-0.205,-0.311,4.637938,-74.084470,0.07,3,1
5673,58316109,-1.965,-0.625,-9.778,1.255,0.569,-0.433,183.852,10.624,-0.064,-0.200,-0.433,4.637938,-74.084470,0.07,3,1
5674,58326109,-1.848,-0.744,-9.756,1.621,1.362,-0.524,183.908,10.639,-0.076,-0.188,-0.524,4.637938,-74.084470,0.07,3,1
5675,58336110,-1.791,-0.823,-9.667,1.408,1.729,-0.616,183.996,10.638,-0.084,-0.183,-0.616,4.637938,-74.084470,0.07,3,1
5676,58346109,-1.787,-0.883,-9.662,0.828,1.301,-0.646,184.099,10.631,-0.090,-0.182,-0.646,4.637938,-74.084470,0.07,3,1
5677,58356110,-1.798,-0.854,-9.650,0.157,0.264,-0.707,184.176,10.621,-0.087,-0.183,-0.707,4.637938,-74.084470,0.07,3,1
5678,58366109,-1.815,-0.765,-9.684,-0.576,-0.835,-0.524,184.199,10.607,-0.078,-0.185,-0.524,4.637938,-74.084470,0.07,3,1
5679,58376109,-1.791,-0.681,-9.713,-0.789,-1.201,-0.311,184.179,10.578,-0.069,-0.183,-0.311,4.637938,-74.084470,0.07,3,1
5680,58386109,-1.787,-0.623,-9.742,-0.454,-1.048,-0.128,184.137,10.549,-0.064,-0.182,-0.128,4.637938,-74.084470,0.07,3,1
5681,58396110,-1.803,-0.676,-9.749,-0.149,-0.682,0.208,184.124,10.532,-0.069,-0.184,0.208,4.637938,-74.084470,0.07,3,1
5682,58406110,-1.844,-0.722,-9.771,0.096,-0.408,0.391,184.135,10.535,-0.074,-0.188,0.391,4.637938,-74.084470,0.07,3,1
5683,58416110,-1.877,-0.751,-9.689,0.157,-0.316,0.391,184.160,10.559,-0.077,-0.191,0.391,4.637938,-74.084470,0.07,3,1
5684,58426109,-1.899,-0.809,-9.689,0.126,-0.560,0.117,184.210,10.587,-0.082,-0.194,0.117,4.637938,-74.084470,0.07,3,1
5685,58436109,-1.925,-0.780,-9.708,-0.210,-0.926,-0.250,184.239,10.620,-0.080,-0.196,-0.250,4.637938,-74.084470,0.07,3,1
5686,58446109,-1.858,-0.751,-9.672,-0.515,-1.323,-0.311,184.251,10.622,-0.077,-0.189,-0.311,4.637938,-74.084470,0.07,3,1
5687,58456110,-1.868,-0.748,-9.711,-0.667,-1.476,-0.219,184.259,10.622,-0.076,-0.190,-0.219,4.637938,-74.084470,0.07,3,1
5688,58466110,-1.872,-0.707,-9.732,-0.912,-1.110,-0.463,184.245,10.627,-0.072,-0.191,-0.463,4.637938,-74.084470,0.07,3,1
5689,58476110,-1.872,-0.688,-9.771,-0.881,-0.865,-0.616,184.222,10.630,-0.070,-0.191,-0.616,4.637938,-74.084470,0.07,3,1
5690,58486109,-1.863,-0.654,-9.797,-0.759,-0.591,-0.555,184.186,10.630,-0.067,-0.190,-0.555,4.637938,-74.084470,0.07,3,1
5691,58496109,-1.877,-0.637,-9.804,-0.851,-0.286,-0.402,184.145,10.638,-0.065,-0.191,-0.402,4.637938,-74.084470,0.07,3,1
5692,58506109,-1.870,-0.604,-9.766,-0.759,-0.041,-0.219,184.093,10.648,-0.062,-0.191,-0.219,4.637938,-74.084470,0.07,3,1
5693,58516109,-1.853,-0.630,-9.778,-0.667,-0.011,0.086,184.058,10.649,-0.064,-0.189,0.086,4.637938,-74.084470,0.07,3,1
5694,58526120,-1.848,-0.621,-9.749,-0.606,-0.102,0.147,184.022,10.650,-0.063,-0.188,0.147,4.637938,-74.084470,0.07,3,1
5695,58536128,-1.891,-0.556,-9.751,-0.698,-0.286,0.147,183.960,10.667,-0.057,-0.193,0.147,4.637938,-74.084470,0.07,3,1
5696,58546111,-1.894,-0.512,-9.795,-0.606,-0.194,0.055,183.882,10.682,-0.052,-0.193,0.055,4.637938,-74.084470,0.07,3,1
5697,58556124,-1.884,-0.454,-9.838,0.004,-0.041,-0.097,183.790,10.689,-0.046,-0.192,-0.097,4.637938,-74.084470,0.07,3,1
5698,58566118,-1.868,-0.486,-9.835,0.858,0.294,-0.250,183.726,10.692,-0.050,-0.190,-0.250,4.637938,-74.084470,0.07,3,1
5699,58576116,-1.796,-0.601,-9.739,1.560,0.691,-0.494,183.727,10.675,-0.061,-0.183,-0.494,4.637938,-74.084470,0.07,3,1
5700,58586126,-1.672,-0.681,-9.660,1.682,0.508,-0.830,183.768,10.610,-0.069,-0.171,-0.830,4.637938,-74.084470,0.07,3,1
5701,58602770,-1.725,-0.770,-9.626,0.858,-1.293,-0.952,183.848,10.545,-0.079,-0.176,-0.952,4.637937,-74.084480,0.04,3,1
5702,58606112,-1.725,-0.770,-9.626,0.858,-1.293,-0.952,183.915,10.497,-0.079,-0.176,-0.952,4.637937,-74.084480,0.04,3,1
5703,58616120,-1.756,-0.693,-9.653,0.370,-2.361,-0.768,183.936,10.455,-0.071,-0.179,-0.768,4.637937,-74.084480,0.04,3,1
5704,58626112,-1.822,-0.683,-9.682,0.492,-3.215,-0.402,183.950,10.435,-0.070,-0.186,-0.402,4.637937,-74.084480,0.04,3,1
5705,58636169,-1.863,-0.705,-9.725,0.736,-3.337,-0.250,183.974,10.431,-0.072,-0.190,-0.250,4.637937,-74.084480,0.04,3,1
5706,58646117,-1.863,-0.765,-9.696,0.889,-2.849,-0.311,184.026,10.433,-0.078,-0.190,-0.311,4.637937,-74.084480,0.04,3,1
5707,58656119,-1.939,-0.782,-9.715,0.736,-2.239,-0.311,184.079,10.472,-0.080,-0.198,-0.311,4.637937,-74.084480,0.04,3,1
5708,58666107,-2.013,-0.782,-9.715,0.431,-1.781,-0.341,184.125,10.545,-0.080,-0.205,-0.341,4.637937,-74.084480,0.04,3,1
5709,58676110,-2.089,-0.739,-9.665,0.157,-1.781,-0.311,184.147,10.650,-0.075,-0.213,-0.311,4.637937,-74.084480,0.04,3,1
5710,58686117,-2.151,-0.734,-9.727,0.096,-2.178,-0.341,184.163,10.764,-0.075,-0.219,-0.341,4.637937,-74.084480,0.04,3,1
5711,58696109,-2.192,-0.760,-9.723,0.034,-1.995,-0.555,184.189,10.889,-0.078,-0.224,-0.555,4.637937,-74.084480,0.04,3,1
5712,58706120,-2.170,-0.806,-9.730,-0.210,-1.201,-0.707,184.231,11.000,-0.082,-0.221,-0.707,4.637937,-74.084480,0.04,3,1
5713,58716107,-2.120,-0.787,-9.754,-0.362,-0.011,-1.196,184.259,11.091,-0.080,-0.216,-1.196,4.637937,-74.084480,0.04,3,1
5714,58726113,-2.089,-0.700,-9.725,-0.606,1.240,-1.592,184.244,11.176,-0.071,-0.213,-1.592,4.637937,-74.084480,0.04,3,1
5715,58736126,-2.077,-0.616,-9.768,-0.545,2.034,-1.562,184.192,11.253,-0.063,-0.212,-1.562,4.637937,-74.084480,0.04,3,1
5716,58746117,-2.003,-0.616,-9.749,-0.179,2.705,-1.440,184.148,11.301,-0.063,-0.204,-1.440,4.637937,-74.084480,0.04,3,1
5717,58756119,-1.901,-0.712,-9.727,0.096,3.346,-1.348,184.154,11.308,-0.073,-0.194,-1.348,4.637937,-74.084480,0.04,3,1
5718,58766108,-1.808,-0.724,-9.672,-0.179,3.682,-1.318,184.164,11.281,-0.074,-0.184,-1.318,4.637937,-74.084480,0.04,3,1
5719,58776133,-1.801,-0.678,-9.643,-0.698,3.346,-1.013,184.148,11.253,-0.069,-0.184,-1.013,4.637937,-74.084480,0.04,3,1
5720,58786123,-1.808,-0.599,-9.730,-1.308,2.614,-0.707,184.090,11.217,-0.061,-0.184,-0.707,4.637937,-74.084480,0.04,3,1
5721,58796106,-1.779,-0.529,-9.691,-0.973,1.912,-0.463,184.009,11.168,-0.054,-0.181,-0.463,4.637937,-74.084480,0.04,3,1
5722,58806105,-1.782,-0.553,-9.735,-0.179,1.149,-0.463,183.952,11.113,-0.056,-0.182,-0.463,4.637937,-74.084480,0.04,3,1
5723,58816119,-1.710,-0.640,-9.711,0.370,0.844,-0.891,183.943,11.030,-0.065,-0.174,-0.891,4.637937,-74.084480,0.04,3,1
5724,58826124,-1.686,-0.666,-9.725,0.492,0.874,-1.165,183.948,10.942,-0.068,-0.172,-1.165,4.637937,-74.084480,0.04,3,1
5725,58836107,-1.725,-0.732,-9.720,0.462,0.722,-1.348,183.981,10.876,-0.075,-0.176,-1.348,4.637937,-74.084480,0.04,3,1
5726,58846124,-1.772,-0.746,-9.667,0.279,0.081,-1.501,184.018,10.834,-0.076,-0.181,-1.501,4.637937,-74.084480,0.04,3,1
5727,58856105,-1.820,-0.744,-9.687,-0.149,-0.896,-1.654,184.047,10.805,-0.076,-0.186,-1.654,4.637937,-74.084480,0.04,3,1
5728,58866124,-1.868,-0.717,-9.713,-0.393,-1.628,-1.837,184.058,10.791,-0.073,-0.190,-1.837,4.637937,-74.084480,0.04,3,1
5729,58876107,-1.910,-0.729,-9.778,-0.362,-1.720,-2.172,184.073,10.789,-0.074,-0.195,-2.172,4.637937,-74.084480,0.04,3,1
5730,58886123,-1.992,-0.693,-9.799,-0.393,-0.987,-2.416,184.069,10.828,-0.071,-0.203,-2.416,4.637937,-74.084480,0.04,3,1
5731,58896118,-2.006,-0.662,-9.814,-0.393,-0.163,-2.355,184.051,10.876,-0.067,-0.205,-2.355,4.637937,-74.084480,0.04,3,1
5732,58906111,-1.913,-0.575,-9.823,-0.027,0.722,-1.959,183.999,10.889,-0.059,-0.195,-1.959,4.637937,-74.084480,0.04,3,1
5733,58916123,-1.877,-0.628,-9.756,0.401,1.668,-1.165,183.980,10.899,-0.064,-0.191,-1.165,4.637937,-74.084480,0.04,3,1
5734,58926110,-1.825,-0.695,-9.674,0.584,1.973,-0.616,183.997,10.895,-0.071,-0.186,-0.616,4.637937,-74.084480,0.04,3,1
5735,58940705,-1.756,-0.741,-9.674,0.218,1.393,-0.189,184.033,10.859,-0.076,-0.179,-0.189,4.637937,-74.084480,0.04,3,1
5736,58946108,-1.756,-0.741,-9.674,0.218,1.393,-0.189,184.064,10.821,-0.076,-0.179,-0.189,4.637937,-74.084480,0.04,3,1
5737,58956122,-1.777,-0.741,-9.672,0.096,0.355,-0.158,184.091,10.787,-0.076,-0.181,-0.158,4.637937,-74.084480,0.04,3,1
5738,58966124,-1.839,-0.760,-9.687,-0.118,-0.591,-0.524,184.123,10.772,-0.078,-0.188,-0.524,4.637937,-74.084480,0.04,3,1
5739,58976113,-1.906,-0.724,-9.775,-0.210,-0.804,-1.135,184.132,10.779,-0.074,-0.194,-1.135,4.637937,-74.084480,0.04,3,1
5740,58986106,-1.963,-0.683,-9.773,-0.240,-0.560,-1.623,184.121,10.813,-0.070,-0.200,-1.623,4.637937,-74.084480,0.04,3,1
5741,58996131,-1.946,-0.652,-9.754,-0.332,-0.286,-1.867,184.097,10.842,-0.066,-0.198,-1.867,4.637937,-74.084480,0.04,3,1
5742,59006133,-1.910,-0.613,-9.711,-0.210,0.020,-1.654,184.059,10.859,-0.063,-0.195,-1.654,4.637937,-74.084480,0.04,3,1
5743,59016120,-1.879,-0.623,-9.672,0.126,0.355,-1.654,184.034,10.868,-0.064,-0.192,-1.654,4.637937,-74.084480,0.04,3,1
5744,59026112,-1.879,-0.722,-9.691,0.401,0.508,-1.745,184.057,10.875,-0.074,-0.192,-1.745,4.637937,-74.084480,0.04,3,1
5745,59036121,-1.865,-0.787,-9.682,0.370,0.569,-2.050,184.107,10.877,-0.080,-0.190,-2.050,4.637937,-74.084480,0.04,3,1
5746,59046125,-1.815,-0.763,-9.626,0.218,0.691,-2.172,184.143,10.862,-0.078,-0.185,-2.172,4.637937,-74.084480,0.04,3,1
5747,59056112,-1.808,-0.780,-9.653,-0.179,0.660,-1.928,184.180,10.843,-0.080,-0.184,-1.928,4.637937,-74.084480,0.04,3,1
5748,59066114,-1.834,-0.712,-9.677,-0.545,0.630,-1.135,184.179,10.834,-0.073,-0.187,-1.135,4.637937,-74.084480,0.04,3,1
5749,59076108,-1.858,-0.635,-9.699,-0.942,0.416,0.025,184.139,10.834,-0.065,-0.189,0.025,4.637937,-74.084480,0.04,3,1
5750,59086120,-1.918,-0.698,-9.799,-0.576,0.081,1.276,184.130,10.847,-0.071,-0.196,1.276,4.637937,-74.084480,0.04,3,1
5751,59096115,-1.932,-0.818,-9.783,-0.088,0.142,1.826,184.181,10.867,-0.083,-0.197,1.826,4.637937,-74.084480,0.04,3,1
5752,59106107,-1.965,-0.912,-9.814,-0.332,0.630,1.307,184.266,10.901,-0.093,-0.200,1.307,4.637937,-74.084480,0.04,3,1
5753,59116125,-1.906,-0.859,-9.780,-0.942,1.332,0.178,184.317,10.916,-0.088,-0.194,0.178,4.637937,-74.084480,0.04,3,1
5754,59126106,-1.853,-0.744,-9.759,-1.491,1.973,-0.830,184.308,10.916,-0.076,-0.189,-0.830,4.637937,-74.084480,0.04,3,1
5755,59136139,-1.860,-0.625,-9.761,-1.766,2.492,-1.409,184.244,10.925,-0.064,-0.190,-1.409,4.637937,-74.084480,0.04,3,1
5756,59146111,-1.818,-0.584,-9.802,-1.308,2.400,-1.592,184.171,10.910,-0.060,-0.185,-1.592,4.637937,-74.084480,0.04,3,1
5757,59156124,-1.708,-0.570,-9.838,-0.973,2.308,-1.470,184.098,10.846,-0.058,-0.174,-1.470,4.637937,-74.084480,0.04,3,1
5758,59166130,-1.667,-0.531,-9.778,-0.362,2.217,-1.104,184.021,10.773,-0.054,-0.170,-1.104,4.637937,-74.084480,0.04,3,1
5759,59176122,-1.682,-0.560,-9.795,0.004,1.820,-0.799,183.966,10.706,-0.057,-0.171,-0.799,4.637937,-74.084480,0.04,3,1
5760,59186122,-1.674,-0.601,-9.775,0.187,1.454,-0.433,183.936,10.640,-0.061,-0.171,-0.433,4.637937,-74.084480,0.04,3,1
5761,59196106,-1.691,-0.621,-9.744,0.340,0.966,-0.067,183.919,10.583,-0.063,-0.172,-0.067,4.637937,-74.084480,0.04,3,1
5762,59206110,-1.710,-0.707,-9.759,0.309,0.538,0.208,183.940,10.534,-0.072,-0.174,0.208,4.637937,-74.084480,0.04,3,1
5763,59216103,-1.694,-0.652,-9.811,-0.057,0.844,0.422,183.931,10.480,-0.066,-0.173,0.422,4.637937,-74.084480,0.04,3,1
5764,59226102,-1.674,-0.575,-9.799,-0.271,1.271,0.544,183.887,10.427,-0.059,-0.171,0.544,4.637937,-74.084480,0.04,3,1
5765,59236118,-1.572,-0.563,-9.744,0.004,1.118,0.727,183.844,10.337,-0.057,-0.160,0.727,4.637937,-74.084480,0.04,3,1
5766,59246119,-1.524,-0.671,-9.723,0.523,0.416,0.940,183.859,10.227,-0.068,-0.155,0.940,4.637937,-74.084480,0.04,3,1
5767,59256115,-1.457,-0.763,-9.660,0.645,-0.225,0.727,183.917,10.094,-0.078,-0.149,0.727,4.637937,-74.084480,0.04,3,1
5768,59266119,-1.453,-0.787,-9.622,0.279,-1.293,0.696,183.979,9.961,-0.080,-0.148,0.696,4.637937,-74.084480,0.04,3,1
5769,59277902,-1.579,-0.787,-9.672,0.065,-4.039,1.307,184.033,9.858,-0.080,-0.161,1.307,4.637937,-74.084480,0.04,3,1
5770,59286118,-1.579,-0.787,-9.672,0.065,-4.039,1.307,184.083,9.769,-0.080,-0.161,1.307,4.637937,-74.084480,0.04,3,1
5771,59296112,-1.682,-0.869,-9.725,0.187,-4.894,1.703,184.166,9.721,-0.089,-0.171,1.703,4.637937,-74.084480,0.04,3,1
5772,59306110,-1.744,-0.997,-9.744,0.004,-5.077,1.978,184.296,9.699,-0.102,-0.178,1.978,4.637937,-74.084480,0.04,3,1
5773,59316103,-1.801,-1.028,-9.677,-0.728,-5.046,2.131,184.427,9.709,-0.105,-0.184,2.131,4.637937,-74.084480,0.04,3,1
5774,59326101,-1.889,-0.970,-9.622,-1.552,-5.077,2.466,184.516,9.761,-0.099,-0.193,2.466,4.637937,-74.084480,0.04,3,1
5775,59336114,-1.937,-0.900,-9.653,-1.949,-5.321,2.894,184.562,9.826,-0.092,-0.197,2.894,4.637937,-74.084480,0.04,3,1
5776,59346112,-1.901,-0.854,-9.660,-2.376,-5.687,3.443,184.580,9.867,-0.087,-0.194,3.443,4.637937,-74.084480,0.04,3,1
5777,59356110,-2.042,-0.792,-9.783,-2.498,-5.931,3.901,184.562,9.953,-0.081,-0.208,3.901,4.637937,-74.084480,0.04,3,1
5778,59366107,-2.080,-0.683,-9.790,-2.682,-5.718,4.816,184.496,10.050,-0.070,-0.212,4.816,4.637937,-74.084480,0.04,3,1
5779,59376102,-2.080,-0.717,-9.874,-2.346,-5.077,5.732,184.450,10.138,-0.073,-0.212,5.732,4.637937,-74.084480,0.04,3,1
5780,59386101,-2.111,-0.674,-9.905,-2.285,-3.887,6.586,184.388,10.241,-0.069,-0.215,6.586,4.637937,-74.084480,0.04,3,1
5781,59396114,-2.011,-0.645,-9.778,-2.163,-2.910,7.654,184.323,10.314,-0.066,-0.205,7.654,4.637937,-74.084480,0.04,3,1
5782,59406114,-1.889,-0.678,-9.725,-1.888,-2.391,8.753,184.282,10.338,-0.069,-0.193,8.753,4.637937,-74.084480,0.04,3,1
5783,59416112,-1.767,-0.659,-9.614,-1.980,-1.781,9.791,184.238,10.323,-0.067,-0.180,9.791,4.637937,-74.084480,0.04,3,1
5784,59426112,-1.763,-0.616,-9.540,-1.919,-2.178,10.645,184.180,10.309,-0.063,-0.180,10.645,4.637937,-74.084480,0.04,3,1
5785,59436114,-1.827,-0.642,-9.566,-1.888,-3.032,11.255,184.139,10.314,-0.065,-0.186,11.255,4.637937,-74.084480,0.04,3,1
5786,59446101,-1.806,-0.681,-9.571,-1.980,-4.009,11.500,184.117,10.300,-0.069,-0.184,11.500,4.637937,-74.084480,0.04,3,1
5787,59456117,-1.868,-0.623,-9.614,-2.285,-4.741,11.255,184.067,10.303,-0.064,-0.190,11.255,4.637937,-74.084480,0.04,3,1
5788,59466100,-2.001,-0.693,-9.562,-2.437,-5.657,11.042,184.052,10.361,-0.071,-0.204,11.042,4.637937,-74.084480,0.04,3,1
5789,59476117,-2.166,-0.727,-9.588,-2.682,-6.999,10.309,184.050,10.471,-0.074,-0.221,10.309,4.637937,-74.084480,0.04,3,1
5790,59486100,-2.359,-0.674,-9.653,-2.987,-8.037,8.967,184.020,10.639,-0.069,-0.241,8.967,4.637937,-74.084480,0.04,3,1
5791,59496114,-2.476,-0.633,-9.674,-2.895,-8.373,7.044,183.974,10.839,-0.065,-0.252,7.044,4.637937,-74.084480,0.04,3,1
5792,59506115,-2.490,-0.551,-9.723,-2.498,-7.701,4.603,183.897,11.032,-0.056,-0.254,4.603,4.637937,-74.084480,0.04,3,1
5793,59516125,-2.421,-0.406,-9.660,-1.705,-6.298,2.070,183.769,11.201,-0.041,-0.247,2.070,4.637937,-74.084480,0.04,3,1
5794,59526120,-2.242,-0.228,-9.540,0.157,-4.863,-0.006,183.590,11.307,-0.023,-0.229,-0.006,4.637937,-74.084480,0.04,3,1
5795,59536126,-2.082,-0.129,-9.461,3.239,-4.497,-1.715,183.407,11.346,-0.013,-0.212,-1.715,4.637937,-74.084480,0.04,3,1
5796,59546105,-1.818,0.001,-9.264,7.877,-6.206,-3.637,183.221,11.267,0.000,-0.185,-3.637,4.637937,-74.084480,0.04,3,1
5797,59556134,-1.536,-0.155,-9.110,14.195,-10.631,-6.018,183.183,11.036,-0.016,-0.157,-6.018,4.637937,-74.084480,0.04,3,1
5798,59566118,-1.589,-0.512,-9.002,20.146,-17.406,-9.954,183.377,10.792,-0.052,-0.162,-9.954,4.637937,-74.084480,0.04,3,1
5799,59576110,-1.663,-0.736,-8.947,24.235,-25.218,-14.318,183.704,10.533,-0.075,-0.170,-14.318,4.637937,-74.084480,0.04,3,1
5800,59586124,-1.727,-0.900,-8.937,27.317,-32.115,-17.675,184.114,10.259,-0.092,-0.176,-17.675,4.637937,-74.084480,0.04,3,1
5801,59611417,-1.951,-1.115,-8.711,35.343,-46.245,-23.229,185.203,9.374,-0.114,-0.199,-23.229,4.637927,-74.084500,0.05,3,1
5802,59612849,-1.951,-1.115,-8.711,35.343,-46.245,-23.229,185.926,8.936,-0.114,-0.199,-23.229,4.637927,-74.084500,0.05,3,1
5803,59616113,-1.951,-1.115,-8.711,35.343,-46.245,-23.229,186.368,8.814,-0.114,-0.199,-23.229,4.637927,-74.084500,0.05,3,1
5804,59626119,-2.242,-1.510,-8.567,38.914,-50.731,-27.532,187.030,8.817,-0.154,-0.229,-27.532,4.637927,-74.084500,0.05,3,1
5805,59636169,-2.566,-1.730,-8.716,40.836,-55.187,-33.697,187.753,8.909,-0.176,-0.262,-33.697,4.637927,-74.084500,0.05,3,1
5806,59646118,-2.759,-2.115,-8.906,42.057,-57.933,-39.862,188.598,9.015,-0.216,-0.281,-39.862,4.637927,-74.084500,0.05,3,1
5807,59656116,-3.041,-2.561,-9.081,41.020,-58.208,-45.965,189.555,9.192,-0.261,-0.310,-45.965,4.637927,-74.084500,0.05,3,1
5808,59666106,-3.341,-2.745,-9.408,36.289,-56.255,-50.939,190.428,9.443,-0.280,-0.341,-50.939,4.637927,-74.084500,0.05,3,1
5809,59676116,-3.537,-2.535,-9.588,29.362,-52.013,-52.252,191.048,9.770,-0.258,-0.361,-52.252,4.637927,-74.084500,0.05,3,1
5810,59686115,-3.639,-2.426,-9.691,22.556,-46.153,-49.261,191.496,10.151,-0.247,-0.371,-49.261,4.637927,-74.084500,0.05,3,1
5811,59696145,-3.780,-2.364,-9.893,15.507,-38.677,-42.852,191.794,10.596,-0.241,-0.385,-42.852,4.637927,-74.084500,0.05,3,1
5812,59706120,-3.911,-2.299,-9.869,7.816,-29.857,-33.758,191.971,11.140,-0.234,-0.399,-33.758,4.637927,-74.084500,0.05,3,1
5813,59716121,-3.999,-2.325,-9.960,0.218,-21.343,-23.504,192.067,11.737,-0.237,-0.408,-23.504,4.637927,-74.084500,0.05,3,1
5814,59726104,-3.942,-2.195,-9.989,-8.449,-12.737,-12.914,192.016,12.343,-0.224,-0.402,-12.914,4.637927,-74.084500,0.05,3,1
5815,59736116,-3.789,-1.768,-9.847,-16.048,-4.741,-2.264,191.728,12.948,-0.180,-0.386,-2.264,4.637927,-74.084500,0.05,3,1
5816,59746114,-3.766,-1.387,-9.967,-21.450,1.820,8.387,191.238,13.548,-0.141,-0.384,8.387,4.637927,-74.084500,0.05,3,1
5817,59756109,-3.899,-1.086,-10.018,-24.837,7.466,18.122,190.622,14.202,-0.111,-0.398,18.122,4.637927,-74.084500,0.05,3,1
5818,59766112,-3.868,-0.968,-10.018,-26.424,12.227,26.270,189.987,14.838,-0.099,-0.394,26.270,4.637927,-74.084500,0.05,3,1
5819,59776116,-3.713,-0.869,-10.114,-26.790,17.262,32.221,189.351,15.400,-0.089,-0.379,32.221,4.637927,-74.084500,0.05,3,1
5820,59786111,-3.479,-0.867,-10.059,-26.272,22.999,35.822,188.771,15.889,-0.088,-0.355,35.822,4.637927,-74.084500,0.05,3,1
5821,59796110,-3.231,-0.838,-9.828,-24.898,27.852,37.043,188.244,16.317,-0.085,-0.330,37.043,4.637927,-74.084500,0.05,3,1
5822,59806125,-3.029,-0.886,-9.768,-22.915,30.110,36.463,187.799,16.659,-0.090,-0.309,36.463,4.637927,-74.084500,0.05,3,1
5823,59816114,-2.724,-1.018,-9.711,-21.267,30.568,34.357,187.466,16.858,-0.104,-0.278,34.357,4.637927,-74.084500,0.05,3,1
5824,59826128,-2.373,-1.016,-9.667,-19.771,29.927,31.061,187.173,16.894,-0.104,-0.242,31.061,4.637927,-74.084500,0.05,3,1
5825,59836116,-1.994,-0.999,-9.674,-18.368,28.218,27.857,186.908,16.747,-0.102,-0.203,27.857,4.637927,-74.084500,0.05,3,1
5826,59846126,-1.672,-0.963,-9.542,-17.757,25.685,25.599,186.658,16.460,-0.098,-0.171,25.599,4.637927,-74.084500,0.05,3,1
5827,59856109,-1.488,-0.924,-9.415,-17.757,21.962,24.683,186.415,16.087,-0.094,-0.152,24.683,4.637927,-74.084500,0.05,3,1
5828,59866114,-1.455,-0.934,-9.374,-17.849,17.628,25.019,186.197,15.691,-0.095,-0.148,25.019,4.637927,-74.084500,0.05,3,1
5829,59876149,-1.546,-0.994,-9.494,-18.337,13.508,26.209,186.012,15.319,-0.101,-0.158,26.209,4.637927,-74.084500,0.05,3,1
5830,59886116,-1.620,-1.170,-9.545,-19.100,10.151,27.888,185.911,14.972,-0.119,-0.165,27.888,4.637927,-74.084500,0.05,3,1
5831,59896111,-1.791,-1.308,-9.773,-20.382,7.985,30.176,185.855,14.687,-0.133,-0.183,30.176,4.637927,-74.084500,0.05,3,1
5832,59906108,-1.965,-1.440,-9.984,-22.579,7.496,33.289,185.828,14.475,-0.147,-0.200,33.289,4.637927,-74.084500,0.05,3,1
5833,59916116,-1.984,-1.356,-10.167,-25.417,8.320,37.836,185.730,14.281,-0.138,-0.202,37.836,4.637927,-74.084500,0.05,3,1
5834,59926126,-1.927,-1.300,-10.126,-27.523,10.060,44.581,185.598,14.099,-0.133,-0.197,44.581,4.637927,-74.084500,0.05,3,1
5835,59938299,-1.469,-1.014,-10.275,-32.131,14.668,62.891,185.243,13.796,-0.103,-0.150,62.891,4.637927,-74.084500,0.05,3,1
5836,59946102,-1.469,-1.014,-10.275,-32.131,14.668,62.891,184.979,13.490,-0.103,-0.150,62.891,4.637927,-74.084500,0.05,3,1
5837,59956113,-1.195,-0.797,-10.200,-33.443,16.835,73.847,184.632,13.117,-0.081,-0.122,73.847,4.637927,-74.084500,0.05,3,1
5838,59966112,-0.785,-0.495,-10.047,-33.779,17.079,84.742,184.183,12.607,-0.051,-0.080,84.742,4.637927,-74.084500,0.05,3,1
5839,59976114,-0.146,-0.218,-9.852,-32.802,15.248,95.240,183.658,11.843,-0.022,-0.015,95.240,4.637927,-74.084500,0.05,3,1
5840,59986125,0.202,-0.252,-9.845,-32.345,12.288,105.097,183.193,10.955,-0.026,0.021,105.097,4.637927,-74.084500,0.05,3,1
5841,59996107,0.524,0.117,-9.855,-33.565,9.541,114.252,182.588,9.968,0.012,0.053,114.252,4.637927,-74.084500,0.05,3,1
5842,60006122,0.815,0.527,-9.516,-33.871,5.330,123.835,181.835,8.877,0.054,0.083,123.835,4.637927,-74.084500,0.05,3,1
5843,60016111,0.743,0.848,-9.307,-32.467,-2.452,133.539,180.999,7.824,0.086,0.076,133.539,4.637927,-74.084500,0.05,3,1
5844,60026124,0.460,0.925,-9.201,-30.605,-12.798,142.420,180.202,6.887,0.094,0.047,142.420,4.637927,-74.084500,0.05,3,1
5845,60036126,0.164,0.782,-9.113,-29.384,-24.059,149.103,179.541,6.056,0.080,0.017,149.103,4.637927,-74.084500,0.05,3,1
5846,60046107,0.050,1.098,-9.098,-29.171,-35.350,153.498,178.782,5.240,0.112,0.005,153.498,4.637927,-74.084500,0.05,3,1
5847,60056108,-0.358,1.785,-9.312,-29.171,-45.207,158.076,177.778,4.584,0.182,-0.037,158.076,4.637927,-74.084500,0.05,3,1
5848,60066111,-1.031,1.993,-9.326,-26.302,-53.844,162.317,176.786,4.204,0.203,-0.105,162.317,4.637927,-74.084500,0.05,3,1
5849,60076110,-1.734,1.908,-9.406,-22.487,-60.893,163.111,175.949,4.099,0.195,-0.177,163.111,4.637927,-74.084500,0.05,3,1
5850,60086121,-2.268,2.067,-9.254,-20.901,-66.112,160.608,175.105,4.198,0.211,-0.231,160.608,4.637927,-74.084500,0.05,3,1
5851,60096114,-2.576,2.337,-9.415,-19.802,-70.110,155.543,174.233,4.361,0.238,-0.263,155.543,4.637927,-74.084500,0.05,3,1
5852,60106125,-2.917,2.236,-9.482,-17.391,-71.514,148.523,173.501,4.635,0.228,-0.297,148.523,4.637927,-74.084500,0.05,3,1
5853,60116126,-3.401,2.145,-9.242,-15.621,-71.117,139.612,172.857,5.124,0.219,-0.347,139.612,4.637927,-74.084500,0.05,3,1
5854,60126110,-3.739,2.277,-9.055,-15.743,-71.147,130.243,172.180,5.737,0.232,-0.381,130.243,4.637927,-74.084500,0.05,3,1
5855,60136128,-3.904,2.366,-9.014,-16.292,-71.788,121.302,171.505,6.365,0.241,-0.398,121.302,4.637927,-74.084500,0.05,3,1
5856,60146134,-4.149,2.521,-9.031,-16.567,-71.605,112.635,170.811,7.035,0.257,-0.423,112.635,4.637927,-74.084500,0.05,3,1
5857,60156112,-4.510,2.832,-8.935,-15.896,-70.629,104.578,170.025,7.803,0.289,-0.460,104.578,4.637927,-74.084500,0.05,3,1
5858,60166116,-4.772,3.017,-8.952,-13.393,-69.591,96.735,169.242,8.605,0.308,-0.487,96.735,4.637927,-74.084500,0.05,3,1
5859,60176126,-4.932,2.827,-8.863,-10.525,-67.546,88.953,168.616,9.451,0.288,-0.503,88.953,4.637927,-74.084500,0.05,3,1
5860,60186106,-5.084,2.554,-8.668,-9.395,-64.067,79.951,168.146,10.375,0.260,-0.518,79.951,4.637927,-74.084500,0.05,3,1
5861,60196116,-5.256,2.470,-8.512,-9.823,-59.978,69.391,167.726,11.365,0.252,-0.536,69.391,4.637927,-74.084500,0.05,3,1
5862,60206114,-5.356,2.554,-8.447,-10.158,-55.889,58.619,167.285,12.363,0.260,-0.546,58.619,4.637927,-74.084500,0.05,3,1
5863,60216106,-5.518,2.675,-8.498,-10.921,-51.647,48.456,166.821,13.364,0.273,-0.563,48.456,4.637927,-74.084500,0.05,3,1
5864,60226108,-5.795,2.952,-8.438,-11.196,-46.611,39.271,166.253,14.425,0.301,-0.591,39.271,4.637927,-74.084500,0.05,3,1
5865,60236101,-6.038,3.261,-8.303,-10.341,-41.576,31.397,165.571,15.540,0.333,-0.616,31.397,4.637927,-74.084500,0.05,3,1
5866,60246115,-6.098,3.244,-8.183,-8.083,-36.693,24.500,164.948,16.661,0.331,-0.622,24.500,4.637927,-74.084500,0.05,3,1
5867,60256111,-5.909,3.090,-8.183,-6.344,-31.444,17.695,164.460,17.695,0.315,-0.603,17.695,4.637927,-74.084500,0.05,3,1
5868,60267986,-5.389,3.405,-8.164,-4.543,-19.115,7.502,163.862,18.541,0.347,-0.550,7.502,4.637927,-74.084500,0.05,3,1
5869,60276110,-5.389,3.405,-8.164,-4.543,-19.115,7.502,163.318,19.351,0.347,-0.550,7.502,4.637927,-74.084500,0.05,3,1
5870,60286100,-5.311,3.555,-8.077,-3.231,-13.744,5.915,162.744,20.124,0.363,-0.542,5.915,4.637927,-74.084500,0.05,3,1
5871,60296110,-5.292,3.613,-7.936,-1.858,-10.204,6.220,162.172,20.885,0.368,-0.540,6.220,4.637927,-74.084500,0.05,3,1
5872,60306100,-5.363,3.673,-7.924,-0.851,-8.647,7.410,161.623,21.625,0.375,-0.547,7.410,4.637927,-74.084500,0.05,3,1
5873,60316100,-5.473,3.731,-7.986,0.889,-7.671,8.265,161.120,22.337,0.380,-0.558,8.265,4.637927,-74.084500,0.05,3,1
5874,60326109,-5.516,3.594,-8.109,3.758,-6.267,7.990,160.770,23.011,0.366,-0.562,7.990,4.637927,-74.084500,0.05,3,1
5875,60336115,-5.563,3.321,-8.258,6.230,-3.520,6.037,160.622,23.668,0.339,-0.567,6.037,4.637927,-74.084500,0.05,3,1
5876,60346110,-5.599,3.135,-8.282,8.000,0.233,2.344,160.591,24.332,0.320,-0.571,2.344,4.637927,-74.084500,0.05,3,1
5877,60356109,-5.516,2.923,-8.356,9.434,3.926,-2.508,160.687,24.950,0.298,-0.562,-2.508,4.637927,-74.084500,0.05,3,1
5878,60366115,-5.375,2.569,-8.327,10.410,7.557,-8.123,160.948,25.535,0.262,-0.548,-8.123,4.637927,-74.084500,0.05,3,1
5879,60376100,-5.184,2.270,-8.253,10.166,10.304,-13.861,161.322,26.065,0.231,-0.529,-13.861,4.637927,-74.084500,0.05,3,1
5880,60386115,-5.046,2.234,-8.224,8.030,11.799,-18.926,161.661,26.524,0.228,-0.515,-18.926,4.637927,-74.084500,0.05,3,1
5881,60396109,-5.048,2.318,-8.351,5.680,12.074,-22.314,161.928,26.920,0.236,-0.515,-22.314,4.637927,-74.084500,0.05,3,1
5882,60406105,-5.015,2.395,-8.539,4.246,12.288,-24.389,162.150,27.231,0.244,-0.511,-24.389,4.637927,-74.084500,0.05,3,1
5883,60416114,-4.874,2.424,-8.747,3.941,13.386,-25.701,162.366,27.434,0.247,-0.497,-25.701,4.637927,-74.084500,0.05,3,1
5884,60426112,-4.703,2.388,-8.908,4.643,15.889,-26.373,162.608,27.551,0.244,-0.480,-26.373,4.637927,-74.084500,0.05,3,1
5885,60436100,-4.560,2.296,-9.021,5.284,18.818,-26.495,162.894,27.616,0.234,-0.465,-26.495,4.637927,-74.084500,0.05,3,1
5886,60446114,-4.378,2.251,-9.060,5.833,21.443,-26.159,163.187,27.627,0.230,-0.446,-26.159,4.637927,-74.084500,0.05,3,1
5887,60456110,-4.178,2.116,-9.050,6.687,23.579,-25.060,163.527,27.586,0.216,-0.426,-25.060,4.637927,-74.084500,0.05,3,1
5888,60466109,-3.892,1.918,-8.942,7.054,25.075,-23.687,163.925,27.474,0.196,-0.397,-23.687,4.637927,-74.084500,0.05,3,1
5889,60476098,-3.658,1.814,-8.952,6.352,25.471,-22.405,164.335,27.281,0.185,-0.373,-22.405,4.637927,-74.084500,0.05,3,1
5890,60486114,-3.549,1.793,-9.019,5.253,24.769,-21.276,164.720,27.041,0.183,-0.362,-21.276,4.637927,-74.084500,0.05,3,1
5891,60496109,-3.484,1.778,-9.108,4.826,23.152,-19.903,165.087,26.764,0.181,-0.355,-19.903,4.637927,-74.084500,0.05,3,1
5892,60506102,-3.451,1.817,-9.211,4.765,21.351,-18.682,165.417,26.462,0.185,-0.352,-18.682,4.637927,-74.084500,0.05,3,1
5893,60516115,-3.386,1.865,-9.216,4.704,19.185,-17.431,165.700,26.134,0.190,-0.345,-17.431,4.637927,-74.084500,0.05,3,1
5894,60526124,-3.320,1.814,-9.180,4.887,16.621,-16.546,165.982,25.786,0.185,-0.339,-16.546,4.637927,-74.084500,0.05,3,1
5895,60536115,-3.265,1.795,-9.189,5.100,14.058,-16.363,166.255,25.417,0.183,-0.333,-16.363,4.637927,-74.084500,0.05,3,1
5896,60546104,-3.251,1.807,-9.209,5.497,11.891,-16.668,166.507,25.048,0.184,-0.331,-16.668,4.637927,-74.084500,0.05,3,1
5897,60556114,-3.241,1.853,-9.240,6.077,9.846,-16.882,166.727,24.677,0.189,-0.330,-16.882,4.637927,-74.084500,0.05,3,1
5898,60566126,-3.220,1.855,-9.264,7.389,7.893,-16.760,166.944,24.305,0.189,-0.328,-16.760,4.637927,-74.084500,0.05,3,1
5899,60576126,-3.265,1.723,-9.206,8.763,6.032,-16.271,167.212,23.975,0.176,-0.333,-16.271,4.637927,-74.084500,0.05,3,1
5900,60586125,-3.305,1.530,-9.163,9.648,4.262,-15.508,167.553,23.681,0.156,-0.337,-15.508,4.637927,-74.084500,0.05,3,1
5901,60603122,-3.444,1.180,-9.002,9.098,0.691,-14.471,168.093,23.461,0.120,-0.351,-14.471,4.637918,-74.084518,0.11,3,1
5902,60606116,-3.444,1.180,-9.002,9.098,0.691,-14.471,168.529,23.255,0.120,-0.351,-14.471,4.637918,-74.084518,0.11,3,1
5903,60616115,-3.453,1.122,-8.978,8.183,-0.652,-13.922,168.947,23.063,0.114,-0.352,-13.922,4.637918,-74.084518,0.11,3,1
5904,60626105,-3.501,1.103,-8.976,7.206,-1.567,-12.792,169.331,22.900,0.112,-0.357,-12.792,4.637918,-74.084518,0.11,3,1
5905,60636167,-3.589,1.125,-8.990,5.985,-2.208,-11.389,169.663,22.780,0.115,-0.366,-11.389,4.637918,-74.084518,0.11,3,1
5906,60646117,-3.673,1.142,-9.016,4.734,-2.300,-9.283,169.950,22.699,0.116,-0.374,-9.283,4.637918,-74.084518,0.11,3,1
5907,60656110,-3.749,1.188,-8.954,3.849,-2.300,-7.055,170.179,22.667,0.121,-0.382,-7.055,4.637918,-74.084518,0.11,3,1
5908,60666121,-3.797,1.202,-8.901,3.178,-2.513,-4.553,170.374,22.663,0.123,-0.387,-4.553,4.637918,-74.084518,0.11,3,1
5909,60676128,-3.918,1.163,-8.882,2.293,-2.880,-2.081,170.562,22.712,0.119,-0.400,-2.081,4.637918,-74.084518,0.11,3,1
5910,60686132,-4.016,1.163,-8.944,1.194,-2.910,-0.158,170.730,22.785,0.119,-0.410,-0.158,4.637918,-74.084518,0.11,3,1
5911,60696122,-4.147,1.214,-8.947,0.248,-2.330,1.185,170.851,22.909,0.124,-0.423,1.185,4.637918,-74.084518,0.11,3,1
5912,60706117,-4.231,1.200,-8.997,-0.606,-1.384,1.917,170.965,23.057,0.122,-0.431,1.917,4.637918,-74.084518,0.11,3,1
5913,60716118,-4.219,1.255,-8.966,-1.705,-0.072,1.948,171.032,23.205,0.128,-0.430,1.948,4.637918,-74.084518,0.11,3,1
5914,60726134,-4.216,1.409,-8.944,-2.743,1.027,1.703,171.008,23.351,0.144,-0.430,1.703,4.637918,-74.084518,0.11,3,1
5915,60736119,-4.262,1.539,-8.990,-2.987,2.034,1.581,170.925,23.500,0.157,-0.435,1.581,4.637918,-74.084518,0.11,3,1
5916,60746107,-4.376,1.626,-9.060,-2.865,3.041,1.581,170.815,23.677,0.166,-0.446,1.581,4.637918,-74.084518,0.11,3,1
5917,60756116,-4.469,1.634,-9.096,-2.651,4.078,1.459,170.714,23.879,0.167,-0.456,1.459,4.637918,-74.084518,0.11,3,1
5918,60766108,-4.529,1.689,-9.113,-2.010,5.391,0.818,170.603,24.095,0.172,-0.462,0.818,4.637918,-74.084518,0.11,3,1
5919,60776136,-4.572,1.674,-9.161,-1.095,7.130,-0.616,170.520,24.319,0.171,-0.466,-0.616,4.637918,-74.084518,0.11,3,1
5920,60786113,-4.569,1.556,-9.197,-0.667,9.511,-2.661,170.505,24.544,0.159,-0.466,-2.661,4.637918,-74.084518,0.11,3,1
5921,60796120,-4.450,1.453,-9.137,-0.912,12.105,-5.163,170.532,24.744,0.148,-0.454,-5.163,4.637918,-74.084518,0.11,3,1
5922,60806119,-4.424,1.477,-9.168,-1.369,14.760,-7.665,170.544,24.937,0.151,-0.451,-7.665,4.637918,-74.084518,0.11,3,1
5923,60816123,-4.457,1.484,-9.173,-2.132,17.140,-9.619,170.545,25.149,0.151,-0.454,-9.619,4.637918,-74.084518,0.11,3,1
5924,60826121,-3.932,1.286,-9.076,-4.207,20.405,-12.731,170.612,25.192,0.131,-0.401,-12.731,4.637918,-74.084518,0.11,3,1
5925,60836110,-3.577,1.163,-8.964,-5.855,21.718,-13.983,170.710,25.119,0.119,-0.365,-13.983,4.637918,-74.084518,0.11,3,1
5926,60846107,-3.389,1.178,-8.781,-8.419,21.901,-15.112,170.759,25.003,0.120,-0.346,-15.112,4.637918,-74.084518,0.11,3,1
5927,60856127,-3.305,1.426,-8.747,-10.555,20.009,-15.936,170.660,24.843,0.145,-0.337,-15.936,4.637918,-74.084518,0.11,3,1
5928,60866126,-3.327,1.708,-8.863,-11.349,16.987,-16.302,170.436,24.649,0.174,-0.339,-16.302,4.637918,-74.084518,0.11,3,1
5929,60876120,-3.472,1.826,-9.007,-11.043,14.119,-16.424,170.189,24.480,0.186,-0.354,-16.424,4.637918,-74.084518,0.11,3,1
5930,60886128,-3.513,1.773,-9.088,-10.433,12.196,-16.943,169.999,24.311,0.181,-0.358,-16.943,4.637918,-74.084518,0.11,3,1
5931,60896124,-3.482,1.703,-9.132,-9.548,11.616,-18.041,169.868,24.132,0.174,-0.355,-18.041,4.637918,-74.084518,0.11,3,1
5932,60906128,-3.439,1.708,-9.117,-8.816,11.769,-19.354,169.750,23.953,0.174,-0.351,-19.354,4.637918,-74.084518,0.11,3,1
5933,60916120,-3.332,1.766,-9.110,-8.724,11.799,-19.811,169.615,23.742,0.180,-0.340,-19.811,4.637918,-74.084518,0.11,3,1
5934,60926118,-3.277,1.834,-9.115,-8.602,11.403,-19.262,169.460,23.519,0.187,-0.334,-19.262,4.637918,-74.084518,0.11,3,1
5935,60936118,-3.260,1.848,-9.177,-8.602,10.518,-17.553,169.317,23.287,0.188,-0.332,-17.553,4.637918,-74.084518,0.11,3,1
5936,60948530,-3.222,1.920,-9.165,-8.602,9.389,-15.264,169.130,23.062,0.196,-0.329,-15.264,4.637918,-74.084518,0.11,3,1
5937,60956127,-3.239,1.940,-9.194,-8.022,8.198,-12.853,168.975,22.826,0.198,-0.330,-12.853,4.637918,-74.084518,0.11,3,1
5938,60966117,-3.274,1.940,-9.230,-7.229,7.222,-10.565,168.844,22.609,0.198,-0.334,-10.565,4.637918,-74.084518,0.11,3,1
5939,60976104,-3.322,1.995,-9.247,-6.740,6.398,-8.306,168.703,22.418,0.203,-0.339,-8.306,4.637918,-74.084518,0.11,3,1
5940,60986124,-3.417,1.981,-9.221,-5.947,5.604,-6.475,168.585,22.278,0.202,-0.348,-6.475,4.637918,-74.084518,0.11,3,1
5941,60996129,-3.394,1.807,-9.235,-5.001,4.902,-5.773,168.566,22.136,0.184,-0.346,-5.773,4.637918,-74.084518,0.11,3,1
5942,61006119,-3.446,1.740,-9.336,-4.574,4.933,-6.353,168.591,22.014,0.177,-0.351,-6.353,4.637918,-74.084518,0.11,3,1
5943,61016123,-3.487,1.781,-9.281,-4.391,5.299,-7.726,168.593,21.928,0.182,-0.356,-7.726,4.637918,-74.084518,0.11,3,1
5944,61026114,-3.522,1.706,-9.245,-3.994,5.604,-9.405,168.629,21.874,0.174,-0.359,-9.405,4.637918,-74.084518,0.11,3,1
5945,61036128,-3.475,1.670,-9.259,-3.872,5.940,-11.236,168.681,21.806,0.170,-0.354,-11.236,4.637918,-74.084518,0.11,3,1
5946,61046128,-3.408,1.691,-9.293,-3.902,6.398,-12.426,168.722,21.715,0.172,-0.348,-12.426,4.637918,-74.084518,0.11,3,1
5947,61056122,-3.363,1.641,-9.345,-3.963,7.100,-12.792,168.787,21.613,0.167,-0.343,-12.792,4.637918,-74.084518,0.11,3,1
5948,61066113,-3.332,1.578,-9.343,-4.330,7.802,-12.853,168.871,21.514,0.161,-0.340,-12.853,4.637918,-74.084518,0.11,3,1
5949,61076104,-3.334,1.499,-9.206,-4.818,8.015,-13.037,168.971,21.447,0.153,-0.340,-13.037,4.637918,-74.084518,0.11,3,1
5950,61086125,-3.227,1.349,-9.091,-5.428,7.344,-13.799,169.119,21.355,0.138,-0.329,-13.799,4.637918,-74.084518,0.11,3,1
5951,61096121,-3.189,1.371,-9.137,-6.679,6.062,-14.929,169.237,21.235,0.140,-0.325,-14.929,4.637918,-74.084518,0.11,3,1
5952,61106119,-3.179,1.486,-9.127,-8.144,5.025,-15.356,169.277,21.109,0.152,-0.324,-15.356,4.637918,-74.084518,0.11,3,1
5953,61116108,-3.293,1.525,-9.266,-8.480,4.201,-15.264,169.304,21.012,0.156,-0.336,-15.264,4.637918,-74.084518,0.11,3,1
5954,61126114,-3.384,1.580,-9.309,-8.541,3.987,-14.898,169.307,20.950,0.161,-0.345,-14.898,4.637918,-74.084518,0.11,3,1
5955,61136128,-3.389,1.754,-9.302,-8.785,4.139,-14.105,169.227,20.893,0.179,-0.346,-14.105,4.637918,-74.084518,0.11,3,1
5956,61146123,-3.406,1.761,-9.331,-8.175,4.201,-12.853,169.158,20.843,0.180,-0.347,-12.853,4.637918,-74.084518,0.11,3,1
5957,61156123,-3.379,1.759,-9.302,-7.473,4.048,-11.694,169.100,20.789,0.179,-0.345,-11.694,4.637918,-74.084518,0.11,3,1
5958,61166118,-3.305,1.805,-9.300,-6.649,3.712,-10.320,169.033,20.705,0.184,-0.337,-10.320,4.637918,-74.084518,0.11,3,1
5959,61176114,-3.243,1.752,-9.264,-5.520,3.560,-8.886,169.002,20.606,0.179,-0.331,-8.886,4.637918,-74.084518,0.11,3,1
5960,61186115,-3.229,1.679,-9.218,-4.848,3.285,-7.849,169.009,20.515,0.171,-0.329,-7.849,4.637918,-74.084518,0.11,3,1
5961,61196106,-3.234,1.573,-9.120,-4.787,2.858,-7.055,169.057,20.446,0.160,-0.330,-7.055,4.637918,-74.084518,0.11,3,1
5962,61206103,-3.282,1.609,-9.117,-5.337,2.217,-6.628,169.079,20.396,0.164,-0.335,-6.628,4.637918,-74.084518,0.11,3,1
5963,61216104,-3.322,1.677,-9.151,-5.764,1.271,-5.865,169.067,20.351,0.171,-0.339,-5.865,4.637918,-74.084518,0.11,3,1
5964,61226101,-3.425,1.696,-9.134,-6.466,0.783,-4.949,169.040,20.349,0.173,-0.349,-4.949,4.637918,-74.084518,0.11,3,1
5965,61236103,-3.482,1.853,-9.086,-6.924,0.386,-4.095,168.933,20.370,0.189,-0.355,-4.095,4.637918,-74.084518,0.11,3,1
5966,61246101,-3.551,1.959,-9.158,-6.954,0.081,-3.393,168.793,20.401,0.200,-0.362,-3.393,4.637918,-74.084518,0.11,3,1
5967,61256103,-3.582,2.022,-9.165,-6.985,0.447,-3.210,168.635,20.442,0.206,-0.365,-3.210,4.637918,-74.084518,0.11,3,1
5968,61266101,-3.658,2.014,-9.177,-6.985,1.484,-3.668,168.494,20.519,0.205,-0.373,-3.668,4.637918,-74.084518,0.11,3,1
5969,61276104,-3.725,1.947,-9.151,-6.771,2.888,-5.163,168.393,20.636,0.199,-0.380,-5.163,4.637918,-74.084518,0.11,3,1
5970,61288057,-3.687,1.920,-9.163,-6.832,4.353,-7.452,168.301,20.750,0.196,-0.376,-7.452,4.637918,-74.084518,0.11,3,1
5971,61296103,-3.649,1.966,-9.180,-7.015,5.726,-9.802,168.207,20.841,0.200,-0.372,-9.802,4.637918,-74.084518,0.11,3,1
5972,61306102,-3.596,2.046,-9.125,-7.076,6.611,-11.755,168.077,20.917,0.209,-0.367,-11.755,4.637918,-74.084518,0.11,3,1
5973,61316102,-3.611,2.147,-9.132,-7.015,7.130,-12.853,167.912,20.993,0.219,-0.368,-12.853,4.637918,-74.084518,0.11,3,1
5974,61326103,-3.623,2.289,-9.156,-6.954,7.527,-13.281,167.699,21.063,0.233,-0.369,-13.281,4.637918,-74.084518,0.11,3,1
5975,61336103,-3.639,2.468,-9.175,-6.222,8.015,-13.067,167.431,21.129,0.252,-0.371,-13.067,4.637918,-74.084518,0.11,3,1
5976,61346103,-3.594,2.521,-9.216,-4.848,8.595,-12.609,167.178,21.169,0.257,-0.366,-12.609,4.637918,-74.084518,0.11,3,1
5977,61356102,-3.506,2.330,-9.247,-2.712,9.389,-12.121,167.052,21.180,0.238,-0.357,-12.121,4.637918,-74.084518,0.11,3,1
5978,61366102,-3.453,2.200,-9.223,-1.369,10.365,-12.091,167.004,21.186,0.224,-0.352,-12.091,4.637918,-74.084518,0.11,3,1
5979,61376102,-3.410,2.106,-9.137,-0.973,10.548,-12.365,166.996,21.192,0.215,-0.348,-12.365,4.637918,-74.084518,0.11,3,1
5980,61386102,-3.386,2.070,-9.153,-0.728,10.090,-12.426,167.010,21.182,0.211,-0.345,-12.426,4.637918,-74.084518,0.11,3,1
5981,61396102,-3.301,2.087,-9.199,-0.423,9.785,-12.243,167.022,21.128,0.213,-0.337,-12.243,4.637918,-74.084518,0.11,3,1
5982,61406103,-3.231,2.026,-9.307,0.431,9.541,-11.663,167.080,21.033,0.207,-0.330,-11.663,4.637918,-74.084518,0.11,3,1
5983,61416102,-3.191,1.814,-9.273,1.225,9.846,-11.328,167.233,20.943,0.185,-0.325,-11.328,4.637918,-74.084518,0.11,3,1
5984,61426102,-3.155,1.682,-9.269,1.255,9.694,-11.267,167.434,20.848,0.171,-0.322,-11.267,4.637918,-74.084518,0.11,3,1
5985,61436102,-3.007,1.482,-9.233,0.858,9.083,-11.480,167.705,20.701,0.151,-0.307,-11.480,4.637918,-74.084518,0.11,3,1
5986,61446104,-2.948,1.388,-9.249,-0.149,8.229,-12.182,167.991,20.532,0.141,-0.301,-12.182,4.637918,-74.084518,0.11,3,1
5987,61456104,-2.919,1.438,-9.235,-1.247,7.191,-12.731,168.221,20.355,0.147,-0.298,-12.731,4.637918,-74.084518,0.11,3,1
5988,61466102,-2.838,1.515,-9.233,-2.132,6.032,-12.792,168.389,20.146,0.155,-0.289,-12.792,4.637918,-74.084518,0.11,3,1
5989,61476102,-2.869,1.694,-9.307,-2.743,4.994,-12.365,168.463,19.942,0.173,-0.293,-12.365,4.637918,-74.084518,0.11,3,1
5990,61486102,-2.955,1.889,-9.394,-2.590,4.323,-10.595,168.453,19.768,0.193,-0.301,-10.595,4.637918,-74.084518,0.11,3,1
5991,61496102,-2.955,1.860,-9.343,-1.308,3.926,-8.245,168.463,19.610,0.190,-0.301,-8.245,4.637918,-74.084518,0.11,3,1
5992,61506102,-2.933,1.689,-9.355,-0.179,3.377,-6.658,168.561,19.454,0.172,-0.299,-6.658,4.637918,-74.084518,0.11,3,1
5993,61516103,-2.874,1.662,-9.367,0.096,3.041,-5.987,168.668,19.280,0.170,-0.293,-5.987,4.637918,-74.084518,0.11,3,1
5994,61526111,-2.817,1.677,-9.228,-0.210,2.522,-5.468,168.745,19.107,0.171,-0.287,-5.468,4.637918,-74.084518,0.11,3,1
5995,61536110,-2.781,1.617,-9.180,-0.606,1.362,-5.163,168.836,18.929,0.165,-0.284,-5.163,4.637918,-74.084518,0.11,3,1
5996,61546108,-2.805,1.802,-9.158,-1.217,-0.194,-4.766,168.828,18.759,0.184,-0.286,-4.766,4.637918,-74.084518,0.11,3,1
5997,61556121,-2.943,2.036,-9.139,-1.339,-2.422,-3.118,168.711,18.636,0.208,-0.300,-3.118,4.637918,-74.084518,0.11,3,1
5998,61566109,-3.138,2.121,-9.297,-0.576,-4.589,-0.524,168.587,18.561,0.216,-0.320,-0.524,4.637918,-74.084518,0.11,3,1
5999,61576115,-3.327,2.055,-9.312,0.462,-5.565,1.795,168.513,18.560,0.210,-0.339,1.795,4.637918,-74.084518,0.11,3,1
6000,61586120,-3.491,1.911,-9.283,1.133,-5.168,2.924,168.514,18.638,0.195,-0.356,2.924,4.637918,-74.084518,0.11,3,1
