seq,t_us,ax,ay,az,gx,gy,gz,roll,pitch,g_lat,g_lon,yaw_rate,lat,lon,gps_spd,sats,gps_fix
0,1653110,-1.751,-4.227,-8.063,-17.483,-21.892,-2.081,-152.335,10.881,-0.431,-0.179,-2.081,0.000000,0.000000,0.00,0,0
1,1663092,-1.908,-4.326,-8.294,-19.619,-23.235,-0.006,-152.492,11.090,-0.441,-0.195,-0.006,0.000000,0.000000,0.00,0,0
2,1673086,-2.051,-4.502,-8.512,-21.908,-23.113,0.971,-152.512,11.255,-0.459,-0.209,0.971,0.000000,0.000000,0.00,0,0
3,1683084,-2.106,-4.649,-8.577,-23.983,-22.167,0.757,-152.435,11.335,-0.474,-0.215,0.757,0.000000,0.000000,0.00,0,0
4,1693087,-2.056,-4.705,-8.481,-24.441,-21.800,-0.402,-152.307,11.308,-0.480,-0.210,-0.402,0.000000,0.000000,0.00,0,0
5,1703084,-2.080,-4.654,-8.728,-26.150,-21.739,-1.592,-152.436,11.250,-0.475,-0.212,-1.592,0.000000,0.000000,0.00,0,0
6,1713086,-2.080,-4.688,-8.661,-28.011,-20.488,-3.240,-152.503,11.212,-0.478,-0.212,-3.240,0.000000,0.000000,0.00,0,0
7,1723084,-2.173,-4.654,-8.402,-29.354,-20.305,-4.705,-152.483,11.313,-0.475,-0.222,-4.705,0.000000,0.000000,0.00,0,0
8,1733086,-2.235,-4.579,-8.452,-29.507,-20.824,-6.140,-152.552,11.449,-0.467,-0.228,-6.140,0.000000,0.000000,0.00,0,0
9,1743084,-2.271,-4.526,-8.510,-30.147,-20.732,-7.238,-152.678,11.597,-0.462,-0.232,-7.238,0.000000,0.000000,0.00,0,0
10,1753086,-2.111,-4.558,-8.301,-29.293,-20.824,-8.459,-152.657,11.629,-0.465,-0.215,-8.459,0.000000,0.000000,0.00,0,0
11,1763084,-1.782,-3.617,-8.603,-27.614,-22.624,-8.642,-153.523,11.379,-0.369,-0.182,-8.642,0.000000,0.000000,0.00,0,0
12,1773086,-2.063,-3.535,-8.272,-24.074,-24.791,-5.895,-154.211,11.466,-0.361,-0.210,-5.895,0.000000,0.000000,0.00,0,0
13,1783085,-2.371,-3.998,-8.423,-20.229,-28.636,-3.179,-154.443,11.727,-0.408,-0.242,-3.179,0.000000,0.000000,0.00,0,0
14,1793098,-2.282,-3.991,-9.057,-18.642,-30.101,-2.661,-154.874,11.765,-0.407,-0.233,-2.661,0.000000,0.000000,0.00,0,0
15,1803099,-2.349,-3.977,-9.213,-19.955,-27.690,-2.539,-155.329,11.858,-0.405,-0.240,-2.539,0.000000,0.000000,0.00,0,0
16,1813081,-2.428,-4.348,-9.242,-22.915,-22.350,-4.095,-155.471,12.024,-0.443,-0.248,-4.095,0.000000,0.000000,0.00,0,0
17,1823093,-2.621,-4.348,-9.247,-29.171,-17.803,-7.055,-155.642,12.368,-0.443,-0.267,-7.055,0.000000,0.000000,0.00,0,0
18,1833086,-2.573,-4.085,-8.985,-33.962,-14.446,-8.703,-155.931,12.738,-0.417,-0.262,-8.703,0.000000,0.000000,0.00,0,0
19,1843084,-2.523,-3.788,-8.956,-35.427,-12.737,-8.184,-156.413,13.072,-0.386,-0.257,-8.184,0.000000,0.000000,0.00,0,0
20,1853087,-2.480,-3.477,-8.901,-34.359,-11.730,-6.536,-157.054,13.376,-0.355,-0.253,-6.536,0.000000,0.000000,0.00,0,0
21,1863084,-2.404,-3.335,-8.880,-31.795,-11.394,-4.705,-157.699,13.598,-0.340,-0.245,-4.705,0.000000,0.000000,0.00,0,0
22,1873086,-2.306,-3.405,-8.774,-29.812,-11.150,-3.362,-158.154,13.728,-0.347,-0.235,-3.362,0.000000,0.000000,0.00,0,0
23,1883084,-2.423,-3.436,-8.687,-28.866,-11.486,-2.355,-158.486,13.947,-0.350,-0.247,-2.355,0.000000,0.000000,0.00,0,0
24,1893087,-2.662,-3.557,-8.985,-29.079,-11.852,-1.379,-158.771,14.256,-0.363,-0.271,-1.379,0.000000,0.000000,0.00,0,0
25,1903084,-2.492,-3.608,-8.779,-29.079,-10.997,-1.745,-158.912,14.439,-0.368,-0.254,-1.745,0.000000,0.000000,0.00,0,0
26,1913087,-2.736,-3.726,-9.312,-28.286,-11.547,-2.844,-159.094,14.669,-0.380,-0.279,-2.844,0.000000,0.000000,0.00,0,0
27,1923084,-2.561,-3.639,-9.103,-25.997,-10.845,-4.461,-159.230,14.792,-0.371,-0.261,-4.461,0.000000,0.000000,0.00,0,0
28,1933086,-2.619,-3.649,-9.129,-24.441,-10.417,-5.560,-159.331,14.939,-0.372,-0.267,-5.560,0.000000,0.000000,0.00,0,0
29,1943084,-2.681,-3.622,-9.002,-24.654,-9.685,-5.987,-159.400,15.142,-0.369,-0.273,-5.987,0.000000,0.000000,0.00,0,0
30,1953087,-2.645,-3.490,-8.851,-24.013,-9.105,-6.689,-159.501,15.337,-0.356,-0.270,-6.689,0.000000,0.000000,0.00,0,0
31,1963084,-2.824,-3.352,-9.038,-21.877,-9.075,-7.177,-159.717,15.609,-0.342,-0.288,-7.177,0.000000,0.000000,0.00,0,0
32,1973087,-2.964,-3.125,-9.153,-18.856,-8.800,-7.177,-160.069,15.941,-0.319,-0.302,-7.177,0.000000,0.000000,0.00,0,0
33,1983087,-3.005,-2.947,-9.218,-15.407,-7.823,-6.445,-160.490,16.271,-0.301,-0.306,-6.445,0.000000,0.000000,0.00,0,0
34,1995346,-3.038,-2.959,-9.353,-11.684,-6.420,-4.980,-160.884,16.611,-0.302,-0.310,-4.980,0.000000,0.000000,0.00,0,0
35,2003089,-2.950,-2.848,-9.081,-7.534,-5.565,-3.729,-161.188,16.880,-0.290,-0.301,-3.729,0.000000,0.000000,0.00,0,0
36,2013085,-2.802,-2.773,-8.820,-2.834,-6.420,-2.722,-161.411,17.064,-0.283,-0.286,-2.722,0.000000,0.000000,0.00,0,0
37,2023086,-2.781,-2.990,-8.865,1.927,-8.251,-1.562,-161.424,17.173,-0.305,-0.284,-1.562,0.000000,0.000000,0.00,0,0
38,2033086,-2.895,-3.456,-9.043,4.917,-9.227,-1.226,-161.140,17.271,-0.352,-0.295,-1.226,0.000000,0.000000,0.00,0,0
39,2043085,-3.053,-3.714,-9.096,5.894,-8.922,-2.386,-160.723,17.430,-0.379,-0.311,-2.386,0.000000,0.000000,0.00,0,0
40,2053085,-3.160,-3.555,-8.932,6.809,-7.701,-4.156,-160.400,17.690,-0.362,-0.322,-4.156,0.000000,0.000000,0.00,0,0
41,2063085,-3.394,-3.094,-8.841,8.732,-5.687,-5.682,-160.370,18.136,-0.316,-0.346,-5.682,0.000000,0.000000,0.00,0,0
42,2073084,-3.313,-2.607,-8.270,14.988,-3.673,-6.414,-160.491,18.665,-0.266,-0.338,-6.414,0.000000,0.000000,0.00,0,0
43,2083085,-2.955,-2.699,-8.246,22.556,-3.246,-5.834,-160.465,18.907,-0.275,-0.301,-5.834,0.000000,0.000000,0.00,0,0
44,2093085,-2.840,-3.376,-8.743,26.096,-4.741,-5.163,-160.081,18.893,-0.344,-0.290,-5.163,0.000000,0.000000,0.00,0,0
45,2103086,-3.055,-3.762,-8.944,25.730,-5.626,-6.018,-159.553,18.936,-0.384,-0.312,-6.018,0.000000,0.000000,0.00,0,0
46,2113085,-3.251,-3.892,-8.983,24.937,-4.802,-8.093,-159.018,19.076,-0.397,-0.331,-8.093,0.000000,0.000000,0.00,0,0
47,2123091,-3.067,-4.172,-9.204,21.153,-3.398,-9.802,-158.467,19.052,-0.425,-0.313,-9.802,0.000000,0.000000,0.00,0,0
48,2133081,-3.069,-3.743,-8.637,15.537,-1.934,-11.206,-158.123,19.166,-0.382,-0.313,-11.206,0.000000,0.000000,0.00,0,0
49,2145087,-3.098,-2.894,-8.049,17.674,-1.811,-11.114,-158.155,19.507,-0.295,-0.316,-11.114,0.000000,0.000000,0.00,0,0
50,2153089,-2.790,-2.952,-8.344,22.953,-3.002,-9.435,-158.202,19.501,-0.301,-0.285,-9.435,0.000000,0.000000,0.00,0,0
51,2163088,-2.788,-3.207,-8.507,28.172,-3.856,-8.428,-158.076,19.437,-0.327,-0.284,-8.428,0.000000,0.000000,0.00,0,0
52,2173083,-3.003,-3.485,-8.620,29.423,-4.405,-6.628,-157.812,19.461,-0.355,-0.306,-6.628,0.000000,0.000000,0.00,0,0
53,2183088,-2.931,-3.557,-8.313,30.399,-4.589,-5.621,-157.447,19.486,-0.363,-0.299,-5.621,0.000000,0.000000,0.00,0,0
54,2193086,-2.788,-3.849,-8.555,30.827,-5.657,-5.926,-157.005,19.350,-0.392,-0.284,-5.926,0.000000,0.000000,0.00,0,0
55,2203086,-3.034,-4.162,-8.911,29.026,-6.328,-7.391,-156.540,19.280,-0.424,-0.309,-7.391,0.000000,0.000000,0.00,0,0
56,2213086,-3.014,-4.427,-8.812,26.158,-5.474,-9.985,-155.978,19.206,-0.451,-0.307,-9.985,0.000000,0.000000,0.00,0,0
57,2223085,-2.788,-4.999,-9.163,20.359,-5.901,-12.243,-155.326,18.926,-0.510,-0.284,-12.243,0.000000,0.000000,0.00,0,0
58,2233084,-2.850,-5.112,-9.024,13.371,-5.229,-15.753,-154.705,18.717,-0.521,-0.291,-15.753,0.000000,0.000000,0.00,0,0
59,2243085,-2.938,-4.459,-8.853,6.504,-4.527,-18.164,-154.482,18.644,-0.455,-0.300,-18.164,0.000000,0.000000,0.00,0,0
60,2253088,-2.724,-4.010,-8.728,4.704,-4.711,-18.804,-154.499,18.507,-0.409,-0.278,-18.804,0.000000,0.000000,0.00,0,0
61,2263088,-2.950,-3.731,-8.687,5.833,-5.443,-17.858,-154.648,18.521,-0.380,-0.301,-17.858,0.000000,0.000000,0.00,0,0
62,2273083,-3.026,-4.215,-8.416,6.077,-4.497,-17.187,-154.452,18.590,-0.430,-0.309,-17.187,0.000000,0.000000,0.00,0,0
63,2283086,-2.724,-4.550,-8.416,3.666,-4.833,-17.889,-154.120,18.458,-0.464,-0.278,-17.889,0.000000,0.000000,0.00,0,0
64,2293086,-2.590,-4.343,-8.459,1.988,-6.542,-18.591,-153.952,18.258,-0.443,-0.264,-18.591,0.000000,0.000000,0.00,0,0
65,2303090,-2.848,-3.928,-8.743,0.858,-7.427,-18.377,-154.097,18.191,-0.401,-0.290,-18.377,0.000000,0.000000,0.00,0,0
66,2313083,-3.005,-3.637,-8.764,0.736,-6.206,-17.034,-154.391,18.239,-0.371,-0.306,-17.034,0.000000,0.000000,0.00,0,0
67,2323088,-3.394,-3.063,-9.036,4.032,-2.910,-15.234,-154.996,18.504,-0.312,-0.346,-15.234,0.000000,0.000000,0.00,0,0
68,2333083,-3.003,-3.388,-8.623,8.244,3.621,-12.548,-155.252,18.649,-0.346,-0.306,-12.548,0.000000,0.000000,0.00,0,0
69,2344055,-2.356,-3.909,-8.815,7.206,5.421,-9.435,-155.258,18.410,-0.399,-0.240,-9.435,0.000000,0.000000,0.00,0,0
70,2353093,-2.278,-3.880,-8.853,3.575,4.750,-7.055,-155.326,18.118,-0.396,-0.232,-7.055,0.000000,0.000000,0.00,0,0
71,2363089,-2.619,-3.731,-8.637,0.614,5.635,-4.705,-155.445,18.074,-0.380,-0.267,-4.705,0.000000,0.000000,0.00,0,0
72,2373089,-2.511,-3.555,-8.464,-0.881,6.978,-2.447,-155.623,18.020,-0.362,-0.256,-2.447,0.000000,0.000000,0.00,0,0
73,2383087,-2.638,-3.651,-8.832,-1.186,8.259,-0.585,-155.818,17.992,-0.372,-0.269,-0.585,0.000000,0.000000,0.00,0,0
74,2393089,-2.488,-3.875,-8.707,-1.858,10.487,0.818,-155.859,17.909,-0.395,-0.254,0.818,0.000000,0.000000,0.00,0,0
75,2403086,-2.287,-3.764,-8.709,-3.322,10.518,2.985,-155.967,17.730,-0.384,-0.233,2.985,0.000000,0.000000,0.00,0,0
76,2413088,-2.406,-3.649,-8.723,-3.445,9.633,5.793,-156.131,17.623,-0.372,-0.245,5.793,0.000000,0.000000,0.00,0,0
77,2423099,-2.576,-3.767,-8.767,-3.597,9.358,8.600,-156.230,17.597,-0.384,-0.263,8.600,0.000000,0.000000,0.00,0,0
78,2433108,-2.654,-3.916,-8.771,-3.475,9.205,10.035,-156.245,17.600,-0.399,-0.271,10.035,0.000000,0.000000,0.00,0,0
79,2443101,-2.776,-3.936,-8.735,-2.407,8.900,10.065,-156.231,17.664,-0.401,-0.283,10.065,0.000000,0.000000,0.00,0,0
80,2453102,-2.924,-3.986,-8.810,0.614,9.419,9.913,-156.182,17.787,-0.406,-0.298,9.913,0.000000,0.000000,0.00,0,0
81,2463099,-2.948,-4.222,-8.709,3.178,10.823,9.424,-155.974,17.920,-0.431,-0.301,9.424,0.000000,0.000000,0.00,0,0
82,2473098,-2.879,-4.227,-8.603,4.276,11.220,8.326,-155.746,18.023,-0.431,-0.294,8.326,0.000000,0.000000,0.00,0,0
83,2483092,-2.795,-4.348,-8.584,4.795,10.609,8.082,-155.469,18.063,-0.443,-0.285,8.082,0.000000,0.000000,0.00,0,0
84,2493101,-2.719,-4.644,-8.495,3.971,10.640,7.197,-155.058,18.052,-0.474,-0.277,7.197,0.000000,0.000000,0.00,0,0
85,2503095,-2.631,-4.483,-8.464,3.269,9.907,4.938,-154.757,18.003,-0.457,-0.268,4.938,0.000000,0.000000,0.00,0,0
86,2513101,-2.483,-4.316,-8.349,3.239,8.259,3.931,-154.531,17.890,-0.440,-0.253,3.931,0.000000,0.000000,0.00,0,0
87,2523095,-2.521,-4.463,-8.308,2.415,6.520,3.657,-154.250,17.784,-0.455,-0.257,3.657,0.000000,0.000000,0.00,0,0
88,2533092,-2.664,-4.459,-8.361,1.408,4.750,2.344,-154.017,17.735,-0.455,-0.272,2.344,0.000000,0.000000,0.00,0,0
89,2543088,-2.676,-4.357,-8.351,1.194,3.102,0.727,-153.851,17.687,-0.444,-0.273,0.727,0.000000,0.000000,0.00,0,0
90,2553115,-2.764,-4.420,-8.320,0.706,2.247,-0.768,-153.665,17.679,-0.451,-0.282,-0.768,0.000000,0.000000,0.00,0,0
91,2563097,-2.883,-4.394,-8.375,-0.210,1.820,-2.630,-153.529,17.720,-0.448,-0.294,-2.630,0.000000,0.000000,0.00,0,0
92,2573097,-2.788,-4.189,-8.325,-1.400,2.064,-4.217,-153.501,17.732,-0.427,-0.284,-4.217,0.000000,0.000000,0.00,0,0
93,2583097,-2.654,-4.271,-8.279,-3.017,2.644,-4.156,-153.440,17.681,-0.435,-0.271,-4.156,0.000000,0.000000,0.00,0,0
94,2593103,-2.681,-4.348,-8.378,-5.276,3.041,-4.339,-153.391,17.631,-0.443,-0.273,-4.339,0.000000,0.000000,0.00,0,0
95,2603095,-2.571,-4.193,-8.512,-7.625,3.743,-4.888,-153.473,17.530,-0.428,-0.262,-4.888,0.000000,0.000000,0.00,0,0
96,2613093,-2.404,-4.075,-8.486,-9.579,4.780,-4.125,-153.617,17.371,-0.416,-0.245,-4.125,0.000000,0.000000,0.00,0,0
97,2623085,-2.273,-3.825,-8.445,-11.501,4.933,-2.416,-153.880,17.177,-0.390,-0.232,-2.416,0.000000,0.000000,0.00,0,0
98,2633099,-2.280,-3.535,-8.536,-11.715,4.445,-0.494,-154.288,17.000,-0.361,-0.233,-0.494,0.000000,0.000000,0.00,0,0
99,2663955,-2.545,-3.528,-8.870,-10.677,3.956,7.715,-154.950,17.112,-0.360,-0.259,7.715,0.000000,0.000000,0.00,0,0
100,2665337,-2.545,-3.528,-8.870,-10.677,3.956,7.715,-155.502,17.103,-0.360,-0.259,7.715,0.000000,0.000000,0.00,0,0
101,2666715,-2.600,-3.658,-8.728,-10.464,4.231,9.180,-155.808,17.056,-0.373,-0.265,9.180,0.000000,0.000000,0.00,0,0
102,2673088,-2.600,-3.658,-8.728,-10.464,4.231,9.180,-156.046,16.981,-0.373,-0.265,9.180,0.000000,0.000000,0.00,0,0
103,2683111,-2.638,-3.870,-8.731,-10.250,4.780,9.821,-156.138,16.930,-0.395,-0.269,9.821,0.000000,0.000000,0.00,0,0
104,2693106,-2.705,-3.998,-8.870,-10.006,5.848,9.424,-156.184,16.905,-0.408,-0.276,9.424,0.000000,0.000000,0.00,0,0
105,2703090,-2.719,-4.167,-8.884,-8.968,8.015,8.265,-156.133,16.899,-0.425,-0.277,8.265,0.000000,0.000000,0.00,0,0
106,2713093,-2.716,-4.222,-8.856,-8.266,10.518,6.922,-156.047,16.917,-0.431,-0.277,6.922,0.000000,0.000000,0.00,0,0
107,2723093,-2.597,-4.054,-8.863,-7.747,12.745,5.549,-156.051,16.902,-0.413,-0.265,5.549,0.000000,0.000000,0.00,0,0
108,2733113,-2.406,-3.834,-8.892,-7.717,14.363,5.549,-156.170,16.816,-0.391,-0.245,5.549,0.000000,0.000000,0.00,0,0
109,2743098,-2.399,-3.668,-8.973,-6.924,15.858,6.434,-156.371,16.746,-0.374,-0.245,6.434,0.000000,0.000000,0.00,0,0
110,2753088,-2.390,-3.511,-8.973,-5.276,16.621,7.319,-156.616,16.693,-0.358,-0.244,7.319,0.000000,0.000000,0.00,0,0
111,2763098,-2.254,-3.429,-8.918,-3.597,15.889,8.692,-156.854,16.578,-0.350,-0.230,8.692,0.000000,0.000000,0.00,0,0
112,2773088,-2.151,-3.374,-8.750,-1.247,13.966,10.035,-157.046,16.425,-0.344,-0.219,10.035,0.000000,0.000000,0.00,0,0
113,2783090,-2.342,-3.504,-8.798,1.682,12.532,11.072,-157.138,16.357,-0.357,-0.239,11.072,0.000000,0.000000,0.00,0,0
114,2793086,-2.397,-3.844,-8.860,4.154,12.929,11.164,-157.047,16.302,-0.392,-0.244,11.164,0.000000,0.000000,0.00,0,0
115,2803085,-2.361,-4.080,-8.786,5.711,14.241,9.699,-156.823,16.242,-0.416,-0.241,9.699,0.000000,0.000000,0.00,0,0
116,2813089,-2.228,-4.119,-8.783,5.467,15.339,8.143,-156.601,16.130,-0.420,-0.227,8.143,0.000000,0.000000,0.00,0,0
117,2823087,-2.108,-3.948,-8.757,4.887,16.194,6.739,-156.477,15.986,-0.403,-0.215,6.739,0.000000,0.000000,0.00,0,0
118,2833083,-2.023,-3.706,-8.786,4.612,16.804,6.251,-156.487,15.824,-0.378,-0.206,6.251,0.000000,0.000000,0.00,0,0
119,2843090,-1.994,-3.670,-8.781,4.551,16.743,6.495,-156.512,15.661,-0.374,-0.203,6.495,0.000000,0.000000,0.00,0,0
120,2853083,-2.023,-3.673,-8.824,4.704,15.645,6.952,-156.542,15.509,-0.375,-0.206,6.952,0.000000,0.000000,0.00,0,0
121,2863084,-1.934,-3.801,-8.889,6.199,14.515,6.983,-156.509,15.305,-0.388,-0.197,6.983,0.000000,0.000000,0.00,0,0
122,2873089,-1.994,-3.854,-8.930,7.267,13.966,6.708,-156.453,15.134,-0.393,-0.203,6.708,0.000000,0.000000,0.00,0,0
123,2883087,-2.127,-3.762,-8.788,7.725,13.020,6.647,-156.412,15.049,-0.384,-0.217,6.647,0.000000,0.000000,0.00,0,0
124,2893083,-2.106,-3.733,-8.779,8.671,11.067,7.044,-156.377,14.943,-0.381,-0.215,7.044,0.000000,0.000000,0.00,0,0
125,2903090,-2.175,-3.757,-8.832,10.166,9.511,7.471,-156.332,14.858,-0.383,-0.222,7.471,0.000000,0.000000,0.00,0,0
126,2913087,-2.330,-3.866,-8.728,11.418,8.351,8.295,-156.207,14.849,-0.394,-0.238,8.295,0.000000,0.000000,0.00,0,0
127,2923088,-2.430,-3.974,-8.709,11.814,6.947,9.516,-156.035,14.872,-0.405,-0.248,9.516,0.000000,0.000000,0.00,0,0
128,2933084,-2.502,-4.215,-8.709,11.448,5.910,10.889,-155.771,14.905,-0.430,-0.255,10.889,0.000000,0.000000,0.00,0,0
129,2943088,-2.454,-4.362,-8.647,10.410,5.726,11.378,-155.458,14.909,-0.445,-0.250,11.378,0.000000,0.000000,0.00,0,0
130,2953086,-2.402,-4.355,-8.601,9.495,5.482,11.316,-155.172,14.891,-0.444,-0.245,11.316,0.000000,0.000000,0.00,0,0
131,2963088,-2.397,-4.367,-8.623,8.457,5.391,11.042,-154.917,14.868,-0.445,-0.244,11.042,0.000000,0.000000,0.00,0,0
132,2973083,-2.337,-4.353,-8.637,7.450,5.299,10.340,-154.702,14.817,-0.444,-0.238,10.340,0.000000,0.000000,0.00,0,0
133,2983085,-2.232,-4.227,-8.572,7.054,5.208,8.906,-154.550,14.731,-0.431,-0.228,8.906,0.000000,0.000000,0.00,0,0
134,2993086,-2.313,-4.083,-8.502,5.650,4.445,8.204,-154.473,14.698,-0.416,-0.236,8.204,0.000000,0.000000,0.00,0,0
135,3005050,-2.306,-4.244,-8.531,4.032,2.888,7.929,-154.340,14.643,-0.433,-0.235,7.929,0.000000,0.000000,0.00,0,0
136,3013088,-2.259,-4.266,-8.490,2.934,1.698,6.525,-154.218,14.556,-0.435,-0.230,6.525,0.000000,0.000000,0.00,0,0
137,3023083,-2.297,-4.201,-8.519,2.262,0.355,4.877,-154.149,14.482,-0.428,-0.234,4.877,0.000000,0.000000,0.00,0,0
138,3033084,-2.442,-4.177,-8.639,1.713,-0.377,3.657,-154.127,14.465,-0.426,-0.249,3.657,0.000000,0.000000,0.00,0,0
139,3043089,-2.397,-4.131,-8.623,1.072,-0.255,2.619,-154.131,14.433,-0.421,-0.244,2.619,0.000000,0.000000,0.00,0,0
140,3053081,-2.225,-4.005,-8.394,1.591,-0.225,1.520,-154.137,14.352,-0.408,-0.227,1.520,0.000000,0.000000,0.00,0,0
141,3063089,-2.323,-4.095,-8.514,1.438,-1.323,1.398,-154.130,14.297,-0.418,-0.237,1.398,0.000000,0.000000,0.00,0,0
142,3073081,-2.356,-4.239,-8.608,-0.393,-2.025,1.337,-154.095,14.239,-0.432,-0.240,1.337,0.000000,0.000000,0.00,0,0
143,3083090,-2.280,-4.174,-8.553,-2.010,-2.208,1.002,-154.095,14.157,-0.426,-0.233,1.002,0.000000,0.000000,0.00,0,0
144,3093081,-2.256,-4.121,-8.635,-3.383,-2.269,0.849,-154.149,14.064,-0.420,-0.230,0.849,0.000000,0.000000,0.00,0,0
145,3103090,-2.213,-4.099,-8.675,-4.207,-2.300,0.422,-154.225,13.954,-0.418,-0.226,0.422,0.000000,0.000000,0.00,0,0
146,3113081,-2.156,-4.150,-8.692,-5.215,-2.361,0.025,-154.285,13.822,-0.423,-0.220,0.025,0.000000,0.000000,0.00,0,0
147,3123089,-2.123,-4.157,-8.719,-6.801,-2.361,0.025,-154.357,13.681,-0.424,-0.216,0.025,0.000000,0.000000,0.00,0,0
148,3133081,-2.135,-4.104,-8.695,-8.633,-2.361,0.544,-154.458,13.562,-0.419,-0.218,0.544,0.000000,0.000000,0.00,0,0
149,3143089,-2.185,-4.095,-8.779,-9.914,-2.208,1.063,-154.585,13.469,-0.418,-0.223,1.063,0.000000,0.000000,0.00,0,0
150,3153081,-2.249,-4.037,-8.836,-10.586,-1.689,0.544,-154.745,13.416,-0.412,-0.229,0.544,0.000000,0.000000,0.00,0,0
151,3163093,-2.259,-3.964,-8.848,-10.830,-1.079,-0.219,-154.929,13.379,-0.404,-0.230,-0.219,0.000000,0.000000,0.00,0,0
152,3173087,-2.194,-3.948,-8.856,-10.433,-0.469,-0.830,-155.104,13.320,-0.403,-0.224,-0.830,0.000000,0.000000,0.00,0,0
153,3183086,-2.154,-3.998,-8.815,-9.701,0.142,-1.165,-155.228,13.255,-0.408,-0.220,-1.165,0.000000,0.000000,0.00,0,0
154,3193087,-2.161,-3.986,-8.769,-9.212,0.477,-1.287,-155.332,13.205,-0.406,-0.220,-1.287,0.000000,0.000000,0.00,0,0
155,3203083,-2.149,-3.895,-8.822,-8.724,0.386,-1.165,-155.476,13.153,-0.397,-0.219,-1.165,0.000000,0.000000,0.00,0,0
156,3213084,-2.173,-3.793,-8.848,-8.022,0.203,-0.860,-155.652,13.115,-0.387,-0.222,-0.860,0.000000,0.000000,0.00,0,0
157,3223088,-2.256,-3.675,-8.892,-7.046,0.233,-0.768,-155.868,13.120,-0.375,-0.230,-0.768,0.000000,0.000000,0.00,0,0
158,3233081,-2.302,-3.673,-8.961,-5.489,0.874,-1.013,-156.066,13.145,-0.375,-0.235,-1.013,0.000000,0.000000,0.00,0,0
159,3243089,-2.235,-3.721,-8.884,-3.902,1.454,-1.043,-156.198,13.148,-0.379,-0.228,-1.043,0.000000,0.000000,0.00,0,0
160,3253081,-2.263,-3.666,-8.863,-2.437,1.637,-1.043,-156.327,13.170,-0.374,-0.231,-1.043,0.000000,0.000000,0.00,0,0
161,3263087,-2.294,-3.603,-8.925,-1.156,1.729,-0.738,-156.474,13.202,-0.367,-0.234,-0.738,0.000000,0.000000,0.00,0,0
162,3273086,-2.199,-3.540,-8.832,-0.362,1.515,-0.006,-156.614,13.197,-0.361,-0.224,-0.006,0.000000,0.000000,0.00,0,0
163,3283083,-2.189,-3.492,-8.839,0.340,0.813,0.605,-156.761,13.182,-0.356,-0.223,0.605,0.000000,0.000000,0.00,0,0
164,3293084,-2.218,-3.663,-8.911,0.523,0.325,1.490,-156.829,13.164,-0.374,-0.226,1.490,0.000000,0.000000,0.00,0,0
165,3303089,-2.142,-3.663,-8.750,0.645,0.081,1.703,-156.861,13.124,-0.374,-0.218,1.703,0.000000,0.000000,0.00,0,0
166,3313081,-2.201,-3.678,-8.795,0.584,-0.255,1.978,-156.893,13.108,-0.375,-0.224,1.978,0.000000,0.000000,0.00,0,0
167,3323090,-2.189,-3.844,-8.769,-0.271,-0.133,2.772,-156.850,13.084,-0.392,-0.223,2.772,0.000000,0.000000,0.00,0,0
168,3333081,-2.201,-3.813,-8.764,-0.515,-0.347,2.985,-156.826,13.067,-0.389,-0.224,2.985,0.000000,0.000000,0.00,0,0
169,3343090,-2.282,-3.926,-8.904,-1.186,-0.377,3.443,-156.786,13.071,-0.400,-0.233,3.443,0.000000,0.000000,0.00,0,0
170,3357250,-2.216,-3.938,-8.815,-1.919,0.569,2.649,-156.738,13.060,-0.402,-0.226,2.649,0.000000,0.000000,0.00,0,0
171,3363087,-2.216,-3.938,-8.815,-1.919,0.569,2.649,-156.687,13.049,-0.402,-0.226,2.649,0.000000,0.000000,0.00,0,0
172,3373082,-2.108,-3.928,-8.687,-1.308,0.691,1.917,-156.613,13.003,-0.401,-0.215,1.917,0.000000,0.000000,0.00,0,0
173,3383088,-2.096,-3.936,-8.733,-0.820,-0.286,1.459,-156.546,12.941,-0.401,-0.214,1.459,0.000000,0.000000,0.00,0,0
174,3393088,-2.147,-3.923,-8.759,-0.332,-0.957,1.459,-156.491,12.899,-0.400,-0.219,1.459,0.000000,0.000000,0.00,0,0
175,3403085,-2.154,-3.989,-8.783,0.523,-1.476,1.429,-156.409,12.855,-0.407,-0.220,1.429,0.000000,0.000000,0.00,0,0
176,3413088,-2.209,-3.996,-8.795,1.011,-1.995,0.727,-156.328,12.833,-0.407,-0.225,0.727,0.000000,0.000000,0.00,0,0
177,3423082,-2.220,-3.989,-8.767,1.682,-2.178,0.208,-156.244,12.820,-0.407,-0.226,0.208,0.000000,0.000000,0.00,0,0
178,3433086,-2.192,-4.032,-8.805,2.262,-2.513,-0.158,-156.150,12.787,-0.411,-0.224,-0.158,0.000000,0.000000,0.00,0,0
179,3443082,-2.223,-3.977,-8.788,2.354,-2.605,-0.891,-156.084,12.773,-0.405,-0.227,-0.891,0.000000,0.000000,0.00,0,0
180,3453097,-2.254,-3.868,-8.793,2.354,-2.819,-1.226,-156.073,12.778,-0.394,-0.230,-1.226,0.000000,0.000000,0.00,0,0
181,3463096,-2.271,-3.796,-8.817,2.781,-3.063,-1.013,-156.096,12.789,-0.387,-0.232,-1.013,0.000000,0.000000,0.00,0,0
182,3473094,-2.220,-3.769,-8.781,3.300,-3.307,-0.555,-156.118,12.778,-0.384,-0.226,-0.555,0.000000,0.000000,0.00,0,0
183,3483090,-2.182,-3.697,-8.726,3.941,-3.856,-0.189,-156.154,12.754,-0.377,-0.223,-0.189,0.000000,0.000000,0.00,0,0
184,3493097,-2.225,-3.764,-8.762,4.307,-4.802,0.239,-156.161,12.736,-0.384,-0.227,0.239,0.000000,0.000000,0.00,0,0
185,3503092,-2.294,-3.805,-8.769,4.215,-5.168,0.483,-156.151,12.747,-0.388,-0.234,0.483,0.000000,0.000000,0.00,0,0
186,3513104,-2.328,-3.817,-8.805,4.002,-5.290,0.788,-156.145,12.767,-0.389,-0.237,0.788,0.000000,0.000000,0.00,0,0
187,3523098,-2.323,-3.844,-8.836,3.483,-5.168,1.185,-156.140,12.780,-0.392,-0.237,1.185,0.000000,0.000000,0.00,0,0
188,3533091,-2.354,-3.938,-8.916,2.537,-4.497,1.520,-156.117,12.801,-0.402,-0.240,1.520,0.000000,0.000000,0.00,0,0
189,3543094,-2.364,-3.960,-8.911,1.133,-3.429,1.795,-156.099,12.834,-0.404,-0.241,1.795,0.000000,0.000000,0.00,0,0
190,3553096,-2.347,-3.882,-8.868,0.157,-2.330,2.222,-156.116,12.875,-0.396,-0.239,2.222,0.000000,0.000000,0.00,0,0
191,3563108,-2.330,-3.880,-8.880,-0.423,-1.598,2.649,-156.141,12.911,-0.396,-0.238,2.649,0.000000,0.000000,0.00,0,0
192,3573095,-2.278,-3.887,-8.803,-0.606,-1.232,3.138,-156.148,12.931,-0.396,-0.232,3.138,0.000000,0.000000,0.00,0,0
193,3583096,-2.290,-3.868,-8.781,-0.667,-1.110,3.412,-156.159,12.959,-0.394,-0.233,3.412,0.000000,0.000000,0.00,0,0
194,3593092,-2.278,-3.834,-8.836,-0.362,-1.201,3.596,-156.192,12.975,-0.391,-0.232,3.596,0.000000,0.000000,0.00,0,0
195,3603087,-2.271,-3.820,-8.752,0.736,-1.659,3.443,-156.202,12.991,-0.390,-0.232,3.443,0.000000,0.000000,0.00,0,0
196,3613105,-2.313,-3.907,-8.807,2.201,-2.513,3.168,-156.171,13.008,-0.398,-0.236,3.168,0.000000,0.000000,0.00,0,0
197,3623094,-2.418,-4.015,-8.961,3.269,-2.574,2.741,-156.115,13.051,-0.409,-0.247,2.741,0.000000,0.000000,0.00,0,0
198,3633096,-2.471,-4.075,-9.007,3.697,-1.659,2.344,-156.042,13.115,-0.416,-0.252,2.344,0.000000,0.000000,0.00,0,0
199,3657967,-2.495,-3.784,-8.949,6.260,0.905,1.154,-155.990,13.250,-0.386,-0.254,1.154,0.000000,0.000000,0.00,0,0
200,3659344,-2.495,-3.784,-8.949,6.260,0.905,1.154,-155.997,13.371,-0.386,-0.254,1.154,0.000000,0.000000,0.00,0,0
201,3663153,-2.495,-3.784,-8.949,6.260,0.905,1.154,-156.038,13.473,-0.386,-0.254,1.154,0.000000,0.000000,0.00,0,0
202,3673091,-2.409,-3.755,-8.834,8.457,1.484,0.666,-156.044,13.543,-0.383,-0.246,0.666,0.000000,0.000000,0.00,0,0
203,3683103,-2.342,-3.892,-8.733,10.624,0.935,0.117,-155.942,13.572,-0.397,-0.239,0.117,0.000000,0.000000,0.00,0,0
204,3693098,-2.347,-3.923,-8.666,12.272,-0.286,-0.616,-155.804,13.596,-0.400,-0.239,-0.616,0.000000,0.000000,0.00,0,0
205,3703102,-2.457,-3.895,-8.707,13.279,-1.415,-0.982,-155.691,13.657,-0.397,-0.250,-0.982,0.000000,0.000000,0.00,0,0
206,3713087,-2.514,-3.928,-8.695,14.012,-1.781,-1.013,-155.563,13.737,-0.401,-0.256,-1.013,0.000000,0.000000,0.00,0,0
207,3723088,-2.447,-3.991,-8.591,14.225,-1.506,-0.952,-155.392,13.789,-0.407,-0.250,-0.952,0.000000,0.000000,0.00,0,0
208,3733099,-2.423,-4.032,-8.625,13.767,-1.048,-0.982,-155.229,13.823,-0.411,-0.247,-0.982,0.000000,0.000000,0.00,0,0
209,3743088,-2.399,-4.097,-8.613,12.821,-0.408,-0.982,-155.056,13.847,-0.418,-0.245,-0.982,0.000000,0.000000,0.00,0,0
210,3753098,-2.333,-4.107,-8.567,11.692,-0.102,-1.043,-154.893,13.845,-0.419,-0.238,-1.043,0.000000,0.000000,0.00,0,0
211,3763094,-2.297,-4.083,-8.594,10.746,-0.102,-0.860,-154.769,13.824,-0.416,-0.234,-0.860,0.000000,0.000000,0.00,0,0
212,3773085,-2.313,-4.022,-8.661,9.983,-0.133,-0.372,-154.704,13.809,-0.410,-0.236,-0.372,0.000000,0.000000,0.00,0,0
213,3783083,-2.333,-4.032,-8.685,9.617,0.203,0.300,-154.648,13.804,-0.411,-0.238,0.300,0.000000,0.000000,0.00,0,0
214,3793084,-2.306,-4.056,-8.651,9.464,0.477,1.002,-154.580,13.792,-0.414,-0.235,1.002,0.000000,0.000000,0.00,0,0
215,3803083,-2.297,-4.044,-8.613,9.129,0.783,1.612,-154.518,13.784,-0.412,-0.234,1.612,0.000000,0.000000,0.00,0,0
216,3813084,-2.259,-4.083,-8.577,8.457,1.027,2.375,-154.443,13.763,-0.416,-0.230,2.375,0.000000,0.000000,0.00,0,0
217,3823089,-2.251,-4.116,-8.635,8.183,1.149,3.107,-154.374,13.734,-0.420,-0.230,3.107,0.000000,0.000000,0.00,0,0
218,3833081,-2.309,-4.116,-8.599,7.389,1.576,3.229,-154.310,13.741,-0.420,-0.235,3.229,0.000000,0.000000,0.00,0,0
219,3843089,-2.318,-4.155,-8.584,6.321,1.881,3.657,-154.241,13.754,-0.424,-0.236,3.657,0.000000,0.000000,0.00,0,0
220,3853081,-2.266,-4.254,-8.618,5.100,2.339,4.175,-154.153,13.739,-0.434,-0.231,4.175,0.000000,0.000000,0.00,0,0
221,3863089,-2.099,-4.423,-8.512,4.154,2.553,3.626,-153.985,13.651,-0.451,-0.214,3.626,0.000000,0.000000,0.00,0,0
222,3873081,-2.254,-4.039,-8.620,3.697,1.515,1.520,-154.024,13.640,-0.412,-0.230,1.520,0.000000,0.000000,0.00,0,0
223,3883089,-2.309,-3.967,-8.675,4.063,1.637,2.405,-154.100,13.654,-0.405,-0.235,2.405,0.000000,0.000000,0.00,0,0
224,3893081,-2.318,-4.099,-8.757,4.124,2.217,3.992,-154.128,13.662,-0.418,-0.236,3.992,0.000000,0.000000,0.00,0,0
225,3903090,-2.371,-3.984,-8.702,3.849,2.705,4.755,-154.196,13.708,-0.406,-0.242,4.755,0.000000,0.000000,0.00,0,0
226,3913081,-2.461,-4.068,-8.827,4.429,3.438,4.938,-154.242,13.782,-0.415,-0.251,4.938,0.000000,0.000000,0.00,0,0
227,3923089,-2.302,-4.225,-8.728,4.917,4.628,5.396,-154.193,13.792,-0.431,-0.235,5.396,0.000000,0.000000,0.00,0,0
228,3933081,-2.125,-4.244,-8.649,4.948,4.567,5.793,-154.122,13.726,-0.433,-0.217,5.793,0.000000,0.000000,0.00,0,0
229,3943089,-2.187,-4.218,-8.685,5.039,4.201,5.366,-154.075,13.689,-0.430,-0.223,5.366,0.000000,0.000000,0.00,0,0
230,3953087,-2.080,-4.131,-8.575,4.460,4.201,4.236,-154.052,13.618,-0.421,-0.212,4.236,0.000000,0.000000,0.00,0,0
231,3963083,-2.077,-4.162,-8.517,3.300,3.804,3.840,-154.015,13.553,-0.424,-0.212,3.840,0.000000,0.000000,0.00,0,0
232,3973085,-2.135,-4.254,-8.546,1.408,3.865,3.687,-153.966,13.512,-0.434,-0.218,3.687,0.000000,0.000000,0.00,0,0
233,3983089,-2.189,-4.355,-8.671,-0.149,4.506,4.023,-153.917,13.489,-0.444,-0.223,4.023,0.000000,0.000000,0.00,0,0
234,3993081,-2.201,-4.382,-8.803,-0.240,5.543,4.145,-153.890,13.469,-0.447,-0.224,4.145,0.000000,0.000000,0.00,0,0
235,4004923,-2.092,-4.165,-8.719,0.248,6.093,3.962,-153.936,13.432,-0.425,-0.213,3.962,0.000000,0.000000,0.00,0,0
236,4013090,-2.077,-3.885,-8.774,0.797,5.848,4.572,-154.107,13.386,-0.396,-0.212,4.572,0.000000,0.000000,0.00,0,0
237,4023087,-2.132,-3.714,-8.904,1.560,6.062,6.006,-154.358,13.365,-0.379,-0.217,6.006,0.000000,0.000000,0.00,0,0
238,4033089,-2.144,-3.752,-8.829,2.690,6.672,7.898,-154.548,13.362,-0.383,-0.219,7.898,0.000000,0.000000,0.00,0,0
239,4043087,-2.104,-3.784,-8.723,3.178,6.703,9.760,-154.684,13.350,-0.386,-0.215,9.760,0.000000,0.000000,0.00,0,0
240,4053089,-2.135,-3.832,-8.745,3.544,6.154,11.225,-154.789,13.343,-0.391,-0.218,11.225,0.000000,0.000000,0.00,0,0
241,4063090,-2.185,-3.936,-8.764,4.704,6.001,12.232,-154.834,13.353,-0.401,-0.223,12.232,0.000000,0.000000,0.00,0,0
242,4073086,-2.135,-3.919,-8.738,5.314,6.032,12.812,-154.871,13.342,-0.400,-0.218,12.812,0.000000,0.000000,0.00,0,0
243,4083088,-2.054,-3.955,-8.651,6.016,5.665,13.514,-154.867,13.297,-0.403,-0.209,13.514,0.000000,0.000000,0.00,0,0
244,4093083,-2.044,-4.167,-8.493,6.382,4.750,14.521,-154.734,13.248,-0.425,-0.208,14.521,0.000000,0.000000,0.00,0,0
245,4103092,-2.163,-4.290,-8.423,6.382,3.712,15.619,-154.542,13.250,-0.437,-0.221,15.619,0.000000,0.000000,0.00,0,0
246,4113083,-2.354,-4.550,-8.392,5.406,4.017,16.291,-154.256,13.331,-0.464,-0.240,16.291,0.000000,0.000000,0.00,0,0
247,4123085,-2.483,-4.796,-8.423,3.758,5.116,15.803,-153.912,13.457,-0.489,-0.253,15.803,0.000000,0.000000,0.00,0,0
248,4133083,-2.485,-4.960,-8.476,1.957,6.337,14.033,-153.557,13.571,-0.506,-0.253,14.033,0.000000,0.000000,0.00,0,0
249,4143085,-2.464,-4.762,-8.577,0.340,6.978,11.500,-153.347,13.673,-0.486,-0.251,11.500,0.000000,0.000000,0.00,0,0
250,4153083,-2.368,-4.338,-8.611,-0.210,7.374,9.424,-153.343,13.748,-0.442,-0.241,9.424,0.000000,0.000000,0.00,0,0
251,4163144,-2.302,-4.114,-8.685,1.286,7.283,8.234,-153.437,13.789,-0.420,-0.235,8.234,0.000000,0.000000,0.00,0,0
252,4173090,-2.278,-4.090,-8.752,3.575,6.947,7.502,-153.527,13.808,-0.417,-0.232,7.502,0.000000,0.000000,0.00,0,0
253,4183088,-2.192,-4.051,-8.582,5.558,6.398,7.197,-153.574,13.799,-0.413,-0.224,7.197,0.000000,0.000000,0.00,0,0
254,4193084,-2.120,-4.109,-8.363,5.924,4.933,7.349,-153.542,13.762,-0.419,-0.216,7.349,0.000000,0.000000,0.00,0,0
255,4203090,-2.225,-4.283,-8.344,5.314,3.163,7.685,-153.438,13.754,-0.437,-0.227,7.685,0.000000,0.000000,0.00,0,0
256,4213083,-2.449,-4.485,-8.442,3.819,2.492,7.776,-153.292,13.821,-0.457,-0.250,7.776,0.000000,0.000000,0.00,0,0
257,4223090,-2.604,-4.497,-8.635,2.354,2.980,7.166,-153.208,13.937,-0.459,-0.266,7.166,0.000000,0.000000,0.00,0,0
258,4233083,-2.623,-4.343,-8.774,1.957,4.231,6.006,-153.228,14.057,-0.443,-0.268,6.006,0.000000,0.000000,0.00,0,0
259,4243085,-2.468,-4.206,-8.834,2.628,5.513,4.572,-153.310,14.112,-0.429,-0.252,4.572,0.000000,0.000000,0.00,0,0
260,4253087,-2.313,-3.909,-8.827,3.910,5.787,3.809,-153.499,14.111,-0.399,-0.236,3.809,0.000000,0.000000,0.00,0,0
261,4263088,-2.228,-3.854,-8.779,6.382,4.963,4.114,-153.667,14.071,-0.393,-0.227,4.114,0.000000,0.000000,0.00,0,0
262,4273083,-2.168,-4.095,-8.430,8.732,3.499,4.419,-153.624,14.015,-0.418,-0.221,4.419,0.000000,0.000000,0.00,0,0
263,4283090,-2.237,-4.297,-8.440,8.915,0.935,4.633,-153.497,13.962,-0.438,-0.228,4.633,0.000000,0.000000,0.00,0,0
264,4293083,-2.573,-4.447,-8.551,8.152,-0.530,4.816,-153.348,14.031,-0.453,-0.262,4.816,0.000000,0.000000,0.00,0,0
265,4303090,-2.848,-4.639,-8.651,7.694,0.050,4.114,-153.157,14.198,-0.473,-0.290,4.114,0.000000,0.000000,0.00,0,0
266,4313083,-2.862,-4.777,-8.666,8.579,1.607,1.734,-152.920,14.363,-0.487,-0.292,1.734,0.000000,0.000000,0.00,0,0
267,4323090,-2.631,-4.726,-8.510,9.007,2.919,-1.226,-152.682,14.447,-0.482,-0.268,-1.226,0.000000,0.000000,0.00,0,0
268,4333084,-2.375,-4.574,-8.375,9.312,2.614,-3.515,-152.493,14.431,-0.466,-0.242,-3.515,0.000000,0.000000,0.00,0,0
269,4343090,-2.275,-4.463,-8.418,9.434,1.484,-4.309,-152.374,14.362,-0.455,-0.232,-4.309,0.000000,0.000000,0.00,0,0
270,4355039,-2.335,-4.278,-8.675,10.746,0.569,-3.637,-152.369,14.300,-0.436,-0.238,-3.637,0.000000,0.000000,0.00,0,0
271,4363087,-2.335,-4.278,-8.675,10.746,0.569,-3.637,-152.383,14.243,-0.436,-0.238,-3.637,0.000000,0.000000,0.00,0,0
272,4373082,-2.285,-4.225,-8.603,11.753,0.172,-3.149,-152.395,14.174,-0.431,-0.233,-3.149,0.000000,0.000000,0.00,0,0
273,4383089,-2.404,-4.133,-8.524,12.089,-0.896,-2.325,-152.426,14.167,-0.421,-0.245,-2.325,0.000000,0.000000,0.00,0,0
274,4393082,-2.712,-4.177,-8.738,13.310,-0.926,-1.959,-152.469,14.272,-0.426,-0.277,-1.959,0.000000,0.000000,0.00,0,0
275,4403082,-2.783,-4.345,-8.711,15.568,0.355,-2.630,-152.411,14.407,-0.443,-0.284,-2.630,0.000000,0.000000,0.00,0,0
276,4413086,-2.602,-4.548,-8.553,18.894,0.935,-4.400,-152.208,14.462,-0.464,-0.265,-4.400,0.000000,0.000000,0.00,0,0
277,4423082,-2.485,-4.649,-8.507,20.695,0.538,-6.231,-151.953,14.457,-0.474,-0.253,-6.231,0.000000,0.000000,0.00,0,0
278,4433085,-2.316,-4.721,-8.332,21.916,0.142,-7.604,-151.636,14.387,-0.481,-0.236,-7.604,0.000000,0.000000,0.00,0,0
279,4443085,-2.123,-4.828,-8.133,21.671,-0.408,-7.940,-151.254,14.241,-0.492,-0.216,-7.940,0.000000,0.000000,0.00,0,0
280,4453082,-1.949,-4.972,-7.751,19.688,-1.964,-7.818,-150.762,14.037,-0.507,-0.199,-7.818,0.000000,0.000000,0.00,0,0
281,4463103,-1.896,-5.083,-7.614,16.331,-4.253,-7.482,-150.256,13.807,-0.518,-0.193,-7.482,0.000000,0.000000,0.00,0,0
282,4473100,-2.118,-5.126,-7.828,12.119,-5.992,-7.116,-149.868,13.663,-0.523,-0.216,-7.116,0.000000,0.000000,0.00,0,0
283,4483096,-2.347,-5.122,-8.111,8.915,-6.633,-7.330,-149.616,13.604,-0.522,-0.239,-7.330,0.000000,0.000000,0.00,0,0
284,4493103,-2.476,-4.917,-8.459,8.122,-6.206,-8.276,-149.558,13.589,-0.501,-0.252,-8.276,0.000000,0.000000,0.00,0,0
285,4503092,-2.406,-4.750,-8.606,8.518,-4.833,-9.130,-149.602,13.553,-0.484,-0.245,-9.130,0.000000,0.000000,0.00,0,0
286,4513091,-2.509,-4.668,-8.827,10.410,-3.948,-9.191,-149.706,13.555,-0.476,-0.256,-9.191,0.000000,0.000000,0.00,0,0
287,4523095,-1.782,-6.062,-6.207,12.242,-4.619,-10.382,-148.479,13.353,-0.618,-0.182,-10.382,0.000000,0.000000,0.00,0,0
288,4533099,-1.376,-4.314,-5.820,-9.090,-12.584,-8.734,-148.160,13.026,-0.440,-0.140,-8.734,0.000000,0.000000,0.00,0,0
289,4543087,-3.098,-3.400,-8.853,-27.584,-11.486,0.788,-149.270,13.316,-0.347,-0.316,0.788,0.000000,0.000000,0.00,0,0
290,4553096,-3.465,-5.016,-9.038,-24.532,-2.544,3.596,-149.629,13.702,-0.511,-0.353,3.596,0.000000,0.000000,0.00,0,0
291,4563091,-2.671,-4.437,-8.692,-22.213,-0.438,-2.203,-150.097,13.823,-0.452,-0.272,-2.203,0.000000,0.000000,0.00,0,0
292,4573091,-2.302,-3.866,-9.060,-17.391,-2.880,-6.811,-150.796,13.740,-0.394,-0.235,-6.811,0.000000,0.000000,0.00,0,0
293,4583095,-2.116,-3.591,-9.338,-10.891,-3.185,-6.506,-151.546,13.565,-0.366,-0.216,-6.506,0.000000,0.000000,0.00,0,0
294,4593101,-1.818,-3.781,-9.204,-5.306,-2.422,-3.179,-152.083,13.284,-0.386,-0.185,-3.179,0.000000,0.000000,0.00,0,0
295,4603092,-1.756,-4.367,-8.776,0.004,-3.246,-0.891,-152.204,13.002,-0.445,-0.179,-0.891,0.000000,0.000000,0.00,0,0
296,4613095,-1.980,-4.738,-8.558,2.567,-4.619,-0.189,-152.092,12.830,-0.483,-0.202,-0.189,0.000000,0.000000,0.00,0,0
297,4623091,-2.068,-5.122,-8.157,3.391,-5.077,-0.067,-151.731,12.722,-0.522,-0.211,-0.067,0.000000,0.000000,0.00,0,0
298,4633096,-2.349,-5.293,-8.058,0.614,-5.046,0.605,-151.331,12.747,-0.540,-0.240,0.605,0.000000,0.000000,0.00,0,0
299,4674537,-2.242,-5.281,-7.873,-0.210,-8.586,-17.645,-150.845,12.459,-0.538,-0.229,-17.645,0.000000,0.000000,0.00,0,0
300,4675971,-2.242,-5.281,-7.873,-0.210,-8.586,-17.645,-150.350,12.282,-0.538,-0.229,-17.645,0.000000,0.000000,0.00,0,0
301,4677349,-2.242,-5.281,-7.873,-0.210,-8.586,-17.645,-149.889,12.199,-0.538,-0.229,-17.645,0.000000,0.000000,0.00,0,0
302,4678709,-2.242,-5.281,-7.873,-0.210,-8.586,-17.645,-149.484,12.193,-0.538,-0.229,-17.645,0.000000,0.000000,0.00,0,0
303,4683089,-2.242,-5.281,-7.873,-0.210,-8.586,-17.645,-149.138,12.227,-0.538,-0.229,-17.645,0.000000,0.000000,0.00,0,0
304,4693097,-2.187,-4.615,-8.152,-3.689,-8.464,-17.736,-149.301,12.238,-0.471,-0.223,-17.736,0.000000,0.000000,0.00,0,0
305,4703089,-2.375,-3.895,-8.690,-6.039,-7.396,-16.241,-149.982,12.338,-0.397,-0.242,-16.241,0.000000,0.000000,0.00,0,0
306,4713104,-2.442,-4.435,-8.433,-5.367,-6.359,-14.837,-150.241,12.468,-0.452,-0.249,-14.837,0.000000,0.000000,0.00,0,0
307,4723093,-2.366,-4.885,-8.145,-5.489,-6.633,-15.814,-150.181,12.545,-0.498,-0.241,-15.814,0.000000,0.000000,0.00,0,0
308,4733095,-2.375,-4.579,-8.291,-7.809,-6.572,-16.363,-150.331,12.620,-0.467,-0.242,-16.363,0.000000,0.000000,0.00,0,0
309,4743100,-2.361,-4.468,-8.363,-9.090,-6.175,-15.508,-150.549,12.682,-0.456,-0.241,-15.508,0.000000,0.000000,0.00,0,0
310,4753092,-2.480,-4.288,-8.656,-9.151,-5.962,-14.440,-150.899,12.775,-0.437,-0.253,-14.440,0.000000,0.000000,0.00,0,0
311,4763101,-2.483,-4.049,-8.964,-7.381,-4.985,-14.166,-151.375,12.848,-0.413,-0.253,-14.166,0.000000,0.000000,0.00,0,0
312,4773094,-2.273,-3.979,-8.858,-4.787,-2.971,-13.983,-151.793,12.848,-0.406,-0.232,-13.983,0.000000,0.000000,0.00,0,0
313,4783088,-1.765,-3.769,-8.577,-2.682,-2.391,-12.213,-152.194,12.644,-0.384,-0.180,-12.213,0.000000,0.000000,0.00,0,0
314,4793087,-1.808,-4.034,-8.851,-0.576,-3.887,-7.757,-152.475,12.433,-0.411,-0.184,-7.757,0.000000,0.000000,0.00,0,0
315,4803085,-2.156,-4.753,-8.673,1.499,-2.300,-5.194,-152.367,12.400,-0.485,-0.220,-5.194,0.000000,0.000000,0.00,0,0
316,4813083,-2.137,-5.131,-8.406,3.575,-1.628,-5.895,-152.030,12.371,-0.523,-0.218,-5.895,0.000000,0.000000,0.00,0,0
317,4823091,-2.218,-5.394,-8.301,3.849,-1.384,-7.147,-151.587,12.378,-0.550,-0.226,-7.147,0.000000,0.000000,0.00,0,0
318,4833083,-2.311,-5.592,-8.260,4.551,-1.720,-9.893,-151.086,12.416,-0.570,-0.236,-9.893,0.000000,0.000000,0.00,0,0
319,4843091,-2.299,-5.536,-8.152,5.222,-2.574,-13.647,-150.613,12.449,-0.565,-0.234,-13.647,0.000000,0.000000,0.00,0,0
320,4853084,-2.192,-5.539,-7.844,5.406,-3.826,-17.217,-150.093,12.446,-0.565,-0.224,-17.217,0.000000,0.000000,0.00,0,0
321,4863090,-2.106,-5.339,-7.669,3.422,-5.901,-20.422,-149.664,12.412,-0.544,-0.215,-20.422,0.000000,0.000000,0.00,0,0
322,4873087,-2.049,-4.488,-8.164,-0.545,-7.152,-21.185,-149.788,12.345,-0.458,-0.209,-21.185,0.000000,0.000000,0.00,0,0
323,4883084,-2.282,-3.584,-8.788,-2.437,-6.389,-18.438,-150.448,12.380,-0.365,-0.233,-18.438,0.000000,0.000000,0.00,0,0
324,4893083,-2.504,-3.530,-9.064,0.431,-3.124,-14.532,-151.102,12.515,-0.360,-0.255,-14.532,0.000000,0.000000,0.00,0,0
325,4903085,-2.156,-4.119,-8.539,4.490,-0.804,-12.121,-151.312,12.531,-0.420,-0.220,-12.121,0.000000,0.000000,0.00,0,0
326,4913089,-1.996,-4.570,-8.423,6.565,-2.117,-10.717,-151.269,12.451,-0.466,-0.204,-10.717,0.000000,0.000000,0.00,0,0
327,4923090,-2.099,-4.840,-8.344,6.718,-3.032,-9.252,-151.099,12.410,-0.494,-0.214,-9.252,0.000000,0.000000,0.00,0,0
328,4933084,-2.127,-4.893,-8.212,5.284,-3.093,-8.428,-150.902,12.392,-0.499,-0.217,-8.428,0.000000,0.000000,0.00,0,0
329,4943091,-2.149,-4.984,-8.236,3.330,-2.605,-7.543,-150.706,12.384,-0.508,-0.219,-7.543,0.000000,0.000000,0.00,0,0
330,4953083,-2.175,-4.977,-8.277,2.049,-2.391,-7.147,-150.551,12.387,-0.508,-0.222,-7.147,0.000000,0.000000,0.00,0,0
331,4963091,-2.158,-4.883,-8.306,1.316,-1.872,-7.299,-150.459,12.389,-0.498,-0.220,-7.299,0.000000,0.000000,0.00,0,0
332,4973086,-2.244,-4.743,-8.632,2.171,-1.598,-7.543,-150.498,12.410,-0.484,-0.229,-7.543,0.000000,0.000000,0.00,0,0
333,4983085,-2.113,-4.545,-8.820,4.978,-0.713,-7.940,-150.629,12.373,-0.464,-0.215,-7.940,0.000000,0.000000,0.00,0,0
334,4994984,-1.982,-4.480,-8.771,12.394,-0.133,-4.705,-150.679,12.293,-0.457,-0.202,-4.705,0.000000,0.000000,0.00,0,0
335,5003089,-1.982,-4.480,-8.771,12.394,-0.133,-4.705,-150.747,12.218,-0.457,-0.202,-4.705,0.000000,0.000000,0.00,0,0
336,5013082,-2.135,-4.950,-8.567,16.606,-0.621,-4.247,-150.534,12.209,-0.505,-0.218,-4.247,0.000000,0.000000,0.00,0,0
337,5023089,-1.992,-4.673,-8.567,18.498,-0.743,-4.583,-150.433,12.149,-0.477,-0.203,-4.583,0.000000,0.000000,0.00,0,0
338,5033082,-1.775,-4.504,-8.445,19.016,-0.316,-2.844,-150.378,12.015,-0.459,-0.181,-2.844,0.000000,0.000000,0.00,0,0
339,5043089,-1.739,-4.420,-8.270,18.040,-0.255,0.300,-150.332,11.892,-0.451,-0.177,0.300,0.000000,0.000000,0.00,0,0
340,5053082,-1.965,-4.483,-8.334,17.826,-0.194,3.077,-150.280,11.877,-0.457,-0.200,3.077,0.000000,0.000000,0.00,0,0
341,5063088,-2.147,-4.649,-8.414,18.376,0.630,4.908,-150.176,11.938,-0.474,-0.219,4.908,0.000000,0.000000,0.00,0,0
342,5073082,-2.008,-4.869,-8.157,18.803,1.759,6.281,-149.926,11.954,-0.496,-0.205,6.281,0.000000,0.000000,0.00,0,0
343,5083088,-1.899,-4.965,-7.981,17.368,1.759,7.532,-149.625,11.927,-0.506,-0.194,7.532,0.000000,0.000000,0.00,0,0
344,5093082,-2.008,-5.057,-7.811,15.446,1.149,8.967,-149.284,11.957,-0.516,-0.205,8.967,0.000000,0.000000,0.00,0,0
345,5103088,-2.101,-5.293,-7.547,12.791,0.660,10.309,-148.826,12.032,-0.540,-0.214,10.309,0.000000,0.000000,0.00,0,0
346,5113086,-2.189,-5.384,-7.717,9.800,0.294,11.042,-148.442,12.118,-0.549,-0.223,11.042,0.000000,0.000000,0.00,0,0
347,5123088,-2.244,-5.409,-7.640,6.718,0.294,11.622,-148.086,12.228,-0.552,-0.229,11.622,0.000000,0.000000,0.00,0,0
348,5133086,-2.201,-5.558,-7.561,3.544,-0.408,11.439,-147.705,12.301,-0.567,-0.224,11.439,0.000000,0.000000,0.00,0,0
349,5143085,-2.335,-5.491,-7.748,0.126,-1.232,10.554,-147.464,12.409,-0.560,-0.238,10.554,0.000000,0.000000,0.00,0,0
350,5153082,-2.552,-5.582,-7.801,-2.590,-1.140,9.577,-147.245,12.595,-0.569,-0.260,9.577,0.000000,0.000000,0.00,0,0
351,5163082,-2.583,-5.621,-7.909,-4.726,-0.865,7.349,-147.077,12.770,-0.573,-0.263,7.349,0.000000,0.000000,0.00,0,0
352,5173150,-2.411,-5.592,-7.842,-6.405,-0.591,4.481,-146.931,12.867,-0.570,-0.246,4.481,0.000000,0.000000,0.00,0,0
353,5183085,-2.349,-5.358,-7.888,-7.900,-1.720,1.978,-146.911,12.930,-0.546,-0.240,1.978,0.000000,0.000000,0.00,0,0
354,5193084,-2.292,-5.090,-7.965,-8.907,-2.452,0.544,-147.029,12.964,-0.519,-0.234,0.544,0.000000,0.000000,0.00,0,0
355,5203083,-2.197,-4.912,-8.039,-9.823,-3.002,0.452,-147.237,12.951,-0.501,-0.224,0.452,0.000000,0.000000,0.00,0,0
356,5213090,-2.240,-4.743,-8.255,-10.128,-3.612,1.154,-147.553,12.942,-0.484,-0.228,1.154,0.000000,0.000000,0.00,0,0
357,5223083,-2.318,-4.774,-8.303,-9.518,-3.276,1.734,-147.838,12.967,-0.487,-0.236,1.734,0.000000,0.000000,0.00,0,0
358,5233090,-2.251,-4.748,-7.583,-9.792,-3.002,2.100,-147.934,13.032,-0.484,-0.230,2.100,0.000000,0.000000,0.00,0,0
359,5243080,-2.437,-3.391,-7.016,-16.445,-5.840,4.725,-148.576,13.322,-0.346,-0.249,4.725,0.000000,0.000000,0.00,0,0
360,5253091,-5.618,-4.124,-9.204,-14.461,-2.117,3.565,-149.281,14.549,-0.420,-0.573,3.565,0.000000,0.000000,0.00,0,0
361,5263084,-3.029,-9.659,-7.662,-7.809,9.877,-5.255,-147.713,14.587,-0.985,-0.309,-5.255,0.000000,0.000000,0.00,0,0
362,5273091,-0.609,-5.493,-7.746,-27.981,3.804,-13.342,-147.726,13.770,-0.560,-0.062,-13.342,0.000000,0.000000,0.00,0,0
363,5283080,-1.319,-3.123,-8.575,-26.546,-0.713,-10.748,-148.930,13.332,-0.318,-0.135,-10.748,0.000000,0.000000,0.00,0,0
364,5293090,-1.632,-3.972,-8.507,-22.945,-0.499,-1.074,-149.614,13.057,-0.405,-0.166,-1.074,0.000000,0.000000,0.00,0,0
365,5303083,-1.689,-4.095,-8.661,-23.311,0.172,5.640,-150.227,12.821,-0.418,-0.172,5.640,0.000000,0.000000,0.00,0,0
366,5313090,-1.958,-3.282,-8.611,-23.037,-0.438,9.974,-151.138,12.754,-0.335,-0.200,9.974,0.000000,0.000000,0.00,0,0
367,5323079,-2.065,-2.896,-9.466,-20.870,-0.865,15.284,-152.263,12.672,-0.295,-0.211,15.284,0.000000,0.000000,0.00,0,0
368,5334996,-2.013,-4.415,-8.226,-8.999,0.264,21.418,-152.326,12.636,-0.450,-0.205,21.418,0.000000,0.000000,0.00,0,0
369,5343088,-2.013,-4.415,-8.226,-8.999,0.264,21.418,-152.369,12.603,-0.450,-0.205,21.418,0.000000,0.000000,0.00,0,0
370,5353092,-2.075,-4.625,-8.534,-7.198,-2.910,22.974,-152.373,12.535,-0.472,-0.212,22.974,0.000000,0.000000,0.00,0,0
371,5363082,-1.820,-4.017,-8.183,-5.337,-4.283,25.965,-152.542,12.398,-0.410,-0.186,25.965,0.000000,0.000000,0.00,0,0
372,5373086,-2.681,-5.428,-8.327,-6.252,-4.680,28.620,-152.157,12.569,-0.553,-0.273,28.620,0.000000,0.000000,0.00,0,0
373,5383082,-3.055,-5.551,-8.659,-7.686,-2.056,25.232,-151.849,12.865,-0.566,-0.312,25.232,0.000000,0.000000,0.00,0,0
374,5393086,-2.600,-5.192,-8.344,-8.022,2.247,21.387,-151.629,13.042,-0.529,-0.265,21.387,0.000000,0.000000,0.00,0,0
375,5403082,-2.344,-5.020,-8.135,-8.297,3.468,19.800,-151.445,13.135,-0.512,-0.239,19.800,0.000000,0.000000,0.00,0,0
376,5413086,-2.273,-4.958,-8.205,-8.694,2.431,19.007,-151.321,13.176,-0.506,-0.232,19.007,0.000000,0.000000,0.00,0,0
377,5423082,-2.383,-4.652,-8.541,-8.602,1.576,18.183,-151.408,13.240,-0.474,-0.243,18.183,0.000000,0.000000,0.00,0,0
378,5433086,-2.521,-3.993,-8.894,-7.778,2.919,18.671,-151.826,13.369,-0.407,-0.257,18.671,0.000000,0.000000,0.00,0,0
379,5443082,-2.566,-3.805,-8.925,-4.909,5.574,20.960,-152.271,13.537,-0.388,-0.262,20.960,0.000000,0.000000,0.00,0,0
380,5453105,-2.445,-3.598,-9.117,-1.552,8.320,23.707,-152.774,13.654,-0.367,-0.249,23.707,0.000000,0.000000,0.00,0,0
381,5463096,-2.223,-3.376,-9.151,1.743,12.440,28.010,-153.308,13.708,-0.344,-0.227,28.010,0.000000,0.000000,0.00,0,0
382,5473096,-2.194,-3.933,-8.848,5.528,16.163,34.083,-153.475,13.786,-0.401,-0.224,34.083,0.000000,0.000000,0.00,0,0
383,5483095,-2.321,-4.659,-8.551,8.366,18.330,38.782,-153.240,13.928,-0.475,-0.237,38.782,0.000000,0.000000,0.00,0,0
384,5493101,-2.523,-5.045,-8.274,9.281,19.856,41.315,-152.797,14.166,-0.514,-0.257,41.315,0.000000,0.000000,0.00,0,0
385,5503091,-2.628,-5.302,-7.914,8.793,20.405,42.078,-152.199,14.456,-0.541,-0.268,42.078,0.000000,0.000000,0.00,0,0
386,5513099,-2.662,-5.510,-7.532,5.924,19.032,40.735,-151.488,14.750,-0.562,-0.271,40.735,0.000000,0.000000,0.00,0,0
387,5523093,-2.728,-5.450,-7.311,-1.369,16.469,37.714,-150.858,15.055,-0.556,-0.278,37.714,0.000000,0.000000,0.00,0,0
388,5533103,-3.155,-5.442,-7.374,-10.952,13.691,33.259,-150.386,15.494,-0.555,-0.322,33.259,0.000000,0.000000,0.00,0,0
389,5543103,-3.518,-5.252,-7.804,-19.771,11.159,25.416,-150.226,15.995,-0.536,-0.359,25.416,0.000000,0.000000,0.00,0,0
390,5553095,-3.859,-4.003,-9.924,-23.556,12.532,15.162,-151.052,16.416,-0.408,-0.393,15.162,0.000000,0.000000,0.00,0,0
391,5563098,-3.673,-2.798,-10.940,-12.264,23.823,7.044,-152.308,16.768,-0.285,-0.374,7.044,0.000000,0.000000,0.00,0,0
392,5573094,-2.786,-3.497,-9.365,2.415,35.389,2.955,-152.852,17.006,-0.357,-0.284,2.955,0.000000,0.000000,0.00,0,0
393,5583119,-2.220,-4.092,-9.072,8.701,39.601,1.307,-152.999,17.031,-0.417,-0.226,1.307,0.000000,0.000000,0.00,0,0
394,5593101,-1.963,-4.943,-8.805,11.082,41.340,1.612,-152.718,16.945,-0.504,-0.200,1.612,0.000000,0.000000,0.00,0,0
395,5603091,-2.054,-5.435,-8.325,10.594,42.744,1.307,-152.163,16.929,-0.554,-0.209,1.307,0.000000,0.000000,0.00,0,0
396,5613105,-2.435,-5.840,-7.888,6.352,44.179,-0.036,-151.425,17.105,-0.596,-0.248,-0.036,0.000000,0.000000,0.00,0,0
397,5623101,-2.521,-5.896,-7.138,-2.437,44.789,-2.996,-150.586,17.373,-0.601,-0.257,-2.996,0.000000,0.000000,0.00,0,0
398,5633096,-1.941,-3.070,-4.461,-23.311,38.258,-3.179,-150.396,17.912,-0.313,-0.198,-3.179,0.000000,0.000000,0.00,0,0
399,5660420,-1.596,-2.781,-9.180,-21.664,32.399,-13.861,-152.049,17.978,-0.284,-0.163,-13.861,0.000000,0.000000,0.00,0,0
400,5661798,-1.596,-2.781,-9.180,-21.664,32.399,-13.861,-153.430,17.749,-0.284,-0.163,-13.861,0.000000,0.000000,0.00,0,0
401,5663157,-1.596,-2.781,-9.180,-21.664,32.399,-13.861,-154.498,17.302,-0.284,-0.163,-13.861,0.000000,0.000000,0.00,0,0
402,5673108,-1.209,-3.246,-8.872,-17.330,28.645,-12.426,-155.133,16.683,-0.331,-0.123,-12.426,0.000000,0.000000,0.00,0,0
403,5683084,-1.419,-3.094,-11.358,-8.816,26.753,-11.907,-156.048,16.076,-0.316,-0.145,-11.907,0.000000,0.000000,0.00,0,0
404,5693102,-1.567,-2.769,-11.279,13.920,35.389,-9.283,-156.791,15.679,-0.282,-0.160,-9.283,0.000000,0.000000,0.00,0,0
405,5703088,-2.015,-2.901,-11.156,25.456,44.880,-1.226,-157.290,15.598,-0.296,-0.206,-1.226,0.000000,0.000000,0.00,0,0
406,5713105,-1.953,-3.849,-11.260,45.628,53.547,0.910,-157.200,15.557,-0.392,-0.199,0.910,0.000000,0.000000,0.00,0,0
407,5723101,-1.071,-4.700,-7.203,62.199,59.285,-0.830,-155.789,15.393,-0.479,-0.109,-0.830,0.000000,0.000000,0.00,0,0
408,5733096,-1.012,-4.917,-5.068,55.058,43.995,0.086,-153.662,15.192,-0.501,-0.103,0.086,0.000000,0.000000,0.00,0,0
409,5743097,-0.807,-4.220,-7.251,38.426,24.312,2.802,-153.000,14.613,-0.430,-0.082,2.802,0.000000,0.000000,0.00,0,0
410,5753090,-0.926,-5.618,-5.404,23.411,9.938,3.992,-151.245,14.054,-0.573,-0.094,3.992,0.000000,0.000000,0.00,0,0
411,5763116,-1.913,-6.539,-7.602,8.579,-5.474,-4.064,-150.205,13.725,-0.667,-0.195,-4.064,0.000000,0.000000,0.00,0,0
412,5773089,-2.247,-5.980,-8.085,0.187,-5.351,-17.767,-149.666,13.567,-0.610,-0.229,-17.767,0.000000,0.000000,0.00,0,0
413,5783083,-1.848,-5.491,-7.672,-5.215,-1.506,-27.227,-149.292,13.337,-0.560,-0.188,-27.227,0.000000,0.000000,0.00,0,0
414,5793084,-0.866,-4.883,-6.485,-18.764,-3.642,-29.974,-148.962,12.708,-0.498,-0.088,-29.974,0.000000,0.000000,0.00,0,0
415,5803080,-1.183,-4.408,-8.663,-36.983,-7.854,-26.831,-149.622,12.157,-0.449,-0.121,-26.831,0.000000,0.000000,0.00,0,0
416,5813085,-0.992,-4.750,-8.214,-38.967,-8.892,-27.441,-150.003,11.565,-0.484,-0.101,-27.441,0.000000,0.000000,0.00,0,0
417,5823080,-0.756,-4.861,-7.938,-39.608,-16.002,-29.211,-150.247,10.848,-0.496,-0.077,-29.211,0.000000,0.000000,0.00,0,0
418,5833085,-0.897,-4.697,-7.998,-44.155,-18.718,-25.945,-150.596,10.232,-0.479,-0.091,-25.945,0.000000,0.000000,0.00,0,0
419,5843083,-0.981,-3.919,-8.961,-48.092,-19.725,-20.330,-151.491,9.671,-0.400,-0.100,-20.330,0.000000,0.000000,0.00,0,0
420,5853087,-0.885,-3.145,-9.730,-46.963,-18.047,-13.159,-152.755,9.108,-0.321,-0.090,-13.159,0.000000,0.000000,0.00,0,0
421,5863085,-0.649,-3.015,-9.451,-40.676,-14.842,-4.553,-153.880,8.524,-0.307,-0.066,-4.553,0.000000,0.000000,0.00,0,0
422,5873084,-0.497,-3.386,-8.390,-35.305,-15.819,3.901,-154.531,7.929,-0.345,-0.051,3.901,0.000000,0.000000,0.00,0,0
423,5883085,-1.240,-3.632,-9.350,-30.117,-22.380,9.119,-155.142,7.626,-0.370,-0.126,9.119,0.000000,0.000000,0.00,0,0
424,5893084,-1.753,-3.304,-10.042,-22.426,-24.730,11.347,-155.872,7.512,-0.337,-0.179,11.347,0.000000,0.000000,0.00,0,0
425,5903083,-1.744,-3.285,-9.624,-13.241,-22.380,14.002,-156.411,7.452,-0.335,-0.178,14.002,0.000000,0.000000,0.00,0,0
426,5913087,-1.539,-3.408,-8.968,-9.548,-19.512,18.519,-156.720,7.376,-0.347,-0.157,18.519,0.000000,0.000000,0.00,0,0
427,5923079,-1.686,-3.591,-8.735,-10.433,-17.894,24.409,-156.893,7.400,-0.366,-0.172,24.409,0.000000,0.000000,0.00,0,0
428,5933084,-2.194,-3.186,-9.641,-9.029,-14.659,29.780,-157.358,7.614,-0.325,-0.224,29.780,0.000000,0.000000,0.00,0,0
429,5943080,-1.815,-2.725,-9.783,-0.454,-14.934,27.613,-157.920,7.649,-0.278,-0.185,27.613,0.000000,0.000000,0.00,0,0
430,5953090,-1.276,-3.239,-8.675,9.648,-19.084,25.812,-157.963,7.464,-0.330,-0.130,25.812,0.000000,0.000000,0.00,0,0
431,5963083,-0.969,-3.779,-7.537,12.669,-30.406,24.561,-157.493,7.088,-0.385,-0.099,24.561,0.000000,0.000000,0.00,0,0
432,5973088,-1.133,-3.979,-7.828,9.220,-46.428,23.737,-157.066,6.656,-0.406,-0.116,23.737,0.000000,0.000000,0.00,0,0
433,5983083,-1.694,-4.244,-8.723,6.504,-56.835,22.547,-156.775,6.362,-0.433,-0.173,22.547,0.000000,0.000000,0.00,0,0
434,5994921,-2.378,-4.290,-9.771,7.115,-57.750,20.014,-156.665,6.198,-0.437,-0.242,20.014,0.000000,0.000000,0.00,0,0
435,6003082,-3.189,-4.203,-10.505,13.706,-48.320,17.695,-156.663,6.485,-0.429,-0.325,17.695,0.000000,0.000000,0.00,0,0
436,6013089,-3.620,-4.297,-10.145,23.106,-32.146,17.328,-156.485,7.091,-0.438,-0.369,17.328,0.000000,0.000000,0.00,0,0
437,6023088,-3.422,-4.348,-9.497,28.141,-16.063,18.397,-156.144,7.795,-0.443,-0.349,18.397,0.000000,0.000000,0.00,0,0
438,6033092,-2.759,-4.049,-8.935,29.362,-4.131,20.502,-155.837,8.362,-0.413,-0.281,20.502,0.000000,0.000000,0.00,0,0
439,6043088,-1.961,-4.203,-8.142,26.890,1.820,24.409,-155.346,8.655,-0.429,-0.200,24.409,0.000000,0.000000,0.00,0,0
440,6053091,-1.751,-4.140,-8.234,19.535,2.461,29.078,-155.009,8.828,-0.422,-0.179,29.078,0.000000,0.000000,0.00,0,0
441,6063086,-1.915,-3.762,-8.531,14.164,1.698,33.320,-154.976,9.047,-0.384,-0.195,33.320,0.000000,0.000000,0.00,0,0
442,6073089,-2.199,-3.784,-8.356,12.333,0.355,37.501,-154.918,9.383,-0.386,-0.224,37.501,0.000000,0.000000,0.00,0,0
443,6083085,-2.364,-3.788,-8.221,10.502,-1.628,40.644,-154.852,9.766,-0.386,-0.241,40.644,0.000000,0.000000,0.00,0,0
444,6093089,-2.352,-3.494,-8.675,9.525,-3.154,43.238,-155.019,10.064,-0.356,-0.240,43.238,0.000000,0.000000,0.00,0,0
445,6103082,-2.261,-3.779,-8.872,10.838,-2.788,46.564,-155.073,10.271,-0.385,-0.231,46.564,0.000000,0.000000,0.00,0,0
446,6113086,-2.168,-4.167,-8.663,12.791,-1.811,48.823,-154.901,10.434,-0.425,-0.221,48.823,0.000000,0.000000,0.00,0,0
447,6123082,-1.815,-4.374,-8.522,12.272,-1.750,50.379,-154.630,10.429,-0.446,-0.185,50.379,0.000000,0.000000,0.00,0,0
448,6133089,-1.667,-4.237,-7.991,5.985,-5.168,51.813,-154.379,10.372,-0.432,-0.170,51.813,0.000000,0.000000,0.00,0,0
449,6143088,-2.106,-4.121,-7.813,1.988,-13.561,52.424,-154.193,10.473,-0.420,-0.215,52.424,0.000000,0.000000,0.00,0,0
450,6153092,-2.542,-4.488,-7.751,-1.766,-18.596,52.515,-153.880,10.710,-0.458,-0.259,52.515,0.000000,0.000000,0.00,0,0
451,6163088,-2.855,-4.459,-8.154,-9.060,-19.756,51.691,-153.767,11.016,-0.455,-0.291,51.691,0.000000,0.000000,0.00,0,0
452,6173146,-3.022,-4.025,-8.603,-13.607,-17.711,51.478,-153.986,11.362,-0.410,-0.308,51.478,0.000000,0.000000,0.00,0,0
453,6183082,-3.079,-3.779,-8.615,-15.468,-13.622,53.888,-154.313,11.756,-0.385,-0.314,53.888,0.000000,0.000000,0.00,0,0
454,6193088,-2.902,-3.494,-8.265,-16.201,-10.570,58.130,-154.682,12.134,-0.356,-0.296,58.130,0.000000,0.000000,0.00,0,0
455,6203082,-2.767,-3.639,-8.255,-17.452,-9.532,63.654,-154.965,12.424,-0.371,-0.282,63.654,0.000000,0.000000,0.00,0,0
456,6213090,-2.724,-3.854,-8.089,-20.779,-9.471,68.812,-155.126,12.682,-0.393,-0.278,68.812,0.000000,0.000000,0.00,0,0
457,6223089,-2.745,-4.032,-7.835,-25.417,-10.814,73.328,-155.180,12.938,-0.411,-0.280,73.328,0.000000,0.000000,0.00,0,0
458,6233086,-2.817,-3.952,-7.748,-30.147,-13.133,77.936,-155.289,13.204,-0.403,-0.287,77.936,0.000000,0.000000,0.00,0,0
459,6243088,-2.900,-3.796,-7.960,-36.190,-15.056,83.582,-155.564,13.453,-0.387,-0.296,83.582,0.000000,0.000000,0.00,0,0
460,6253085,-3.205,-3.453,-8.094,-43.178,-15.666,90.449,-156.069,13.819,-0.352,-0.327,90.449,0.000000,0.000000,0.00,0,0
461,6263085,-3.639,-3.188,-8.613,-47.268,-13.927,96.827,-156.790,14.298,-0.325,-0.371,96.827,0.000000,0.000000,0.00,0,0
462,6273091,-3.994,-3.099,-9.175,-48.061,-8.495,100.672,-157.591,14.853,-0.316,-0.407,100.672,0.000000,0.000000,0.00,0,0
463,6283082,-3.983,-2.971,-9.542,-47.146,-1.415,101.404,-158.428,15.378,-0.303,-0.406,101.404,0.000000,0.000000,0.00,0,0
464,6293091,-3.825,-2.670,-9.521,-45.070,4.994,100.245,-159.309,15.877,-0.272,-0.390,100.245,0.000000,0.000000,0.00,0,0
465,6303082,-3.668,-2.455,-8.930,-39.181,8.504,98.078,-160.091,16.406,-0.250,-0.374,98.078,0.000000,0.000000,0.00,0,0
466,6313085,-3.716,-2.511,-8.587,-30.147,8.107,95.759,-160.656,16.964,-0.256,-0.379,95.759,0.000000,0.000000,0.00,0,0
467,6323082,-3.615,-2.610,-8.774,-24.135,6.184,94.141,-161.102,17.385,-0.266,-0.369,94.141,0.000000,0.000000,0.00,0,0
468,6334859,-3.692,-2.581,-8.901,-19.985,4.078,92.310,-161.542,17.778,-0.263,-0.376,92.310,0.000000,0.000000,0.00,0,0
469,6343080,-3.825,-2.889,-8.810,-13.454,2.583,89.319,-161.697,18.174,-0.295,-0.390,89.319,0.000000,0.000000,0.00,0,0
470,6353084,-3.763,-2.966,-8.363,-6.405,1.179,85.291,-161.667,18.570,-0.302,-0.384,85.291,0.000000,0.000000,0.00,0,0
471,6363085,-3.677,-2.670,-8.154,0.157,-1.720,81.904,-161.688,18.926,-0.272,-0.375,81.904,0.000000,0.000000,0.00,0,0
472,6373088,-3.630,-2.221,-8.339,6.657,-5.107,80.836,-161.901,19.193,-0.227,-0.370,80.836,0.000000,0.000000,0.00,0,0
473,6383079,-3.649,-1.961,-8.690,13.218,-7.366,82.575,-162.208,19.376,-0.200,-0.372,82.575,0.000000,0.000000,0.00,0,0
474,6393091,-3.713,-2.149,-8.844,18.864,-8.525,85.871,-162.367,19.528,-0.219,-0.379,85.871,0.000000,0.000000,0.00,0,0
475,6403079,-3.837,-2.455,-8.779,22.251,-9.715,88.495,-162.328,19.707,-0.250,-0.391,88.495,0.000000,0.000000,0.00,0,0
476,6413084,-3.839,-2.648,-8.709,22.495,-10.600,88.892,-162.189,19.867,-0.270,-0.392,88.892,0.000000,0.000000,0.00,0,0
477,6423083,-3.866,-2.899,-8.848,20.390,-10.967,87.153,-161.985,19.987,-0.296,-0.394,87.153,0.000000,0.000000,0.00,0,0
478,6433087,-4.045,-2.877,-9.233,14.958,-10.143,84.376,-161.912,20.117,-0.293,-0.412,84.376,0.000000,0.000000,0.00,0,0
479,6443082,-4.133,-2.805,-9.413,8.793,-7.854,80.500,-161.958,20.268,-0.286,-0.421,80.500,0.000000,0.000000,0.00,0,0
480,6453100,-4.135,-2.385,-9.466,3.452,-4.436,76.105,-162.240,20.449,-0.243,-0.422,76.105,0.000000,0.000000,0.00,0,0
481,6463093,-3.887,-1.621,-9.170,1.286,-0.682,72.870,-162.843,20.628,-0.165,-0.396,72.870,0.000000,0.000000,0.00,0,0
482,6473100,-3.808,-1.214,-8.887,1.957,1.393,72.870,-163.568,20.840,-0.124,-0.388,72.870,0.000000,0.000000,0.00,0,0
483,6483097,-3.923,-1.194,-8.680,3.971,1.332,75.098,-164.215,21.121,-0.122,-0.400,75.098,0.000000,0.000000,0.00,0,0
484,6493093,-4.161,-1.334,-8.771,4.917,0.355,77.295,-164.741,21.451,-0.136,-0.424,77.295,0.000000,0.000000,0.00,0,0
485,6503086,-4.405,-1.423,-8.870,4.063,0.538,78.303,-165.198,21.835,-0.145,-0.449,78.303,0.000000,0.000000,0.00,0,0
486,6513100,-4.541,-1.322,-8.750,4.063,1.607,77.845,-165.661,22.280,-0.135,-0.463,77.845,0.000000,0.000000,0.00,0,0
487,6523097,-4.715,-1.310,-8.471,5.192,2.583,76.929,-166.063,22.829,-0.134,-0.481,76.929,0.000000,0.000000,0.00,0,0
488,6533094,-4.843,-1.226,-8.476,6.077,2.919,76.319,-166.470,23.392,-0.125,-0.494,76.319,0.000000,0.000000,0.00,0,0
489,6543089,-4.641,-0.963,-8.582,7.420,3.743,76.471,-166.976,23.824,-0.098,-0.473,76.471,0.000000,0.000000,0.00,0,0
490,6553101,-4.486,-0.748,-8.567,8.000,5.299,79.127,-167.548,24.181,-0.076,-0.457,79.127,0.000000,0.000000,0.00,0,0
491,6563095,-4.572,-0.804,-8.490,7.359,7.161,83.063,-168.050,24.579,-0.082,-0.466,83.063,0.000000,0.000000,0.00,0,0
492,6573099,-4.653,-0.888,-8.764,5.955,8.992,86.023,-168.497,24.936,-0.091,-0.474,86.023,0.000000,0.000000,0.00,0,0
493,6583088,-4.743,-0.987,-8.959,5.406,12.196,87.397,-168.877,25.288,-0.101,-0.484,87.397,0.000000,0.000000,0.00,0,0
494,6593102,-4.822,-1.035,-9.180,4.826,16.377,87.214,-169.221,25.637,-0.106,-0.492,87.214,0.000000,0.000000,0.00,0,0
495,6603092,-4.872,-1.002,-9.199,5.253,20.863,86.329,-169.553,26.017,-0.102,-0.497,86.329,0.000000,0.000000,0.00,0,0
496,6613101,-4.824,-1.079,-8.911,5.467,24.373,85.657,-169.803,26.437,-0.110,-0.492,85.657,0.000000,0.000000,0.00,0,0
497,6623085,-4.648,-1.180,-8.728,4.917,26.112,84.711,-169.978,26.807,-0.120,-0.474,84.711,0.000000,0.000000,0.00,0,0
498,6633098,-4.510,-1.141,-8.608,2.628,26.845,83.307,-170.172,27.126,-0.116,-0.460,83.307,0.000000,0.000000,0.00,0,0
499,6657579,-4.612,-0.828,-8.803,-1.827,28.737,79.371,-170.659,27.856,-0.084,-0.470,79.371,0.000000,0.000000,0.00,0,0
500,6658989,-4.612,-0.828,-8.803,-1.827,28.737,79.371,-171.077,28.279,-0.084,-0.470,79.371,0.000000,0.000000,0.00,0,0
501,6663121,-4.588,-0.488,-8.990,-1.491,32.002,76.777,-171.620,28.484,-0.050,-0.468,76.777,0.000000,0.000000,0.00,0,0
502,6673095,-4.433,-0.102,-9.153,1.560,36.946,74.640,-172.293,28.618,-0.010,-0.452,74.640,0.000000,0.000000,0.00,0,0
503,6683089,-4.128,0.317,-9.014,7.237,41.798,74.457,-173.072,28.684,0.032,-0.421,74.457,0.000000,0.000000,0.00,0,0
504,6693099,-3.835,0.575,-8.810,13.859,44.453,76.746,-173.861,28.679,0.059,-0.391,76.746,0.000000,0.000000,0.00,0,0
505,6703099,-3.541,0.375,-8.623,19.840,44.026,80.378,-174.422,28.578,0.038,-0.361,80.378,0.000000,0.000000,0.00,0,0
506,6713094,-3.375,-0.170,-8.440,22.648,41.798,83.277,-174.609,28.426,-0.017,-0.344,83.277,0.000000,0.000000,0.00,0,0
507,6723087,-3.353,-0.792,-8.267,22.892,38.502,83.155,-174.426,28.275,-0.081,-0.342,83.155,0.000000,0.000000,0.00,0,0
508,6733095,-3.289,-1.202,-8.380,20.878,34.779,79.798,-174.060,28.044,-0.123,-0.335,79.798,0.000000,0.000000,0.00,0,0
509,6743098,-3.329,-1.308,-8.635,17.033,32.216,74.488,-173.724,27.780,-0.133,-0.339,74.488,0.000000,0.000000,0.00,0,0
510,6753101,-3.491,-1.163,-9.052,11.753,31.239,68.690,-173.566,27.536,-0.119,-0.356,68.690,0.000000,0.000000,0.00,0,0
511,6763089,-3.625,-0.893,-9.283,6.016,31.697,63.044,-173.619,27.340,-0.091,-0.370,63.044,0.000000,0.000000,0.00,0,0
512,6773092,-3.549,-0.392,-9.394,1.957,32.979,58.069,-173.951,27.128,-0.040,-0.362,58.069,0.000000,0.000000,0.00,0,0
513,6783082,-3.453,0.093,-9.348,0.950,34.321,54.865,-174.500,26.913,0.009,-0.352,54.865,0.000000,0.000000,0.00,0,0
514,6793084,-3.375,0.310,-9.295,1.438,34.291,53.431,-175.107,26.690,0.032,-0.344,53.431,0.000000,0.000000,0.00,0,0
515,6803080,-3.291,0.423,-9.454,3.178,32.521,53.461,-175.701,26.407,0.043,-0.336,53.461,0.000000,0.000000,0.00,0,0
516,6813090,-3.222,0.334,-9.362,5.650,29.652,54.102,-176.184,26.105,0.034,-0.329,54.102,0.000000,0.000000,0.00,0,0
517,6823083,-3.212,0.136,-9.235,6.962,25.563,53.827,-176.524,25.804,0.014,-0.328,53.827,0.000000,0.000000,0.00,0,0
518,6833084,-3.284,-0.013,-9.449,7.633,21.473,51.935,-176.759,25.488,-0.001,-0.335,51.935,0.000000,0.000000,0.00,0,0
519,6843080,-3.558,0.023,-9.862,8.000,18.941,48.914,-176.989,25.225,0.002,-0.363,48.914,0.000000,0.000000,0.00,0,0
520,6853090,-3.861,0.199,-10.313,8.122,18.391,45.527,-177.276,25.031,0.020,-0.394,45.527,0.000000,0.000000,0.00,0,0
521,6863085,-3.930,0.418,-10.472,8.030,19.520,43.085,-177.634,24.865,0.043,-0.401,43.085,0.000000,0.000000,0.00,0,0
522,6873084,-3.782,0.662,-10.352,9.159,20.680,41.895,-178.061,24.681,0.067,-0.386,41.895,0.000000,0.000000,0.00,0,0
523,6883080,-3.572,0.807,-10.246,11.051,21.168,41.926,-178.503,24.449,0.082,-0.364,41.926,0.000000,0.000000,0.00,0,0
524,6893087,-3.367,0.768,-10.102,12.699,20.894,42.475,-178.885,24.170,0.078,-0.343,42.475,0.000000,0.000000,0.00,0,0
525,6903085,-3.100,0.500,-9.970,14.408,19.215,42.505,-179.107,23.809,0.051,-0.316,42.505,0.000000,0.000000,0.00,0,0
526,6913087,-2.859,0.218,-9.708,15.904,15.889,41.010,-179.174,23.378,0.022,-0.292,41.010,0.000000,0.000000,0.00,0,0
527,6923083,-2.716,-0.008,-9.285,16.270,10.640,38.904,-179.129,22.924,-0.001,-0.277,38.904,0.000000,0.000000,0.00,0,0
528,6933088,-2.719,-0.129,-9.084,15.598,3.712,36.463,-179.034,22.468,-0.013,-0.277,36.463,0.000000,0.000000,0.00,0,0
529,6943083,-2.824,-0.201,-9.122,13.950,-3.185,34.113,-178.927,22.025,-0.021,-0.288,34.113,0.000000,0.000000,0.00,0,0
530,6953087,-3.043,-0.184,-9.312,11.204,-8.617,32.221,-178.864,21.636,-0.019,-0.310,32.221,0.000000,0.000000,0.00,0,0
531,6963083,-3.260,-0.136,-9.456,7.908,-12.248,30.634,-178.860,21.315,-0.014,-0.332,30.634,0.000000,0.000000,0.00,0,0
532,6973084,-3.422,-0.141,-9.538,3.666,-13.896,29.596,-178.893,21.059,-0.014,-0.349,29.596,0.000000,0.000000,0.00,0,0
533,6983079,-3.534,-0.191,-9.605,-1.797,-13.896,28.650,-178.952,20.859,-0.020,-0.360,28.650,0.000000,0.000000,0.00,0,0
534,6994997,-3.601,-0.163,-9.636,-7.625,-12.798,27.277,-179.095,20.684,-0.017,-0.367,27.277,0.000000,0.000000,0.00,0,0
535,7003082,-3.665,-0.088,-9.643,-13.698,-11.150,25.843,-179.296,20.587,-0.009,-0.374,25.843,0.000000,0.000000,0.00,0,0
536,7013089,-3.668,-0.069,-9.542,-18.307,-9.105,24.164,-179.532,20.532,-0.007,-0.374,24.164,0.000000,0.000000,0.00,0,0
537,7023085,-3.656,0.038,-9.221,-20.748,-7.305,22.089,-179.823,20.546,0.004,-0.373,22.089,0.000000,0.000000,0.00,0,0
538,7033089,-3.654,0.242,-8.935,-20.748,-6.725,20.136,-180.195,20.611,0.025,-0.373,20.136,0.000000,0.000000,0.00,0,0
539,7043085,-3.658,0.655,-8.997,-19.802,-6.298,19.892,-180.733,20.663,0.067,-0.373,19.892,0.000000,0.000000,0.00,0,0
540,7053088,-3.761,0.995,-9.201,-19.680,-5.138,22.547,-181.384,20.725,0.101,-0.383,22.547,0.000000,0.000000,0.00,0,0
541,7063085,-3.768,0.963,-9.357,-18.581,-2.788,26.301,-181.953,20.781,0.098,-0.384,26.301,0.000000,0.000000,0.00,0,0
542,7073089,-3.782,0.770,-9.408,-18.673,0.538,29.535,-182.384,20.864,0.079,-0.386,29.535,0.000000,0.000000,0.00,0,0
543,7083086,-3.754,0.580,-9.283,-19.619,4.139,31.519,-182.705,20.985,0.059,-0.383,31.519,0.000000,0.000000,0.00,0,0
544,7093088,-3.637,0.486,-9.177,-20.046,7.374,31.672,-182.963,21.097,0.050,-0.371,31.672,0.000000,0.000000,0.00,0,0
545,7103085,-3.539,0.479,-9.230,-21.084,10.396,30.909,-183.205,21.178,0.049,-0.361,30.909,0.000000,0.000000,0.00,0,0
546,7113089,-3.444,0.539,-9.379,-22.610,13.814,29.810,-183.467,21.220,0.055,-0.351,29.810,0.000000,0.000000,0.00,0,0
547,7123082,-3.406,0.691,-9.259,-24.105,16.987,28.681,-183.799,21.289,0.070,-0.347,28.681,0.000000,0.000000,0.00,0,0
548,7133089,-3.313,0.773,-9.103,-22.823,18.879,27.369,-184.139,21.353,0.079,-0.338,27.369,0.000000,0.000000,0.00,0,0
549,7143088,-3.212,0.992,-9.201,-21.908,20.039,26.362,-184.545,21.362,0.101,-0.328,26.362,0.000000,0.000000,0.00,0,0
550,7153085,-3.127,1.134,-9.357,-20.779,21.107,25.995,-184.968,21.318,0.116,-0.319,25.995,0.000000,0.000000,0.00,0,0
551,7163085,-3.019,1.120,-9.331,-19.436,22.236,25.355,-185.341,21.246,0.114,-0.308,25.355,0.000000,0.000000,0.00,0,0
552,7173144,-2.983,1.120,-9.271,-18.215,22.633,23.951,-185.677,21.175,0.114,-0.304,23.951,0.000000,0.000000,0.00,0,0
553,7183082,-2.893,1.161,-9.266,-15.224,22.511,21.601,-185.980,21.068,0.118,-0.295,21.601,0.000000,0.000000,0.00,0,0
554,7193091,-2.795,1.286,-9.293,-12.356,22.114,19.007,-186.290,20.918,0.131,-0.285,19.007,0.000000,0.000000,0.00,0,0
555,7203082,-2.683,1.325,-9.170,-9.395,21.168,16.627,-186.575,20.736,0.135,-0.274,16.627,0.000000,0.000000,0.00,0,0
556,7213089,-2.561,1.332,-8.952,-6.039,19.307,14.338,-186.826,20.523,0.136,-0.261,14.338,0.000000,0.000000,0.00,0,0
557,7223085,-2.569,1.421,-8.942,-2.102,16.408,12.385,-187.066,20.302,0.145,-0.262,12.385,0.000000,0.000000,0.00,0,0
558,7233089,-2.604,1.602,-9.117,2.903,13.020,11.316,-187.314,20.057,0.163,-0.266,11.316,0.000000,0.000000,0.00,0,0
559,7243086,-2.690,1.747,-9.149,8.091,9.663,11.652,-187.561,19.830,0.178,-0.274,11.652,0.000000,0.000000,0.00,0,0
560,7253089,-2.817,1.607,-9.350,12.028,6.856,13.209,-187.670,19.627,0.164,-0.287,13.209,0.000000,0.000000,0.00,0,0
561,7263085,-2.972,1.388,-9.504,14.103,5.604,14.460,-187.640,19.479,0.141,-0.303,14.460,0.000000,0.000000,0.00,0,0
562,7273089,-3.091,1.209,-9.607,15.019,5.177,14.521,-187.515,19.379,0.123,-0.315,14.521,0.000000,0.000000,0.00,0,0
563,7283085,-3.091,1.130,-9.655,14.774,5.665,13.300,-187.364,19.285,0.115,-0.315,13.300,0.000000,0.000000,0.00,0,0
564,7293088,-3.074,1.134,-9.576,15.751,6.398,11.347,-187.222,19.208,0.116,-0.313,11.347,0.000000,0.000000,0.00,0,0
565,7303087,-3.014,1.151,-9.672,15.385,6.825,9.669,-187.096,19.103,0.117,-0.307,9.669,0.000000,0.000000,0.00,0,0
566,7313091,-2.983,1.171,-9.838,12.791,7.435,9.058,-187.004,18.978,0.119,-0.304,9.058,0.000000,0.000000,0.00,0,0
567,7323085,-2.886,1.101,-9.648,11.509,7.832,8.295,-186.910,18.850,0.112,-0.294,8.295,0.000000,0.000000,0.00,0,0
568,7333085,-2.850,0.951,-9.562,10.349,6.733,7.593,-186.769,18.719,0.097,-0.291,7.593,0.000000,0.000000,0.00,0,0
569,7347071,-2.867,0.958,-9.571,9.007,5.086,6.525,-186.639,18.597,0.098,-0.292,6.525,0.000000,0.000000,0.00,0,0
570,7353086,-2.900,1.091,-9.672,7.542,3.438,5.640,-186.603,18.457,0.111,-0.296,5.640,0.000000,0.000000,0.00,0,0
571,7363086,-2.964,1.142,-9.816,5.924,2.400,5.396,-186.601,18.327,0.116,-0.302,5.396,0.000000,0.000000,0.00,0,0
572,7373083,-2.995,1.192,-9.898,4.276,2.095,5.610,-186.632,18.206,0.122,-0.305,5.610,0.000000,0.000000,0.00,0,0
573,7383081,-3.005,1.192,-10.023,2.384,2.400,5.976,-186.672,18.086,0.122,-0.306,5.976,0.000000,0.000000,0.00,0,0
574,7393089,-2.905,1.192,-9.864,0.431,2.888,5.854,-186.735,17.959,0.122,-0.296,5.854,0.000000,0.000000,0.00,0,0
575,7403081,-2.767,1.101,-9.535,-0.576,2.400,4.908,-186.779,17.819,0.112,-0.282,4.908,0.000000,0.000000,0.00,0,0
576,7413086,-2.640,0.978,-9.348,-1.339,0.752,3.107,-186.778,17.645,0.100,-0.269,3.107,0.000000,0.000000,0.00,0,0
577,7423087,-2.635,0.891,-9.249,-2.010,-1.262,0.666,-186.746,17.478,0.091,-0.269,0.666,0.000000,0.000000,0.00,0,0
578,7433083,-2.736,0.956,-9.146,-1.980,-3.612,-1.959,-186.753,17.359,0.097,-0.279,-1.959,0.000000,0.000000,0.00,0,0
579,7443084,-2.941,1.074,-9.331,-1.125,-5.626,-3.881,-186.798,17.294,0.110,-0.300,-3.881,0.000000,0.000000,0.00,0,0
580,7453096,-3.186,1.197,-9.607,0.492,-5.962,-4.888,-186.867,17.296,0.122,-0.325,-4.888,0.000000,0.000000,0.00,0,0
581,7463106,-3.389,1.291,-9.881,1.896,-4.405,-4.766,-186.944,17.357,0.132,-0.346,-4.766,0.000000,0.000000,0.00,0,0
582,7473099,-3.484,1.296,-10.001,2.995,-1.384,-3.820,-187.000,17.462,0.132,-0.355,-3.820,0.000000,0.000000,0.00,0,0
583,7483097,-3.472,1.207,-10.037,3.361,2.064,-2.386,-187.008,17.583,0.123,-0.354,-2.386,0.000000,0.000000,0.00,0,0
584,7493095,-3.367,1.053,-10.025,2.567,5.635,-1.257,-186.955,17.690,0.107,-0.343,-1.257,0.000000,0.000000,0.00,0,0
585,7503094,-3.267,0.823,-9.893,0.858,8.595,-0.921,-186.825,17.797,0.084,-0.333,-0.921,0.000000,0.000000,0.00,0,0
586,7513099,-3.172,0.655,-9.876,-1.308,10.640,-1.592,-186.651,17.879,0.067,-0.323,-1.592,0.000000,0.000000,0.00,0,0
587,7523087,-3.048,0.708,-9.826,-2.804,11.921,-3.271,-186.529,17.922,0.072,-0.311,-3.271,0.000000,0.000000,0.00,0,0
588,7533092,-2.960,0.819,-9.835,-3.567,12.227,-4.858,-186.473,17.925,0.083,-0.302,-4.858,0.000000,0.000000,0.00,0,0
589,7543096,-2.929,0.956,-9.900,-3.963,12.135,-5.926,-186.483,17.905,0.097,-0.299,-5.926,0.000000,0.000000,0.00,0,0
590,7553101,-2.809,1.108,-9.828,-2.987,11.281,-6.353,-186.555,17.836,0.113,-0.286,-6.353,0.000000,0.000000,0.00,0,0
591,7563090,-2.626,1.147,-9.636,-0.606,9.297,-6.018,-186.627,17.698,0.117,-0.268,-6.018,0.000000,0.000000,0.00,0,0
592,7573092,-2.459,1.033,-9.403,2.323,6.215,-5.255,-186.626,17.497,0.105,-0.251,-5.255,0.000000,0.000000,0.00,0,0
593,7583095,-2.454,0.797,-9.309,4.276,2.644,-4.644,-186.500,17.291,0.081,-0.250,-4.644,0.000000,0.000000,0.00,0,0
594,7593105,-2.571,0.561,-9.249,5.131,-0.560,-4.888,-186.265,17.131,0.057,-0.262,-4.888,0.000000,0.000000,0.00,0,0
595,7603093,-2.733,0.459,-9.218,5.222,-3.032,-6.170,-186.000,17.038,0.047,-0.279,-6.170,0.000000,0.000000,0.00,0,0
596,7613092,-2.919,0.508,-9.401,4.948,-4.283,-7.360,-185.776,16.997,0.052,-0.298,-7.360,0.000000,0.000000,0.00,0,0
597,7623086,-3.148,0.599,-9.542,4.185,-4.131,-7.910,-185.614,17.039,0.061,-0.321,-7.910,0.000000,0.000000,0.00,0,0
598,7633097,-3.251,0.729,-9.634,3.666,-2.727,-7.696,-185.528,17.119,0.074,-0.331,-7.696,0.000000,0.000000,0.00,0,0
599,7662475,-3.239,0.606,-9.557,2.873,2.705,-3.515,-185.418,17.284,0.062,-0.330,-3.515,0.000000,0.000000,0.00,0,0
600,7663862,-3.239,0.606,-9.557,2.873,2.705,-3.515,-185.293,17.433,0.062,-0.330,-3.515,0.000000,0.000000,0.00,0,0
601,7665235,-3.239,0.606,-9.557,2.873,2.705,-3.515,-185.164,17.559,0.062,-0.330,-3.515,0.000000,0.000000,0.00,0,0
602,7673096,-3.186,0.539,-9.566,2.293,3.895,-2.203,-185.016,17.654,0.055,-0.325,-2.203,0.000000,0.000000,0.00,0,0
603,7683102,-3.079,0.464,-9.562,1.316,4.841,-1.470,-184.854,17.699,0.047,-0.314,-1.470,0.000000,0.000000,0.00,0,0
604,7693099,-3.010,0.443,-9.545,0.004,5.360,-1.379,-184.710,17.715,0.045,-0.307,-1.379,0.000000,0.000000,0.00,0,0
605,7703090,-2.929,0.505,-9.535,-0.851,5.757,-1.928,-184.620,17.697,0.052,-0.299,-1.928,0.000000,0.000000,0.00,0,0
606,7713101,-2.902,0.614,-9.562,-0.942,5.452,-2.844,-184.594,17.661,0.063,-0.296,-2.844,0.000000,0.000000,0.00,0,0
607,7723098,-2.902,0.725,-9.562,-0.149,4.872,-3.759,-184.618,17.623,0.074,-0.296,-3.759,0.000000,0.000000,0.00,0,0
608,7733103,-2.910,0.782,-9.667,1.682,4.262,-4.370,-184.648,17.572,0.080,-0.297,-4.370,0.000000,0.000000,0.00,0,0
609,7743092,-2.907,0.802,-9.797,3.819,3.773,-4.522,-184.659,17.502,0.082,-0.296,-4.522,0.000000,0.000000,0.00,0,0
610,7753091,-2.967,0.816,-9.936,5.833,3.834,-4.400,-184.653,17.447,0.083,-0.303,-4.400,0.000000,0.000000,0.00,0,0
611,7763089,-2.960,0.787,-10.116,7.328,4.658,-4.095,-184.614,17.379,0.080,-0.302,-4.095,0.000000,0.000000,0.00,0,0
612,7773093,-2.886,0.761,-10.241,8.518,5.879,-3.546,-184.550,17.284,0.078,-0.294,-3.546,0.000000,0.000000,0.00,0,0
613,7783085,-2.709,0.698,-10.119,8.915,6.795,-2.661,-184.465,17.145,0.071,-0.276,-2.661,0.000000,0.000000,0.00,0,0
614,7793085,-2.476,0.561,-9.903,8.000,6.245,-1.592,-184.338,16.939,0.057,-0.252,-1.592,0.000000,0.000000,0.00,0,0
615,7803085,-2.240,0.382,-9.703,5.711,4.139,-0.707,-184.166,16.649,0.039,-0.228,-0.707,0.000000,0.000000,0.00,0,0
616,7813091,-2.132,0.252,-9.463,2.232,0.966,-0.677,-183.981,16.330,0.026,-0.217,-0.677,0.000000,0.000000,0.00,0,0
617,7823082,-2.111,0.192,-9.273,-2.132,-2.941,-1.684,-183.825,16.010,0.020,-0.215,-1.684,0.000000,0.000000,0.00,0,0
618,7833085,-2.249,0.303,-9.173,-5.947,-7.091,-3.362,-183.771,15.751,0.031,-0.229,-3.362,0.000000,0.000000,0.00,0,0
619,7843087,-2.490,0.544,-9.216,-8.785,-10.234,-4.980,-183.865,15.587,0.055,-0.254,-4.980,0.000000,0.000000,0.00,0,0
620,7853088,-2.719,0.768,-9.379,-10.708,-11.577,-6.048,-184.070,15.503,0.078,-0.277,-6.048,0.000000,0.000000,0.00,0,0
621,7863082,-2.907,0.973,-9.485,-11.471,-11.272,-6.414,-184.358,15.495,0.099,-0.296,-6.414,0.000000,0.000000,0.00,0,0
622,7873085,-3.024,1.113,-9.617,-11.043,-9.685,-6.353,-184.678,15.532,0.113,-0.308,-6.353,0.000000,0.000000,0.00,0,0
623,7883088,-3.029,1.200,-9.595,-10.494,-7.396,-5.865,-185.009,15.591,0.122,-0.309,-5.865,0.000000,0.000000,0.00,0,0
624,7893089,-2.952,1.197,-9.473,-9.914,-5.565,-5.316,-185.315,15.646,0.122,-0.301,-5.316,0.000000,0.000000,0.00,0,0
625,7903082,-2.848,1.084,-9.324,-9.579,-4.680,-4.980,-185.549,15.681,0.111,-0.290,-4.980,0.000000,0.000000,0.00,0,0
626,7913091,-2.738,0.973,-9.170,-9.334,-4.833,-5.529,-185.719,15.686,0.099,-0.279,-5.529,0.000000,0.000000,0.00,0,0
627,7923082,-2.705,1.048,-9.096,-8.510,-5.718,-6.811,-185.908,15.676,0.107,-0.276,-6.811,0.000000,0.000000,0.00,0,0
628,7933091,-2.762,1.197,-9.120,-6.771,-6.877,-8.062,-186.137,15.676,0.122,-0.282,-8.062,0.000000,0.000000,0.00,0,0
629,7943085,-2.840,1.279,-9.225,-4.238,-7.884,-8.428,-186.356,15.686,0.130,-0.290,-8.428,0.000000,0.000000,0.00,0,0
630,7953085,-2.921,1.347,-9.362,-1.278,-8.129,-8.215,-186.555,15.709,0.137,-0.298,-8.215,0.000000,0.000000,0.00,0,0
631,7963087,-2.988,1.257,-9.523,1.194,-7.488,-7.452,-186.663,15.746,0.128,-0.305,-7.452,0.000000,0.000000,0.00,0,0
632,7973088,-2.962,1.007,-9.518,2.354,-6.298,-6.384,-186.638,15.784,0.103,-0.302,-6.384,0.000000,0.000000,0.00,0,0
633,7983082,-2.862,0.855,-9.389,2.079,-5.504,-5.743,-186.552,15.802,0.087,-0.292,-5.743,0.000000,0.000000,0.00,0,0
634,7993091,-2.795,0.768,-9.391,0.401,-5.199,-5.316,-186.448,15.794,0.078,-0.285,-5.316,0.000000,0.000000,0.00,0,0
635,8005017,-2.790,0.751,-9.406,-1.797,-5.138,-5.133,-186.372,15.773,0.077,-0.285,-5.133,0.000000,0.000000,0.00,0,0
636,8013087,-2.793,0.751,-9.422,-4.238,-5.016,-5.163,-186.313,15.764,0.077,-0.285,-5.163,0.000000,0.000000,0.00,0,0
637,8023081,-2.826,0.790,-9.353,-6.313,-4.589,-5.529,-186.299,15.784,0.081,-0.288,-5.529,0.000000,0.000000,0.00,0,0
638,8033089,-2.893,0.751,-9.446,-8.144,-3.948,-6.140,-186.281,15.825,0.077,-0.295,-6.140,0.000000,0.000000,0.00,0,0
639,8043081,-2.943,0.910,-9.379,-8.907,-2.880,-7.177,-186.349,15.902,0.093,-0.300,-7.177,0.000000,0.000000,0.00,0,0
640,8053089,-2.967,1.118,-9.497,-8.144,-1.872,-7.726,-186.496,15.973,0.114,-0.303,-7.726,0.000000,0.000000,0.00,0,0
641,8063080,-3.012,1.151,-9.660,-6.740,-0.255,-7.421,-186.625,16.052,0.117,-0.307,-7.421,0.000000,0.000000,0.00,0,0
642,8073089,-2.981,1.086,-9.684,-5.245,2.156,-6.994,-186.700,16.131,0.111,-0.304,-6.994,0.000000,0.000000,0.00,0,0
643,8083081,-2.905,0.987,-9.607,-3.780,4.292,-7.238,-186.713,16.203,0.101,-0.296,-7.238,0.000000,0.000000,0.00,0,0
644,8093089,-2.805,0.879,-9.610,-2.560,5.787,-7.971,-186.665,16.242,0.090,-0.286,-7.971,0.000000,0.000000,0.00,0,0
645,8103081,-2.728,0.862,-9.612,-1.949,6.917,-8.978,-186.607,16.255,0.088,-0.278,-8.978,0.000000,0.000000,0.00,0,0
646,8113089,-2.695,0.908,-9.727,-1.308,7.924,-9.802,-186.563,16.249,0.093,-0.275,-9.802,0.000000,0.000000,0.00,0,0
647,8123081,-2.650,0.937,-9.893,0.004,9.144,-10.290,-186.516,16.216,0.096,-0.270,-10.290,0.000000,0.000000,0.00,0,0
648,8133089,-2.578,0.930,-9.929,1.621,10.457,-10.351,-186.453,16.164,0.095,-0.263,-10.351,0.000000,0.000000,0.00,0,0
649,8143084,-2.378,0.869,-9.912,3.483,11.464,-10.290,-186.352,16.043,0.089,-0.242,-10.290,0.000000,0.000000,0.00,0,0
650,8153086,-2.135,0.775,-9.713,5.436,11.677,-9.985,-186.206,15.849,0.079,-0.218,-9.985,0.000000,0.000000,0.00,0,0
651,8163081,-1.944,0.575,-9.506,6.809,10.426,-9.497,-185.973,15.595,0.059,-0.198,-9.497,0.000000,0.000000,0.00,0,0
652,8173138,-1.889,0.421,-9.422,6.870,8.198,-9.130,-185.687,15.323,0.043,-0.193,-9.130,0.000000,0.000000,0.00,0,0
653,8183080,-1.896,0.317,-9.430,5.955,5.787,-8.825,-185.382,15.053,0.032,-0.193,-8.825,0.000000,0.000000,0.00,0,0
654,8193087,-1.989,0.295,-9.463,4.643,3.590,-8.886,-185.102,14.822,0.030,-0.203,-8.886,0.000000,0.000000,0.00,0,0
655,8203085,-2.099,0.397,-9.506,3.575,1.881,-8.825,-184.900,14.637,0.040,-0.214,-8.825,0.000000,0.000000,0.00,0,0
656,8213090,-2.185,0.457,-9.557,2.476,0.691,-7.879,-184.750,14.488,0.047,-0.223,-7.879,0.000000,0.000000,0.00,0,0
657,8223080,-2.242,0.459,-9.521,1.957,0.172,-6.414,-184.619,14.374,0.047,-0.229,-6.414,0.000000,0.000000,0.00,0,0
658,8233087,-2.249,0.426,-9.427,1.377,-0.225,-4.797,-184.489,14.279,0.043,-0.229,-4.797,0.000000,0.000000,0.00,0,0
659,8243080,-2.271,0.375,-9.285,0.309,-0.743,-3.118,-184.357,14.211,0.038,-0.232,-3.118,0.000000,0.000000,0.00,0,0
660,8253090,-2.330,0.298,-9.185,-0.789,-1.293,-1.837,-184.211,14.182,0.030,-0.238,-1.837,0.000000,0.000000,0.00,0,0
661,8263080,-2.476,0.269,-9.211,-2.193,-1.628,-1.226,-184.074,14.215,0.027,-0.252,-1.226,0.000000,0.000000,0.00,0,0
662,8273090,-2.635,0.349,-9.305,-3.567,-1.293,-0.768,-183.997,14.307,0.036,-0.269,-0.768,0.000000,0.000000,0.00,0,0
663,8283079,-2.781,0.491,-9.415,-4.452,-0.255,-0.189,-183.998,14.451,0.050,-0.284,-0.189,0.000000,0.000000,0.00,0,0
664,8293090,-2.848,0.597,-9.439,-4.726,1.576,0.666,-184.051,14.626,0.061,-0.290,0.666,0.000000,0.000000,0.00,0,0
665,8303079,-2.852,0.650,-9.348,-4.421,3.285,1.642,-184.125,14.817,0.066,-0.291,1.642,0.000000,0.000000,0.00,0,0
666,8313088,-2.838,0.674,-9.326,-3.719,4.323,2.924,-184.199,14.999,0.069,-0.289,2.924,0.000000,0.000000,0.00,0,0
667,8323086,-2.845,0.676,-9.401,-3.139,5.116,4.511,-184.260,15.169,0.069,-0.290,4.511,0.000000,0.000000,0.00,0,0
668,8333084,-2.852,0.633,-9.415,-2.895,5.726,5.732,-184.294,15.332,0.065,-0.291,5.732,0.000000,0.000000,0.00,0,0
669,8343082,-2.869,0.614,-9.444,-2.621,5.848,6.525,-184.312,15.488,0.063,-0.293,6.525,0.000000,0.000000,0.00,0,0
670,8357236,-2.876,0.652,-9.557,-2.590,6.123,7.013,-184.368,15.641,0.067,-0.293,7.013,0.000000,0.000000,0.00,0,0
671,8363082,-2.900,0.717,-9.679,-2.590,6.703,7.044,-184.420,15.765,0.073,-0.296,7.044,0.000000,0.000000,0.00,0,0
672,8373092,-2.876,0.756,-9.708,-2.315,7.344,7.136,-184.482,15.871,0.077,-0.293,7.136,0.000000,0.000000,0.00,0,0
673,8383082,-2.798,0.746,-9.662,-2.193,7.435,7.288,-184.536,15.941,0.076,-0.285,7.288,0.000000,0.000000,0.00,0,0
674,8393092,-2.728,0.739,-9.629,-2.285,6.917,7.349,-184.584,15.975,0.075,-0.278,7.349,0.000000,0.000000,0.00,0,0
675,8403085,-2.683,0.739,-9.571,-2.712,5.604,7.441,-184.634,15.982,0.075,-0.274,7.441,0.000000,0.000000,0.00,0,0
676,8413086,-2.626,0.715,-9.482,-3.231,4.078,7.319,-184.677,15.961,0.073,-0.268,7.319,0.000000,0.000000,0.00,0,0
677,8423088,-2.602,0.688,-9.420,-3.933,2.095,6.800,-184.713,15.920,0.070,-0.265,6.800,0.000000,0.000000,0.00,0,0
678,8433085,-2.654,0.737,-9.418,-4.574,0.233,5.945,-184.775,15.888,0.075,-0.271,5.945,0.000000,0.000000,0.00,0,0
679,8443088,-2.724,0.828,-9.391,-4.726,-1.293,5.305,-184.877,15.877,0.084,-0.278,5.305,0.000000,0.000000,0.00,0,0
680,8453094,-2.795,0.949,-9.406,-4.940,-2.574,5.396,-185.030,15.883,0.097,-0.285,5.396,0.000000,0.000000,0.00,0,0
681,8463089,-2.907,1.024,-9.482,-4.879,-3.276,6.128,-185.201,15.919,0.104,-0.296,6.128,0.000000,0.000000,0.00,0,0
682,8473100,-3.010,1.033,-9.658,-5.062,-3.002,7.349,-185.357,15.976,0.105,-0.307,7.349,0.000000,0.000000,0.00,0,0
683,8483104,-3.036,0.966,-9.742,-5.886,-1.781,8.448,-185.474,16.040,0.098,-0.310,8.448,0.000000,0.000000,0.00,0,0
684,8493094,-2.983,0.949,-9.694,-6.740,-0.194,9.089,-185.583,16.099,0.097,-0.304,9.089,0.000000,0.000000,0.00,0,0
685,8503095,-2.907,1.048,-9.653,-7.473,1.057,9.638,-185.738,16.137,0.107,-0.296,9.638,0.000000,0.000000,0.00,0,0
686,8513096,-2.769,1.101,-9.612,-7.625,2.003,9.882,-185.909,16.127,0.112,-0.282,9.882,0.000000,0.000000,0.00,0,0
687,8523087,-2.657,1.127,-9.480,-7.473,2.217,10.401,-186.084,16.086,0.115,-0.271,10.401,0.000000,0.000000,0.00,0,0
688,8533097,-2.588,1.057,-9.449,-7.564,1.454,10.920,-186.216,16.017,0.108,-0.264,10.920,0.000000,0.000000,0.00,0,0
689,8543096,-2.578,0.946,-9.480,-7.992,0.416,10.767,-186.289,15.937,0.097,-0.263,10.767,0.000000,0.000000,0.00,0,0
690,8553095,-2.643,0.920,-9.502,-9.212,-0.286,9.821,-186.354,15.882,0.094,-0.269,9.821,0.000000,0.000000,0.00,0,0
691,8563098,-2.707,0.963,-9.535,-10.555,-0.347,7.898,-186.445,15.854,0.098,-0.276,7.898,0.000000,0.000000,0.00,0,0
692,8573103,-2.809,1.067,-9.684,-10.799,0.081,5.427,-186.571,15.856,0.109,-0.286,5.427,0.000000,0.000000,0.00,0,0
693,8583090,-2.857,1.282,-9.835,-9.945,1.210,3.168,-186.767,15.868,0.131,-0.291,3.168,0.000000,0.000000,0.00,0,0
694,8593099,-2.879,1.486,-9.965,-7.809,3.071,1.917,-187.011,15.886,0.152,-0.294,1.917,0.000000,0.000000,0.00,0,0
695,8603091,-2.788,1.539,-9.999,-4.726,5.177,1.459,-187.228,15.880,0.157,-0.284,1.459,0.000000,0.000000,0.00,0,0
696,8613102,-2.616,1.436,-9.931,-1.369,6.795,1.276,-187.357,15.828,0.146,-0.267,1.276,0.000000,0.000000,0.00,0,0
697,8623093,-2.392,1.255,-9.737,1.591,7.496,0.635,-187.381,15.716,0.128,-0.244,0.635,0.000000,0.000000,0.00,0,0
698,8633100,-2.170,1.057,-9.576,3.544,6.672,-0.250,-187.304,15.527,0.108,-0.221,-0.250,0.000000,0.000000,0.00,0,0
699,8658045,-1.944,0.744,-9.113,5.711,1.057,-3.088,-187.044,15.208,0.076,-0.198,-3.088,0.000000,0.000000,0.00,0,0
700,8659431,-1.944,0.744,-9.113,5.711,1.057,-3.088,-186.813,14.915,0.076,-0.198,-3.088,0.000000,0.000000,0.00,0,0
701,8663093,-1.980,0.679,-9.088,5.436,-3.215,-4.370,-186.583,14.639,0.069,-0.202,-4.370,0.000000,0.000000,0.00,0,0
702,8673151,-2.113,0.744,-9.069,4.795,-7.335,-4.888,-186.416,14.421,0.076,-0.215,-4.888,0.000000,0.000000,0.00,0,0
703,8683091,-2.380,0.729,-9.103,3.697,-10.723,-4.492,-186.267,14.320,0.074,-0.243,-4.492,0.000000,0.000000,0.00,0,0
704,8693094,-2.681,0.749,-9.252,2.262,-12.340,-3.820,-186.148,14.337,0.076,-0.273,-3.820,0.000000,0.000000,0.00,0,0
705,8703089,-2.979,0.886,-9.487,1.011,-11.791,-2.874,-186.110,14.458,0.090,-0.304,-2.874,0.000000,0.000000,0.00,0,0
706,8713094,-3.200,1.057,-9.689,0.553,-9.288,-1.104,-186.151,14.657,0.108,-0.326,-1.104,0.000000,0.000000,0.00,0,0
707,8723087,-3.303,1.200,-9.823,0.309,-5.260,1.490,-186.251,14.898,0.122,-0.337,1.490,0.000000,0.000000,0.00,0,0
708,8733092,-3.286,1.149,-9.876,0.065,-0.621,4.236,-186.319,15.147,0.117,-0.335,4.236,0.000000,0.000000,0.00,0,0
709,8743097,-3.148,1.026,-9.857,-0.088,3.804,6.708,-186.327,15.363,0.105,-0.321,6.708,0.000000,0.000000,0.00,0,0
710,8753103,-2.917,0.946,-9.766,-0.789,7.039,7.960,-186.309,15.506,0.097,-0.297,7.960,0.000000,0.000000,0.00,0,0
711,8763090,-2.659,0.922,-9.638,-1.522,8.442,8.509,-186.294,15.556,0.094,-0.271,8.509,0.000000,0.000000,0.00,0,0
712,8773095,-2.418,0.903,-9.449,-2.285,8.046,8.722,-186.287,15.515,0.092,-0.247,8.722,0.000000,0.000000,0.00,0,0
713,8783083,-2.297,0.860,-9.362,-2.926,5.940,8.417,-186.269,15.413,0.088,-0.234,8.417,0.000000,0.000000,0.00,0,0
714,8793091,-2.285,0.884,-9.427,-3.750,3.071,7.624,-186.269,15.280,0.090,-0.233,7.624,0.000000,0.000000,0.00,0,0
715,8803080,-2.361,1.106,-9.521,-3.811,0.752,6.281,-186.369,15.158,0.113,-0.241,6.281,0.000000,0.000000,0.00,0,0
716,8813088,-2.464,1.214,-9.636,-2.376,-0.865,5.060,-186.492,15.061,0.124,-0.251,5.060,0.000000,0.000000,0.00,0,0
717,8823080,-2.521,1.318,-9.660,-0.789,-1.720,3.962,-186.636,14.984,0.134,-0.257,3.962,0.000000,0.000000,0.00,0,0
718,8833084,-2.485,1.351,-9.552,0.828,-2.117,3.260,-186.776,14.906,0.138,-0.253,3.260,0.000000,0.000000,0.00,0,0
719,8843083,-2.485,1.190,-9.499,2.354,-2.635,2.711,-186.820,14.837,0.121,-0.253,2.711,0.000000,0.000000,0.00,0,0
720,8853090,-2.561,1.067,-9.394,2.476,-3.215,1.642,-186.808,14.815,0.109,-0.261,1.642,0.000000,0.000000,0.00,0,0
721,8863080,-2.676,1.171,-9.312,2.445,-4.039,0.239,-186.851,14.847,0.119,-0.273,0.239,0.000000,0.000000,0.00,0,0
722,8873087,-2.821,1.171,-9.521,2.201,-4.436,-0.768,-186.880,14.908,0.119,-0.288,-0.768,0.000000,0.000000,0.00,0,0
723,8883085,-2.952,1.067,-9.706,1.377,-3.185,-1.409,-186.858,15.011,0.109,-0.301,-1.409,0.000000,0.000000,0.00,0,0
724,8893090,-3.024,1.014,-9.754,-0.149,-1.171,-2.203,-186.825,15.148,0.103,-0.308,-2.203,0.000000,0.000000,0.00,0,0
725,8903080,-2.986,1.067,-9.679,-1.583,0.905,-2.996,-186.836,15.288,0.109,-0.304,-2.996,0.000000,0.000000,0.00,0,0
726,8913084,-2.867,1.200,-9.528,-2.071,2.339,-3.698,-186.918,15.396,0.122,-0.292,-3.698,0.000000,0.000000,0.00,0,0
727,8923085,-2.776,1.253,-9.530,-1.797,2.980,-3.881,-187.016,15.463,0.128,-0.283,-3.881,0.000000,0.000000,0.00,0,0
728,8933084,-2.764,1.306,-9.523,-0.667,3.163,-4.095,-187.121,15.521,0.133,-0.282,-4.095,0.000000,0.000000,0.00,0,0
729,8943083,-2.750,1.424,-9.559,1.957,2.766,-3.973,-187.245,15.559,0.145,-0.280,-3.973,0.000000,0.000000,0.00,0,0
730,8953090,-2.752,1.364,-9.708,5.161,2.278,-3.637,-187.293,15.573,0.139,-0.281,-3.637,0.000000,0.000000,0.00,0,0
731,8963085,-2.733,1.269,-9.828,7.755,2.125,-3.210,-187.264,15.565,0.129,-0.279,-3.210,0.000000,0.000000,0.00,0,0
732,8973090,-2.674,1.074,-9.927,9.037,2.217,-2.783,-187.134,15.525,0.110,-0.273,-2.783,0.000000,0.000000,0.00,0,0
733,8983087,-2.585,0.836,-9.912,9.037,2.431,-3.118,-186.909,15.458,0.085,-0.264,-3.118,0.000000,0.000000,0.00,0,0
734,8993084,-2.418,0.635,-9.799,7.603,2.308,-4.186,-186.629,15.338,0.065,-0.247,-4.186,0.000000,0.000000,0.00,0,0
735,9004909,-2.249,0.638,-9.658,6.138,1.515,-5.834,-186.383,15.159,0.065,-0.229,-5.834,0.000000,0.000000,0.00,0,0
736,9013083,-2.139,0.732,-9.516,5.253,-0.225,-7.299,-186.216,14.943,0.075,-0.218,-7.299,0.000000,0.000000,0.00,0,0
737,9023084,-2.087,0.840,-9.410,5.070,-2.513,-7.971,-186.119,14.709,0.086,-0.213,-7.971,0.000000,0.000000,0.00,0,0
738,9033089,-2.127,0.925,-9.345,5.711,-5.199,-7.482,-186.067,14.493,0.094,-0.217,-7.482,0.000000,0.000000,0.00,0,0
739,9043086,-2.263,0.855,-9.350,5.619,-7.396,-5.834,-185.986,14.335,0.087,-0.231,-5.834,0.000000,0.000000,0.00,0,0
740,9053083,-2.383,0.686,-9.331,4.124,-8.861,-3.973,-185.845,14.232,0.070,-0.243,-3.973,0.000000,0.000000,0.00,0,0
741,9063084,-2.533,0.551,-9.283,1.164,-9.502,-2.386,-185.681,14.205,0.056,-0.258,-2.386,0.000000,0.000000,0.00,0,0
742,9073089,-2.702,0.525,-9.228,-3.048,-9.349,-1.440,-185.557,14.264,0.053,-0.276,-1.440,0.000000,0.000000,0.00,0,0
743,9083081,-2.848,0.614,-9.240,-7.229,-8.495,-0.952,-185.523,14.389,0.063,-0.290,-0.952,0.000000,0.000000,0.00,0,0
744,9093090,-3.026,0.831,-9.355,-10.708,-6.633,-0.616,-185.622,14.580,0.085,-0.309,-0.616,0.000000,0.000000,0.00,0,0
745,9103081,-3.098,1.115,-9.504,-12.752,-3.765,-0.128,-185.858,14.789,0.114,-0.316,-0.128,0.000000,0.000000,0.00,0,0
746,9113088,-3.134,1.277,-9.550,-12.813,-0.194,0.574,-186.148,15.021,0.130,-0.320,0.574,0.000000,0.000000,0.00,0,0
747,9123081,-3.043,1.359,-9.516,-11.410,3.132,1.124,-186.442,15.232,0.139,-0.310,1.124,0.000000,0.000000,0.00,0,0
748,9133089,-2.879,1.402,-9.386,-8.968,5.330,1.490,-186.720,15.393,0.143,-0.294,1.490,0.000000,0.000000,0.00,0,0
749,9143086,-2.714,1.315,-9.408,-6.771,6.215,1.703,-186.914,15.478,0.134,-0.277,1.703,0.000000,0.000000,0.00,0,0
750,9153083,-2.585,1.214,-9.345,-5.092,6.154,1.642,-187.035,15.509,0.124,-0.264,1.642,0.000000,0.000000,0.00,0,0
751,9163084,-2.483,1.096,-9.317,-4.055,5.025,1.215,-187.083,15.487,0.112,-0.253,1.215,0.000000,0.000000,0.00,0,0
752,9173146,-2.430,0.975,-9.302,-3.902,3.407,0.208,-187.071,15.432,0.099,-0.248,0.208,0.000000,0.000000,0.00,0,0
753,9183085,-2.445,0.995,-9.355,-4.268,1.607,-1.379,-187.069,15.365,0.101,-0.249,-1.379,0.000000,0.000000,0.00,0,0
754,9193084,-2.533,1.175,-9.463,-4.268,0.172,-2.477,-187.145,15.313,0.120,-0.258,-2.477,0.000000,0.000000,0.00,0,0
755,9203083,-2.626,1.344,-9.662,-3.475,-0.530,-2.813,-187.273,15.274,0.137,-0.268,-2.813,0.000000,0.000000,0.00,0,0
756,9213090,-2.654,1.385,-9.780,-1.980,-0.133,-2.508,-187.388,15.239,0.141,-0.271,-2.508,0.000000,0.000000,0.00,0,0
757,9223079,-2.585,1.282,-9.735,-0.332,0.874,-2.264,-187.436,15.194,0.131,-0.264,-2.264,0.000000,0.000000,0.00,0,0
758,9233084,-2.483,1.091,-9.509,0.675,1.240,-2.447,-187.397,15.140,0.111,-0.253,-2.447,0.000000,0.000000,0.00,0,0
759,9243083,-2.392,1.045,-9.355,1.530,0.630,-3.271,-187.340,15.062,0.107,-0.244,-3.271,0.000000,0.000000,0.00,0,0
760,9253090,-2.433,1.055,-9.398,2.079,-0.438,-4.125,-187.285,14.993,0.108,-0.248,-4.125,0.000000,0.000000,0.00,0,0
761,9263080,-2.507,1.031,-9.538,1.988,-1.079,-4.461,-187.216,14.940,0.105,-0.256,-4.461,0.000000,0.000000,0.00,0,0
762,9273088,-2.604,1.004,-9.526,1.408,-1.201,-4.339,-187.146,14.934,0.102,-0.266,-4.339,0.000000,0.000000,0.00,0,0
763,9283080,-2.671,0.958,-9.535,0.919,-0.713,-4.034,-187.065,14.962,0.098,-0.272,-4.034,0.000000,0.000000,0.00,0,0
764,9293088,-2.781,0.930,-9.665,-0.240,0.172,-3.729,-186.981,15.026,0.095,-0.284,-3.729,0.000000,0.000000,0.00,0,0
765,9303080,-2.826,1.007,-9.742,-1.034,1.668,-3.393,-186.942,15.109,0.103,-0.288,-3.393,0.000000,0.000000,0.00,0,0
766,9313090,-2.833,1.057,-9.730,-1.034,3.407,-2.996,-186.930,15.205,0.108,-0.289,-2.996,0.000000,0.000000,0.00,0,0
767,9323080,-2.759,1.065,-9.713,-0.759,4.872,-2.172,-186.920,15.278,0.109,-0.281,-2.172,0.000000,0.000000,0.00,0,0
768,9333090,-2.583,0.980,-9.600,-0.393,5.757,-1.226,-186.875,15.293,0.100,-0.263,-1.226,0.000000,0.000000,0.00,0,0
769,9343080,-2.423,0.838,-9.401,-0.454,5.208,-0.738,-186.776,15.257,0.085,-0.247,-0.738,0.000000,0.000000,0.00,0,0
770,9354872,-2.373,0.739,-9.285,-1.003,3.621,-1.074,-186.654,15.203,0.075,-0.242,-1.074,0.000000,0.000000,0.00,0,0
771,9363088,-2.478,0.763,-9.309,-1.400,1.729,-2.111,-186.548,15.176,0.078,-0.253,-2.111,0.000000,0.000000,0.00,0,0
772,9373085,-2.678,0.881,-9.485,-1.675,0.172,-3.088,-186.501,15.204,0.090,-0.273,-3.088,0.000000,0.000000,0.00,0,0
773,9383085,-2.881,1.038,-9.778,-1.675,0.355,-3.454,-186.517,15.279,0.106,-0.294,-3.454,0.000000,0.000000,0.00,0,0
774,9393085,-2.945,1.209,-9.992,-0.759,2.095,-2.661,-186.588,15.363,0.123,-0.300,-2.661,0.000000,0.000000,0.00,0,0
775,9403082,-2.888,1.269,-9.977,0.431,4.445,-1.104,-186.670,15.440,0.129,-0.295,-1.104,0.000000,0.000000,0.00,0,0
776,9413091,-2.709,1.134,-9.922,1.560,6.459,0.605,-186.678,15.464,0.116,-0.276,0.605,0.000000,0.000000,0.00,0,0
777,9423086,-2.461,0.963,-9.852,1.835,7.741,1.978,-186.611,15.404,0.098,-0.251,1.978,0.000000,0.000000,0.00,0,0
778,9433088,-2.259,0.807,-9.665,1.469,7.863,2.009,-186.489,15.283,0.082,-0.230,2.009,0.000000,0.000000,0.00,0,0
779,9443082,-2.101,0.782,-9.624,0.614,6.459,1.337,-186.375,15.095,0.080,-0.214,1.337,0.000000,0.000000,0.00,0,0
780,9453094,-2.039,0.889,-9.619,-0.057,4.445,0.666,-186.325,14.874,0.091,-0.208,0.666,0.000000,0.000000,0.00,0,0
781,9463092,-2.037,0.997,-9.566,-0.118,2.217,0.391,-186.330,14.653,0.102,-0.208,0.391,0.000000,0.000000,0.00,0,0
782,9473108,-2.063,1.026,-9.547,0.157,-0.041,0.605,-186.348,14.441,0.105,-0.210,0.605,0.000000,0.000000,0.00,0,0
783,9483095,-2.151,1.004,-9.502,0.858,-1.934,0.849,-186.349,14.271,0.102,-0.219,0.849,0.000000,0.000000,0.00,0,0
784,9493100,-2.254,0.942,-9.418,1.682,-3.520,1.154,-186.318,14.154,0.096,-0.230,1.154,0.000000,0.000000,0.00,0,0
785,9503095,-2.409,0.901,-9.401,2.079,-4.833,1.276,-186.267,14.104,0.092,-0.246,1.276,0.000000,0.000000,0.00,0,0
786,9513104,-2.569,0.905,-9.482,1.774,-4.985,1.337,-186.222,14.118,0.092,-0.262,1.337,0.000000,0.000000,0.00,0,0
787,9523091,-2.695,0.889,-9.427,1.438,-4.100,1.520,-186.177,14.200,0.091,-0.275,1.520,0.000000,0.000000,0.00,0,0
788,9533091,-2.771,0.917,-9.389,1.194,-2.849,1.703,-186.154,14.325,0.094,-0.283,1.703,0.000000,0.000000,0.00,0,0
789,9543093,-2.809,0.917,-9.446,0.523,-1.232,2.131,-186.135,14.464,0.094,-0.286,2.131,0.000000,0.000000,0.00,0,0
790,9553099,-2.838,0.920,-9.403,-0.454,0.660,3.046,-186.131,14.628,0.094,-0.289,3.046,0.000000,0.000000,0.00,0,0
791,9563131,-2.836,0.997,-9.331,-0.851,2.095,3.901,-186.169,14.800,0.102,-0.289,3.901,0.000000,0.000000,0.00,0,0
792,9573097,-2.793,0.992,-9.432,-1.308,3.132,4.908,-186.202,14.937,0.101,-0.285,4.908,0.000000,0.000000,0.00,0,0
793,9583096,-2.771,0.978,-9.406,-2.102,4.078,5.915,-186.234,15.067,0.100,-0.283,5.915,0.000000,0.000000,0.00,0,0
794,9593103,-2.726,0.961,-9.362,-3.170,4.384,6.678,-186.268,15.176,0.098,-0.278,6.678,0.000000,0.000000,0.00,0,0
795,9603088,-2.731,0.975,-9.360,-4.207,4.201,6.891,-186.315,15.277,0.099,-0.278,6.891,0.000000,0.000000,0.00,0,0
796,9613094,-2.767,1.016,-9.490,-5.276,4.048,6.647,-186.381,15.367,0.104,-0.282,6.647,0.000000,0.000000,0.00,0,0
797,9623091,-2.821,1.120,-9.636,-6.100,4.445,6.190,-186.490,15.459,0.114,-0.288,6.190,0.000000,0.000000,0.00,0,0
798,9633101,-2.812,1.260,-9.629,-6.191,5.025,5.518,-186.655,15.543,0.128,-0.287,5.518,0.000000,0.000000,0.00,0,0
799,9655410,-2.728,1.376,-9.679,-4.238,5.421,4.450,-186.935,15.624,0.140,-0.278,4.450,0.000000,0.000000,0.00,0,0
800,9656826,-2.728,1.376,-9.679,-4.238,5.421,4.450,-187.131,15.669,0.140,-0.278,4.450,0.000000,0.000000,0.00,0,0
801,9663091,-2.654,1.335,-9.682,-2.987,5.269,3.596,-187.252,15.663,0.136,-0.271,3.596,0.000000,0.000000,0.00,0,0
802,9673145,-2.643,1.310,-9.737,-1.644,4.902,2.314,-187.335,15.642,0.134,-0.269,2.314,0.000000,0.000000,0.00,0,0
803,9683091,-2.612,1.320,-9.747,-0.271,4.262,1.063,-187.401,15.603,0.135,-0.266,1.063,0.000000,0.000000,0.00,0,0
804,9693112,-2.619,1.282,-9.799,1.011,3.438,-0.036,-187.430,15.557,0.131,-0.267,-0.036,0.000000,0.000000,0.00,0,0
805,9703089,-2.666,1.265,-9.941,1.743,2.888,-1.104,-187.432,15.516,0.129,-0.272,-1.104,0.000000,0.000000,0.00,0,0
806,9713100,-2.659,1.209,-9.948,2.018,2.736,-1.959,-187.407,15.473,0.123,-0.271,-1.959,0.000000,0.000000,0.00,0,0
807,9723093,-2.581,1.204,-9.888,2.201,2.553,-2.722,-187.383,15.405,0.123,-0.263,-2.722,0.000000,0.000000,0.00,0,0
808,9733093,-2.461,1.147,-9.819,2.476,1.912,-3.393,-187.337,15.294,0.117,-0.251,-3.393,0.000000,0.000000,0.00,0,0
809,9743101,-2.387,1.067,-9.787,2.720,0.752,-4.034,-187.257,15.154,0.109,-0.243,-4.034,0.000000,0.000000,0.00,0,0
810,9753099,-2.318,1.081,-9.718,2.659,-0.377,-4.949,-187.194,14.992,0.110,-0.236,-4.949,0.000000,0.000000,0.00,0,0
811,9763093,-2.247,1.132,-9.641,2.781,-2.025,-5.407,-187.163,14.804,0.115,-0.229,-5.407,0.000000,0.000000,0.00,0,0
812,9773095,-2.218,1.079,-9.497,3.086,-3.917,-5.346,-187.114,14.615,0.110,-0.226,-5.346,0.000000,0.000000,0.00,0,0
813,9783083,-2.197,1.004,-9.386,3.025,-5.931,-5.133,-187.041,14.426,0.102,-0.224,-5.133,0.000000,0.000000,0.00,0,0
814,9793090,-2.244,0.949,-9.259,2.598,-7.793,-5.102,-186.957,14.270,0.097,-0.229,-5.102,0.000000,0.000000,0.00,0,0
815,9803080,-2.378,0.930,-9.218,1.713,-9.105,-5.071,-186.881,14.179,0.095,-0.242,-5.071,0.000000,0.000000,0.00,0,0
816,9813088,-2.564,1.040,-9.300,0.828,-9.319,-4.827,-186.867,14.165,0.106,-0.261,-4.827,0.000000,0.000000,0.00,0,0
817,9823080,-2.738,1.156,-9.324,0.492,-8.312,-4.095,-186.911,14.234,0.118,-0.279,-4.095,0.000000,0.000000,0.00,0,0
818,9833090,-2.869,1.197,-9.514,0.126,-6.053,-2.569,-186.963,14.349,0.122,-0.293,-2.569,0.000000,0.000000,0.00,0,0
819,9843080,-2.907,1.190,-9.631,-0.149,-2.605,-0.982,-187.003,14.490,0.121,-0.296,-0.982,0.000000,0.000000,0.00,0,0
820,9853090,-2.824,1.224,-9.533,0.065,1.027,0.269,-187.060,14.629,0.125,-0.288,0.269,0.000000,0.000000,0.00,0,0
821,9863080,-2.674,1.069,-9.478,0.157,3.743,1.398,-187.043,14.728,0.109,-0.273,1.398,0.000000,0.000000,0.00,0,0
822,9873090,-2.569,0.958,-9.353,-0.698,5.543,1.795,-186.990,14.806,0.098,-0.262,1.795,0.000000,0.000000,0.00,0,0
823,9883080,-2.571,0.857,-9.458,-2.071,6.184,1.429,-186.902,14.874,0.087,-0.262,1.429,0.000000,0.000000,0.00,0,0
824,9893087,-2.552,0.867,-9.619,-3.811,6.367,0.727,-186.834,14.912,0.088,-0.260,0.727,0.000000,0.000000,0.00,0,0
825,9903085,-2.526,1.031,-9.670,-4.513,6.795,-0.311,-186.850,14.932,0.105,-0.258,-0.311,0.000000,0.000000,0.00,0,0
826,9913084,-2.526,1.166,-9.768,-4.146,6.764,-1.043,-186.917,14.937,0.119,-0.258,-1.043,0.000000,0.000000,0.00,0,0
827,9923083,-2.485,1.349,-9.874,-2.804,6.550,-1.074,-187.042,14.910,0.138,-0.253,-1.074,0.000000,0.000000,0.00,0,0
828,9933090,-2.457,1.368,-9.931,-0.515,6.123,-0.189,-187.141,14.863,0.140,-0.250,-0.189,0.000000,0.000000,0.00,0,0
829,9943080,-2.342,1.241,-9.994,1.805,5.452,0.788,-187.152,14.760,0.127,-0.239,0.788,0.000000,0.000000,0.00,0,0
830,9953090,-2.230,1.084,-9.970,3.758,4.719,1.154,-187.076,14.616,0.111,-0.227,1.154,0.000000,0.000000,0.00,0,0
831,9963080,-2.163,0.973,-9.876,5.100,3.224,0.788,-186.950,14.451,0.099,-0.221,0.788,0.000000,0.000000,0.00,0,0
832,9973084,-2.132,0.920,-9.850,6.046,1.301,-0.128,-186.802,14.270,0.094,-0.217,-0.128,0.000000,0.000000,0.00,0,0
833,9983083,-2.139,0.831,-9.852,6.443,-0.774,-1.104,-186.621,14.088,0.085,-0.218,-1.104,0.000000,0.000000,0.00,0,0
834,9993090,-2.163,0.850,-9.790,6.657,-2.605,-2.233,-186.464,13.918,0.087,-0.221,-2.233,0.000000,0.000000,0.00,0,0
835,10004975,-2.206,0.896,-9.821,7.176,-4.405,-2.661,-186.325,13.748,0.091,-0.225,-2.661,0.000000,0.000000,0.00,0,0
836,10013087,-2.237,0.867,-9.768,7.359,-5.779,-2.142,-186.191,13.608,0.088,-0.228,-2.142,0.000000,0.000000,0.00,0,0
837,10023081,-2.249,0.785,-9.670,7.115,-6.847,-1.196,-186.036,13.484,0.080,-0.229,-1.196,0.000000,0.000000,0.00,0,0
838,10033089,-2.292,0.693,-9.562,6.718,-7.701,-0.219,-185.859,13.393,0.071,-0.234,-0.219,0.000000,0.000000,0.00,0,0
839,10043081,-2.364,0.652,-9.466,5.741,-8.037,0.391,-185.688,13.348,0.067,-0.241,0.391,0.000000,0.000000,0.00,0,0
840,10053089,-2.466,0.686,-9.396,4.154,-8.098,1.093,-185.564,13.359,0.070,-0.251,1.093,0.000000,0.000000,0.00,0,0
841,10063081,-2.535,0.708,-9.355,2.354,-7.854,2.039,-185.477,13.406,0.072,-0.259,2.039,0.000000,0.000000,0.00,0,0
842,10073083,-2.609,0.746,-9.343,0.309,-6.908,2.772,-185.435,13.492,0.076,-0.266,2.772,0.000000,0.000000,0.00,0,0
843,10083084,-2.666,0.819,-9.293,-1.339,-5.321,3.321,-185.447,13.617,0.083,-0.272,3.321,0.000000,0.000000,0.00,0,0
844,10093089,-2.721,0.905,-9.218,-2.560,-3.612,3.779,-185.514,13.780,0.092,-0.277,3.779,0.000000,0.000000,0.00,0,0
845,10103081,-2.767,1.057,-9.237,-3.231,-1.995,4.511,-185.653,13.961,0.108,-0.282,4.511,0.000000,0.000000,0.00,0,0
846,10113087,-2.833,1.214,-9.350,-3.414,-0.011,5.549,-185.850,14.159,0.124,-0.289,5.549,0.000000,0.000000,0.00,0,0
847,10123081,-2.871,1.279,-9.470,-3.200,2.278,6.739,-186.053,14.363,0.130,-0.293,6.739,0.000000,0.000000,0.00,0,0
848,10133089,-2.838,1.253,-9.559,-3.048,4.658,7.715,-186.221,14.548,0.128,-0.289,7.715,0.000000,0.000000,0.00,0,0
849,10143081,-2.719,1.204,-9.482,-3.017,6.764,7.746,-186.359,14.698,0.123,-0.277,7.746,0.000000,0.000000,0.00,0,0
850,10153089,-2.564,1.178,-9.381,-2.956,7.832,6.739,-186.479,14.791,0.120,-0.261,6.739,0.000000,0.000000,0.00,0,0
851,10163081,-2.435,1.204,-9.331,-2.590,7.557,5.060,-186.602,14.824,0.123,-0.248,5.060,0.000000,0.000000,0.00,0,0
852,10173146,-2.390,1.315,-9.336,-1.888,6.215,3.412,-186.760,14.820,0.134,-0.244,3.412,0.000000,0.000000,0.00,0,0
853,10183079,-2.399,1.429,-9.502,-0.606,4.597,2.405,-186.936,14.786,0.146,-0.245,2.405,0.000000,0.000000,0.00,0,0
854,10193087,-2.442,1.479,-9.612,0.736,3.254,2.222,-187.100,14.747,0.151,-0.249,2.222,0.000000,0.000000,0.00,0,0
855,10203086,-2.488,1.368,-9.641,1.469,2.125,2.314,-187.194,14.719,0.140,-0.254,2.314,0.000000,0.000000,0.00,0,0
856,10213084,-2.535,1.238,-9.672,1.682,1.271,2.161,-187.218,14.705,0.126,-0.259,2.161,0.000000,0.000000,0.00,0,0
857,10223083,-2.561,1.175,-9.703,0.919,0.752,1.337,-187.218,14.695,0.120,-0.261,1.337,0.000000,0.000000,0.00,0,0
858,10233090,-2.559,1.159,-9.662,-0.179,0.447,-0.128,-187.222,14.686,0.118,-0.261,-0.128,0.000000,0.000000,0.00,0,0
859,10243080,-2.576,1.197,-9.626,-1.278,0.050,-1.745,-187.255,14.686,0.122,-0.263,-1.745,0.000000,0.000000,0.00,0,0
860,10253090,-2.626,1.277,-9.667,-1.980,-0.408,-3.057,-187.326,14.696,0.130,-0.268,-3.057,0.000000,0.000000,0.00,0,0
861,10263080,-2.595,1.359,-9.643,-2.163,-0.438,-3.851,-187.432,14.694,0.139,-0.265,-3.851,0.000000,0.000000,0.00,0,0
862,10273090,-2.571,1.335,-9.540,-1.949,-0.652,-4.339,-187.522,14.692,0.136,-0.262,-4.339,0.000000,0.000000,0.00,0,0
863,10283080,-2.571,1.236,-9.463,-1.766,-1.445,-4.858,-187.564,14.693,0.126,-0.262,-4.858,0.000000,0.000000,0.00,0,0
864,10293090,-2.652,1.233,-9.490,-1.552,-2.178,-5.438,-187.598,14.719,0.126,-0.270,-5.438,0.000000,0.000000,0.00,0,0
865,10303080,-2.752,1.279,-9.650,-1.278,-2.178,-5.987,-187.638,14.766,0.130,-0.281,-5.987,0.000000,0.000000,0.00,0,0
866,10313090,-2.814,1.301,-9.821,-0.973,-1.140,-6.353,-187.672,14.825,0.133,-0.287,-6.353,0.000000,0.000000,0.00,0,0
867,10323080,-2.721,1.310,-9.778,-0.637,0.569,-6.597,-187.707,14.861,0.134,-0.277,-6.597,0.000000,0.000000,0.00,0,0
868,10333084,-2.530,1.233,-9.634,-0.088,1.759,-6.628,-187.708,14.842,0.126,-0.258,-6.628,0.000000,0.000000,0.00,0,0
869,10343083,-2.349,1.093,-9.478,0.187,1.637,-6.811,-187.651,14.765,0.112,-0.240,-6.811,0.000000,0.000000,0.00,0,0
870,10357196,-2.263,1.036,-9.422,0.096,0.569,-7.238,-187.585,14.645,0.106,-0.231,-7.238,0.000000,0.000000,0.00,0,0
871,10363089,-2.218,1.019,-9.434,-0.179,-0.804,-7.665,-187.506,14.505,0.104,-0.226,-7.665,0.000000,0.000000,0.00,0,0
872,10373089,-2.182,0.999,-9.338,-0.637,-2.117,-7.910,-187.434,14.358,0.102,-0.223,-7.910,0.000000,0.000000,0.00,0,0
873,10383082,-2.287,1.004,-9.242,-0.973,-3.368,-8.062,-187.378,14.270,0.102,-0.233,-8.062,0.000000,0.000000,0.00,0,0
874,10393091,-2.464,1.086,-9.384,-1.308,-4.283,-8.032,-187.360,14.242,0.111,-0.251,-8.032,0.000000,0.000000,0.00,0,0
875,10403085,-2.662,1.142,-9.636,-1.430,-3.459,-7.788,-187.358,14.281,0.116,-0.271,-7.788,0.000000,0.000000,0.00,0,0
876,10413086,-2.812,1.200,-9.857,-1.766,-0.957,-7.208,-187.373,14.376,0.122,-0.287,-7.208,0.000000,0.000000,0.00,0,0
877,10423088,-2.814,1.175,-9.951,-2.071,2.614,-6.475,-187.373,14.487,0.120,-0.287,-6.475,0.000000,0.000000,0.00,0,0
878,10433089,-2.666,1.043,-9.963,-2.712,6.062,-6.018,-187.321,14.560,0.106,-0.272,-6.018,0.000000,0.000000,0.00,0,0
879,10443082,-2.383,1.028,-9.725,-3.383,8.351,-6.018,-187.284,14.555,0.105,-0.243,-6.018,0.000000,0.000000,0.00,0,0
880,10453095,-2.082,1.077,-9.456,-2.895,8.259,-6.475,-187.280,14.444,0.110,-0.212,-6.475,0.000000,0.000000,0.00,0,0
881,10463090,-1.901,1.106,-9.350,-1.369,6.093,-6.933,-187.282,14.251,0.113,-0.194,-6.933,0.000000,0.000000,0.00,0,0
882,10473095,-1.879,0.963,-9.444,0.584,3.071,-7.665,-187.195,14.027,0.098,-0.192,-7.665,0.000000,0.000000,0.00,0,0
883,10483108,-1.887,0.937,-9.341,2.293,0.294,-8.886,-187.091,13.808,0.096,-0.192,-8.886,0.000000,0.000000,0.00,0,0
884,10493094,-1.949,0.968,-9.269,4.124,-2.788,-9.558,-186.996,13.612,0.099,-0.199,-9.558,0.000000,0.000000,0.00,0,0
885,10503091,-2.080,0.891,-9.369,6.016,-5.290,-9.466,-186.850,13.458,0.091,-0.212,-9.466,0.000000,0.000000,0.00,0,0
886,10513101,-2.290,0.766,-9.494,6.169,-6.481,-8.642,-186.651,13.387,0.078,-0.233,-8.642,0.000000,0.000000,0.00,0,0
887,10523091,-2.447,0.698,-9.480,4.826,-6.481,-7.330,-186.448,13.392,0.071,-0.250,-7.330,0.000000,0.000000,0.00,0,0
888,10533099,-2.540,0.713,-9.478,2.934,-5.809,-5.407,-186.285,13.443,0.073,-0.259,-5.407,0.000000,0.000000,0.00,0,0
889,10543091,-2.671,0.715,-9.554,0.462,-4.436,-2.874,-186.156,13.551,0.073,-0.272,-2.874,0.000000,0.000000,0.00,0,0
890,10553099,-2.793,0.802,-9.646,-2.529,-2.361,-0.128,-186.101,13.709,0.082,-0.285,-0.128,0.000000,0.000000,0.00,0,0
891,10563096,-2.819,0.848,-9.699,-5.550,0.050,2.405,-186.096,13.882,0.086,-0.287,2.405,0.000000,0.000000,0.00,0,0
892,10573103,-2.776,0.819,-9.691,-8.480,2.736,4.481,-186.106,14.050,0.083,-0.283,4.481,0.000000,0.000000,0.00,0,0
893,10583090,-2.676,0.910,-9.636,-10.494,4.933,5.488,-186.178,14.189,0.093,-0.273,5.488,0.000000,0.000000,0.00,0,0
894,10593103,-2.528,1.024,-9.687,-11.440,6.215,5.701,-186.301,14.259,0.104,-0.258,5.701,0.000000,0.000000,0.00,0,0
895,10603093,-2.368,1.142,-9.689,-11.135,6.886,5.213,-186.466,14.260,0.116,-0.241,5.213,0.000000,0.000000,0.00,0,0
896,10613098,-2.235,1.219,-9.569,-9.640,6.581,4.236,-186.645,14.212,0.124,-0.228,4.236,0.000000,0.000000,0.00,0,0
897,10623099,-2.113,1.253,-9.497,-6.801,5.025,3.138,-186.804,14.106,0.128,-0.215,3.138,0.000000,0.000000,0.00,0,0
898,10633103,-2.149,1.257,-9.550,-3.445,2.766,2.100,-186.919,13.999,0.128,-0.219,2.100,0.000000,0.000000,0.00,0,0
899,10663697,-2.466,1.045,-9.859,3.880,-1.079,0.513,-186.823,13.919,0.107,-0.251,0.513,0.000000,0.000000,0.00,0,0
900,10665056,-2.466,1.045,-9.859,3.880,-1.079,0.513,-186.738,13.868,0.107,-0.251,0.513,0.000000,0.000000,0.00,0,0
901,10666425,-2.466,1.045,-9.859,3.880,-1.079,0.513,-186.666,13.844,0.107,-0.251,0.513,0.000000,0.000000,0.00,0,0
902,10673159,-2.509,0.896,-9.840,4.246,-1.415,0.239,-186.525,13.852,0.091,-0.256,0.239,0.000000,0.000000,0.00,0,0
903,10683085,-2.499,0.811,-9.826,3.483,-1.811,0.208,-186.363,13.853,0.083,-0.255,0.208,0.000000,0.000000,0.00,0,0
904,10693094,-2.442,0.809,-9.747,2.018,-2.239,0.452,-186.234,13.832,0.082,-0.249,0.452,0.000000,0.000000,0.00,0,0
905,10703089,-2.440,0.840,-9.643,0.919,-3.154,0.513,-186.148,13.814,0.086,-0.249,0.513,0.000000,0.000000,0.00,0,0
906,10713103,-2.445,0.932,-9.547,0.279,-4.527,0.788,-186.126,13.798,0.095,-0.249,0.788,0.000000,0.000000,0.00,0,0
907,10723093,-2.502,0.978,-9.456,-0.088,-6.084,1.459,-186.137,13.805,0.100,-0.255,1.459,0.000000,0.000000,0.00,0,0
908,10733093,-2.638,0.956,-9.413,-0.088,-7.366,1.887,-186.139,13.867,0.097,-0.269,1.887,0.000000,0.000000,0.00,0,0
909,10743097,-2.786,0.949,-9.502,0.401,-8.037,1.795,-186.128,13.972,0.097,-0.284,1.795,0.000000,0.000000,0.00,0,0
910,10753093,-2.931,1.048,-9.641,0.584,-7.518,1.581,-186.157,14.117,0.107,-0.299,1.581,0.000000,0.000000,0.00,0,0
911,10763093,-3.014,1.134,-9.694,0.919,-5.931,1.520,-186.219,14.291,0.116,-0.307,1.520,0.000000,0.000000,0.00,0,0
912,10773089,-2.998,1.178,-9.711,1.682,-3.856,1.642,-186.287,14.459,0.120,-0.306,1.642,0.000000,0.000000,0.00,0,0
913,10783083,-2.886,1.216,-9.670,2.567,-1.506,1.856,-186.362,14.592,0.124,-0.294,1.856,0.000000,0.000000,0.00,0,0
914,10793090,-2.759,1.200,-9.600,3.513,0.020,2.344,-186.418,14.683,0.122,-0.281,2.344,0.000000,0.000000,0.00,0,0
915,10803086,-2.616,1.091,-9.552,3.788,0.508,2.955,-186.420,14.716,0.111,-0.267,2.955,0.000000,0.000000,0.00,0,0
916,10813084,-2.550,0.956,-9.468,3.483,0.294,2.833,-186.365,14.727,0.097,-0.260,2.833,0.000000,0.000000,0.00,0,0
917,10823083,-2.502,0.872,-9.550,2.598,-0.163,1.856,-186.280,14.703,0.089,-0.255,1.856,0.000000,0.000000,0.00,0,0
918,10833090,-2.497,0.828,-9.518,1.560,-0.408,0.208,-186.193,14.681,0.084,-0.255,0.208,0.000000,0.000000,0.00,0,0
919,10843085,-2.490,0.942,-9.398,0.614,-0.865,-1.684,-186.179,14.666,0.096,-0.254,-1.684,0.000000,0.000000,0.00,0,0
920,10853084,-2.564,1.120,-9.557,0.706,-1.262,-2.844,-186.240,14.660,0.114,-0.261,-2.844,0.000000,0.000000,0.00,0,0
921,10863083,-2.664,1.282,-9.761,1.560,-0.682,-3.332,-186.350,14.678,0.131,-0.272,-3.332,0.000000,0.000000,0.00,0,0
922,10873090,-2.690,1.303,-9.838,2.995,0.874,-2.996,-186.444,14.710,0.133,-0.274,-2.996,0.000000,0.000000,0.00,0,0
923,10883079,-2.588,1.202,-9.843,4.917,2.553,-2.508,-186.467,14.713,0.123,-0.264,-2.508,0.000000,0.000000,0.00,0,0
924,10893090,-2.430,0.997,-9.684,6.077,3.773,-2.386,-186.395,14.680,0.102,-0.248,-2.386,0.000000,0.000000,0.00,0,0
925,10903080,-2.318,0.850,-9.562,6.321,3.773,-2.722,-186.263,14.616,0.087,-0.236,-2.722,0.000000,0.000000,0.00,0,0
926,10913090,-2.199,0.749,-9.434,6.138,2.614,-3.332,-186.102,14.508,0.076,-0.224,-3.332,0.000000,0.000000,0.00,0,0
927,10923080,-2.206,0.737,-9.357,5.619,0.691,-3.668,-185.955,14.401,0.075,-0.225,-3.668,0.000000,0.000000,0.00,0,0
928,10933084,-2.290,0.725,-9.401,5.039,-1.476,-3.515,-185.817,14.315,0.074,-0.233,-3.515,0.000000,0.000000,0.00,0,0
929,10943086,-2.423,0.761,-9.545,4.398,-3.002,-2.905,-185.708,14.264,0.078,-0.247,-2.905,0.000000,0.000000,0.00,0,0
930,10953084,-2.566,0.790,-9.665,3.575,-3.398,-1.684,-185.623,14.262,0.081,-0.262,-1.684,0.000000,0.000000,0.00,0,0
931,10963083,-2.619,0.795,-9.674,2.842,-2.849,-0.280,-185.553,14.286,0.081,-0.267,-0.280,0.000000,0.000000,0.00,0,0
932,10973090,-2.619,0.792,-9.650,1.988,-2.147,1.307,-185.497,14.317,0.081,-0.267,1.307,0.000000,0.000000,0.00,0,0
933,10983087,-2.597,0.739,-9.586,0.919,-1.232,2.466,-185.432,14.354,0.075,-0.265,2.466,0.000000,0.000000,0.00,0,0
934,10993084,-2.561,0.703,-9.475,-0.179,-0.682,3.046,-185.370,14.390,0.072,-0.261,3.046,0.000000,0.000000,0.00,0,0
935,11007256,-2.521,0.705,-9.365,-1.156,-0.774,3.260,-185.340,14.411,0.072,-0.257,3.260,0.000000,0.000000,0.00,0,0
936,11013087,-2.552,0.756,-9.396,-2.254,-0.957,3.168,-185.330,14.446,0.077,-0.260,3.168,0.000000,0.000000,0.00,0,0
937,11023081,-2.576,0.845,-9.386,-2.712,-1.018,2.894,-185.368,14.489,0.086,-0.263,2.894,0.000000,0.000000,0.00,0,0
938,11033089,-2.645,0.908,-9.461,-2.712,-0.713,2.497,-185.430,14.552,0.093,-0.270,2.497,0.000000,0.000000,0.00,0,0
939,11043081,-2.726,1.028,-9.566,-1.949,0.172,2.253,-185.530,14.639,0.105,-0.278,2.253,0.000000,0.000000,0.00,0,0
940,11053089,-2.719,1.127,-9.634,-0.515,1.393,2.375,-185.652,14.718,0.115,-0.277,2.375,0.000000,0.000000,0.00,0,0
941,11063086,-2.695,1.127,-9.650,0.858,2.736,2.955,-185.751,14.791,0.115,-0.275,2.955,0.000000,0.000000,0.00,0,0
942,11073083,-2.640,1.055,-9.665,1.927,3.773,3.534,-185.798,14.843,0.108,-0.269,3.534,0.000000,0.000000,0.00,0,0
943,11083087,-2.581,0.973,-9.624,2.537,4.017,3.626,-185.800,14.874,0.099,-0.263,3.626,0.000000,0.000000,0.00,0,0
944,11093083,-2.561,0.901,-9.626,2.537,3.682,3.260,-185.769,14.892,0.092,-0.261,3.260,0.000000,0.000000,0.00,0,0
945,11103084,-2.550,0.901,-9.691,2.110,3.102,2.680,-185.742,14.891,0.092,-0.260,2.680,0.000000,0.000000,0.00,0,0
946,11113089,-2.540,0.949,-9.727,1.805,2.614,2.100,-185.740,14.877,0.097,-0.259,2.100,0.000000,0.000000,0.00,0,0
947,11123087,-2.514,0.992,-9.737,1.652,2.095,1.490,-185.759,14.846,0.101,-0.256,1.490,0.000000,0.000000,0.00,0,0
948,11133083,-2.504,0.999,-9.739,1.713,1.515,1.185,-185.778,14.808,0.102,-0.255,1.185,0.000000,0.000000,0.00,0,0
949,11143084,-2.449,0.983,-9.694,1.743,0.630,1.124,-185.791,14.746,0.100,-0.250,1.124,0.000000,0.000000,0.00,0,0
950,11153089,-2.399,0.934,-9.586,1.377,-0.621,1.032,-185.789,14.669,0.095,-0.245,1.032,0.000000,0.000000,0.00,0,0
951,11163081,-2.418,0.905,-9.562,1.194,-1.964,0.788,-185.776,14.596,0.092,-0.247,0.788,0.000000,0.000000,0.00,0,0
952,11173141,-2.466,0.956,-9.530,0.950,-3.063,0.452,-185.792,14.542,0.097,-0.251,0.452,0.000000,0.000000,0.00,0,0
953,11183083,-2.526,1.024,-9.540,0.919,-3.826,0.300,-185.836,14.508,0.104,-0.258,0.300,0.000000,0.000000,0.00,0,0
954,11193090,-2.581,1.043,-9.535,1.316,-4.039,0.391,-185.883,14.500,0.106,-0.263,0.391,0.000000,0.000000,0.00,0,0
955,11203080,-2.578,0.971,-9.463,1.591,-4.009,0.513,-185.894,14.500,0.099,-0.263,0.513,0.000000,0.000000,0.00,0,0
956,11213088,-2.600,0.925,-9.413,1.377,-3.642,0.513,-185.888,14.520,0.094,-0.265,0.513,0.000000,0.000000,0.00,0,0
957,11223080,-2.621,0.913,-9.377,0.797,-3.185,0.422,-185.883,14.556,0.093,-0.267,0.422,0.000000,0.000000,0.00,0,0
958,11233088,-2.659,0.942,-9.408,0.279,-2.574,0.361,-185.895,14.608,0.096,-0.271,0.361,0.000000,0.000000,0.00,0,0
959,11243085,-2.714,1.033,-9.473,0.004,-1.689,0.422,-185.948,14.678,0.105,-0.277,0.422,0.000000,0.000000,0.00,0,0
960,11253084,-2.738,1.110,-9.588,0.034,-0.316,0.818,-186.026,14.751,0.113,-0.279,0.818,0.000000,0.000000,0.00,0,0
961,11263083,-2.728,1.086,-9.571,0.401,1.393,1.307,-186.085,14.833,0.111,-0.278,1.307,0.000000,0.000000,0.00,0,0
962,11273091,-2.612,0.990,-9.473,0.584,2.583,1.276,-186.098,14.882,0.101,-0.266,1.276,0.000000,0.000000,0.00,0,0
963,11283080,-2.490,0.889,-9.389,0.340,3.071,0.849,-186.070,14.890,0.091,-0.254,0.849,0.000000,0.000000,0.00,0,0
964,11293087,-2.445,0.893,-9.348,-0.210,2.797,0.147,-186.052,14.880,0.091,-0.249,0.147,0.000000,0.000000,0.00,0,0
965,11303085,-2.440,0.968,-9.338,-0.973,1.942,-0.372,-186.079,14.861,0.099,-0.249,-0.372,0.000000,0.000000,0.00,0,0
966,11313085,-2.528,1.055,-9.420,-1.522,0.996,-0.280,-186.144,14.863,0.108,-0.258,-0.280,0.000000,0.000000,0.00,0,0
967,11323082,-2.623,1.091,-9.559,-1.858,0.630,0.086,-186.218,14.885,0.111,-0.268,0.086,0.000000,0.000000,0.00,0,0
968,11333090,-2.693,1.081,-9.662,-2.102,0.996,0.361,-186.278,14.927,0.110,-0.275,0.361,0.000000,0.000000,0.00,0,0
969,11343080,-2.693,1.050,-9.667,-2.773,1.759,0.239,-186.325,14.973,0.107,-0.275,0.239,0.000000,0.000000,0.00,0,0
970,11353090,-2.616,1.026,-9.581,-3.445,2.308,-0.311,-186.368,14.998,0.105,-0.267,-0.311,0.000000,0.000000,0.00,0,0
971,11364856,-2.585,1.004,-9.523,-4.085,2.369,-1.135,-186.418,15.017,0.102,-0.264,-1.135,0.000000,0.000000,0.00,0,0
972,11373087,-2.604,1.065,-9.506,-4.360,1.942,-2.111,-186.483,15.039,0.109,-0.266,-2.111,0.000000,0.000000,0.00,0,0
973,11383086,-2.647,1.175,-9.593,-4.024,1.515,-3.057,-186.587,15.061,0.120,-0.270,-3.057,0.000000,0.000000,0.00,0,0
974,11393083,-2.707,1.330,-9.732,-2.773,1.668,-3.546,-186.733,15.091,0.136,-0.276,-3.546,0.000000,0.000000,0.00,0,0
975,11403084,-2.697,1.323,-9.795,-0.881,2.247,-3.607,-186.843,15.112,0.135,-0.275,-3.607,0.000000,0.000000,0.00,0,0
976,11413083,-2.607,1.190,-9.742,1.011,2.888,-3.729,-186.871,15.107,0.121,-0.266,-3.729,0.000000,0.000000,0.00,0,0
977,11423084,-2.457,1.021,-9.626,2.567,2.919,-4.278,-186.812,15.054,0.104,-0.250,-4.278,0.000000,0.000000,0.00,0,0
978,11433089,-2.337,0.896,-9.530,3.636,2.217,-5.377,-186.695,14.959,0.091,-0.238,-5.377,0.000000,0.000000,0.00,0,0
979,11443081,-2.304,0.826,-9.518,3.697,0.905,-6.353,-186.554,14.846,0.084,-0.235,-6.353,0.000000,0.000000,0.00,0,0
980,11453092,-2.330,0.802,-9.559,3.239,-0.530,-6.597,-186.416,14.736,0.082,-0.238,-6.597,0.000000,0.000000,0.00,0,0
981,11463092,-2.459,0.826,-9.626,2.690,-1.537,-6.231,-186.302,14.673,0.084,-0.251,-6.231,0.000000,0.000000,0.00,0,0
982,11473098,-2.566,0.872,-9.732,2.018,-1.872,-5.133,-186.220,14.646,0.089,-0.262,-5.133,0.000000,0.000000,0.00,0,0
983,11483105,-2.581,0.857,-9.802,1.591,-1.323,-3.820,-186.138,14.624,0.087,-0.263,-3.820,0.000000,0.000000,0.00,0,0
984,11493098,-2.583,0.799,-9.742,1.164,-0.347,-2.600,-186.043,14.622,0.082,-0.263,-2.600,0.000000,0.000000,0.00,0,0
985,11503090,-2.535,0.717,-9.691,0.401,0.325,-1.745,-185.927,14.611,0.073,-0.259,-1.745,0.000000,0.000000,0.00,0,0
986,11513106,-2.461,0.715,-9.650,-0.454,0.874,-1.287,-185.828,14.580,0.073,-0.251,-1.287,0.000000,0.000000,0.00,0,0
987,11523100,-2.356,0.725,-9.516,-1.125,1.149,-1.043,-185.752,14.523,0.074,-0.240,-1.043,0.000000,0.000000,0.00,0,0
988,11533097,-2.287,0.701,-9.341,-1.736,0.386,-0.982,-185.682,14.451,0.071,-0.233,-0.982,0.000000,0.000000,0.00,0,0
989,11543088,-2.290,0.705,-9.240,-2.346,-0.957,-1.013,-185.629,14.385,0.072,-0.233,-1.013,0.000000,0.000000,0.00,0,0
990,11553097,-2.375,0.814,-9.276,-2.743,-2.025,-1.013,-185.633,14.347,0.083,-0.242,-1.013,0.000000,0.000000,0.00,0,0
991,11563093,-2.557,0.922,-9.408,-2.590,-2.483,-0.799,-185.681,14.371,0.094,-0.261,-0.799,0.000000,0.000000,0.00,0,0
992,11573095,-2.736,0.997,-9.559,-2.254,-1.750,-0.524,-185.750,14.459,0.102,-0.279,-0.524,0.000000,0.000000,0.00,0,0
993,11583094,-2.793,1.060,-9.658,-1.888,0.020,0.117,-185.833,14.567,0.108,-0.285,0.117,0.000000,0.000000,0.00,0,0
994,11593093,-2.755,1.016,-9.648,-1.522,2.431,0.513,-185.887,14.675,0.104,-0.281,0.513,0.000000,0.000000,0.00,0,0
995,11603090,-2.631,0.963,-9.526,-1.400,4.139,0.666,-185.918,14.753,0.098,-0.268,0.666,0.000000,0.000000,0.00,0,0
996,11613100,-2.561,0.951,-9.506,-1.522,4.994,0.483,-185.943,14.806,0.097,-0.261,0.483,0.000000,0.000000,0.00,0,0
997,11623094,-2.569,0.983,-9.552,-1.797,5.147,0.117,-185.981,14.854,0.100,-0.262,0.117,0.000000,0.000000,0.00,0,0
998,11633098,-2.576,1.086,-9.641,-1.339,4.994,-0.280,-186.054,14.888,0.111,-0.263,-0.280,0.000000,0.000000,0.00,0,0
999,11658241,-2.423,1.055,-9.713,1.469,4.109,-1.043,-186.099,14.868,0.108,-0.247,-1.043,0.000000,0.000000,0.00,0,0
1000,11659615,-2.423,1.055,-9.713,1.469,4.109,-1.043,-186.129,14.827,0.108,-0.247,-1.043,0.000000,0.000000,0.00,0,0
1001,11663108,-2.423,1.055,-9.713,1.469,4.109,-1.043,-186.147,14.775,0.108,-0.247,-1.043,0.000000,0.000000,0.00,0,0
1002,11673150,-2.290,1.036,-9.648,2.232,2.766,-1.104,-186.152,14.660,0.106,-0.233,-1.104,0.000000,0.000000,0.00,0,0
1003,11683091,-2.254,0.985,-9.617,2.659,0.996,-1.043,-186.128,14.528,0.100,-0.230,-1.043,0.000000,0.000000,0.00,0,0
1004,11693110,-2.261,0.922,-9.612,2.476,-0.987,-0.921,-186.079,14.395,0.094,-0.231,-0.921,0.000000,0.000000,0.00,0,0
1005,11703098,-2.311,0.860,-9.586,2.049,-2.635,-1.043,-186.008,14.284,0.088,-0.236,-1.043,0.000000,0.000000,0.00,0,0
1006,11713105,-2.383,0.826,-9.581,1.255,-3.948,-1.104,-185.936,14.205,0.084,-0.243,-1.104,0.000000,0.000000,0.00,0,0
1007,11723087,-2.461,0.852,-9.614,0.279,-4.711,-1.165,-185.890,14.156,0.087,-0.251,-1.165,0.000000,0.000000,0.00,0,0
1008,11733095,-2.547,0.898,-9.595,-0.637,-4.711,-0.982,-185.879,14.151,0.092,-0.260,-0.982,0.000000,0.000000,0.00,0,0
1009,11743099,-2.597,0.910,-9.566,-1.278,-4.466,-0.677,-185.881,14.173,0.093,-0.265,-0.677,0.000000,0.000000,0.00,0,0
1010,11753105,-2.631,0.881,-9.542,-1.827,-3.490,-0.372,-185.877,14.221,0.090,-0.268,-0.372,0.000000,0.000000,0.00,0,0
1011,11763092,-2.674,0.884,-9.571,-1.888,-2.147,-0.280,-185.873,14.292,0.090,-0.273,-0.280,0.000000,0.000000,0.00,0,0
1012,11773090,-2.755,0.910,-9.622,-1.491,-0.621,-0.433,-185.876,14.399,0.093,-0.281,-0.433,0.000000,0.000000,0.00,0,0
1013,11783088,-2.778,0.978,-9.711,-0.667,1.149,-0.524,-185.898,14.513,0.100,-0.283,-0.524,0.000000,0.000000,0.00,0,0
1014,11793089,-2.733,1.014,-9.771,0.614,3.010,-0.433,-185.921,14.609,0.103,-0.279,-0.433,0.000000,0.000000,0.00,0,0
1015,11803082,-2.607,0.983,-9.773,1.927,4.445,-0.067,-185.915,14.657,0.100,-0.266,-0.067,0.000000,0.000000,0.00,0,0
1016,11813086,-2.440,0.864,-9.672,3.269,4.933,0.513,-185.848,14.646,0.088,-0.249,0.513,0.000000,0.000000,0.00,0,0
1017,11823082,-2.302,0.701,-9.554,3.941,4.048,0.635,-185.709,14.582,0.071,-0.235,0.635,0.000000,0.000000,0.00,0,0
1018,11833092,-2.251,0.597,-9.530,3.544,2.247,0.269,-185.538,14.488,0.061,-0.230,0.269,0.000000,0.000000,0.00,0,0
1019,11843085,-2.280,0.549,-9.569,2.415,0.294,-0.311,-185.367,14.392,0.056,-0.233,-0.311,0.000000,0.000000,0.00,0,0
1020,11853086,-2.342,0.585,-9.593,0.919,-1.262,-0.768,-185.238,14.313,0.060,-0.239,-0.768,0.000000,0.000000,0.00,0,0
1021,11863088,-2.452,0.676,-9.650,-0.545,-2.513,-1.013,-185.174,14.270,0.069,-0.250,-1.013,0.000000,0.000000,0.00,0,0
1022,11873089,-2.612,0.809,-9.756,-1.583,-2.971,-0.646,-185.180,14.280,0.082,-0.266,-0.646,0.000000,0.000000,0.00,0,0
1023,11883082,-2.685,0.910,-9.799,-1.736,-2.483,0.208,-185.232,14.320,0.093,-0.274,0.208,0.000000,0.000000,0.00,0,0
1024,11893086,-2.688,0.946,-9.768,-1.308,-1.506,1.002,-185.292,14.370,0.097,-0.274,1.002,0.000000,0.000000,0.00,0,0
1025,11903088,-2.595,0.922,-9.715,-0.637,-0.438,1.642,-185.334,14.393,0.094,-0.265,1.642,0.000000,0.000000,0.00,0,0
1026,11913089,-2.490,0.925,-9.622,0.126,0.050,2.314,-185.370,14.384,0.094,-0.254,2.314,0.000000,0.000000,0.00,0,0
1027,11923082,-2.342,0.891,-9.506,0.736,0.081,2.680,-185.387,14.325,0.091,-0.239,2.680,0.000000,0.000000,0.00,0,0
1028,11933091,-2.261,0.816,-9.403,1.103,-0.621,2.680,-185.370,14.241,0.083,-0.231,2.680,0.000000,0.000000,0.00,0,0
1029,11943082,-2.218,0.792,-9.300,1.255,-1.903,2.405,-185.345,14.143,0.081,-0.226,2.405,0.000000,0.000000,0.00,0,0
1030,11953092,-2.302,0.797,-9.285,1.255,-3.398,1.856,-185.325,14.077,0.081,-0.235,1.856,0.000000,0.000000,0.00,0,0
1031,11963085,-2.461,0.855,-9.365,0.675,-4.405,1.795,-185.335,14.069,0.087,-0.251,1.795,0.000000,0.000000,0.00,0,0
1032,11973086,-2.588,0.922,-9.482,-0.362,-4.527,2.253,-185.381,14.100,0.094,-0.264,2.253,0.000000,0.000000,0.00,0,0
1033,11983088,-2.690,0.968,-9.514,-1.156,-3.642,3.016,-185.450,14.178,0.099,-0.274,3.016,0.000000,0.000000,0.00,0,0
1034,11994913,-2.731,0.966,-9.461,-2.102,-2.300,3.901,-185.532,14.281,0.098,-0.278,3.901,0.000000,0.000000,0.00,0,0
1035,12003085,-2.786,0.999,-9.530,-3.292,-0.713,4.450,-185.623,14.411,0.102,-0.284,4.450,0.000000,0.000000,0.00,0,0
1036,12013084,-2.759,1.137,-9.523,-3.872,1.088,4.786,-185.776,14.536,0.116,-0.281,4.786,0.000000,0.000000,0.00,0,0
1037,12023080,-2.709,1.257,-9.511,-3.841,2.553,5.366,-185.973,14.642,0.128,-0.276,5.366,0.000000,0.000000,0.00,0,0
1038,12033090,-2.626,1.272,-9.379,-3.353,3.407,5.854,-186.165,14.728,0.130,-0.268,5.854,0.000000,0.000000,0.00,0,0
1039,12043080,-2.502,1.241,-9.285,-2.590,3.193,5.823,-186.326,14.762,0.127,-0.255,5.823,0.000000,0.000000,0.00,0,0
1040,12053090,-2.468,1.125,-9.264,-2.193,1.790,5.182,-186.418,14.771,0.115,-0.252,5.182,0.000000,0.000000,0.00,0,0
1041,12063083,-2.535,1.113,-9.245,-2.560,0.142,3.809,-186.502,14.795,0.113,-0.259,3.809,0.000000,0.000000,0.00,0,0
1042,12073090,-2.583,1.120,-9.302,-2.926,-1.262,2.009,-186.583,14.818,0.114,-0.263,2.009,0.000000,0.000000,0.00,0,0
1043,12083080,-2.669,1.241,-9.442,-3.170,-2.483,0.696,-186.707,14.848,0.127,-0.272,0.696,0.000000,0.000000,0.00,0,0
1044,12093090,-2.769,1.339,-9.583,-3.383,-2.727,0.239,-186.861,14.897,0.137,-0.282,0.239,0.000000,0.000000,0.00,0,0
1045,12103080,-2.800,1.323,-9.711,-3.231,-2.086,0.178,-186.986,14.946,0.135,-0.286,0.178,0.000000,0.000000,0.00,0,0
1046,12113090,-2.838,1.279,-9.739,-3.200,-1.293,0.300,-187.079,15.012,0.130,-0.289,0.300,0.000000,0.000000,0.00,0,0
1047,12123080,-2.819,1.255,-9.773,-3.933,-0.499,0.574,-187.160,15.068,0.128,-0.287,0.574,0.000000,0.000000,0.00,0,0
1048,12133090,-2.700,1.361,-9.723,-4.055,0.050,0.910,-187.286,15.080,0.139,-0.275,0.910,0.000000,0.000000,0.00,0,0
1049,12143080,-2.540,1.383,-9.523,-3.628,-0.499,1.429,-187.421,15.041,0.141,-0.259,1.429,0.000000,0.000000,0.00,0,0
1050,12153084,-2.523,1.359,-9.398,-2.712,-1.903,1.734,-187.534,14.999,0.139,-0.257,1.734,0.000000,0.000000,0.00,0,0
1051,12163085,-2.697,1.419,-9.600,-1.430,-3.642,1.642,-187.640,14.995,0.145,-0.275,1.642,0.000000,0.000000,0.00,0,0
1052,12173095,-2.879,1.614,-9.955,0.614,-4.161,1.551,-187.782,15.016,0.165,-0.294,1.551,0.000000,0.000000,0.00,0,0
1053,12183080,-2.969,1.711,-10.162,3.697,-3.246,1.520,-187.910,15.055,0.174,-0.303,1.520,0.000000,0.000000,0.00,0,0
1054,12193090,-2.905,1.614,-10.246,7.084,-1.445,1.307,-187.952,15.075,0.165,-0.296,1.307,0.000000,0.000000,0.00,0,0
1055,12203080,-2.771,1.508,-10.239,10.655,0.264,0.513,-187.913,15.059,0.154,-0.283,0.513,0.000000,0.000000,0.00,0,0
1056,12213090,-2.609,1.351,-10.138,13.767,0.905,-0.097,-187.788,14.998,0.138,-0.266,-0.097,0.000000,0.000000,0.00,0,0
1057,12223084,-2.383,1.224,-9.900,17.063,0.325,-1.074,-187.600,14.869,0.125,-0.243,-1.074,0.000000,0.000000,0.00,0,0
1058,12233084,-2.242,1.132,-9.795,19.169,-1.628,-1.776,-187.372,14.684,0.115,-0.229,-1.776,0.000000,0.000000,0.00,0,0
1059,12243080,-2.256,0.893,-9.927,20.420,-4.161,-2.722,-187.038,14.485,0.091,-0.230,-2.722,0.000000,0.000000,0.00,0,0
1060,12253085,-2.359,0.705,-10.020,20.634,-5.626,-4.400,-186.643,14.323,0.072,-0.241,-4.400,0.000000,0.000000,0.00,0,0
1061,12263086,-2.433,0.619,-10.078,20.756,-6.603,-6.445,-186.236,14.190,0.063,-0.248,-6.445,0.000000,0.000000,0.00,0,0
1062,12273088,-2.464,0.539,-10.160,20.786,-7.183,-8.154,-185.825,14.067,0.055,-0.251,-8.154,0.000000,0.000000,0.00,0,0
1063,12283083,-2.404,0.443,-10.124,20.359,-7.244,-9.191,-185.407,13.932,0.045,-0.245,-9.191,0.000000,0.000000,0.00,0,0
1064,12293084,-2.271,0.406,-9.747,19.810,-7.427,-9.313,-185.018,13.787,0.041,-0.232,-9.313,0.000000,0.000000,0.00,0,0
1065,12303085,-2.201,0.327,-9.523,19.322,-8.464,-8.428,-184.630,13.637,0.033,-0.224,-8.428,0.000000,0.000000,0.00,0,0
1066,12313085,-2.237,0.216,-9.422,18.376,-9.990,-6.903,-184.231,13.510,0.022,-0.228,-6.903,0.000000,0.000000,0.00,0,0
1067,12323085,-2.375,0.233,-9.293,17.033,-11.119,-5.102,-183.883,13.458,0.024,-0.242,-5.102,0.000000,0.000000,0.00,0,0
1068,12333088,-2.514,0.115,-9.319,15.324,-12.279,-2.874,-183.522,13.458,0.012,-0.256,-2.874,0.000000,0.000000,0.00,0,0
1069,12344893,-2.669,0.074,-9.281,13.218,-12.493,-1.104,-183.169,13.509,0.008,-0.272,-1.104,0.000000,0.000000,0.00,0,0
1070,12353086,-2.778,0.088,-9.343,10.410,-11.882,0.574,-182.893,13.625,0.009,-0.283,0.574,0.000000,0.000000,0.00,0,0
1071,12363081,-2.793,0.127,-9.446,7.450,-10.600,2.344,-182.684,13.735,0.013,-0.285,2.344,0.000000,0.000000,0.00,0,0
1072,12373089,-2.781,0.216,-9.341,5.070,-8.464,4.023,-182.556,13.865,0.022,-0.284,4.023,0.000000,0.000000,0.00,0,0
1073,12383081,-2.755,0.329,-9.223,3.300,-6.481,5.793,-182.510,14.007,0.034,-0.281,5.793,0.000000,0.000000,0.00,0,0
1074,12393089,-2.750,0.479,-9.271,2.110,-4.833,7.532,-182.549,14.143,0.049,-0.280,7.532,0.000000,0.000000,0.00,0,0
1075,12403081,-2.798,0.698,-9.324,2.567,-3.093,9.272,-182.683,14.298,0.071,-0.285,9.272,0.000000,0.000000,0.00,0,0
1076,12413089,-2.848,0.905,-9.456,4.643,-1.354,11.286,-182.880,14.459,0.092,-0.290,11.286,0.000000,0.000000,0.00,0,0
1077,12423084,-2.876,0.963,-9.593,7.298,0.905,13.575,-183.057,14.622,0.098,-0.293,13.575,0.000000,0.000000,0.00,0,0
1078,12433083,-2.867,0.920,-9.564,10.655,3.316,15.467,-183.171,14.795,0.094,-0.292,15.467,0.000000,0.000000,0.00,0,0
1079,12443081,-2.814,0.864,-9.538,14.256,5.269,16.718,-183.219,14.955,0.088,-0.287,16.718,0.000000,0.000000,0.00,0,0
1080,12453091,-2.707,0.739,-9.497,17.643,6.764,17.328,-183.175,15.077,0.075,-0.276,17.328,0.000000,0.000000,0.00,0,0
1081,12463088,-2.664,0.594,-9.456,20.725,7.893,17.115,-183.041,15.187,0.061,-0.272,17.115,0.000000,0.000000,0.00,0,0
1082,12473101,-2.595,0.443,-9.514,23.075,8.656,16.230,-182.824,15.261,0.045,-0.265,16.230,0.000000,0.000000,0.00,0,0
1083,12483099,-2.576,0.365,-9.550,24.845,8.717,14.857,-182.571,15.317,0.037,-0.263,14.857,0.000000,0.000000,0.00,0,0
1084,12493096,-2.602,0.344,-9.401,26.219,8.137,13.697,-182.317,15.393,0.035,-0.265,13.697,0.000000,0.000000,0.00,0,0
1085,12503087,-2.681,0.387,-9.425,27.104,6.703,13.025,-182.094,15.481,0.039,-0.273,13.025,0.000000,0.000000,0.00,0,0
1086,12513105,-2.678,0.397,-9.418,28.263,4.994,12.903,-181.883,15.546,0.040,-0.273,12.903,0.000000,0.000000,0.00,0,0
1087,12523093,-2.693,0.375,-9.574,30.094,3.010,13.483,-181.658,15.575,0.038,-0.275,13.483,0.000000,0.000000,0.00,0,0
1088,12533097,-2.726,0.293,-9.655,31.834,1.393,14.765,-181.395,15.591,0.030,-0.278,14.765,0.000000,0.000000,0.00,0,0
1089,12543086,-2.762,0.009,-9.655,32.108,0.172,16.230,-181.020,15.611,0.001,-0.282,16.230,0.000000,0.000000,0.00,0,0
1090,12553097,-2.771,-0.182,-9.643,30.338,-0.774,17.206,-180.603,15.626,-0.019,-0.283,17.206,0.000000,0.000000,0.00,0,0
1091,12563103,-2.821,-0.131,-9.823,27.622,-1.537,17.908,-180.268,15.632,-0.013,-0.288,17.908,0.000000,0.000000,0.00,0,0
1092,12573089,-2.762,-0.114,-9.862,25.150,-1.628,18.885,-179.989,15.607,-0.012,-0.282,18.885,0.000000,0.000000,0.00,0,0
1093,12583093,-2.755,-0.131,-10.016,22.831,-1.262,20.197,-179.746,15.567,-0.013,-0.281,20.197,0.000000,0.000000,0.00,0,0
1094,12593107,-2.707,-0.237,-10.229,22.038,-0.133,21.021,-179.484,15.498,-0.024,-0.276,21.021,0.000000,0.000000,0.00,0,0
1095,12603101,-2.585,-0.606,-9.732,20.329,0.905,20.716,-179.087,15.446,-0.062,-0.264,20.716,0.000000,0.000000,0.00,0,0
1096,12613094,-2.547,-0.944,-9.211,15.049,-1.354,18.519,-178.593,15.418,-0.096,-0.260,18.519,0.000000,0.000000,0.00,0,0
1097,12623090,-2.406,-0.973,-9.192,8.976,-6.114,14.124,-178.178,15.288,-0.099,-0.245,14.124,0.000000,0.000000,0.00,0,0
1098,12633097,-2.273,-0.611,-9.362,3.422,-10.723,9.150,-178.023,15.050,-0.062,-0.232,9.150,0.000000,0.000000,0.00,0,0
1099,12656547,-2.225,0.380,-9.326,3.422,-20.214,4.969,-178.367,14.454,0.039,-0.227,4.969,0.000000,0.000000,0.00,0,0
1100,12657962,-2.225,0.380,-9.326,3.422,-20.214,4.969,-178.696,14.074,0.039,-0.227,4.969,0.000000,0.000000,0.00,0,0
1101,12663092,-2.225,0.380,-9.326,3.422,-20.214,4.969,-178.995,13.822,0.039,-0.227,4.969,0.000000,0.000000,0.00,0,0
1102,12673147,-2.290,0.305,-9.189,6.901,-24.059,5.976,-179.198,13.604,0.031,-0.233,5.976,0.000000,0.000000,0.00,0,0
1103,12683093,-2.402,0.192,-9.199,9.648,-27.446,6.708,-179.298,13.426,0.020,-0.245,6.708,0.000000,0.000000,0.00,0,0
1104,12693107,-2.550,-0.011,-9.398,11.051,-29.460,6.678,-179.273,13.287,-0.001,-0.260,6.678,0.000000,0.000000,0.00,0,0
1105,12703098,-2.755,-0.199,-9.578,10.777,-29.247,5.518,-179.161,13.230,-0.020,-0.281,5.518,0.000000,0.000000,0.00,0,0
1106,12713095,-2.871,-0.259,-9.348,10.655,-27.355,3.046,-179.028,13.276,-0.026,-0.293,3.046,0.000000,0.000000,0.00,0,0
1107,12723090,-2.960,-0.257,-9.242,9.678,-25.371,0.605,-178.915,13.388,-0.026,-0.302,0.605,0.000000,0.000000,0.00,0,0
1108,12733095,-2.986,-0.179,-9.225,8.915,-23.082,-1.318,-178.855,13.526,-0.018,-0.304,-1.318,0.000000,0.000000,0.00,0,0
1109,12743106,-2.988,-0.138,-9.201,8.000,-20.366,-2.142,-178.828,13.681,-0.014,-0.305,-2.142,0.000000,0.000000,0.00,0,0
1110,12753098,-3.179,-0.064,-9.314,7.847,-17.345,-1.867,-178.842,13.917,-0.006,-0.324,-1.867,0.000000,0.000000,0.00,0,0
1111,12763089,-3.441,0.561,-8.798,17.948,-11.821,-1.989,-179.078,14.379,0.057,-0.351,-1.989,0.000000,0.000000,0.00,0,0
1112,12773094,-4.014,-0.003,-9.475,19.749,-4.650,3.443,-178.991,14.998,-0.000,-0.409,3.443,0.000000,0.000000,0.00,0,0
1113,12783085,-4.130,-0.442,-9.917,13.004,-0.225,7.868,-178.776,15.580,-0.045,-0.421,7.868,0.000000,0.000000,0.00,0,0
1114,12793086,-3.463,-0.842,-9.141,10.319,3.743,7.898,-178.392,16.002,-0.086,-0.353,7.898,0.000000,0.000000,0.00,0,0
1115,12803088,-3.360,-1.566,-8.968,4.124,7.191,5.671,-177.735,16.392,-0.160,-0.343,5.671,0.000000,0.000000,0.00,0,0
1116,12813089,-3.456,-1.219,-8.906,-2.407,9.511,1.063,-177.354,16.832,-0.124,-0.352,1.063,0.000000,0.000000,0.00,0,0
1117,12823082,-3.372,-0.700,-9.158,-6.435,10.060,-1.440,-177.303,17.176,-0.071,-0.344,-1.440,0.000000,0.000000,0.00,0,0
1118,12833091,-3.231,-0.502,-9.314,-8.480,10.396,-1.379,-177.375,17.415,-0.051,-0.330,-1.379,0.000000,0.000000,0.00,0,0
1119,12843085,-3.224,-0.387,-9.492,-10.311,11.433,0.300,-177.517,17.618,-0.039,-0.329,0.300,0.000000,0.000000,0.00,0,0
1120,12853089,-3.274,-0.230,-9.595,-10.982,12.196,2.649,-177.728,17.818,-0.023,-0.334,2.649,0.000000,0.000000,0.00,0,0
1121,12863085,-3.146,-0.283,-9.535,-9.609,12.410,4.572,-177.885,17.960,-0.029,-0.321,4.572,0.000000,0.000000,0.00,0,0
1122,12873086,-3.048,-0.425,-9.612,-10.769,12.318,6.373,-177.976,18.038,-0.043,-0.311,6.373,0.000000,0.000000,0.00,0,0
1123,12883082,-2.995,-0.269,-9.516,-12.600,11.464,7.197,-178.148,18.094,-0.027,-0.305,7.197,0.000000,0.000000,0.00,0,0
1124,12893086,-2.876,-0.235,-9.425,-12.813,9.389,7.227,-178.323,18.088,-0.024,-0.293,7.227,0.000000,0.000000,0.00,0,0
1125,12903082,-2.812,-0.278,-9.492,-13.027,7.069,6.830,-178.467,18.024,-0.028,-0.287,6.830,0.000000,0.000000,0.00,0,0
1126,12913092,-2.759,-0.177,-9.451,-13.119,5.177,6.098,-178.647,17.931,-0.018,-0.281,6.098,0.000000,0.000000,0.00,0,0
1127,12923085,-2.702,-0.069,-9.324,-12.508,3.071,5.549,-178.858,17.817,-0.007,-0.276,5.549,0.000000,0.000000,0.00,0,0
1128,12933086,-2.738,-0.006,-9.307,-11.501,0.813,5.182,-179.074,17.709,-0.001,-0.279,5.182,0.000000,0.000000,0.00,0,0
1129,12943088,-2.838,0.054,-9.372,-9.945,-1.079,4.816,-179.287,17.626,0.006,-0.289,4.816,0.000000,0.000000,0.00,0,0
1130,12953089,-2.924,0.141,-9.468,-7.931,-2.391,4.572,-179.505,17.562,0.014,-0.298,4.572,0.000000,0.000000,0.00,0,0
1131,12963082,-3.019,0.177,-9.617,-6.618,-2.849,4.786,-179.709,17.518,0.018,-0.308,4.786,0.000000,0.000000,0.00,0,0
1132,12973086,-3.088,0.173,-9.706,-6.008,-2.239,4.908,-179.890,17.501,0.018,-0.315,4.908,0.000000,0.000000,0.00,0,0
1133,12983088,-3.093,0.103,-9.694,-6.008,-1.171,4.969,-180.025,17.499,0.010,-0.315,4.969,0.000000,0.000000,0.00,0,0
1134,12997161,-2.902,0.132,-9.403,-5.215,-0.713,4.694,-180.188,17.453,0.013,-0.296,4.694,0.000000,0.000000,0.00,0,0
1135,13003084,-2.902,0.132,-9.403,-5.215,-0.713,4.694,-180.309,17.416,0.013,-0.296,4.694,0.000000,0.000000,0.00,0,0
1136,13013090,-2.898,0.129,-9.312,-4.848,-1.872,4.908,-180.416,17.382,0.013,-0.295,4.908,0.000000,0.000000,0.00,0,0
1137,13023080,-2.914,0.079,-9.288,-3.841,-3.612,4.999,-180.481,17.345,0.008,-0.297,4.999,0.000000,0.000000,0.00,0,0
1138,13033091,-2.960,0.018,-9.355,-3.506,-5.199,4.511,-180.509,17.307,0.002,-0.302,4.511,0.000000,0.000000,0.00,0,0
1139,13043080,-3.062,-0.020,-9.470,-3.780,-6.236,3.473,-180.520,17.290,-0.002,-0.312,3.473,0.000000,0.000000,0.00,0,0
1140,13053088,-3.160,-0.001,-9.540,-3.689,-6.633,2.192,-180.537,17.303,-0.000,-0.322,2.192,0.000000,0.000000,0.00,0,0
1141,13063080,-3.265,0.033,-9.590,-3.597,-6.359,0.879,-180.569,17.354,0.003,-0.333,0.879,0.000000,0.000000,0.00,0,0
1142,13073084,-3.239,0.035,-9.552,-3.811,-5.535,-0.433,-180.600,17.403,0.004,-0.330,-0.433,0.000000,0.000000,0.00,0,0
1143,13083083,-3.205,0.066,-9.444,-3.750,-4.863,-1.837,-180.644,17.456,0.007,-0.327,-1.837,0.000000,0.000000,0.00,0,0
1144,13093091,-3.200,0.173,-9.454,-2.956,-4.314,-2.539,-180.727,17.506,0.018,-0.326,-2.539,0.000000,0.000000,0.00,0,0
1145,13103080,-3.160,0.255,-9.497,-1.797,-3.856,-2.172,-180.830,17.533,0.026,-0.322,-2.172,0.000000,0.000000,0.00,0,0
1146,13113090,-3.143,0.303,-9.458,-0.515,-3.276,-0.860,-180.937,17.562,0.031,-0.321,-0.860,0.000000,0.000000,0.00,0,0
1147,13123080,-3.127,0.211,-9.446,0.584,-3.032,1.002,-180.983,17.585,0.022,-0.319,1.002,0.000000,0.000000,0.00,0,0
1148,13133088,-3.115,0.050,-9.494,0.736,-2.513,2.466,-180.948,17.600,0.005,-0.318,2.466,0.000000,0.000000,0.00,0,0
1149,13143080,-3.096,-0.061,-9.516,-0.545,-1.537,3.260,-180.876,17.613,-0.006,-0.316,3.260,0.000000,0.000000,0.00,0,0
1150,13153084,-3.055,-0.078,-9.463,-2.132,-0.560,3.351,-180.816,17.623,-0.008,-0.312,3.351,0.000000,0.000000,0.00,0,0
1151,13163084,-3.150,-0.018,-9.542,-3.445,0.325,3.260,-180.801,17.670,-0.002,-0.321,3.260,0.000000,0.000000,0.00,0,0
1152,13173097,-3.222,0.045,-9.643,-4.207,1.515,3.107,-180.823,17.740,0.005,-0.329,3.107,0.000000,0.000000,0.00,0,0
1153,13183086,-3.186,0.127,-9.759,-4.116,2.949,3.351,-180.880,17.788,0.013,-0.325,3.351,0.000000,0.000000,0.00,0,0
1154,13193084,-3.081,0.168,-9.804,-3.933,4.597,3.962,-180.948,17.798,0.017,-0.314,3.962,0.000000,0.000000,0.00,0,0
1155,13203086,-2.979,0.160,-9.754,-4.177,6.184,5.060,-181.010,17.786,0.016,-0.304,5.060,0.000000,0.000000,0.00,0,0
1156,13213085,-2.831,0.120,-9.648,-4.635,7.161,6.281,-181.054,17.736,0.012,-0.289,6.281,0.000000,0.000000,0.00,0,0
1157,13223084,-2.716,0.098,-9.509,-5.550,7.344,7.532,-181.094,17.660,0.010,-0.277,7.532,0.000000,0.000000,0.00,0,0
1158,13233090,-2.700,0.153,-9.329,-6.435,6.428,8.967,-181.166,17.597,0.016,-0.275,8.967,0.000000,0.000000,0.00,0,0
1159,13243080,-2.702,0.095,-9.252,-7.107,4.658,10.218,-181.212,17.532,0.010,-0.276,10.218,0.000000,0.000000,0.00,0,0
1160,13253090,-2.807,0.107,-9.209,-8.083,2.888,10.950,-181.269,17.508,0.011,-0.286,10.950,0.000000,0.000000,0.00,0,0
1161,13263083,-2.993,0.158,-9.235,-8.694,1.271,10.889,-181.351,17.548,0.016,-0.305,10.889,0.000000,0.000000,0.00,0,0
1162,13273085,-3.100,0.216,-9.223,-8.205,0.020,9.943,-181.450,17.621,0.022,-0.316,9.943,0.000000,0.000000,0.00,0,0
1163,13283083,-3.177,0.365,-9.237,-6.679,-0.652,8.722,-181.598,17.712,0.037,-0.324,8.722,0.000000,0.000000,0.00,0,0
1164,13293090,-3.174,0.541,-9.357,-4.909,-0.896,8.112,-181.800,17.774,0.055,-0.324,8.112,0.000000,0.000000,0.00,0,0
1165,13303080,-3.172,0.597,-9.504,-3.689,-0.163,8.143,-181.996,17.816,0.061,-0.323,8.143,0.000000,0.000000,0.00,0,0
1166,13313090,-3.227,0.626,-9.672,-2.621,1.179,8.265,-182.175,17.867,0.064,-0.329,8.265,0.000000,0.000000,0.00,0,0
1167,13323080,-3.296,0.578,-9.807,-1.522,2.980,7.929,-182.305,17.941,0.059,-0.336,7.929,0.000000,0.000000,0.00,0,0
1168,13333090,-3.200,0.471,-9.811,-0.240,4.902,6.708,-182.366,17.988,0.048,-0.326,6.708,0.000000,0.000000,0.00,0,0
1169,13345003,-3.050,0.503,-9.732,1.286,6.398,4.938,-182.427,18.004,0.051,-0.311,4.938,0.000000,0.000000,0.00,0,0
1170,13353086,-2.952,0.672,-9.578,3.727,7.161,3.626,-182.541,17.993,0.068,-0.301,3.626,0.000000,0.000000,0.00,0,0
1171,13363087,-2.943,0.739,-9.504,6.596,6.550,3.504,-182.652,17.983,0.075,-0.300,3.504,0.000000,0.000000,0.00,0,0
1172,13373083,-2.924,0.729,-9.735,9.342,5.360,3.901,-182.717,17.925,0.074,-0.298,3.901,0.000000,0.000000,0.00,0,0
1173,13383084,-2.893,0.679,-9.898,11.997,5.055,4.664,-182.725,17.836,0.069,-0.295,4.664,0.000000,0.000000,0.00,0,0
1174,13393083,-2.871,0.469,-9.735,13.584,5.147,5.732,-182.627,17.768,0.048,-0.293,5.732,0.000000,0.000000,0.00,0,0
1175,13403087,-2.836,0.245,-9.674,14.042,4.353,5.823,-182.431,17.691,0.025,-0.289,5.823,0.000000,0.000000,0.00,0,0
1176,13413087,-2.759,0.064,-9.662,14.012,3.499,4.664,-182.169,17.581,0.007,-0.281,4.664,0.000000,0.000000,0.00,0,0
1177,13423081,-2.685,0.197,-9.840,13.737,3.193,3.534,-181.988,17.426,0.020,-0.274,3.534,0.000000,0.000000,0.00,0,0
1178,13433089,-2.535,0.136,-9.823,15.049,4.445,3.168,-181.782,17.232,0.014,-0.259,3.168,0.000000,0.000000,0.00,0,0
1179,13443081,-2.509,0.262,-9.161,12.547,5.635,5.060,-181.679,17.130,0.027,-0.256,5.060,0.000000,0.000000,0.00,0,0
1180,13453094,-2.485,0.059,-8.745,6.046,1.820,8.539,-181.549,17.042,0.006,-0.253,8.539,0.000000,0.000000,0.00,0,0
1181,13463098,-2.509,-0.317,-8.582,2.812,-3.704,9.699,-181.266,16.943,-0.032,-0.256,9.699,0.000000,0.000000,0.00,0,0
1182,13473107,-2.666,-0.331,-8.587,0.004,-8.953,8.692,-181.023,16.876,-0.034,-0.272,8.692,0.000000,0.000000,0.00,0,0
1183,13483097,-2.833,-0.307,-8.567,-3.078,-13.988,6.983,-180.839,16.848,-0.031,-0.289,6.983,0.000000,0.000000,0.00,0,0
1184,13493098,-2.979,-0.264,-8.786,-6.100,-18.352,4.633,-180.722,16.815,-0.027,-0.304,4.633,0.000000,0.000000,0.00,0,0
1185,13503095,-3.148,-0.146,-9.045,-8.419,-20.763,1.673,-180.698,16.799,-0.015,-0.321,1.673,0.000000,0.000000,0.00,0,0
1186,13513107,-3.277,0.100,-9.377,-10.036,-21.007,-1.226,-180.807,16.787,0.010,-0.334,-1.226,0.000000,0.000000,0.00,0,0
1187,13523093,-3.251,0.573,-9.723,-10.341,-19.298,-2.722,-181.124,16.731,0.058,-0.331,-2.722,0.000000,0.000000,0.00,0,0
1188,13533096,-3.258,1.057,-9.994,-8.205,-15.666,-1.531,-181.601,16.674,0.108,-0.332,-1.531,0.000000,0.000000,0.00,0,0
1189,13543094,-3.146,1.190,-10.121,-5.215,-11.302,2.405,-182.065,16.600,0.121,-0.321,2.405,0.000000,0.000000,0.00,0,0
1190,13553096,-2.938,1.057,-10.128,-2.468,-7.366,7.075,-182.412,16.487,0.108,-0.300,7.075,0.000000,0.000000,0.00,0,0
1191,13563102,-2.802,0.860,-9.835,1.225,-4.283,11.164,-182.624,16.392,0.088,-0.286,11.164,0.000000,0.000000,0.00,0,0
1192,13573089,-2.769,0.696,-9.523,5.955,-2.880,14.094,-182.713,16.342,0.071,-0.282,14.094,0.000000,0.000000,0.00,0,0
1193,13583088,-2.881,0.418,-9.394,10.746,-3.246,16.108,-182.626,16.359,0.043,-0.294,16.108,0.000000,0.000000,0.00,0,0
1194,13593101,-2.905,0.349,-9.394,15.690,-3.765,16.688,-182.467,16.380,0.036,-0.296,16.688,0.000000,0.000000,0.00,0,0
1195,13603090,-3.034,0.206,-9.410,18.131,-4.314,17.786,-182.232,16.448,0.021,-0.309,17.786,0.000000,0.000000,0.00,0,0
1196,13613094,-3.100,-0.052,-9.684,19.322,-4.222,18.061,-181.883,16.503,-0.005,-0.316,18.061,0.000000,0.000000,0.00,0,0
1197,13623090,-3.136,-0.211,-9.653,19.108,-2.635,17.756,-181.491,16.587,-0.021,-0.320,17.756,0.000000,0.000000,0.00,0,0
1198,13633099,-3.200,-0.322,-9.679,17.552,-0.865,16.962,-181.093,16.703,-0.033,-0.326,16.962,0.000000,0.000000,0.00,0,0
1199,13665799,-3.293,-0.469,-8.896,7.786,3.529,15.650,-180.574,17.108,-0.048,-0.336,15.650,0.000000,0.000000,0.00,0,0
1200,13667212,-3.293,-0.469,-8.896,7.786,3.529,15.650,-180.121,17.472,-0.048,-0.336,15.650,0.000000,0.000000,0.00,0,0
1201,13668574,-3.293,-0.469,-8.896,7.786,3.529,15.650,-179.752,17.780,-0.048,-0.336,15.650,0.000000,0.000000,0.00,0,0
1202,13673147,-3.293,-0.469,-8.896,7.786,3.529,15.650,-179.450,18.037,-0.048,-0.336,15.650,0.000000,0.000000,0.00,0,0
1203,13683093,-3.296,-0.531,-8.697,5.955,2.095,14.887,-179.156,18.291,-0.054,-0.336,14.887,0.000000,0.000000,0.00,0,0
1204,13693108,-3.348,-0.592,-8.613,4.093,-0.011,13.422,-178.872,18.540,-0.060,-0.341,13.422,0.000000,0.000000,0.00,0,0
1205,13703097,-3.401,-0.319,-8.762,3.056,-2.147,11.439,-178.784,18.744,-0.033,-0.347,11.439,0.000000,0.000000,0.00,0,0
1206,13713102,-3.482,-0.124,-8.923,3.544,-3.154,10.431,-178.810,18.927,-0.013,-0.355,10.431,0.000000,0.000000,0.00,0,0
1207,13723095,-3.508,0.045,-9.216,3.361,-3.551,10.828,-178.924,19.049,0.005,-0.358,10.828,0.000000,0.000000,0.00,0,0
1208,13733091,-3.549,-0.042,-9.470,3.941,-2.422,11.957,-178.978,19.146,-0.004,-0.362,11.957,0.000000,0.000000,0.00,0,0
1209,13743103,-3.530,-0.148,-9.482,5.070,-0.347,12.934,-178.965,19.241,-0.015,-0.360,12.934,0.000000,0.000000,0.00,0,0
1210,13753091,-3.372,-0.199,-9.420,4.337,2.034,13.666,-178.934,19.292,-0.020,-0.344,13.666,0.000000,0.000000,0.00,0,0
1211,13763091,-3.155,-0.271,-9.357,2.384,4.475,14.643,-178.888,19.276,-0.028,-0.322,14.643,0.000000,0.000000,0.00,0,0
1212,13773090,-3.138,-0.493,-9.430,-0.301,6.367,15.772,-178.764,19.260,-0.050,-0.320,15.772,0.000000,0.000000,0.00,0,0
1213,13783082,-3.196,-0.642,-9.468,-3.628,7.893,16.047,-178.611,19.277,-0.065,-0.326,16.047,0.000000,0.000000,0.00,0,0
1214,13793086,-3.220,-0.683,-9.566,-7.046,9.266,15.192,-178.486,19.301,-0.070,-0.328,15.192,0.000000,0.000000,0.00,0,0
1215,13803082,-3.272,-0.854,-9.461,-11.318,10.792,14.094,-178.326,19.373,-0.087,-0.334,14.094,0.000000,0.000000,0.00,0,0
1216,13813089,-3.305,-0.857,-9.403,-17.025,10.731,12.659,-178.229,19.462,-0.087,-0.337,12.659,0.000000,0.000000,0.00,0,0
1217,13823088,-3.277,-0.732,-9.590,-22.640,11.220,10.645,-178.258,19.510,-0.075,-0.334,10.645,0.000000,0.000000,0.00,0,0
1218,13833086,-3.444,-0.625,-9.595,-26.089,13.234,8.112,-178.366,19.643,-0.064,-0.351,8.112,0.000000,0.000000,0.00,0,0
1219,13843082,-3.623,-0.435,-9.624,-29.262,14.882,5.305,-178.584,19.851,-0.044,-0.369,5.305,0.000000,0.000000,0.00,0,0
1220,13853086,-3.689,-0.172,-9.857,-30.819,16.804,2.131,-178.922,20.053,-0.018,-0.376,2.131,0.000000,0.000000,0.00,0,0
1221,13863082,-3.651,0.030,-9.977,-30.117,20.009,-0.585,-179.319,20.237,0.003,-0.372,-0.585,0.000000,0.000000,0.00,0,0
1222,13873107,-3.642,0.177,-9.946,-28.438,23.335,-2.752,-179.735,20.438,0.018,-0.371,-2.752,0.000000,0.000000,0.00,0,0
1223,13883101,-3.534,0.223,-9.780,-26.546,25.807,-4.431,-180.123,20.628,0.023,-0.360,-4.431,0.000000,0.000000,0.00,0,0
1224,13893098,-3.355,0.168,-9.636,-25.143,27.150,-5.987,-180.445,20.763,0.017,-0.342,-5.987,0.000000,0.000000,0.00,0,0
1225,13903094,-3.189,0.124,-9.566,-23.037,27.546,-7.910,-180.703,20.834,0.013,-0.325,-7.910,0.000000,0.000000,0.00,0,0
1226,13913099,-2.910,0.168,-9.271,-20.290,26.295,-10.259,-180.938,20.809,0.017,-0.297,-10.259,0.000000,0.000000,0.00,0,0
1227,13923091,-2.659,0.418,-9.415,-16.231,21.168,-12.731,-181.234,20.610,0.043,-0.271,-12.731,0.000000,0.000000,0.00,0,0
1228,13933107,-2.507,0.669,-9.629,-9.365,16.255,-13.555,-181.553,20.290,0.068,-0.256,-13.555,0.000000,0.000000,0.00,0,0
1229,13943094,-2.464,0.684,-9.646,-3.567,13.356,-11.724,-181.801,19.946,0.070,-0.251,-11.724,0.000000,0.000000,0.00,0,0
1230,13953096,-2.483,0.575,-9.739,0.950,10.365,-9.283,-181.936,19.600,0.059,-0.253,-9.283,0.000000,0.000000,0.00,0,0
1231,13963091,-2.473,0.455,-9.840,5.161,7.252,-7.208,-181.966,19.238,0.046,-0.252,-7.208,0.000000,0.000000,0.00,0,0
1232,13973103,-2.459,0.281,-9.965,9.281,4.780,-5.194,-181.876,18.862,0.029,-0.251,-5.194,0.000000,0.000000,0.00,0,0
1233,13983099,-2.433,0.107,-10.011,11.509,3.132,-2.996,-181.695,18.484,0.011,-0.248,-2.996,0.000000,0.000000,0.00,0,0
1234,13995219,-2.330,-0.023,-9.975,10.960,1.149,1.429,-181.458,18.072,-0.002,-0.238,1.429,0.000000,0.000000,0.00,0,0
1235,14003085,-2.330,-0.023,-9.975,10.960,1.149,1.429,-181.256,17.693,-0.002,-0.238,1.429,0.000000,0.000000,0.00,0,0
1236,14013098,-2.290,-0.151,-9.960,9.953,0.386,3.321,-181.021,17.320,-0.015,-0.233,3.321,0.000000,0.000000,0.00,0,0
1237,14023110,-2.259,-0.259,-9.835,8.549,-0.133,4.542,-180.769,16.971,-0.026,-0.230,4.542,0.000000,0.000000,0.00,0,0
1238,14033090,-2.209,-0.240,-9.677,6.260,-0.316,5.213,-180.564,16.641,-0.024,-0.225,5.213,0.000000,0.000000,0.00,0,0
1239,14043099,-2.147,-0.237,-9.550,3.300,-0.469,6.159,-180.401,16.321,-0.024,-0.219,6.159,0.000000,0.000000,0.00,0,0
1240,14053090,-2.158,-0.204,-9.437,-0.179,-0.408,7.349,-180.299,16.043,-0.021,-0.220,7.349,0.000000,0.000000,0.00,0,0
1241,14063092,-2.209,-0.124,-9.446,-3.322,-0.133,8.265,-180.270,15.810,-0.013,-0.225,8.265,0.000000,0.000000,0.00,0,0
1242,14073090,-2.223,-0.011,-9.432,-5.642,0.264,9.028,-180.318,15.607,-0.001,-0.227,9.028,0.000000,0.000000,0.00,0,0
1243,14083094,-2.211,0.122,-9.319,-7.229,0.966,10.096,-180.439,15.433,0.012,-0.225,10.096,0.000000,0.000000,0.00,0,0
1244,14093094,-2.163,0.303,-9.345,-8.236,1.423,11.561,-180.646,15.252,0.031,-0.221,11.561,0.000000,0.000000,0.00,0,0
1245,14103088,-2.108,0.365,-9.362,-8.388,1.912,13.270,-180.868,15.062,0.037,-0.215,13.270,0.000000,0.000000,0.00,0,0
1246,14113106,-2.096,0.312,-9.336,-8.755,2.369,14.795,-181.051,14.889,0.032,-0.214,14.795,0.000000,0.000000,0.00,0,0
1247,14123091,-2.116,0.247,-9.259,-8.938,2.583,15.436,-181.192,14.748,0.025,-0.216,15.436,0.000000,0.000000,0.00,0,0
1248,14133094,-2.123,0.247,-9.163,-9.243,2.431,15.070,-181.327,14.629,0.025,-0.216,15.070,0.000000,0.000000,0.00,0,0
1249,14143091,-2.185,0.320,-9.204,-9.884,2.339,14.063,-181.491,14.542,0.033,-0.223,14.063,0.000000,0.000000,0.00,0,0
1250,14153101,-2.354,0.508,-9.259,-9.640,2.431,12.720,-181.728,14.532,0.052,-0.240,12.720,0.000000,0.000000,0.00,0,0
1251,14163099,-2.488,0.761,-9.420,-8.449,3.224,11.530,-182.050,14.568,0.078,-0.254,11.530,0.000000,0.000000,0.00,0,0
1252,14173099,-2.581,0.934,-9.578,-6.649,4.841,10.950,-182.404,14.637,0.095,-0.263,10.950,0.000000,0.000000,0.00,0,0
1253,14183085,-2.621,0.891,-9.571,-4.421,6.550,10.431,-182.691,14.735,0.091,-0.267,10.431,0.000000,0.000000,0.00,0,0
1254,14193095,-2.585,0.809,-9.518,-2.376,7.649,9.394,-182.902,14.827,0.082,-0.264,9.394,0.000000,0.000000,0.00,0,0
1255,14203083,-2.590,0.790,-9.552,-1.186,8.259,7.441,-183.076,14.916,0.081,-0.264,7.441,0.000000,0.000000,0.00,0,0
1256,14213090,-2.535,0.749,-9.528,-0.301,8.656,5.152,-183.210,14.981,0.076,-0.259,5.152,0.000000,0.000000,0.00,0,0
1257,14223080,-2.485,0.836,-9.456,0.889,8.412,2.741,-183.366,15.025,0.085,-0.253,2.741,0.000000,0.000000,0.00,0,0
1258,14233088,-2.495,0.920,-9.442,2.415,7.161,0.757,-183.535,15.059,0.094,-0.254,0.757,0.000000,0.000000,0.00,0,0
1259,14243080,-2.576,0.932,-9.533,3.544,5.513,-1.074,-183.683,15.100,0.095,-0.263,-1.074,0.000000,0.000000,0.00,0,0
1260,14253090,-2.714,0.884,-9.720,4.185,4.109,-3.149,-183.783,15.162,0.090,-0.277,-3.149,0.000000,0.000000,0.00,0,0
1261,14263080,-2.826,0.838,-9.831,4.673,3.651,-6.292,-183.847,15.249,0.085,-0.288,-6.292,0.000000,0.000000,0.00,0,0
1262,14273088,-2.936,0.879,-9.946,5.314,4.170,-10.290,-183.914,15.364,0.090,-0.299,-10.290,0.000000,0.000000,0.00,0,0
1263,14283080,-2.914,0.992,-10.040,7.115,4.994,-14.440,-184.004,15.458,0.101,-0.297,-14.440,0.000000,0.000000,0.00,0,0
1264,14293085,-2.817,1.106,-10.008,9.861,5.025,-17.248,-184.113,15.508,0.113,-0.287,-17.248,0.000000,0.000000,0.00,0,0
1265,14303080,-2.643,1.115,-9.874,12.699,3.865,-18.377,-184.198,15.487,0.114,-0.269,-18.377,0.000000,0.000000,0.00,0,0
1266,14313085,-2.440,1.002,-9.771,15.843,1.851,-18.438,-184.203,15.376,0.102,-0.249,-18.438,0.000000,0.000000,0.00,0,0
1267,14323080,-2.378,0.869,-9.691,19.138,-0.713,-17.858,-184.121,15.234,0.089,-0.242,-17.858,0.000000,0.000000,0.00,0,0
1268,14334840,-2.232,0.633,-9.552,22.862,-7.060,-16.058,-183.876,14.982,0.065,-0.228,-16.058,0.000000,0.000000,0.00,0,0
1269,14343082,-2.232,0.633,-9.552,22.862,-7.060,-16.058,-183.683,14.763,0.065,-0.228,-16.058,0.000000,0.000000,0.00,0,0
1270,14353089,-2.185,0.329,-9.437,24.357,-10.723,-15.112,-183.351,14.520,0.034,-0.223,-15.112,0.000000,0.000000,0.00,0,0
1271,14363088,-2.232,-0.008,-9.225,23.899,-13.774,-14.593,-182.892,14.312,-0.001,-0.228,-14.593,0.000000,0.000000,0.00,0,0
1272,14373086,-2.435,-0.054,-9.230,21.702,-16.735,-14.257,-182.466,14.183,-0.006,-0.248,-14.257,0.000000,0.000000,0.00,0,0
1273,14383088,-2.659,0.006,-9.302,18.528,-18.718,-13.555,-182.131,14.137,0.001,-0.271,-13.555,0.000000,0.000000,0.00,0,0
1274,14393085,-2.826,-0.003,-9.266,14.439,-19.084,-11.907,-181.855,14.168,-0.000,-0.288,-11.907,0.000000,0.000000,0.00,0,0
1275,14403085,-2.991,-0.037,-9.249,9.983,-18.321,-10.137,-181.626,14.278,-0.004,-0.305,-10.137,0.000000,0.000000,0.00,0,0
1276,14413091,-3.122,-0.023,-9.177,5.314,-16.429,-8.978,-181.464,14.463,-0.002,-0.318,-8.978,0.000000,0.000000,0.00,0,0
1277,14423088,-3.177,-0.025,-9.038,1.438,-13.896,-8.337,-181.348,14.703,-0.003,-0.324,-8.337,0.000000,0.000000,0.00,0,0
1278,14433089,-3.205,0.100,-8.800,-1.613,-11.363,-7.971,-181.333,14.997,0.010,-0.327,-7.971,0.000000,0.000000,0.00,0,0
1279,14443082,-3.243,0.300,-8.611,-2.498,-9.685,-7.177,-181.430,15.331,0.031,-0.331,-7.177,0.000000,0.000000,0.00,0,0
1280,14453086,-3.355,0.450,-8.668,-2.712,-8.525,-5.560,-181.596,15.690,0.046,-0.342,-5.560,0.000000,0.000000,0.00,0,0
1281,14463088,-3.472,0.512,-8.683,-2.651,-6.999,-3.240,-181.781,16.084,0.052,-0.354,-3.240,0.000000,0.000000,0.00,0,0
1282,14473091,-3.527,0.537,-8.687,-2.590,-5.138,-0.250,-181.962,16.487,0.055,-0.360,-0.250,0.000000,0.000000,0.00,0,0
1283,14483082,-3.720,0.503,-8.865,-2.987,-3.154,2.894,-182.112,16.930,0.051,-0.379,2.894,0.000000,0.000000,0.00,0,0
1284,14493091,-3.818,0.558,-8.983,-3.445,-1.018,5.579,-182.278,17.379,0.057,-0.389,5.579,0.000000,0.000000,0.00,0,0
1285,14503085,-3.901,0.503,-9.149,-4.879,1.484,8.295,-182.413,17.822,0.051,-0.398,8.295,0.000000,0.000000,0.00,0,0
1286,14513092,-4.111,0.508,-9.297,-5.764,4.048,10.187,-182.544,18.313,0.052,-0.419,10.187,0.000000,0.000000,0.00,0,0
1287,14523082,-4.087,0.539,-9.485,-6.862,6.886,11.500,-182.685,18.752,0.055,-0.417,11.500,0.000000,0.000000,0.00,0,0
1288,14533086,-3.918,0.590,-9.509,-8.297,9.785,13.270,-182.852,19.113,0.060,-0.400,13.270,0.000000,0.000000,0.00,0,0
1289,14543082,-3.901,0.614,-9.581,-10.006,11.525,15.589,-183.030,19.444,0.063,-0.398,15.589,0.000000,0.000000,0.00,0,0
1290,14553092,-3.727,0.512,-9.598,-12.600,12.166,17.786,-183.172,19.685,0.052,-0.380,17.786,0.000000,0.000000,0.00,0,0
1291,14563082,-3.599,0.394,-9.600,-16.079,12.105,19.831,-183.281,19.856,0.040,-0.367,19.831,0.000000,0.000000,0.00,0,0
1292,14573091,-3.596,0.438,-9.706,-20.473,11.525,20.411,-183.440,19.992,0.045,-0.367,20.411,0.000000,0.000000,0.00,0,0
1293,14583088,-3.735,0.455,-9.975,-25.051,11.128,20.106,-183.631,20.129,0.046,-0.381,20.106,0.000000,0.000000,0.00,0,0
1294,14593091,-3.813,0.541,-9.917,-30.758,11.616,20.380,-183.900,20.298,0.055,-0.389,20.380,0.000000,0.000000,0.00,0,0
1295,14603088,-3.625,0.761,-9.699,-33.657,11.616,20.289,-184.279,20.410,0.078,-0.370,20.289,0.000000,0.000000,0.00,0,0
1296,14613086,-3.429,0.910,-9.574,-34.267,11.098,18.671,-184.707,20.447,0.093,-0.350,18.671,0.000000,0.000000,0.00,0,0
1297,14623086,-3.396,1.089,-9.475,-33.382,9.968,16.504,-185.180,20.468,0.111,-0.346,16.504,0.000000,0.000000,0.00,0,0
1298,14633086,-3.353,1.265,-9.410,-31.246,7.924,14.551,-185.682,20.458,0.129,-0.342,14.551,0.000000,0.000000,0.00,0,0
1299,14657623,-3.138,1.243,-8.920,-22.549,0.874,9.241,-186.435,20.358,0.127,-0.320,9.241,0.000000,0.000000,0.00,0,0
1300,14658936,-3.138,1.243,-8.920,-22.549,0.874,9.241,-186.928,20.263,0.127,-0.320,9.241,0.000000,0.000000,0.00,0,0
1301,14663085,-3.138,1.243,-8.920,-22.549,0.874,9.241,-187.243,20.176,0.127,-0.320,9.241,0.000000,0.000000,0.00,0,0
1302,14673141,-3.165,1.349,-8.875,-18.978,-2.483,7.898,-187.558,20.084,0.138,-0.323,7.898,0.000000,0.000000,0.00,0,0
1303,14683086,-3.189,1.373,-8.666,-15.987,-5.443,7.227,-187.848,20.019,0.140,-0.325,7.227,0.000000,0.000000,0.00,0,0
1304,14693084,-3.289,1.284,-8.863,-13.302,-8.373,7.715,-188.026,19.948,0.131,-0.335,7.715,0.000000,0.000000,0.00,0,0
1305,14703086,-3.301,0.973,-8.961,-11.654,-9.593,7.471,-188.009,19.867,0.099,-0.337,7.471,0.000000,0.000000,0.00,0,0
1306,14713085,-3.358,0.845,-8.546,-11.318,-9.624,5.610,-187.947,19.892,0.086,-0.342,5.610,0.000000,0.000000,0.00,0,0
1307,14723085,-3.479,1.016,-8.517,-11.165,-10.936,4.206,-187.982,19.960,0.104,-0.355,4.206,0.000000,0.000000,0.00,0,0
1308,14733088,-3.587,1.137,-8.687,-10.830,-11.882,3.779,-188.064,20.028,0.116,-0.366,3.779,0.000000,0.000000,0.00,0,0
1309,14743080,-3.689,1.108,-8.707,-10.525,-11.363,3.748,-188.120,20.137,0.113,-0.376,3.748,0.000000,0.000000,0.00,0,0
1310,14753084,-3.839,1.173,-8.711,-9.853,-10.417,3.809,-188.199,20.307,0.120,-0.392,3.809,0.000000,0.000000,0.00,0,0
1311,14763090,-4.071,1.284,-8.961,-8.907,-9.166,4.145,-188.301,20.523,0.131,-0.415,4.145,0.000000,0.000000,0.00,0,0
1312,14773089,-4.231,1.236,-9.165,-7.381,-6.938,4.297,-188.344,20.771,0.126,-0.431,4.297,0.000000,0.000000,0.00,0,0
1313,14783080,-4.211,1.173,-9.209,-6.008,-4.009,4.481,-188.338,21.012,0.120,-0.429,4.481,0.000000,0.000000,0.00,0,0
1314,14793091,-4.176,1.171,-9.305,-5.215,-0.987,5.030,-188.319,21.231,0.119,-0.426,5.030,0.000000,0.000000,0.00,0,0
1315,14803080,-4.269,1.163,-9.307,-4.238,1.912,5.793,-188.289,21.495,0.119,-0.435,5.793,0.000000,0.000000,0.00,0,0
1316,14813091,-4.383,1.173,-9.422,-2.254,3.804,6.403,-188.241,21.781,0.120,-0.447,6.403,0.000000,0.000000,0.00,0,0
1317,14823080,-4.190,0.908,-9.980,-0.362,6.245,7.166,-188.032,21.905,0.093,-0.427,7.166,0.000000,0.000000,0.00,0,0
1318,14833095,-4.109,0.751,-9.859,-1.125,10.670,6.861,-187.781,22.050,0.077,-0.419,6.861,0.000000,0.000000,0.00,0,0
1319,14843093,-4.023,0.744,-9.622,-1.644,12.929,6.006,-187.560,22.210,0.076,-0.410,6.006,0.000000,0.000000,0.00,0,0
1320,14853099,-3.909,0.840,-9.859,-2.193,12.898,5.945,-187.396,22.275,0.086,-0.399,5.945,0.000000,0.000000,0.00,0,0
1321,14863104,-3.842,1.074,-9.989,-2.560,13.051,6.128,-187.345,22.287,0.110,-0.392,6.128,0.000000,0.000000,0.00,0,0
1322,14873098,-3.749,1.245,-9.977,-1.675,12.715,6.891,-187.365,22.259,0.127,-0.382,6.891,0.000000,0.000000,0.00,0,0
1323,14883089,-3.658,1.134,-10.092,-0.301,11.433,8.417,-187.317,22.172,0.116,-0.373,8.417,0.000000,0.000000,0.00,0,0
1324,14893098,-3.553,1.096,-9.955,0.645,10.212,9.485,-187.254,22.059,0.112,-0.362,9.485,0.000000,0.000000,0.00,0,0
1325,14903093,-3.491,1.091,-9.900,1.530,8.351,10.279,-187.188,21.921,0.111,-0.356,10.279,0.000000,0.000000,0.00,0,0
1326,14913098,-3.487,1.016,-10.131,1.805,6.123,11.286,-187.081,21.741,0.104,-0.356,11.286,0.000000,0.000000,0.00,0,0
1327,14923089,-3.572,0.920,-10.239,2.232,4.658,11.469,-186.933,21.581,0.094,-0.364,11.469,0.000000,0.000000,0.00,0,0
1328,14933095,-3.460,0.780,-10.097,1.927,3.590,10.462,-186.744,21.401,0.080,-0.353,10.462,0.000000,0.000000,0.00,0,0
1329,14943088,-3.408,0.717,-10.136,-0.027,2.919,8.814,-186.560,21.203,0.073,-0.348,8.814,0.000000,0.000000,0.00,0,0
1330,14953107,-3.563,0.958,-10.263,-2.163,2.553,7.044,-186.508,21.058,0.098,-0.363,7.044,0.000000,0.000000,0.00,0,0
1331,14963088,-3.608,1.110,-10.246,-3.445,2.095,5.396,-186.536,20.937,0.113,-0.368,5.396,0.000000,0.000000,0.00,0,0
1332,14973098,-3.553,1.354,-10.176,-3.475,1.515,4.633,-186.670,20.804,0.138,-0.362,4.633,0.000000,0.000000,0.00,0,0
1333,14983089,-3.530,1.491,-10.196,-2.926,1.088,5.182,-186.846,20.663,0.152,-0.360,5.182,0.000000,0.000000,0.00,0,0
1334,14995315,-3.453,1.371,-10.037,-0.454,-1.048,7.258,-186.950,20.501,0.140,-0.352,7.258,0.000000,0.000000,0.00,0,0
1335,15003100,-3.453,1.371,-10.037,-0.454,-1.048,7.258,-187.040,20.355,0.140,-0.352,7.258,0.000000,0.000000,0.00,0,0
1336,15013094,-3.458,1.508,-9.903,-0.149,-2.696,8.356,-187.189,20.223,0.154,-0.353,8.356,0.000000,0.000000,0.00,0,0
1337,15023088,-3.403,1.638,-9.864,0.645,-4.955,9.028,-187.379,20.061,0.167,-0.347,9.028,0.000000,0.000000,0.00,0,0
1338,15033095,-3.479,1.764,-9.876,2.720,-7.610,9.943,-187.588,19.912,0.180,-0.355,9.943,0.000000,0.000000,0.00,0,0
1339,15043100,-3.468,1.848,-9.708,5.741,-10.662,11.164,-187.804,19.763,0.188,-0.354,11.164,0.000000,0.000000,0.00,0,0
1340,15053091,-3.365,1.850,-9.590,10.075,-13.988,12.507,-187.974,19.570,0.189,-0.343,12.507,0.000000,0.000000,0.00,0,0
1341,15063091,-3.353,1.756,-9.554,14.164,-17.589,13.910,-188.054,19.361,0.179,-0.342,13.910,0.000000,0.000000,0.00,0,0
1342,15073100,-3.413,1.708,-9.273,17.765,-20.946,14.918,-188.096,19.203,0.174,-0.348,14.918,0.000000,0.000000,0.00,0,0
1343,15083087,-3.625,1.744,-9.403,21.427,-25.402,15.619,-188.107,19.082,0.178,-0.370,15.619,0.000000,0.000000,0.00,0,0
1344,15093111,-3.613,1.665,-10.104,27.012,-27.721,15.894,-187.977,18.847,0.170,-0.368,15.894,0.000000,0.000000,0.00,0,0
1345,15103091,-3.747,1.802,-10.316,32.200,-25.157,16.169,-187.851,18.673,0.184,-0.382,16.169,0.000000,0.000000,0.00,0,0
1346,15113097,-3.644,1.728,-10.395,37.632,-23.113,17.084,-187.648,18.485,0.176,-0.372,17.084,0.000000,0.000000,0.00,0,0
1347,15123091,-3.398,1.214,-10.186,42.820,-23.662,17.542,-187.211,18.249,0.124,-0.347,17.542,0.000000,0.000000,0.00,0,0
1348,15133107,-3.169,0.746,-9.994,45.597,-25.829,16.199,-186.587,17.951,0.076,-0.323,16.199,0.000000,0.000000,0.00,0,0
1349,15143087,-3.024,0.640,-9.895,46.940,-28.484,13.575,-185.955,17.606,0.065,-0.308,13.575,0.000000,0.000000,0.00,0,0
1350,15153098,-2.881,0.722,-9.574,49.168,-32.604,11.439,-185.398,17.230,0.074,-0.294,11.439,0.000000,0.000000,0.00,0,0
1351,15163088,-2.850,0.587,-9.504,51.945,-39.012,10.859,-184.798,16.820,0.060,-0.291,10.859,0.000000,0.000000,0.00,0,0
1352,15173096,-2.969,0.479,-9.737,52.525,-44.506,11.255,-184.184,16.412,0.049,-0.303,11.255,0.000000,0.000000,0.00,0,0
1353,15183088,-3.329,0.334,-9.852,51.457,-47.344,12.232,-183.559,16.141,0.034,-0.339,12.232,0.000000,0.000000,0.00,0,0
1354,15193086,-3.644,0.120,-9.802,49.961,-48.931,12.812,-182.901,16.010,0.012,-0.372,12.812,0.000000,0.000000,0.00,0,0
1355,15203085,-3.942,-0.261,-9.725,47.703,-49.419,11.835,-182.143,16.012,-0.027,-0.402,11.835,0.000000,0.000000,0.00,0,0
1356,15213092,-3.911,-0.001,-9.859,45.597,-48.747,9.302,-181.579,15.988,-0.000,-0.399,9.302,0.000000,0.000000,0.00,0,0
1357,15223082,-3.806,0.300,-9.732,43.339,-46.062,9.089,-181.216,15.970,0.031,-0.388,9.089,0.000000,0.000000,0.00,0,0
1358,15233086,-3.720,0.281,-9.727,39.829,-42.095,11.469,-180.904,15.956,0.029,-0.379,11.469,0.000000,0.000000,0.00,0,0
1359,15243085,-3.777,0.238,-9.588,35.038,-37.120,14.368,-180.642,16.034,0.024,-0.385,14.368,0.000000,0.000000,0.00,0,0
1360,15253091,-3.878,0.182,-9.458,29.728,-32.298,16.871,-180.426,16.211,0.019,-0.395,16.871,0.000000,0.000000,0.00,0,0
1361,15263082,-3.866,0.156,-9.598,24.143,-27.873,18.641,-180.264,16.389,0.016,-0.394,18.641,0.000000,0.000000,0.00,0,0
1362,15273089,-3.813,0.136,-9.674,18.681,-22.258,19.556,-180.155,16.573,0.014,-0.389,19.556,0.000000,0.000000,0.00,0,0
1363,15283088,-3.735,0.120,-9.648,12.699,-15.239,19.953,-180.103,16.781,0.012,-0.381,19.953,0.000000,0.000000,0.00,0,0
1364,15293086,-3.544,0.163,-9.614,6.962,-8.495,19.892,-180.128,16.964,0.017,-0.361,19.892,0.000000,0.000000,0.00,0,0
1365,15303082,-3.251,0.098,-9.480,0.828,-2.910,20.167,-180.178,17.085,0.010,-0.331,20.167,0.000000,0.000000,0.00,0,0
1366,15313086,-2.864,-0.018,-9.091,-5.794,0.783,20.930,-180.232,17.121,-0.002,-0.292,20.930,0.000000,0.000000,0.00,0,0
1367,15323082,-2.483,-0.028,-8.743,-12.417,2.888,21.174,-180.338,17.048,-0.003,-0.253,21.174,0.000000,0.000000,0.00,0,0
1368,15333089,-2.194,0.057,-8.663,-19.100,4.231,20.838,-180.540,16.867,0.006,-0.224,20.838,0.000000,0.000000,0.00,0,0
1369,15344956,-1.860,0.269,-8.056,-27.492,3.041,17.145,-180.973,16.596,0.027,-0.190,17.145,0.000000,0.000000,0.00,0,0
1370,15353086,-1.860,0.269,-8.056,-27.492,3.041,17.145,-181.322,16.343,0.027,-0.190,17.145,0.000000,0.000000,0.00,0,0
1371,15363081,-1.882,0.669,-7.873,-28.103,0.111,14.551,-181.878,16.113,0.068,-0.192,14.551,0.000000,0.000000,0.00,0,0
1372,15373083,-1.853,1.014,-8.015,-26.150,-3.246,14.033,-182.554,15.833,0.103,-0.189,14.033,0.000000,0.000000,0.00,0,0
1373,15383087,-1.972,1.033,-8.065,-22.518,-4.466,14.857,-183.151,15.618,0.105,-0.201,14.857,0.000000,0.000000,0.00,0,0
1374,15393089,-2.211,0.942,-7.794,-17.361,-4.222,15.314,-183.623,15.584,0.096,-0.225,15.314,0.000000,0.000000,0.00,0,0
1375,15403084,-2.542,0.973,-7.787,-13.271,-4.344,15.528,-184.039,15.723,0.099,-0.259,15.528,0.000000,0.000000,0.00,0,0
1376,15413086,-2.859,1.060,-8.044,-10.097,-3.856,16.413,-184.422,15.968,0.108,-0.292,16.413,0.000000,0.000000,0.00,0,0
1377,15423084,-3.129,1.024,-8.185,-6.954,-1.262,18.244,-184.719,16.323,0.104,-0.319,18.244,0.000000,0.000000,0.00,0,0
1378,15433087,-3.451,0.845,-8.169,-4.238,3.071,20.472,-184.873,16.846,0.086,-0.352,20.472,0.000000,0.000000,0.00,0,0
1379,15443081,-3.642,0.681,-8.325,-2.010,8.259,21.631,-184.901,17.435,0.069,-0.371,21.631,0.000000,0.000000,0.00,0,0
1380,15453084,-3.530,0.621,-8.743,0.096,14.058,21.784,-184.859,17.909,0.063,-0.360,21.784,0.000000,0.000000,0.00,0,0
1381,15463087,-3.329,0.358,-8.572,-0.057,20.466,22.333,-184.695,18.349,0.037,-0.339,22.333,0.000000,0.000000,0.00,0,0
1382,15473089,-3.208,0.112,-8.337,-4.665,24.220,22.974,-184.460,18.778,0.011,-0.327,22.974,0.000000,0.000000,0.00,0,0
1383,15483084,-3.084,-0.013,-8.178,-8.907,25.258,23.371,-184.217,19.154,-0.001,-0.314,23.371,0.000000,0.000000,0.00,0,0
1384,15493086,-3.014,-0.047,-7.931,-12.752,24.647,23.493,-184.008,19.507,-0.005,-0.307,23.493,0.000000,0.000000,0.00,0,0
1385,15503084,-3.031,-0.023,-7.830,-16.414,23.274,23.676,-183.863,19.847,-0.002,-0.309,23.676,0.000000,0.000000,0.00,0,0
1386,15513089,-3.029,0.057,-7.513,-20.626,21.809,24.256,-183.813,20.209,0.006,-0.309,24.256,0.000000,0.000000,0.00,0,0
1387,15523084,-2.976,0.271,-7.102,-27.004,19.093,25.660,-183.961,20.576,0.028,-0.304,25.660,0.000000,0.000000,0.00,0,0
1388,15533089,-2.981,0.452,-7.388,-33.382,15.645,28.223,-184.257,20.824,0.046,-0.304,28.223,0.000000,0.000000,0.00,0,0
1389,15543081,-3.367,0.462,-8.308,-33.871,14.546,29.658,-184.509,21.050,0.047,-0.343,29.658,0.000000,0.000000,0.00,0,0
1390,15553086,-3.706,0.428,-8.490,-30.392,16.713,29.139,-184.688,21.395,0.044,-0.378,29.139,0.000000,0.000000,0.00,0,0
1391,15563091,-3.770,0.479,-8.445,-26.790,19.581,27.491,-184.847,21.776,0.049,-0.384,27.491,0.000000,0.000000,0.00,0,0
1392,15573089,-3.153,0.201,-6.231,-27.553,20.711,26.453,-184.895,22.354,0.021,-0.321,26.453,0.000000,0.000000,0.00,0,0
1393,15583087,-2.840,0.192,-5.899,-46.810,12.379,29.719,-185.117,22.724,0.020,-0.290,29.719,0.000000,0.000000,0.00,0,0
1394,15593089,-3.041,0.291,-7.775,-57.400,-6.328,30.298,-185.441,22.559,0.030,-0.310,30.298,0.000000,0.000000,0.00,0,0
1395,15603085,-3.267,0.440,-8.145,-60.818,-10.265,29.139,-185.845,22.408,0.045,-0.333,29.139,0.000000,0.000000,0.00,0,0
1396,15613083,-3.620,0.758,-9.285,-61.642,-12.462,26.819,-186.345,22.202,0.077,-0.369,26.819,0.000000,0.000000,0.00,0,0
1397,15623081,-3.837,0.889,-9.622,-60.177,-11.913,24.103,-186.841,22.050,0.091,-0.391,24.103,0.000000,0.000000,0.00,0,0
1398,15633089,-4.066,0.729,-9.754,-62.282,-10.387,21.326,-187.241,21.993,0.074,-0.415,21.326,0.000000,0.000000,0.00,0,0
1399,15664637,-4.626,0.869,-10.088,-59.688,-5.168,6.190,-188.816,22.069,0.089,-0.472,6.190,0.000000,0.000000,0.00,0,0
1400,15665954,-4.626,0.869,-10.088,-59.688,-5.168,6.190,-189.739,22.192,0.089,-0.472,6.190,0.000000,0.000000,0.00,0,0
1401,15667260,-4.626,0.869,-10.088,-59.688,-5.168,6.190,-190.089,22.344,0.089,-0.472,6.190,0.000000,0.000000,0.00,0,0
1402,15673144,-4.910,1.103,-10.104,-58.590,-1.842,1.398,-190.294,22.638,0.112,-0.501,1.398,0.000000,0.000000,0.00,0,0
1403,15683088,-5.194,1.359,-10.059,-59.048,2.125,-2.325,-190.624,23.050,0.139,-0.530,-2.325,0.000000,0.000000,0.00,0,0
1404,15693092,-5.506,1.756,-10.606,-56.057,6.795,-6.170,-191.051,23.463,0.179,-0.561,-6.170,0.000000,0.000000,0.00,0,0
1405,15703089,-5.490,1.949,-10.638,-50.899,13.936,-9.283,-191.480,23.884,0.199,-0.560,-9.283,0.000000,0.000000,0.00,0,0
1406,15713086,-5.356,1.906,-10.174,-47.573,21.382,-12.152,-191.863,24.371,0.194,-0.546,-12.152,0.000000,0.000000,0.00,0,0
1407,15723083,-5.122,1.867,-9.672,-46.322,27.058,-15.173,-192.230,24.876,0.190,-0.522,-15.173,0.000000,0.000000,0.00,0,0
1408,15733092,-4.805,1.860,-9.480,-47.207,30.476,-17.797,-192.592,25.285,0.190,-0.490,-17.797,0.000000,0.000000,0.00,0,0
1409,15743083,-4.657,2.029,-9.506,-48.824,33.192,-20.422,-193.016,25.616,0.207,-0.475,-20.422,0.000000,0.000000,0.00,0,0
1410,15753086,-4.498,2.668,-9.701,-46.810,35.756,-23.504,-193.655,25.823,0.272,-0.459,-23.504,0.000000,0.000000,0.00,0,0
1411,15763085,-4.266,3.275,-9.967,-41.866,37.800,-24.572,-194.422,25.878,0.334,-0.435,-24.572,0.000000,0.000000,0.00,0,0
1412,15773091,-3.859,3.548,-9.778,-33.779,38.014,-23.504,-195.191,25.791,0.362,-0.393,-23.504,0.000000,0.000000,0.00,0,0
1413,15783082,-3.406,3.553,-9.562,-25.905,35.542,-20.910,-195.859,25.540,0.362,-0.347,-20.910,0.000000,0.000000,0.00,0,0
1414,15793089,-3.022,3.502,-9.590,-19.192,30.446,-17.828,-196.386,25.110,0.357,-0.308,-17.828,0.000000,0.000000,0.00,0,0
1415,15803088,-3.019,3.618,-9.992,-11.532,23.549,-14.257,-196.788,24.603,0.369,-0.308,-14.257,0.000000,0.000000,0.00,0,0
1416,15813086,-3.005,3.350,-10.277,-5.306,16.224,-10.687,-196.957,24.044,0.342,-0.306,-10.687,0.000000,0.000000,0.00,0,0
1417,15823085,-3.005,2.742,-10.477,-4.879,10.518,-8.459,-196.844,23.475,0.280,-0.306,-8.459,0.000000,0.000000,0.00,0,0
1418,15833089,-3.105,2.330,-10.815,-9.060,7.313,-8.795,-196.585,22.935,0.238,-0.317,-8.795,0.000000,0.000000,0.00,0,0
1419,15843082,-3.196,2.441,-11.091,-15.194,6.642,-10.717,-196.422,22.435,0.249,-0.326,-10.717,0.000000,0.000000,0.00,0,0
1420,15853092,-3.315,2.764,-11.236,-22.854,8.473,-12.060,-196.452,22.012,0.282,-0.338,-12.060,0.000000,0.000000,0.00,0,0
1421,15863082,-3.107,2.943,-10.650,-31.185,11.281,-12.182,-196.682,21.626,0.300,-0.317,-12.182,0.000000,0.000000,0.00,0,0
1422,15873104,-3.103,3.560,-11.178,-39.303,12.929,-10.595,-197.141,21.216,0.363,-0.316,-10.595,0.000000,0.000000,0.00,0,0
1423,15883093,-2.871,3.712,-11.003,-38.845,13.936,-8.489,-197.636,20.777,0.378,-0.293,-8.489,0.000000,0.000000,0.00,0,0
1424,15893094,-2.507,3.712,-10.491,-38.570,12.715,-6.201,-198.154,20.267,0.378,-0.256,-6.201,0.000000,0.000000,0.00,0,0
1425,15903094,-2.151,3.666,-10.220,-39.760,8.961,-3.240,-198.663,19.649,0.374,-0.219,-3.240,0.000000,0.000000,0.00,0,0
1426,15913091,-1.953,3.784,-9.802,-43.484,4.262,0.879,-199.273,18.982,0.386,-0.199,0.879,0.000000,0.000000,0.00,0,0
1427,15923091,-1.989,3.813,-9.886,-50.838,-0.438,6.525,-199.903,18.331,0.389,-0.203,6.525,0.000000,0.000000,0.00,0,0
1428,15933110,-2.244,3.890,-10.508,-55.508,-2.696,11.011,-200.468,17.762,0.397,-0.229,11.011,0.000000,0.000000,0.00,0,0
1429,15943098,-2.347,4.189,-10.844,-56.209,-1.323,13.605,-201.057,17.256,0.427,-0.239,13.605,0.000000,0.000000,0.00,0,0
1430,15953091,-2.399,4.396,-10.892,-47.878,2.186,13.178,-201.591,16.831,0.448,-0.245,13.178,0.000000,0.000000,0.00,0,0
1431,15963091,-2.378,4.399,-10.827,-38.540,6.917,11.408,-202.007,16.480,0.449,-0.242,11.408,0.000000,0.000000,0.00,0,0
1432,15973099,-2.228,4.218,-10.395,-29.720,11.738,8.570,-202.308,16.178,0.430,-0.227,8.570,0.000000,0.000000,0.00,0,0
1433,15985436,-2.099,4.056,-10.052,-22.152,14.882,5.701,-202.558,15.931,0.414,-0.214,5.701,0.000000,0.000000,0.00,0,0
1434,15993096,-1.987,4.052,-9.701,-15.194,16.530,3.046,-202.728,15.670,0.413,-0.203,3.046,0.000000,0.000000,0.00,0,0
1435,16003092,-1.961,4.138,-9.602,-9.212,17.476,1.063,-202.879,15.432,0.422,-0.200,1.063,0.000000,0.000000,0.00,0,0
1436,16013106,-1.887,4.346,-9.245,-2.376,18.666,-0.036,-203.099,15.211,0.443,-0.192,-0.036,0.000000,0.000000,0.00,0,0
1437,16023087,-1.815,4.486,-8.944,4.185,18.849,-0.006,-203.354,14.996,0.457,-0.185,-0.006,0.000000,0.000000,0.00,0,0
1438,16033101,-1.705,4.473,-8.488,9.220,17.659,1.215,-203.633,14.771,0.456,-0.174,1.215,0.000000,0.000000,0.00,0,0
1439,16043096,-1.586,4.269,-8.092,13.737,14.485,2.405,-203.849,14.515,0.435,-0.162,2.405,0.000000,0.000000,0.00,0,0
1440,16053093,-1.364,4.023,-7.611,21.794,9.877,2.344,-203.978,14.173,0.410,-0.139,2.344,0.000000,0.000000,0.00,0,0
1441,16063091,-1.131,3.823,-7.074,31.468,3.895,1.703,-204.048,13.725,0.390,-0.115,1.703,0.000000,0.000000,0.00,0,0
1442,16073094,-1.219,3.618,-6.860,40.470,-3.917,1.612,-203.985,13.310,0.369,-0.124,1.612,0.000000,0.000000,0.00,0,0
1443,16083092,-1.491,3.483,-6.975,47.459,-11.852,2.131,-203.765,13.000,0.355,-0.152,2.131,0.000000,0.000000,0.00,0,0
1444,16093093,-1.734,3.647,-7.347,51.273,-18.169,4.053,-203.515,12.741,0.372,-0.177,4.053,0.000000,0.000000,0.00,0,0
1445,16103093,-2.158,3.864,-7.832,52.494,-21.404,7.929,-203.263,12.621,0.394,-0.220,7.929,0.000000,0.000000,0.00,0,0
1446,16113099,-2.526,3.844,-8.303,53.013,-21.831,12.659,-202.917,12.626,0.392,-0.258,12.659,0.000000,0.000000,0.00,0,0
1447,16123099,-2.738,3.654,-9.103,52.769,-19.084,17.084,-202.372,12.668,0.373,-0.279,17.084,0.000000,0.000000,0.00,0,0
1448,16133096,-2.805,3.680,-9.566,49.168,-12.798,21.296,-201.838,12.743,0.375,-0.286,21.296,0.000000,0.000000,0.00,0,0
1449,16143092,-2.674,3.651,-9.396,45.414,-5.565,25.324,-201.395,12.844,0.372,-0.273,25.324,0.000000,0.000000,0.00,0,0
1450,16153093,-2.507,3.367,-8.990,42.515,0.477,27.704,-200.958,12.976,0.343,-0.256,27.704,0.000000,0.000000,0.00,0,0
1451,16163086,-2.404,2.916,-8.954,38.914,4.262,27.460,-200.397,13.110,0.297,-0.245,27.460,0.000000,0.000000,0.00,0,0
1452,16173104,-2.244,2.812,-8.606,35.710,6.459,24.775,-199.913,13.223,0.287,-0.229,24.775,0.000000,0.000000,0.00,0,0
1453,16183093,-2.042,2.776,-8.231,33.726,6.245,21.387,-199.526,13.272,0.283,-0.208,21.387,0.000000,0.000000,0.00,0,0
1454,16193097,-1.946,2.726,-7.866,31.742,4.109,18.549,-199.223,13.292,0.278,-0.198,18.549,0.000000,0.000000,0.00,0,0
1455,16203088,-1.961,2.709,-7.609,29.148,1.271,16.413,-199.004,13.322,0.276,-0.200,16.413,0.000000,0.000000,0.00,0,0
1456,16213107,-2.149,2.906,-7.648,27.683,-2.269,15.131,-198.908,13.399,0.296,-0.219,15.131,0.000000,0.000000,0.00,0,0
1457,16223094,-2.499,3.244,-7.931,28.172,-5.687,15.101,-198.926,13.557,0.331,-0.255,15.101,0.000000,0.000000,0.00,0,0
1458,16233089,-2.695,3.461,-8.221,29.240,-7.396,16.352,-198.978,13.729,0.353,-0.275,16.352,0.000000,0.000000,0.00,0,0
1459,16243088,-2.881,3.671,-8.481,30.094,-6.511,18.763,-199.061,13.935,0.374,-0.294,18.763,0.000000,0.000000,0.00,0,0
1460,16253093,-2.941,3.673,-8.567,31.132,-4.009,21.570,-199.114,14.164,0.375,-0.300,21.570,0.000000,0.000000,0.00,0,0
1461,16263086,-2.807,3.425,-8.308,31.834,-1.384,23.768,-199.095,14.387,0.349,-0.286,23.768,0.000000,0.000000,0.00,0,0
1462,16273085,-2.767,2.964,-8.140,31.895,0.325,24.470,-198.894,14.636,0.302,-0.282,24.470,0.000000,0.000000,0.00,0,0
1463,16283080,-2.733,2.526,-7.957,32.566,0.905,22.455,-198.518,14.904,0.258,-0.279,22.455,0.000000,0.000000,0.00,0,0
1464,16293084,-2.559,2.289,-7.748,31.803,0.477,18.702,-198.089,15.105,0.233,-0.261,18.702,0.000000,0.000000,0.00,0,0
1465,16303080,-2.511,2.166,-7.700,30.277,-0.652,14.582,-197.651,15.270,0.221,-0.256,14.582,0.000000,0.000000,0.00,0,0
1466,16313084,-2.623,2.253,-7.717,28.507,-2.117,10.554,-197.305,15.457,0.230,-0.268,10.554,0.000000,0.000000,0.00,0,0
1467,16323080,-2.781,2.487,-7.789,27.805,-4.039,7.044,-197.102,15.667,0.254,-0.284,7.044,0.000000,0.000000,0.00,0,0
1468,16337234,-2.869,2.755,-7.832,28.965,-6.206,4.297,-196.937,15.844,0.281,-0.293,4.297,0.000000,0.000000,0.00,0,0
1469,16343092,-2.907,2.887,-7.801,31.956,-8.464,2.192,-196.930,16.028,0.294,-0.296,2.192,0.000000,0.000000,0.00,0,0
1470,16353092,-2.902,2.902,-7.722,36.259,-11.394,0.361,-196.906,16.178,0.296,-0.296,0.361,0.000000,0.000000,0.00,0,0
1471,16363085,-2.907,2.824,-7.782,40.806,-14.598,-0.982,-196.790,16.284,0.288,-0.296,-0.982,0.000000,0.000000,0.00,0,0
1472,16373089,-3.029,2.648,-7.912,44.590,-17.620,-1.592,-196.536,16.400,0.270,-0.309,-1.592,0.000000,0.000000,0.00,0,0
1473,16383085,-3.165,2.456,-8.176,47.489,-20.030,-1.898,-196.135,16.515,0.250,-0.323,-1.898,0.000000,0.000000,0.00,0,0
1474,16393089,-3.291,2.313,-8.565,49.107,-21.038,-1.562,-195.627,16.612,0.236,-0.336,-1.562,0.000000,0.000000,0.00,0,0
1475,16403085,-3.530,2.239,-9.002,49.839,-20.061,-0.768,-195.062,16.747,0.228,-0.360,-0.768,0.000000,0.000000,0.00,0,0
1476,16413091,-3.737,2.241,-9.504,50.175,-17.070,-0.036,-194.484,16.908,0.229,-0.381,-0.036,0.000000,0.000000,0.00,0,0
1477,16423086,-3.754,2.282,-9.869,50.511,-12.279,0.849,-193.928,17.053,0.233,-0.383,0.849,0.000000,0.000000,0.00,0,0
1478,16433089,-3.603,2.217,-9.917,50.785,-7.183,1.246,-193.380,17.172,0.226,-0.367,1.246,0.000000,0.000000,0.00,0,0
1479,16443082,-3.320,2.048,-9.725,51.121,-3.856,0.910,-192.817,17.231,0.209,-0.339,0.910,0.000000,0.000000,0.00,0,0
1480,16453091,-3.026,1.831,-9.629,50.999,-2.666,-0.280,-192.212,17.195,0.187,-0.309,-0.280,0.000000,0.000000,0.00,0,0
1481,16463088,-2.826,1.665,-9.744,50.999,-2.666,-1.928,-191.571,17.070,0.170,-0.288,-1.928,0.000000,0.000000,0.00,0,0
1482,16473089,-2.783,1.527,-9.857,50.419,-3.002,-3.210,-190.916,16.923,0.156,-0.284,-3.210,0.000000,0.000000,0.00,0,0
1483,16483082,-2.852,1.486,-9.992,48.527,-3.734,-4.095,-190.303,16.795,0.152,-0.291,-4.095,0.000000,0.000000,0.00,0,0
1484,16493085,-2.983,1.402,-10.220,45.597,-4.863,-4.797,-189.713,16.693,0.143,-0.304,-4.797,0.000000,0.000000,0.00,0,0
1485,16503082,-3.153,1.161,-10.445,40.745,-5.474,-5.010,-189.101,16.638,0.118,-0.321,-5.010,0.000000,0.000000,0.00,0,0
1486,16513086,-3.284,1.093,-10.532,35.374,-5.260,-5.956,-188.554,16.629,0.112,-0.335,-5.956,0.000000,0.000000,0.00,0,0
1487,16523082,-3.406,1.159,-10.702,30.766,-4.375,-8.184,-188.110,16.654,0.118,-0.347,-8.184,0.000000,0.000000,0.00,0,0
1488,16533086,-3.537,1.173,-11.144,27.836,-2.086,-10.656,-187.715,16.696,0.120,-0.361,-10.656,0.000000,0.000000,0.00,0,0
1489,16543085,-3.558,1.161,-11.363,25.791,2.003,-13.128,-187.355,16.755,0.118,-0.363,-13.128,0.000000,0.000000,0.00,0,0
1490,16553086,-3.429,1.159,-11.344,24.510,5.879,-15.295,-187.034,16.803,0.118,-0.350,-15.295,0.000000,0.000000,0.00,0,0
1491,16563086,-3.243,1.009,-11.440,22.038,8.229,-16.058,-186.700,16.795,0.103,-0.331,-16.058,0.000000,0.000000,0.00,0,0
1492,16573091,-3.043,0.843,-11.329,19.108,8.717,-15.966,-186.358,16.732,0.086,-0.310,-15.966,0.000000,0.000000,0.00,0,0
1493,16583082,-2.936,0.807,-11.267,14.897,7.435,-15.356,-186.069,16.629,0.082,-0.299,-15.356,0.000000,0.000000,0.00,0,0
1494,16593089,-2.924,0.826,-11.224,10.655,5.452,-14.593,-185.850,16.516,0.084,-0.298,-14.593,0.000000,0.000000,0.00,0,0
1495,16603088,-2.967,0.934,-11.202,7.298,3.193,-13.708,-185.722,16.407,0.095,-0.303,-13.708,0.000000,0.000000,0.00,0,0
1496,16613086,-3.088,1.028,-11.360,5.894,1.790,-12.274,-185.647,16.321,0.105,-0.315,-12.274,0.000000,0.000000,0.00,0,0
1497,16623086,-3.251,1.031,-11.483,6.809,1.942,-10.900,-185.567,16.289,0.105,-0.331,-10.900,0.000000,0.000000,0.00,0,0
1498,16633089,-3.310,1.151,-11.370,9.770,2.553,-9.588,-185.515,16.297,0.117,-0.338,-9.588,0.000000,0.000000,0.00,0,0
1499,16658647,-3.386,1.118,-11.543,16.209,5.177,-4.644,-185.193,16.401,0.114,-0.345,-4.644,0.000000,0.000000,0.00,0,0
1500,16659961,-3.386,1.118,-11.543,16.209,5.177,-4.644,-185.009,16.460,0.114,-0.345,-4.644,0.000000,0.000000,0.00,0,0
1501,16663087,-3.141,0.879,-11.339,18.742,6.062,-2.020,-184.810,16.422,0.090,-0.320,-2.020,0.000000,0.000000,0.00,0,0
1502,16673141,-2.819,0.592,-10.931,18.620,5.299,0.178,-184.517,16.298,0.060,-0.287,0.178,0.000000,0.000000,0.00,0,0
1503,16683080,-2.330,0.274,-10.239,17.460,1.423,1.551,-184.131,16.016,0.028,-0.238,1.551,0.000000,0.000000,0.00,0,0
1504,16693090,-1.818,-0.081,-9.739,14.286,-5.229,2.070,-183.643,15.514,-0.008,-0.185,2.070,0.000000,0.000000,0.00,0,0
1505,16703080,-1.531,-0.360,-9.384,9.586,-12.737,1.703,-183.101,14.882,-0.037,-0.156,1.703,0.000000,0.000000,0.00,0,0
1506,16713090,-1.415,-0.507,-8.966,4.398,-19.908,-0.036,-182.571,14.215,-0.052,-0.144,-0.036,0.000000,0.000000,0.00,0,0
1507,16723083,-1.400,-0.572,-8.594,-0.332,-26.805,-2.996,-182.084,13.562,-0.058,-0.143,-2.996,0.000000,0.000000,0.00,0,0
1508,16733090,-1.498,-0.471,-8.382,-3.994,-32.726,-6.506,-181.720,12.980,-0.048,-0.153,-6.506,0.000000,0.000000,0.00,0,0
1509,16743083,-1.715,-0.235,-8.231,-6.252,-37.059,-9.405,-181.533,12.535,-0.024,-0.175,-9.405,0.000000,0.000000,0.00,0,0
1510,16753090,-1.946,0.028,-8.183,-7.107,-39.897,-10.870,-181.513,12.226,0.003,-0.198,-10.870,0.000000,0.000000,0.00,0,0
1511,16763086,-2.209,0.274,-8.246,-6.466,-40.874,-10.931,-181.623,12.058,0.028,-0.225,-10.931,0.000000,0.000000,0.00,0,0
1512,16773088,-2.471,0.508,-8.433,-3.841,-39.958,-9.802,-181.821,12.014,0.052,-0.252,-9.802,0.000000,0.000000,0.00,0,0
1513,16783080,-2.714,0.725,-8.596,0.889,-36.937,-7.635,-182.066,12.091,0.074,-0.277,-7.635,0.000000,0.000000,0.00,0,0
1514,16793091,-2.840,0.874,-8.647,6.565,-32.360,-4.400,-182.314,12.253,0.089,-0.290,-4.400,0.000000,0.000000,0.00,0,0
1515,16803083,-2.840,0.963,-8.551,13.065,-27.507,0.117,-182.533,12.459,0.098,-0.290,0.117,0.000000,0.000000,0.00,0,0
1516,16813084,-2.788,0.790,-8.548,17.796,-22.960,6.251,-182.602,12.669,0.081,-0.284,6.251,0.000000,0.000000,0.00,0,0
1517,16823085,-2.674,0.503,-8.344,20.451,-18.993,12.446,-182.500,12.879,0.051,-0.273,12.446,0.000000,0.000000,0.00,0,0
1518,16833090,-2.595,0.262,-8.238,21.366,-15.911,17.695,-182.271,13.082,0.027,-0.265,17.695,0.000000,0.000000,0.00,0,0
1519,16843086,-2.654,0.028,-8.368,21.427,-13.042,21.509,-181.933,13.304,0.003,-0.271,21.509,0.000000,0.000000,0.00,0,0
1520,16853090,-2.724,-0.184,-8.483,21.458,-9.990,23.462,-181.511,13.553,-0.019,-0.278,23.462,0.000000,0.000000,0.00,0,0
1521,16863090,-2.716,-0.307,-8.399,21.153,-7.396,24.225,-181.059,13.815,-0.031,-0.277,24.225,0.000000,0.000000,0.00,0,0
1522,16873096,-2.666,-0.341,-8.118,19.261,-5.901,24.286,-180.635,14.090,-0.035,-0.272,24.286,0.000000,0.000000,0.00,0,0
1523,16883095,-2.576,-0.416,-7.866,14.927,-6.175,24.561,-180.236,14.337,-0.042,-0.263,24.561,0.000000,0.000000,0.00,0,0
1524,16893098,-2.519,-0.534,-7.655,8.457,-8.190,25.019,-179.854,14.552,-0.054,-0.257,25.019,0.000000,0.000000,0.00,0,0
1525,16903102,-2.595,-0.695,-7.453,0.157,-10.784,25.263,-179.474,14.799,-0.071,-0.265,25.263,0.000000,0.000000,0.00,0,0
1526,16913100,-2.774,-0.715,-7.412,-8.480,-13.042,24.256,-179.190,15.106,-0.073,-0.283,24.256,0.000000,0.000000,0.00,0,0
1527,16923094,-2.976,-0.609,-7.388,-15.591,-14.202,21.692,-179.054,15.491,-0.062,-0.304,21.692,0.000000,0.000000,0.00,0,0
1528,16933095,-3.189,-0.421,-7.398,-19.649,-14.995,17.817,-179.078,15.947,-0.043,-0.325,17.817,0.000000,0.000000,0.00,0,0
1529,16943092,-3.320,-0.204,-7.220,-20.473,-16.033,13.575,-179.233,16.466,-0.021,-0.339,13.575,0.000000,0.000000,0.00,0,0
1530,16953108,-3.427,0.021,-7.059,-19.436,-17.681,10.218,-179.503,17.023,0.002,-0.349,10.218,0.000000,0.000000,0.00,0,0
1531,16963103,-3.618,0.199,-6.917,-17.513,-20.214,8.234,-179.849,17.645,0.020,-0.369,8.234,0.000000,0.000000,0.00,0,0
1532,16973094,-3.913,0.288,-6.898,-15.926,-23.021,7.166,-180.210,18.343,0.029,-0.399,7.166,0.000000,0.000000,0.00,0,0
1533,16983086,-4.257,0.426,-7.194,-14.797,-24.883,6.525,-180.610,19.049,0.043,-0.434,6.525,0.000000,0.000000,0.00,0,0
1534,16995278,-4.605,0.587,-7.585,-13.058,-24.547,6.159,-181.076,19.718,0.060,-0.470,6.159,0.000000,0.000000,0.00,0,0
1535,17003110,-4.901,0.660,-7.806,-10.464,-22.167,6.037,-181.484,20.469,0.067,-0.500,6.037,0.000000,0.000000,0.00,0,0
1536,17013095,-5.096,0.602,-7.996,-7.900,-18.840,5.671,-181.795,21.222,0.061,-0.520,5.671,0.000000,0.000000,0.00,0,0
1537,17023091,-5.182,0.510,-8.178,-6.313,-14.995,4.877,-182.010,21.942,0.052,-0.528,4.877,0.000000,0.000000,0.00,0,0
1538,17033101,-5.232,0.440,-8.308,-5.550,-11.119,3.840,-182.160,22.631,0.045,-0.534,3.840,0.000000,0.000000,0.00,0,0
1539,17043094,-5.177,0.505,-8.414,-4.848,-7.793,2.619,-182.324,23.249,0.052,-0.528,2.619,0.000000,0.000000,0.00,0,0
1540,17053095,-5.091,0.590,-8.534,-4.360,-5.565,1.307,-182.510,23.779,0.060,-0.519,1.307,0.000000,0.000000,0.00,0,0
1541,17063088,-4.970,0.643,-8.644,-3.780,-4.283,-0.128,-182.699,24.208,0.066,-0.507,-0.128,0.000000,0.000000,0.00,0,0
1542,17073097,-4.798,0.578,-8.709,-2.987,-4.680,-1.623,-182.831,24.521,0.059,-0.489,-1.623,0.000000,0.000000,0.00,0,0
1543,17083104,-4.674,0.310,-8.709,-3.445,-6.969,-3.454,-182.822,24.743,0.032,-0.477,-3.454,0.000000,0.000000,0.00,0,0
1544,17093105,-4.667,0.105,-8.820,-5.825,-10.356,-5.956,-182.732,24.892,0.011,-0.476,-5.956,0.000000,0.000000,0.00,0,0
1545,17103088,-4.772,0.086,-9.151,-9.701,-13.378,-9.313,-182.673,24.975,0.009,-0.487,-9.313,0.000000,0.000000,0.00,0,0
1546,17113092,-4.972,0.250,-9.583,-14.034,-14.659,-13.067,-182.732,25.031,0.025,-0.507,-13.067,0.000000,0.000000,0.00,0,0
1547,17123094,-5.225,0.387,-10.080,-17.483,-13.927,-17.034,-182.873,25.086,0.039,-0.533,-17.034,0.000000,0.000000,0.00,0,0
1548,17133109,-5.425,0.657,-10.417,-18.917,-11.638,-21.276,-183.124,25.165,0.067,-0.553,-21.276,0.000000,0.000000,0.00,0,0
1549,17143100,-5.485,1.069,-10.702,-18.154,-8.708,-24.633,-183.510,25.231,0.109,-0.559,-24.633,0.000000,0.000000,0.00,0,0
1550,17153092,-5.423,1.395,-10.971,-15.499,-5.687,-26.220,-183.960,25.250,0.142,-0.553,-26.220,0.000000,0.000000,0.00,0,0
1551,17163091,-5.265,1.474,-11.094,-12.508,-3.093,-26.098,-184.372,25.222,0.150,-0.537,-26.098,0.000000,0.000000,0.00,0,0
1552,17173101,-4.970,1.320,-11.036,-10.128,-1.781,-25.366,-184.674,25.123,0.135,-0.507,-25.366,0.000000,0.000000,0.00,0,0
1553,17183101,-4.600,1.009,-10.943,-9.518,-2.422,-24.450,-184.828,24.920,0.103,-0.469,-24.450,0.000000,0.000000,0.00,0,0
1554,17193096,-4.252,0.616,-10.714,-11.806,-4.894,-23.565,-184.840,24.625,0.063,-0.434,-23.565,0.000000,0.000000,0.00,0,0
1555,17203087,-3.937,0.124,-10.277,-18.032,-9.380,-23.260,-184.709,24.262,0.013,-0.401,-23.260,0.000000,0.000000,0.00,0,0
1556,17213099,-3.777,-0.360,-9.811,-27.767,-15.941,-24.542,-184.464,23.871,-0.037,-0.385,-24.542,0.000000,0.000000,0.00,0,0
1557,17223096,-4.042,-0.454,-9.689,-39.120,-22.808,-28.051,-184.298,23.568,-0.046,-0.412,-28.051,0.000000,0.000000,0.00,0,0
1558,17233095,-4.705,0.223,-10.174,-48.794,-26.836,-32.751,-184.535,23.419,0.023,-0.480,-32.751,0.000000,0.000000,0.00,0,0
1559,17243091,-5.373,1.310,-10.895,-52.730,-26.073,-36.199,-185.220,23.386,0.134,-0.548,-36.199,0.000000,0.000000,0.00,0,0
1560,17253094,-5.830,2.142,-11.293,-51.082,-21.556,-36.383,-186.134,23.460,0.218,-0.595,-36.383,0.000000,0.000000,0.00,0,0
1561,17263086,-5.957,2.699,-11.416,-45.833,-15.758,-33.972,-187.126,23.583,0.275,-0.607,-33.972,0.000000,0.000000,0.00,0,0
1562,17273090,-5.671,3.003,-11.543,-39.242,-10.143,-29.363,-188.080,23.635,0.306,-0.578,-29.363,0.000000,0.000000,0.00,0,0
1563,17283082,-5.127,2.841,-11.469,-32.619,-5.168,-23.596,-188.849,23.578,0.290,-0.523,-23.596,0.000000,0.000000,0.00,0,0
1564,17293086,-4.526,2.395,-11.240,-27.614,-2.147,-18.743,-189.368,23.402,0.244,-0.462,-18.743,0.000000,0.000000,0.00,0,0
1565,17303086,-4.004,2.010,-11.012,-24.624,-1.323,-15.905,-189.691,23.109,0.205,-0.408,-15.905,0.000000,0.000000,0.00,0,0
1566,17313092,-3.644,1.822,-10.856,-23.708,-2.117,-14.623,-189.918,22.726,0.186,-0.372,-14.623,0.000000,0.000000,0.00,0,0
1567,17325082,-3.420,1.706,-10.750,-24.715,-3.734,-14.654,-190.145,22.279,0.174,-0.349,-14.654,0.000000,0.000000,0.00,0,0
1568,17333083,-3.301,1.658,-10.604,-26.668,-5.535,-15.570,-190.314,21.830,0.169,-0.337,-15.570,0.000000,0.000000,0.00,0,0
1569,17343081,-3.231,1.749,-10.438,-29.049,-7.274,-16.729,-190.541,21.390,0.178,-0.330,-16.729,0.000000,0.000000,0.00,0,0
1570,17353086,-3.177,1.913,-10.246,-31.368,-8.495,-17.797,-190.854,20.972,0.195,-0.324,-17.797,0.000000,0.000000,0.00,0,0
1571,17363084,-3.110,2.072,-10.013,-32.497,-9.929,-18.469,-191.239,20.570,0.211,-0.317,-18.469,0.000000,0.000000,0.00,0,0
1572,17373089,-3.019,2.178,-9.499,-33.321,-12.218,-17.919,-191.697,20.201,0.222,-0.308,-17.919,0.000000,0.000000,0.00,0,0
1573,17383087,-2.988,2.174,-9.091,-35.000,-15.575,-16.668,-192.175,19.869,0.222,-0.305,-16.668,0.000000,0.000000,0.00,0,0
1574,17393083,-3.014,2.157,-8.733,-36.312,-18.993,-15.814,-192.662,19.593,0.220,-0.307,-15.814,0.000000,0.000000,0.00,0,0
1575,17403081,-3.177,2.215,-8.466,-37.685,-21.648,-15.081,-193.184,19.423,0.226,-0.324,-15.081,0.000000,0.000000,0.00,0,0
1576,17413086,-3.348,2.280,-8.289,-39.669,-22.960,-14.196,-193.740,19.356,0.232,-0.341,-14.196,0.000000,0.000000,0.00,0,0
1577,17423087,-3.456,2.391,-8.058,-40.890,-22.930,-13.311,-194.352,19.376,0.244,-0.352,-13.311,0.000000,0.000000,0.00,0,0
1578,17433083,-3.608,2.542,-7.953,-41.958,-21.251,-12.640,-195.020,19.489,0.259,-0.368,-12.640,0.000000,0.000000,0.00,0,0
1579,17443085,-3.806,2.829,-7.888,-41.683,-18.444,-12.396,-195.787,19.701,0.289,-0.388,-12.396,0.000000,0.000000,0.00,0,0
1580,17453090,-3.963,3.227,-7.741,-38.906,-15.514,-11.602,-196.693,19.989,0.329,-0.404,-11.602,0.000000,0.000000,0.00,0,0
1581,17463082,-4.118,3.618,-7.744,-34.267,-13.133,-9.222,-197.671,20.311,0.369,-0.420,-9.222,0.000000,0.000000,0.00,0,0
1582,17473084,-4.207,3.873,-8.041,-27.370,-10.295,-5.468,-198.563,20.597,0.395,-0.429,-5.468,0.000000,0.000000,0.00,0,0
1583,17483082,-4.211,3.866,-8.296,-18.917,-6.969,-0.524,-199.252,20.852,0.394,-0.429,-0.524,0.000000,0.000000,0.00,0,0
1584,17493084,-4.099,3.731,-8.354,-11.684,-3.917,4.908,-199.752,21.071,0.380,-0.418,4.908,0.000000,0.000000,0.00,0,0
1585,17503087,-3.880,3.432,-8.387,-6.496,-1.811,10.004,-200.026,21.220,0.350,-0.396,10.004,0.000000,0.000000,0.00,0,0
1586,17513086,-3.673,2.885,-8.325,-3.353,-0.286,13.514,-200.010,21.329,0.294,-0.374,13.514,0.000000,0.000000,0.00,0,0
1587,17523081,-3.537,2.284,-8.181,-1.736,0.630,14.155,-199.711,21.437,0.233,-0.361,14.155,0.000000,0.000000,0.00,0,0
1588,17533083,-3.429,1.969,-7.967,-0.484,1.332,12.049,-199.292,21.549,0.201,-0.350,12.049,0.000000,0.000000,0.00,0,0
1589,17543087,-3.315,1.805,-7.700,1.225,1.546,9.180,-198.835,21.658,0.184,-0.338,9.180,0.000000,0.000000,0.00,0,0
1590,17553083,-3.293,1.730,-7.403,2.384,1.118,6.678,-198.400,21.808,0.176,-0.336,6.678,0.000000,0.000000,0.00,0,0
1591,17563085,-3.379,1.650,-7.155,2.659,0.630,4.603,-197.983,22.041,0.168,-0.345,4.603,0.000000,0.000000,0.00,0,0
1592,17573089,-3.556,1.631,-7.131,2.384,0.050,2.558,-197.592,22.343,0.166,-0.363,2.558,0.000000,0.000000,0.00,0,0
1593,17583082,-3.751,1.658,-7.165,2.201,-0.286,0.544,-197.244,22.704,0.169,-0.383,0.544,0.000000,0.000000,0.00,0,0
1594,17593090,-3.963,1.552,-7.191,2.598,0.081,-1.776,-196.853,23.139,0.158,-0.404,-1.776,0.000000,0.000000,0.00,0,0
1595,17603082,-4.171,1.407,-7.129,3.697,1.271,-4.827,-196.404,23.670,0.143,-0.425,-4.827,0.000000,0.000000,0.00,0,0
1596,17613090,-4.369,1.342,-7.040,4.856,2.736,-8.184,-195.950,24.290,0.137,-0.445,-8.184,0.000000,0.000000,0.00,0,0
1597,17623081,-4.572,1.397,-7.025,5.772,4.048,-11.236,-195.557,24.966,0.142,-0.466,-11.236,0.000000,0.000000,0.00,0,0
1598,17633084,-4.784,1.525,-7.047,6.626,5.299,-13.159,-195.260,25.679,0.156,-0.488,-13.159,0.000000,0.000000,0.00,0,0
1599,17656152,-5.120,1.624,-7.227,7.359,7.344,-12.426,-194.934,26.598,0.166,-0.522,-12.426,0.000000,0.000000,0.00,0,0
1600,17657472,-5.120,1.624,-7.227,7.359,7.344,-12.426,-194.673,27.388,0.166,-0.522,-12.426,0.000000,0.000000,0.00,0,0
1601,17663082,-5.306,1.527,-7.347,6.443,7.985,-10.504,-194.389,28.126,0.156,-0.541,-10.504,0.000000,0.000000,0.00,0,0
1602,17673153,-5.401,1.272,-7.563,4.490,8.687,-8.795,-193.968,28.794,0.130,-0.551,-8.795,0.000000,0.000000,0.00,0,0
1603,17683083,-5.454,0.985,-7.609,1.682,9.846,-8.520,-193.434,29.432,0.100,-0.556,-8.520,0.000000,0.000000,0.00,0,0
1604,17693092,-5.492,0.749,-7.648,-1.858,10.975,-9.649,-192.836,30.036,0.076,-0.560,-9.649,0.000000,0.000000,0.00,0,0
1605,17703086,-5.504,0.836,-7.664,-5.825,11.830,-11.755,-192.378,30.593,0.085,-0.561,-11.755,0.000000,0.000000,0.00,0,0
1606,17713093,-5.487,1.212,-7.748,-8.999,11.891,-13.433,-192.202,31.061,0.124,-0.560,-13.433,0.000000,0.000000,0.00,0,0
1607,17723083,-5.532,1.556,-7.981,-10.799,11.983,-13.738,-192.227,31.431,0.159,-0.564,-13.738,0.000000,0.000000,0.00,0,0
1608,17733090,-5.664,1.891,-8.226,-10.250,12.166,-13.189,-192.397,31.744,0.193,-0.578,-13.189,0.000000,0.000000,0.00,0,0
1609,17743083,-5.900,2.140,-8.654,-8.999,12.776,-11.511,-192.615,32.008,0.218,-0.602,-11.511,0.000000,0.000000,0.00,0,0
1610,17753092,-5.997,2.316,-9.024,-7.381,14.393,-9.558,-192.841,32.210,0.236,-0.612,-9.558,0.000000,0.000000,0.00,0,0
1611,17763086,-5.959,2.422,-9.297,-4.421,16.987,-8.795,-193.037,32.345,0.247,-0.608,-8.795,0.000000,0.000000,0.00,0,0
1612,17773089,-5.857,2.480,-9.626,-1.003,20.222,-8.917,-193.175,32.397,0.253,-0.597,-8.917,0.000000,0.000000,0.00,0,0
1613,17783083,-5.687,2.506,-9.778,2.445,23.793,-9.954,-193.264,32.393,0.256,-0.580,-9.954,0.000000,0.000000,0.00,0,0
1614,17793086,-5.416,2.595,-9.893,6.230,26.753,-11.236,-193.337,32.301,0.265,-0.552,-11.236,0.000000,0.000000,0.00,0,0
1615,17803086,-5.036,2.624,-9.775,10.288,27.608,-11.267,-193.391,32.113,0.268,-0.514,-11.267,0.000000,0.000000,0.00,0,0
1616,17813093,-4.767,2.465,-9.533,12.486,25.441,-9.649,-193.380,31.872,0.251,-0.486,-9.649,0.000000,0.000000,0.00,0,0
1617,17823088,-4.657,2.405,-9.535,12.058,21.382,-7.482,-193.348,31.574,0.245,-0.475,-7.482,0.000000,0.000000,0.00,0,0
1618,17833086,-4.552,2.468,-9.665,11.234,16.804,-5.346,-193.338,31.194,0.252,-0.464,-5.346,0.000000,0.000000,0.00,0,0
1619,17843082,-4.498,2.523,-9.778,11.601,12.196,-3.271,-193.337,30.762,0.257,-0.459,-3.271,0.000000,0.000000,0.00,0,0
1620,17853086,-4.548,2.564,-9.927,12.150,8.412,-1.318,-193.332,30.321,0.261,-0.464,-1.318,0.000000,0.000000,0.00,0,0
1621,17863092,-4.653,2.497,-10.100,12.669,6.184,0.147,-193.277,29.906,0.255,-0.474,0.147,0.000000,0.000000,0.00,0,0
1622,17873095,-4.793,2.475,-10.256,13.584,5.635,0.513,-193.193,29.545,0.252,-0.489,0.513,0.000000,0.000000,0.00,0,0
1623,17883097,-4.779,2.477,-10.364,14.347,6.459,0.178,-193.099,29.197,0.253,-0.487,0.178,0.000000,0.000000,0.00,0,0
1624,17893115,-4.574,2.460,-10.263,15.446,7.924,-0.250,-193.005,28.834,0.251,-0.466,-0.250,0.000000,0.000000,0.00,0,0
1625,17903094,-4.362,2.202,-10.126,16.911,8.931,-0.891,-192.812,28.462,0.225,-0.445,-0.891,0.000000,0.000000,0.00,0,0
1626,17913095,-4.228,2.036,-10.083,17.185,9.602,-1.776,-192.565,28.087,0.208,-0.431,-1.776,0.000000,0.000000,0.00,0,0
1627,17923112,-4.211,2.164,-10.028,17.430,9.999,-2.264,-192.393,27.743,0.221,-0.429,-2.264,0.000000,0.000000,0.00,0,0
1628,17933104,-4.295,2.183,-10.066,17.552,10.518,-1.776,-192.239,27.454,0.223,-0.438,-1.776,0.000000,0.000000,0.00,0,0
1629,17943091,-4.388,2.147,-10.167,18.131,12.013,-1.074,-192.066,27.220,0.219,-0.447,-1.074,0.000000,0.000000,0.00,0,0
1630,17953095,-4.462,2.135,-10.244,18.681,14.332,0.361,-191.890,27.041,0.218,-0.455,0.361,0.000000,0.000000,0.00,0,0
1631,17963096,-4.493,2.137,-10.352,18.681,17.293,2.955,-191.720,26.898,0.218,-0.458,2.955,0.000000,0.000000,0.00,0,0
1632,17973097,-4.507,2.157,-10.455,18.772,21.016,6.464,-191.561,26.790,0.220,-0.460,6.464,0.000000,0.000000,0.00,0,0
1633,17983103,-4.409,2.202,-10.469,19.352,24.769,10.737,-191.425,26.686,0.225,-0.450,10.737,0.000000,0.000000,0.00,0,0
1634,17995306,-4.197,2.234,-10.465,20.634,27.852,15.986,-191.266,26.594,0.228,-0.428,15.986,0.000000,0.000000,0.00,0,0
1635,18003090,-3.937,2.096,-10.419,21.580,30.171,21.570,-191.095,26.390,0.214,-0.401,21.570,0.000000,0.000000,0.00,0,0
1636,18013093,-3.584,1.715,-10.224,21.366,31.209,26.148,-190.795,26.115,0.175,-0.366,26.148,0.000000,0.000000,0.00,0,0
1637,18023096,-3.160,1.168,-9.977,18.833,30.171,28.559,-190.322,25.728,0.119,-0.322,28.559,0.000000,0.000000,0.00,0,0
1638,18033097,-2.745,0.597,-9.677,13.859,27.180,28.040,-189.689,25.216,0.061,-0.280,28.040,0.000000,0.000000,0.00,0,0
1639,18043085,-2.309,0.199,-9.199,5.833,22.450,24.866,-189.002,24.567,0.020,-0.235,24.866,0.000000,0.000000,0.00,0,0
1640,18053090,-1.965,0.107,-8.498,-2.712,15.675,19.831,-188.408,23.825,0.011,-0.200,19.831,0.000000,0.000000,0.00,0,0
1641,18063090,-1.841,0.223,-8.025,-10.250,7.008,14.429,-187.996,23.052,0.023,-0.188,14.429,0.000000,0.000000,0.00,0,0
1642,18073103,-1.908,0.445,-7.686,-15.041,-1.964,8.997,-187.793,22.332,0.045,-0.195,8.997,0.000000,0.000000,0.00,0,0
1643,18083085,-2.251,0.809,-7.575,-17.422,-9.746,4.328,-187.841,21.792,0.082,-0.230,4.328,0.000000,0.000000,0.00,0,0
1644,18093093,-2.592,1.074,-7.465,-16.537,-15.697,1.215,-188.038,21.431,0.110,-0.264,1.215,0.000000,0.000000,0.00,0,0
1645,18103097,-2.879,1.260,-7.419,-13.454,-19.206,-0.494,-188.302,21.215,0.128,-0.294,-0.494,0.000000,0.000000,0.00,0,0
1646,18113108,-3.100,1.337,-7.350,-9.029,-20.122,-1.165,-188.557,21.131,0.136,-0.316,-1.165,0.000000,0.000000,0.00,0,0
1647,18123089,-3.239,1.303,-7.342,-3.994,-19.603,-0.677,-188.727,21.130,0.133,-0.330,-0.677,0.000000,0.000000,0.00,0,0
1648,18133101,-3.327,1.277,-7.338,0.919,-18.016,0.940,-188.824,21.190,0.130,-0.339,0.940,0.000000,0.000000,0.00,0,0
1649,18143096,-3.441,1.207,-7.359,4.948,-15.819,3.809,-188.834,21.319,0.123,-0.351,3.809,0.000000,0.000000,0.00,0,0
1650,18153093,-3.470,1.096,-7.494,7.786,-13.194,7.593,-188.740,21.450,0.112,-0.354,7.593,0.000000,0.000000,0.00,0,0
1651,18163099,-3.584,1.019,-7.645,9.648,-9.685,11.927,-188.580,21.628,0.104,-0.366,11.927,0.000000,0.000000,0.00,0,0
1652,18173103,-3.634,0.893,-7.736,10.227,-5.443,16.504,-188.351,21.839,0.091,-0.371,16.504,0.000000,0.000000,0.00,0,0
1653,18183086,-3.658,0.792,-7.796,9.251,-0.957,21.082,-188.088,22.075,0.081,-0.373,21.082,0.000000,0.000000,0.00,0,0
1654,18193099,-3.644,0.669,-7.820,6.748,3.621,25.232,-187.798,22.326,0.068,-0.372,25.232,0.000000,0.000000,0.00,0,0
1655,18203098,-3.568,0.573,-7.784,2.812,7.954,28.834,-187.514,22.573,0.058,-0.364,28.834,0.000000,0.000000,0.00,0,0
1656,18213097,-3.477,0.527,-7.710,-2.437,11.433,31.824,-187.278,22.806,0.054,-0.355,31.824,0.000000,0.000000,0.00,0,0
1657,18223090,-3.372,0.500,-7.592,-8.419,13.844,33.747,-187.104,23.020,0.051,-0.344,33.747,0.000000,0.000000,0.00,0,0
1658,18233091,-3.370,0.464,-7.496,-14.492,15.523,34.083,-186.982,23.252,0.047,-0.344,34.083,0.000000,0.000000,0.00,0,0
1659,18243093,-3.415,0.541,-7.583,-20.595,17.018,33.014,-186.967,23.483,0.055,-0.348,33.014,0.000000,0.000000,0.00,0,0
1660,18253093,-3.541,0.749,-7.720,-25.844,19.246,30.756,-187.113,23.744,0.076,-0.361,30.756,0.000000,0.000000,0.00,0,0
1661,18263080,-3.618,1.014,-7.772,-29.323,21.962,27.888,-187.425,24.027,0.103,-0.369,27.888,0.000000,0.000000,0.00,0,0
1662,18273089,-3.716,1.366,-7.801,-30.453,24.830,25.232,-187.915,24.343,0.139,-0.379,25.232,0.000000,0.000000,0.00,0,0
1663,18283084,-3.720,1.732,-7.904,-28.408,27.424,23.188,-188.534,24.625,0.177,-0.379,23.188,0.000000,0.000000,0.00,0,0
1664,18293091,-3.637,1.995,-7.986,-23.067,28.767,21.387,-189.185,24.832,0.203,-0.371,21.387,0.000000,0.000000,0.00,0,0
1665,18303085,-3.448,2.055,-8.056,-14.950,28.035,20.197,-189.733,24.916,0.210,-0.352,20.197,0.000000,0.000000,0.00,0,0
1666,18313090,-3.289,1.879,-8.080,-5.916,24.891,18.976,-190.062,24.896,0.192,-0.335,18.976,0.000000,0.000000,0.00,0,0
1667,18323086,-3.198,1.597,-8.258,1.927,19.826,17.237,-190.129,24.768,0.163,-0.326,17.237,0.000000,0.000000,0.00,0,0
1668,18334950,-3.229,1.339,-8.551,7.816,14.485,15.345,-189.970,24.594,0.137,-0.329,15.345,0.000000,0.000000,0.00,0,0
1669,18343085,-3.334,1.113,-8.824,11.143,9.877,13.239,-189.669,24.373,0.113,-0.340,13.239,0.000000,0.000000,0.00,0,0
1670,18353091,-3.398,0.881,-9.069,11.875,6.032,11.042,-189.258,24.127,0.090,-0.347,11.042,0.000000,0.000000,0.00,0,0
1671,18363088,-3.441,0.592,-9.170,9.892,2.797,8.814,-188.755,23.876,0.060,-0.351,8.814,0.000000,0.000000,0.00,0,0
1672,18373086,-3.463,0.450,-9.151,6.169,-0.225,6.586,-188.257,23.630,0.046,-0.353,6.586,0.000000,0.000000,0.00,0,0
1673,18383088,-3.532,0.423,-9.117,1.805,-3.307,4.389,-187.825,23.409,0.043,-0.360,4.389,0.000000,0.000000,0.00,0,0
1674,18393086,-3.663,0.515,-9.168,-2.376,-6.023,2.131,-187.509,23.226,0.053,-0.374,2.131,0.000000,0.000000,0.00,0,0
1675,18403088,-3.847,0.703,-9.245,-5.367,-7.976,-0.006,-187.332,23.100,0.072,-0.392,-0.006,0.000000,0.000000,0.00,0,0
1676,18413086,-4.004,0.971,-9.317,-7.198,-9.258,-1.531,-187.308,23.018,0.099,-0.408,-1.531,0.000000,0.000000,0.00,0,0
1677,18423092,-4.164,1.214,-9.398,-7.656,-9.960,-1.867,-187.399,22.980,0.124,-0.425,-1.867,0.000000,0.000000,0.00,0,0
1678,18433092,-4.266,1.364,-9.485,-7.229,-10.326,-1.165,-187.541,22.964,0.139,-0.435,-1.165,0.000000,0.000000,0.00,0,0
1679,18443087,-4.328,1.453,-9.672,-6.679,-10.967,-0.067,-187.696,22.932,0.148,-0.441,-0.067,0.000000,0.000000,0.00,0,0
1680,18453091,-4.374,1.496,-9.929,-6.191,-11.211,0.849,-187.836,22.876,0.153,-0.446,0.849,0.000000,0.000000,0.00,0,0
1681,18463086,-4.347,1.513,-10.184,-5.947,-10.478,1.124,-187.954,22.781,0.154,-0.443,1.124,0.000000,0.000000,0.00,0,0
1682,18473089,-4.288,1.564,-10.469,-5.703,-9.136,0.696,-188.064,22.641,0.159,-0.437,0.696,0.000000,0.000000,0.00,0,0
1683,18483082,-4.128,1.650,-10.623,-5.337,-7.854,-0.280,-188.188,22.443,0.168,-0.421,-0.280,0.000000,0.000000,0.00,0,0
1684,18493086,-3.942,1.756,-10.770,-4.757,-7.549,-1.287,-188.331,22.176,0.179,-0.402,-1.287,0.000000,0.000000,0.00,0,0
1685,18503082,-3.801,1.814,-10.890,-4.207,-7.762,-1.928,-188.472,21.862,0.185,-0.388,-1.928,0.000000,0.000000,0.00,0,0
1686,18513086,-3.766,1.937,-10.986,-3.536,-8.129,-2.569,-188.638,21.541,0.198,-0.384,-2.569,0.000000,0.000000,0.00,0,0
1687,18523088,-3.689,2.039,-11.007,-2.254,-8.953,-3.210,-188.817,21.205,0.208,-0.376,-3.210,0.000000,0.000000,0.00,0,0
1688,18533089,-3.563,1.891,-10.851,-1.339,-10.753,-4.278,-188.928,20.855,0.193,-0.363,-4.278,0.000000,0.000000,0.00,0,0
1689,18543086,-3.463,1.648,-10.522,-1.919,-13.927,-6.445,-188.960,20.508,0.168,-0.353,-6.445,0.000000,0.000000,0.00,0,0
1690,18553089,-3.494,1.566,-10.431,-3.567,-18.169,-9.588,-188.977,20.173,0.160,-0.356,-9.588,0.000000,0.000000,0.00,0,0
1691,18563085,-3.837,1.826,-10.645,-4.879,-21.129,-13.037,-189.097,19.930,0.186,-0.391,-13.037,0.000000,0.000000,0.00,0,0
1692,18573092,-4.340,2.424,-11.024,-4.604,-20.702,-15.325,-189.409,19.823,0.247,-0.443,-15.325,0.000000,0.000000,0.00,0,0
1693,18583082,-4.705,2.935,-11.296,-2.376,-17.192,-15.234,-189.842,19.827,0.299,-0.480,-15.234,0.000000,0.000000,0.00,0,0
1694,18593091,-4.817,3.246,-11.375,1.682,-12.126,-12.853,-190.309,19.893,0.331,-0.491,-12.853,0.000000,0.000000,0.00,0,0
1695,18603082,-4.598,3.258,-11.377,5.772,-7.488,-8.978,-190.707,19.926,0.332,-0.469,-8.978,0.000000,0.000000,0.00,0,0
1696,18613092,-4.197,2.878,-11.284,8.396,-4.161,-5.194,-190.922,19.880,0.293,-0.428,-5.194,0.000000,0.000000,0.00,0,0
1697,18623085,-3.820,2.456,-11.185,8.579,-2.544,-3.088,-190.972,19.746,0.250,-0.390,-3.088,0.000000,0.000000,0.00,0,0
1698,18633086,-3.568,2.188,-11.226,5.558,-2.239,-2.722,-190.943,19.540,0.223,-0.364,-2.722,0.000000,0.000000,0.00,0,0
1699,18664673,-3.191,2.482,-11.017,-6.435,-0.469,-6.140,-191.336,19.195,0.253,-0.325,-6.140,0.000000,0.000000,0.00,0,0
1700,18665990,-3.191,2.482,-11.017,-6.435,-0.469,-6.140,-191.636,18.866,0.253,-0.325,-6.140,0.000000,0.000000,0.00,0,0
1701,18667295,-3.191,2.482,-11.017,-6.435,-0.469,-6.140,-191.842,18.573,0.253,-0.325,-6.140,0.000000,0.000000,0.00,0,0
1702,18673145,-2.962,2.591,-10.681,-7.442,-0.682,-7.604,-192.088,18.251,0.264,-0.302,-7.604,0.000000,0.000000,0.00,0,0
1703,18683080,-2.752,2.540,-10.397,-7.442,-2.208,-8.825,-192.318,17.893,0.259,-0.281,-8.825,0.000000,0.000000,0.00,0,0
1704,18693090,-2.445,2.574,-9.850,-6.527,-4.619,-9.985,-192.596,17.472,0.262,-0.249,-9.985,0.000000,0.000000,0.00,0,0
1705,18703080,-2.173,2.648,-9.197,-2.376,-8.556,-11.755,-192.929,16.995,0.270,-0.222,-11.755,0.000000,0.000000,0.00,0,0
1706,18713090,-2.163,2.444,-8.817,2.262,-13.317,-13.403,-193.140,16.564,0.249,-0.221,-13.403,0.000000,0.000000,0.00,0,0
1707,18723086,-2.230,2.284,-8.363,6.443,-17.803,-15.203,-193.275,16.222,0.233,-0.227,-15.203,0.000000,0.000000,0.00,0,0
1708,18733090,-2.361,2.130,-8.022,9.648,-21.709,-16.638,-193.335,15.993,0.217,-0.241,-16.638,0.000000,0.000000,0.00,0,0
1709,18743086,-2.690,2.099,-7.931,10.838,-23.754,-17.431,-193.373,15.947,0.214,-0.274,-17.431,0.000000,0.000000,0.00,0,0
1710,18753084,-3.045,2.258,-7.900,10.899,-23.326,-16.912,-193.498,16.083,0.230,-0.311,-16.912,0.000000,0.000000,0.00,0,0
1711,18763083,-3.377,2.318,-8.037,9.922,-20.152,-14.776,-193.631,16.366,0.236,-0.344,-14.776,0.000000,0.000000,0.00,0,0
1712,18773088,-3.575,2.436,-7.957,9.373,-14.659,-11.694,-193.832,16.774,0.248,-0.365,-11.694,0.000000,0.000000,0.00,0,0
1713,18783087,-3.699,2.670,-7.936,9.709,-8.312,-7.696,-194.137,17.253,0.272,-0.377,-7.696,0.000000,0.000000,0.00,0,0
1714,18793089,-3.770,2.906,-7.969,11.143,-1.750,-2.355,-194.516,17.762,0.296,-0.384,-2.355,0.000000,0.000000,0.00,0,0
1715,18803080,-3.761,3.010,-7.998,13.554,4.567,3.870,-194.887,18.272,0.307,-0.383,3.870,0.000000,0.000000,0.00,0,0
1716,18813084,-3.623,2.822,-8.063,15.507,9.999,10.462,-195.107,18.731,0.288,-0.369,10.462,0.000000,0.000000,0.00,0,0
1717,18823080,-3.317,2.448,-8.044,16.056,14.058,16.047,-195.120,19.078,0.250,-0.338,16.047,0.000000,0.000000,0.00,0,0
1718,18833085,-2.960,2.026,-7.941,14.469,16.194,19.465,-194.944,19.288,0.207,-0.302,19.465,0.000000,0.000000,0.00,0,0
1719,18843083,-2.805,1.788,-7.933,10.960,16.957,20.563,-194.689,19.425,0.182,-0.286,20.563,0.000000,0.000000,0.00,0,0
1720,18853088,-2.783,1.749,-7.986,6.107,16.865,20.502,-194.471,19.532,0.178,-0.284,20.502,0.000000,0.000000,0.00,0,0
1721,18863083,-2.783,1.797,-7.962,0.553,15.797,20.380,-194.351,19.624,0.183,-0.284,20.380,0.000000,0.000000,0.00,0,0
1722,18873088,-2.848,1.935,-7.871,-5.520,14.210,20.807,-194.380,19.735,0.197,-0.290,20.807,0.000000,0.000000,0.00,0,0
1723,18883083,-3.074,2.094,-7.816,-11.379,12.105,21.753,-194.552,19.929,0.214,-0.313,21.753,0.000000,0.000000,0.00,0,0
1724,18893084,-3.253,2.169,-7.763,-16.384,10.060,22.577,-194.804,20.180,0.221,-0.332,22.577,0.000000,0.000000,0.00,0,0
1725,18903080,-3.379,2.164,-7.748,-19.893,8.809,22.242,-195.068,20.461,0.221,-0.345,22.242,0.000000,0.000000,0.00,0,0
1726,18913084,-3.465,2.152,-7.638,-21.541,8.534,20.685,-195.338,20.781,0.219,-0.353,20.685,0.000000,0.000000,0.00,0,0
1727,18923080,-3.518,2.176,-7.388,-21.084,8.198,18.183,-195.634,21.146,0.222,-0.359,18.183,0.000000,0.000000,0.00,0,0
1728,18933085,-3.620,2.248,-7.201,-18.154,7.069,15.680,-195.952,21.556,0.229,-0.369,15.680,0.000000,0.000000,0.00,0,0
1729,18943080,-3.780,2.321,-7.066,-13.302,4.933,13.910,-196.266,22.016,0.237,-0.385,13.910,0.000000,0.000000,0.00,0,0
1730,18953085,-4.011,2.427,-7.076,-7.686,2.400,13.239,-196.560,22.513,0.247,-0.409,13.239,0.000000,0.000000,0.00,0,0
1731,18963080,-4.257,2.475,-7.179,-2.071,0.111,13.575,-196.788,23.033,0.252,-0.434,13.575,0.000000,0.000000,0.00,0,0
1732,18973085,-4.474,2.345,-7.374,2.659,-1.048,14.643,-196.848,23.562,0.239,-0.456,14.643,0.000000,0.000000,0.00,0,0
1733,18983080,-4.617,2.140,-7.595,6.260,-0.896,15.284,-196.725,24.074,0.218,-0.471,15.284,0.000000,0.000000,0.00,0,0
1734,18995040,-4.655,1.971,-7.768,8.488,-0.072,15.040,-196.463,24.547,0.201,-0.475,15.040,0.000000,0.000000,0.00,0,0
1735,19003083,-4.669,1.908,-7.873,9.220,0.905,14.551,-196.178,24.977,0.195,-0.476,14.551,0.000000,0.000000,0.00,0,0
1736,19013086,-4.688,1.756,-8.049,8.763,1.454,13.727,-195.817,25.354,0.179,-0.478,13.727,0.000000,0.000000,0.00,0,0
1737,19023083,-4.643,1.609,-8.282,7.328,2.003,12.293,-195.397,25.643,0.164,-0.473,12.293,0.000000,0.000000,0.00,0,0
1738,19033086,-4.598,1.621,-8.394,5.558,2.492,10.798,-195.021,25.871,0.165,-0.469,10.798,0.000000,0.000000,0.00,0,0
1739,19043083,-4.610,1.802,-8.529,3.727,2.583,9.638,-194.768,26.052,0.184,-0.470,9.638,0.000000,0.000000,0.00,0,0
1740,19053092,-4.629,1.935,-8.769,2.659,2.278,9.058,-194.583,26.170,0.197,-0.472,9.058,0.000000,0.000000,0.00,0,0
1741,19063086,-4.579,1.981,-8.928,2.110,1.729,8.753,-194.423,26.222,0.202,-0.467,8.753,0.000000,0.000000,0.00,0,0
1742,19073086,-4.479,1.978,-9.052,1.957,1.210,8.234,-194.263,26.203,0.202,-0.457,8.234,0.000000,0.000000,0.00,0,0
1743,19083088,-4.412,1.925,-9.031,2.232,0.386,6.830,-194.090,26.159,0.196,-0.450,6.830,0.000000,0.000000,0.00,0,0
1744,19093086,-4.419,1.930,-9.105,2.415,-1.048,4.786,-193.923,26.094,0.197,-0.451,4.786,0.000000,0.000000,0.00,0,0
1745,19103088,-4.541,2.075,-9.401,2.659,-1.781,2.375,-193.804,26.015,0.212,-0.463,2.375,0.000000,0.000000,0.00,0,0
1746,19113090,-4.722,2.395,-9.773,3.941,-0.408,0.391,-193.784,25.947,0.244,-0.481,0.391,0.000000,0.000000,0.00,0,0
1747,19123083,-4.750,2.665,-10.018,6.931,1.942,-0.433,-193.824,25.866,0.272,-0.484,-0.433,0.000000,0.000000,0.00,0,0
1748,19133092,-4.607,2.776,-10.020,10.594,3.743,-0.067,-193.872,25.753,0.283,-0.470,-0.067,0.000000,0.000000,0.00,0,0
1749,19143086,-4.462,2.827,-9.972,14.256,4.139,1.185,-193.909,25.605,0.288,-0.455,1.185,0.000000,0.000000,0.00,0,0
1750,19153089,-4.371,2.658,-10.184,17.063,3.346,2.711,-193.825,25.405,0.271,-0.446,2.711,0.000000,0.000000,0.00,0,0
1751,19163086,-4.238,2.511,-10.357,18.742,3.102,3.718,-193.656,25.152,0.256,-0.432,3.718,0.000000,0.000000,0.00,0,0
1752,19173090,-4.233,2.468,-10.474,19.169,3.712,3.748,-193.467,24.906,0.252,-0.432,3.748,0.000000,0.000000,0.00,0,0
1753,19183088,-4.214,2.444,-10.618,19.138,5.452,2.863,-193.270,24.671,0.249,-0.430,2.863,0.000000,0.000000,0.00,0,0
1754,19193086,-4.116,2.446,-10.806,18.803,8.076,1.490,-193.076,24.419,0.249,-0.420,1.490,0.000000,0.000000,0.00,0,0
1755,19203082,-3.956,2.378,-10.820,19.444,11.311,-0.036,-192.863,24.161,0.243,-0.403,-0.036,0.000000,0.000000,0.00,0,0
1756,19213086,-3.768,2.335,-10.693,20.939,13.600,-1.928,-192.646,23.893,0.238,-0.384,-1.928,0.000000,0.000000,0.00,0,0
1757,19223082,-3.711,2.374,-10.779,22.740,14.760,-3.454,-192.438,23.624,0.242,-0.378,-3.454,0.000000,0.000000,0.00,0,0
1758,19233091,-3.749,2.434,-10.945,24.784,15.462,-3.759,-192.235,23.375,0.248,-0.382,-3.759,0.000000,0.000000,0.00,0,0
1759,19243088,-3.887,2.504,-11.036,27.012,16.041,-2.050,-192.046,23.186,0.255,-0.396,-2.050,0.000000,0.000000,0.00,0,0
1760,19253092,-4.004,2.569,-11.264,29.057,17.109,1.185,-191.858,23.034,0.262,-0.408,1.185,0.000000,0.000000,0.00,0,0
1761,19263088,-4.254,2.675,-11.728,30.888,19.581,5.701,-191.667,22.943,0.273,-0.434,5.701,0.000000,0.000000,0.00,0,0
1762,19273092,-4.366,2.827,-12.139,32.566,24.342,11.500,-191.495,22.891,0.288,-0.445,11.500,0.000000,0.000000,0.00,0,0
1763,19283082,-4.355,2.849,-12.501,33.207,30.873,18.213,-191.310,22.860,0.290,-0.444,18.213,0.000000,0.000000,0.00,0,0
1764,19293086,-3.954,2.557,-12.348,32.627,37.495,24.805,-191.058,22.789,0.261,-0.403,24.805,0.000000,0.000000,0.00,0,0
1765,19303086,-3.193,2.012,-11.663,30.583,40.791,28.986,-190.697,22.578,0.205,-0.326,28.986,0.000000,0.000000,0.00,0,0
1766,19313091,-2.385,1.397,-10.983,25.395,38.655,29.719,-190.217,22.137,0.142,-0.243,29.719,0.000000,0.000000,0.00,0,0
1767,19323082,-1.651,0.881,-10.306,17.613,31.880,27.613,-189.666,21.431,0.090,-0.168,27.613,0.000000,0.000000,0.00,0,0
1768,19333086,-1.193,0.356,-9.682,7.237,22.084,23.005,-189.039,20.531,0.036,-0.122,23.005,0.000000,0.000000,0.00,0,0
1769,19347123,-1.054,0.168,-9.113,-4.635,10.670,15.986,-188.496,19.570,0.017,-0.108,15.986,0.000000,0.000000,0.00,0,0
1770,19353087,-1.233,0.515,-8.587,-15.133,-0.804,7.929,-188.257,18.666,0.053,-0.126,7.929,0.000000,0.000000,0.00,0,0
1771,19363081,-1.827,1.089,-8.551,-23.525,-9.777,1.490,-188.413,18.050,0.111,-0.186,1.490,0.000000,0.000000,0.00,0,0
1772,19373089,-2.309,1.578,-8.474,-28.774,-14.476,-2.050,-188.863,17.676,0.161,-0.235,-2.050,0.000000,0.000000,0.00,0,0
1773,19383087,-2.521,1.812,-8.197,-30.697,-16.094,-4.003,-189.443,17.450,0.185,-0.257,-4.003,0.000000,0.000000,0.00,0,0
1774,19393090,-2.647,1.884,-7.801,-30.453,-16.124,-5.468,-190.063,17.360,0.192,-0.270,-5.468,0.000000,0.000000,0.00,0,0
1775,19403084,-2.654,1.855,-7.537,-27.859,-15.544,-7.055,-190.629,17.331,0.189,-0.271,-7.055,0.000000,0.000000,0.00,0,0
1776,19413087,-2.645,1.730,-7.400,-24.563,-14.446,-8.795,-191.070,17.338,0.176,-0.270,-8.795,0.000000,0.000000,0.00,0,0
1777,19423084,-2.650,1.776,-7.261,-20.595,-13.317,-10.198,-191.484,17.380,0.181,-0.270,-10.198,0.000000,0.000000,0.00,0,0
1778,19433089,-2.724,1.793,-7.246,-15.774,-12.248,-10.473,-191.834,17.470,0.183,-0.278,-10.473,0.000000,0.000000,0.00,0,0
1779,19443087,-2.926,1.870,-7.463,-11.196,-10.478,-9.039,-192.128,17.628,0.191,-0.298,-9.039,0.000000,0.000000,0.00,0,0
1780,19453083,-3.110,2.133,-7.693,-6.008,-7.244,-6.079,-192.460,17.840,0.217,-0.317,-6.079,0.000000,0.000000,0.00,0,0
1781,19463084,-3.169,2.212,-7.859,0.401,-3.520,-1.592,-192.726,18.064,0.226,-0.323,-1.592,0.000000,0.000000,0.00,0,0
1782,19473083,-3.038,1.966,-7.856,7.206,-0.163,3.321,-192.780,18.252,0.200,-0.310,3.321,0.000000,0.000000,0.00,0,0
1783,19483084,-2.821,1.585,-7.756,12.028,1.942,7.960,-192.594,18.373,0.162,-0.288,7.960,0.000000,0.000000,0.00,0,0
1784,19493083,-2.602,1.125,-7.674,13.828,2.369,11.835,-192.158,18.406,0.115,-0.265,11.835,0.000000,0.000000,0.00,0,0
1785,19503081,-2.454,0.696,-7.619,11.326,1.179,14.795,-191.540,18.367,0.071,-0.250,14.795,0.000000,0.000000,0.00,0,0
1786,19513083,-2.442,0.262,-7.616,5.100,-0.652,16.565,-190.778,18.313,0.027,-0.249,16.565,0.000000,0.000000,0.00,0,0
1787,19523086,-2.523,0.054,-7.563,-3.811,-2.208,16.932,-190.037,18.301,0.006,-0.257,16.932,0.000000,0.000000,0.00,0,0
1788,19533087,-2.681,0.185,-7.621,-14.095,-2.788,16.779,-189.522,18.355,0.019,-0.273,16.779,0.000000,0.000000,0.00,0,0
1789,19543084,-2.852,0.517,-7.631,-23.525,-1.872,17.054,-189.324,18.496,0.053,-0.291,17.054,0.000000,0.000000,0.00,0,0
1790,19553086,-3.024,0.886,-7.511,-30.361,-0.072,17.786,-189.423,18.746,0.090,-0.308,17.786,0.000000,0.000000,0.00,0,0
1791,19563081,-3.153,1.183,-7.475,-34.237,1.912,19.068,-189.723,19.058,0.121,-0.321,19.068,0.000000,0.000000,0.00,0,0
1792,19573083,-3.246,1.347,-7.619,-35.457,4.506,20.258,-190.090,19.381,0.137,-0.331,20.258,0.000000,0.000000,0.00,0,0
1793,19583081,-3.274,1.402,-7.729,-34.572,7.649,21.326,-190.441,19.699,0.143,-0.334,21.326,0.000000,0.000000,0.00,0,0
1794,19593083,-3.246,1.499,-7.816,-32.314,10.670,21.967,-190.788,19.986,0.153,-0.331,21.967,0.000000,0.000000,0.00,0,0
1795,19603081,-3.212,1.648,-8.039,-28.896,13.020,22.577,-191.133,20.211,0.168,-0.328,22.577,0.000000,0.000000,0.00,0,0
1796,19613086,-3.105,1.679,-8.332,-23.983,14.790,23.127,-191.392,20.336,0.171,-0.317,23.127,0.000000,0.000000,0.00,0,0
1797,19623084,-2.867,1.621,-8.346,-18.276,15.187,23.768,-191.547,20.344,0.165,-0.292,23.768,0.000000,0.000000,0.00,0,0
1798,19633089,-2.662,1.465,-8.394,-13.149,13.051,24.042,-191.559,20.234,0.149,-0.271,24.042,0.000000,0.000000,0.00,0,0
1799,19658677,-2.476,0.891,-8.654,-7.656,3.865,20.899,-191.299,19.951,0.091,-0.252,20.899,0.000000,0.000000,0.00,0,0
1800,19659994,-2.609,0.816,-8.846,-8.236,-0.591,17.573,-190.928,19.626,0.083,-0.266,17.573,0.000000,0.000000,0.00,0,0
1801,19663082,-2.609,0.816,-8.846,-8.236,-0.591,17.573,-190.535,19.340,0.083,-0.266,17.573,0.000000,0.000000,0.00,0,0
1802,19673144,-2.814,0.920,-9.021,-9.975,-3.673,14.033,-190.246,19.127,0.094,-0.287,14.033,0.000000,0.000000,0.00,0,0
1803,19683082,-3.034,1.074,-9.158,-11.593,-5.443,10.859,-190.073,18.999,0.110,-0.309,10.859,0.000000,0.000000,0.00,0,0
1804,19693086,-3.248,1.212,-9.230,-12.935,-6.175,8.478,-189.994,18.960,0.124,-0.331,8.478,0.000000,0.000000,0.00,0,0
1805,19703088,-3.401,1.383,-9.213,-13.363,-6.664,7.044,-190.014,18.985,0.141,-0.347,7.044,0.000000,0.000000,0.00,0,0
1806,19713089,-3.499,1.564,-9.189,-12.752,-7.427,6.434,-190.118,19.042,0.159,-0.357,6.434,0.000000,0.000000,0.00,0,0
1807,19723085,-3.594,1.619,-9.321,-11.196,-8.495,6.281,-190.216,19.102,0.165,-0.366,6.281,0.000000,0.000000,0.00,0,0
1808,19733085,-3.656,1.629,-9.562,-9.487,-8.922,5.915,-190.275,19.141,0.166,-0.373,5.915,0.000000,0.000000,0.00,0,0
1809,19743088,-3.692,1.769,-9.792,-8.205,-8.495,5.121,-190.363,19.157,0.180,-0.376,5.121,0.000000,0.000000,0.00,0,0
1810,19753089,-3.677,1.894,-9.912,-6.283,-7.518,3.962,-190.472,19.153,0.193,-0.375,3.962,0.000000,0.000000,0.00,0,0
1811,19763082,-3.582,2.063,-10.047,-3.261,-6.755,2.680,-190.606,19.097,0.210,-0.365,2.680,0.000000,0.000000,0.00,0,0
1812,19773100,-3.499,2.275,-10.294,0.950,-6.359,1.764,-190.758,18.979,0.232,-0.357,1.764,0.000000,0.000000,0.00,0,0
1813,19783102,-3.444,2.405,-10.527,5.711,-6.206,1.642,-190.885,18.819,0.245,-0.351,1.642,0.000000,0.000000,0.00,0,0
1814,19793102,-3.391,2.364,-10.712,10.014,-6.145,2.344,-190.929,18.633,0.241,-0.346,2.344,0.000000,0.000000,0.00,0,0
1815,19803094,-3.310,2.270,-10.916,12.943,-6.236,3.748,-190.889,18.411,0.231,-0.338,3.748,0.000000,0.000000,0.00,0,0
1816,19813095,-3.210,2.106,-11.082,13.432,-6.328,5.335,-190.771,18.155,0.215,-0.327,5.335,0.000000,0.000000,0.00,0,0
1817,19823106,-3.131,1.867,-11.034,10.990,-6.511,6.586,-190.595,17.898,0.190,-0.319,6.586,0.000000,0.000000,0.00,0,0
1818,19833101,-3.034,1.641,-10.796,5.924,-7.549,6.495,-190.405,17.643,0.167,-0.309,6.495,0.000000,0.000000,0.00,0,0
1819,19843091,-3.065,1.626,-10.678,-0.484,-9.563,4.969,-190.291,17.414,0.166,-0.312,4.969,0.000000,0.000000,0.00,0,0
1820,19853098,-3.301,2.055,-10.849,-5.977,-10.723,2.833,-190.396,17.253,0.210,-0.337,2.833,4.638117,-74.083953,0.29,0,1
1821,19863109,-3.782,2.810,-11.188,-8.449,-9.471,2.039,-190.774,17.232,0.287,-0.386,2.039,4.638117,-74.083953,0.29,0,1
1822,19873097,-4.264,3.577,-11.531,-7.442,-6.267,3.992,-191.355,17.342,0.365,-0.435,3.992,4.638117,-74.083953,0.29,0,1
1823,19883107,-4.493,3.974,-11.870,-3.902,-1.598,8.570,-191.956,17.510,0.405,-0.458,8.570,4.638117,-74.083953,0.29,0,1
1824,19893101,-4.362,3.933,-12.002,0.065,3.712,13.788,-192.447,17.660,0.401,-0.445,13.788,4.638117,-74.083953,0.29,0,1
1825,19903115,-3.932,3.615,-12.014,1.927,7.924,18.244,-192.776,17.711,0.369,-0.401,18.244,4.638117,-74.083953,0.29,0,1
1826,19913107,-3.355,3.254,-11.802,0.706,10.151,20.624,-192.988,17.620,0.332,-0.342,20.624,4.638117,-74.083953,0.29,0,1
1827,19923091,-2.817,2.988,-11.454,-2.254,9.938,20.411,-193.151,17.385,0.305,-0.287,20.411,4.638117,-74.083953,0.29,0,1
1828,19933109,-2.364,2.747,-11.139,-5.276,6.947,17.634,-193.270,17.006,0.280,-0.241,17.634,4.638117,-74.083953,0.29,0,1
1829,19943099,-2.011,2.682,-10.784,-7.564,2.156,12.720,-193.411,16.506,0.274,-0.205,12.720,4.638117,-74.083953,0.29,0,1
1830,19953101,-1.918,2.779,-10.498,-7.534,-3.795,7.410,-193.605,15.971,0.283,-0.196,7.410,4.638117,-74.083953,0.29,0,1
1831,19963113,-2.063,3.000,-10.357,-5.276,-9.593,2.680,-193.867,15.486,0.306,-0.210,2.680,4.638117,-74.083953,0.29,3,1
1832,19973116,-2.294,3.295,-10.455,-0.942,-13.408,-0.585,-194.170,15.078,0.336,-0.234,-0.585,4.638117,-74.083953,0.29,3,1
1833,19983110,-2.502,3.567,-10.462,5.619,-14.812,-1.440,-194.492,14.759,0.364,-0.255,-1.440,4.638117,-74.083953,0.29,3,1
1834,19995340,-2.511,3.548,-10.318,13.035,-15.300,0.483,-194.715,14.443,0.362,-0.256,0.483,4.638117,-74.083953,0.29,3,1
1835,20003106,-2.321,3.251,-10.035,18.162,-16.582,4.908,-194.816,14.128,0.332,-0.237,4.908,4.638117,-74.083953,0.29,3,1
1836,20013104,-2.039,2.740,-9.718,18.406,-19.206,10.248,-194.736,13.738,0.279,-0.208,10.248,4.638117,-74.083953,0.29,3,1
1837,20023107,-1.822,2.188,-9.398,14.866,-22.716,13.697,-194.490,13.289,0.223,-0.186,13.697,4.638117,-74.083953,0.29,3,1
1838,20033095,-1.796,1.867,-9.314,8.244,-25.615,14.948,-194.188,12.849,0.190,-0.183,14.948,4.638117,-74.083953,0.29,3,1
1839,20043089,-1.918,1.846,-9.182,0.034,-26.927,14.643,-193.988,12.498,0.188,-0.196,14.643,4.638117,-74.083953,0.29,3,1
1840,20053128,-2.130,2.077,-9.079,-7.839,-25.951,13.117,-193.993,12.283,0.212,-0.217,13.117,4.638117,-74.083953,0.29,3,1
1841,20063107,-2.392,2.547,-8.877,-13.088,-23.570,11.408,-194.287,12.233,0.260,-0.244,11.408,4.638117,-74.083953,0.29,3,1
1842,20073106,-2.504,3.022,-8.599,-14.400,-21.160,11.347,-194.828,12.274,0.308,-0.255,11.347,4.638117,-74.083953,0.29,3,1
1843,20083114,-2.454,3.396,-8.368,-12.417,-19.512,13.971,-195.518,12.315,0.346,-0.250,13.971,4.638117,-74.083953,0.29,3,1
1844,20093125,-2.414,3.589,-8.140,-8.724,-18.352,18.519,-196.252,12.362,0.366,-0.246,18.519,4.638117,-74.083953,0.29,3,1
1845,20103102,-2.368,3.439,-7.972,-5.092,-17.681,23.554,-196.861,12.417,0.351,-0.241,23.554,4.638117,-74.083953,0.29,3,1
1846,20113107,-2.318,3.099,-7.919,-2.682,-16.887,27.552,-197.250,12.475,0.316,-0.236,27.552,4.638117,-74.083953,0.29,3,1
1847,20123107,-2.285,2.856,-7.955,-2.926,-15.148,29.719,-197.488,12.535,0.291,-0.233,29.719,4.638117,-74.083953,0.29,3,1
1848,20133106,-2.294,2.745,-7.919,-5.215,-12.706,30.909,-197.680,12.627,0.280,-0.234,30.909,4.638117,-74.083953,0.29,3,1
1849,20143115,-2.297,2.704,-7.861,-7.503,-10.082,30.878,-197.867,12.746,0.276,-0.234,30.878,4.638117,-74.083953,0.29,3,1
1850,20153113,-2.201,2.632,-7.784,-8.449,-7.854,29.535,-198.027,12.843,0.268,-0.224,29.535,4.638117,-74.083953,0.29,3,1
1851,20163103,-2.020,2.600,-7.525,-7.534,-7.121,27.308,-198.195,12.881,0.265,-0.206,27.308,4.638117,-74.083953,0.29,3,1
1852,20173111,-1.872,2.656,-7.198,-5.184,-8.739,25.171,-198.419,12.861,0.271,-0.191,25.171,4.638117,-74.083953,0.29,3,1
1853,20183112,-1.994,2.740,-6.977,-2.254,-12.706,23.707,-198.690,12.897,0.279,-0.203,23.707,4.638117,-74.083953,0.29,3,1
1854,20193112,-2.297,2.839,-7.006,0.736,-17.497,23.279,-198.960,13.039,0.289,-0.234,23.279,4.638117,-74.083953,0.29,3,1
1855,20203096,-2.738,2.993,-7.160,3.208,-20.854,24.103,-199.235,13.333,0.305,-0.279,24.103,4.638117,-74.083953,0.29,3,1
1856,20213107,-3.105,3.073,-7.292,5.314,-22.075,25.721,-199.482,13.746,0.313,-0.317,25.721,4.638117,-74.083953,0.29,3,1
1857,20223097,-3.329,2.986,-7.381,6.870,-21.099,27.704,-199.633,14.234,0.304,-0.339,27.704,4.638117,-74.083953,0.29,3,1
1858,20233136,-3.425,2.832,-7.383,7.939,-18.840,29.200,-199.682,14.761,0.289,-0.349,29.200,4.638117,-74.083953,0.29,3,1
1859,20243102,-3.408,2.759,-7.352,7.939,-16.094,30.298,-199.697,15.276,0.281,-0.348,30.298,4.638117,-74.083953,0.29,3,1
1860,20253110,-3.365,2.694,-7.306,6.992,-13.561,30.848,-199.693,15.770,0.275,-0.343,30.848,4.638117,-74.083953,0.29,3,1
1861,20263115,-3.344,2.620,-7.254,5.436,-11.852,30.634,-199.675,16.246,0.267,-0.341,30.634,4.638117,-74.083953,0.29,3,1
1862,20273097,-3.324,2.661,-7.213,3.605,-11.241,29.535,-199.705,16.689,0.271,-0.339,29.535,4.638117,-74.083953,0.29,3,1
1863,20283103,-3.327,2.757,-7.225,2.201,-11.821,27.949,-199.795,17.083,0.281,-0.339,27.949,4.638117,-74.083953,0.29,3,1
1864,20293093,-3.396,2.878,-7.179,1.713,-13.378,26.514,-199.956,17.467,0.293,-0.346,26.514,4.638117,-74.083953,0.29,3,1
1865,20303083,-3.539,2.957,-7.304,1.560,-15.270,25.446,-200.121,17.840,0.302,-0.361,25.446,4.638117,-74.083953,0.29,3,1
1866,20313088,-3.747,3.107,-7.479,1.408,-16.307,24.531,-200.314,18.225,0.317,-0.382,24.531,4.638117,-74.083953,0.29,3,1
1867,20323096,-3.899,3.157,-7.568,2.293,-16.521,23.585,-200.491,18.624,0.322,-0.398,23.585,4.638117,-74.083953,0.29,3,1
1868,20334964,-3.959,3.181,-7.604,3.941,-16.002,22.059,-200.643,18.996,0.324,-0.404,22.059,4.638117,-74.083953,0.29,3,1
1869,20343098,-3.959,3.225,-7.590,6.413,-15.605,20.197,-200.788,19.367,0.329,-0.404,20.197,4.638117,-74.083953,0.29,3,1
1870,20353109,-3.994,3.302,-7.698,9.464,-15.544,18.580,-200.908,19.698,0.337,-0.407,18.580,4.638117,-74.083953,0.29,3,1
1871,20363100,-4.111,3.533,-7.871,12.760,-15.148,18.000,-201.062,20.006,0.360,-0.419,18.000,4.638117,-74.083953,0.29,3,1
1872,20373109,-4.219,3.712,-8.070,16.453,-14.232,18.641,-201.211,20.293,0.378,-0.430,18.641,4.638117,-74.083953,0.29,3,1
1873,20383106,-4.357,3.610,-8.447,18.925,-12.920,20.228,-201.205,20.566,0.368,-0.444,20.228,4.638117,-74.083953,0.29,3,1
1874,20393097,-4.352,3.478,-8.654,19.535,-10.662,21.540,-201.098,20.813,0.355,-0.444,21.540,4.638117,-74.083953,0.29,3,1
1875,20403091,-4.397,3.442,-8.863,18.498,-7.701,22.028,-200.958,21.052,0.351,-0.448,22.028,4.638117,-74.083953,0.29,3,1
1876,20413096,-4.452,3.632,-9.127,16.880,-3.978,22.394,-200.880,21.274,0.370,-0.454,22.394,4.638117,-74.083953,0.29,3,1
1877,20423091,-4.464,3.955,-9.269,15.965,0.020,23.523,-200.924,21.478,0.403,-0.455,23.523,4.638117,-74.083953,0.29,3,1
1878,20433096,-4.405,4.305,-9.434,16.880,3.712,25.446,-201.065,21.633,0.439,-0.449,25.446,4.638117,-74.083953,0.29,3,1
1879,20443106,-4.250,4.401,-9.619,19.810,6.367,27.582,-201.173,21.715,0.449,-0.433,27.582,4.638117,-74.083953,0.29,3,1
1880,20453096,-4.035,4.237,-9.778,23.380,7.771,28.986,-201.151,21.715,0.432,-0.411,28.986,4.638117,-74.083953,0.29,3,1
1881,20463105,-3.859,3.907,-9.915,25.913,8.137,28.650,-200.960,21.654,0.398,-0.393,28.650,4.638117,-74.083953,0.29,3,1
1882,20473097,-3.761,3.509,-10.052,26.493,7.893,26.362,-200.605,21.562,0.358,-0.383,26.362,4.638117,-74.083953,0.29,3,1
1883,20483090,-3.730,3.217,-10.289,25.059,7.985,21.906,-200.146,21.449,0.328,-0.380,21.906,4.638117,-74.083953,0.29,3,1
1884,20493102,-3.730,3.181,-10.462,22.923,8.961,16.321,-199.708,21.334,0.324,-0.380,16.321,4.638117,-74.083953,0.29,3,1
1885,20503099,-3.782,3.434,-10.561,22.282,10.823,11.378,-199.393,21.243,0.350,-0.386,11.378,4.638117,-74.083953,0.29,3,1
1886,20513094,-3.792,3.772,-10.719,23.716,12.868,8.814,-199.194,21.151,0.385,-0.387,8.814,4.638117,-74.083953,0.29,3,1
1887,20523085,-3.842,4.056,-10.897,27.744,15.065,9.119,-199.053,21.073,0.414,-0.392,9.119,4.638117,-74.083953,0.29,3,1
1888,20533094,-3.897,4.068,-11.123,32.841,17.537,12.171,-198.850,21.019,0.415,-0.397,12.171,4.638117,-74.083953,0.29,3,1
1889,20543090,-3.863,3.851,-11.178,37.022,19.856,16.962,-198.541,20.981,0.393,-0.394,16.962,4.638117,-74.083953,0.29,3,1
1890,20553102,-3.773,3.509,-11.425,38.975,21.657,21.845,-198.089,20.918,0.358,-0.385,21.845,4.638117,-74.083953,0.29,3,1
1891,20563098,-3.735,3.285,-11.793,37.235,23.854,26.941,-197.573,20.838,0.335,-0.381,26.941,4.638117,-74.083953,0.29,3,1
1892,20573094,-3.575,3.157,-11.850,34.825,26.448,31.672,-197.069,20.733,0.322,-0.365,31.672,4.638117,-74.083953,0.29,3,1
1893,20583090,-3.386,2.993,-11.954,31.651,28.309,35.517,-196.567,20.586,0.305,-0.345,35.517,4.638117,-74.083953,0.29,3,1
1894,20593109,-2.900,2.800,-11.601,28.965,28.584,37.836,-196.090,20.322,0.286,-0.296,37.836,4.638117,-74.083953,0.29,3,1
1895,20603105,-2.306,2.458,-11.108,25.547,25.227,38.080,-195.598,19.878,0.251,-0.235,38.080,4.638117,-74.083953,0.29,3,1
1896,20613096,-1.829,1.947,-10.570,21.305,17.750,36.005,-195.027,19.261,0.199,-0.187,36.005,4.638117,-74.083953,0.29,3,1
1897,20623090,-1.548,1.535,-10.097,14.622,7.741,31.855,-194.423,18.519,0.156,-0.158,31.855,4.638117,-74.083953,0.29,3,1
1898,20633102,-1.577,1.499,-9.773,7.969,-3.124,26.209,-193.933,17.766,0.153,-0.161,26.209,4.638117,-74.083953,0.29,3,1
1899,20656215,-2.311,2.012,-9.742,-3.597,-18.993,17.573,-193.866,16.973,0.205,-0.236,17.573,4.638117,-74.083953,0.29,3,1
1900,20657553,-2.311,2.012,-9.742,-3.597,-18.993,17.573,-193.755,16.391,0.205,-0.236,17.573,4.638117,-74.083953,0.29,3,1
1901,20663092,-2.521,2.275,-9.509,-6.405,-23.570,16.413,-193.809,16.012,0.232,-0.257,16.413,4.638117,-74.083953,0.29,3,1
1902,20673147,-2.683,2.241,-9.374,-7.656,-26.348,16.901,-193.868,15.732,0.229,-0.274,16.901,4.638117,-74.083953,0.29,3,1
1903,20683088,-2.771,2.113,-9.209,-7.656,-27.355,17.389,-193.881,15.531,0.215,-0.283,17.389,4.638117,-74.083953,0.29,3,1
1904,20693095,-2.840,1.976,-9.050,-6.374,-27.080,17.359,-193.833,15.403,0.201,-0.290,17.359,4.638117,-74.083953,0.29,3,1
1905,20703103,-2.898,1.983,-8.918,-3.353,-25.829,16.718,-193.779,15.341,0.202,-0.295,16.718,4.638117,-74.083953,0.29,3,1
1906,20713092,-3.005,2.116,-8.762,1.805,-23.967,16.901,-193.766,15.366,0.216,-0.306,16.901,4.638117,-74.083953,0.29,3,1
1907,20723103,-3.136,2.212,-8.649,8.061,-21.953,18.732,-193.757,15.479,0.226,-0.320,18.732,4.638117,-74.083953,0.29,3,1
1908,20733093,-3.248,2.142,-8.671,14.042,-19.786,22.761,-193.657,15.652,0.218,-0.331,22.761,4.638117,-74.083953,0.29,3,1
1909,20743083,-3.355,2.012,-8.671,17.765,-17.192,28.650,-193.466,15.886,0.205,-0.342,28.650,4.638117,-74.083953,0.29,3,1
1910,20753093,-3.403,1.737,-8.692,18.162,-13.957,35.456,-193.149,16.157,0.177,-0.347,35.456,4.638117,-74.083953,0.29,3,1
1911,20763088,-3.363,1.313,-8.632,14.683,-9.838,41.651,-192.682,16.449,0.134,-0.343,41.651,4.638117,-74.083953,0.29,3,1
1912,20773111,-3.196,0.973,-8.325,7.389,-5.748,46.137,-192.166,16.740,0.099,-0.326,46.137,4.638117,-74.083953,0.29,3,1
1913,20783108,-2.931,0.802,-7.955,-2.865,-3.093,48.578,-191.714,16.975,0.082,-0.299,48.578,4.638117,-74.083953,0.29,3,1
1914,20793113,-2.726,0.742,-7.633,-13.912,-2.208,48.945,-191.385,17.156,0.076,-0.278,48.945,4.638117,-74.083953,0.29,3,1
1915,20803092,-2.595,0.792,-7.282,-23.922,-2.300,46.900,-191.224,17.317,0.081,-0.265,46.900,4.638117,-74.083953,0.29,3,1
1916,20813095,-2.447,1.038,-6.814,-31.460,-3.368,42.658,-191.335,17.459,0.106,-0.250,42.658,4.638117,-74.083953,0.29,3,1
1917,20823106,-2.454,1.351,-6.406,-35.335,-5.687,37.409,-191.725,17.646,0.138,-0.250,37.409,4.638117,-74.083953,0.29,3,1
1918,20833108,-2.585,1.694,-6.156,-35.061,-8.342,31.916,-192.349,17.909,0.173,-0.264,31.916,4.638117,-74.083953,0.29,3,1
1919,20843101,-2.812,2.017,-6.077,-31.917,-10.600,27.247,-193.124,18.258,0.206,-0.287,27.247,4.638117,-74.083953,0.29,3,1
1920,20853101,-3.060,2.313,-6.084,-26.119,-12.004,24.012,-193.975,18.680,0.236,-0.312,24.012,4.638120,-74.083923,0.35,3,1
1921,20863099,-3.317,2.542,-6.161,-17.635,-12.340,21.815,-194.806,19.166,0.259,-0.338,21.815,4.638120,-74.083923,0.35,3,1
1922,20873101,-3.520,2.540,-6.418,-7.992,-11.791,20.594,-195.420,19.662,0.259,-0.359,20.594,4.638120,-74.083923,0.35,3,1
1923,20883098,-3.630,2.328,-6.706,0.767,-10.082,20.075,-195.718,20.140,0.237,-0.370,20.075,4.638120,-74.083923,0.35,3,1
1924,20893103,-3.627,2.121,-6.800,7.420,-7.976,19.800,-195.791,20.594,0.216,-0.370,19.800,4.638120,-74.083923,0.35,3,1
1925,20903091,-3.587,2.053,-6.941,11.692,-6.847,19.861,-195.756,20.976,0.209,-0.366,19.861,4.638120,-74.083923,0.35,3,1
1926,20913105,-3.563,1.969,-7.198,13.920,-6.328,20.075,-195.611,21.269,0.201,-0.363,20.075,4.638120,-74.083923,0.35,3,1
1927,20923128,-3.508,1.834,-7.434,15.019,-5.992,19.861,-195.357,21.473,0.187,-0.358,19.861,4.638120,-74.083923,0.35,3,1
1928,20933096,-3.494,1.822,-7.638,15.141,-6.267,19.282,-195.088,21.611,0.186,-0.356,19.282,4.638120,-74.083923,0.35,3,1
1929,20943102,-3.508,1.855,-7.895,14.378,-6.725,18.427,-194.832,21.689,0.189,-0.358,18.427,4.638120,-74.083923,0.35,3,1
1930,20953110,-3.561,1.957,-8.166,13.371,-7.335,17.756,-194.624,21.723,0.200,-0.363,17.756,4.638120,-74.083923,0.35,3,1
1931,20963115,-3.570,2.051,-8.366,12.333,-8.129,17.542,-194.464,21.712,0.209,-0.364,17.542,4.638120,-74.083923,0.35,3,1
1932,20973107,-3.594,2.108,-8.522,11.143,-9.410,17.664,-194.337,21.671,0.215,-0.366,17.664,4.638120,-74.083923,0.35,3,1
1933,20985344,-3.642,2.125,-8.728,9.037,-11.119,17.939,-194.208,21.581,0.217,-0.371,17.939,4.638120,-74.083923,0.35,3,1
1934,20993097,-3.675,2.164,-8.896,6.169,-12.981,17.908,-194.129,21.488,0.221,-0.375,17.908,4.638120,-74.083923,0.35,3,1
1935,21003095,-3.716,2.166,-8.964,3.056,-14.965,16.962,-194.078,21.389,0.221,-0.379,16.962,4.638120,-74.083923,0.35,3,1
1936,21013105,-3.804,2.222,-9.163,-0.088,-17.253,15.009,-194.064,21.278,0.227,-0.388,15.009,4.638120,-74.083923,0.35,3,1
1937,21023096,-3.923,2.410,-9.398,-2.651,-18.779,12.232,-194.132,21.166,0.246,-0.400,12.232,4.638120,-74.083923,0.35,3,1
1938,21033101,-4.092,2.812,-9.564,-3.658,-19.603,9.241,-194.359,21.077,0.287,-0.417,9.241,4.638120,-74.083923,0.35,3,1
1939,21043098,-4.290,3.316,-9.881,-2.376,-19.847,7.593,-194.723,20.997,0.338,-0.437,7.593,4.638120,-74.083923,0.35,3,1
1940,21053113,-4.481,3.772,-10.260,1.072,-18.901,8.112,-195.152,20.926,0.385,-0.457,8.112,4.638120,-74.083923,0.35,3,1
1941,21063101,-4.579,4.064,-10.705,6.046,-16.612,10.554,-195.549,20.843,0.414,-0.467,10.554,4.638120,-74.083923,0.35,3,1
1942,21073098,-4.524,4.199,-11.159,11.723,-13.408,14.612,-195.850,20.719,0.428,-0.461,14.612,4.638120,-74.083923,0.35,3,1
1943,21083098,-4.350,4.124,-11.596,16.392,-9.502,19.098,-196.005,20.539,0.421,-0.444,19.098,4.638120,-74.083923,0.35,3,1
1944,21093097,-3.959,3.770,-11.831,19.077,-5.962,22.303,-195.977,20.268,0.384,-0.404,22.303,4.638120,-74.083923,0.35,3,1
1945,21103113,-3.398,3.152,-11.781,18.253,-4.497,23.096,-195.752,19.871,0.321,-0.347,23.096,4.638120,-74.083923,0.35,3,1
1946,21113094,-2.755,2.417,-11.356,13.279,-6.328,19.953,-195.363,19.316,0.246,-0.281,19.953,4.638120,-74.083923,0.35,3,1
1947,21123092,-2.197,1.708,-10.640,5.345,-12.432,12.324,-194.856,18.607,0.174,-0.224,12.324,4.638120,-74.083923,0.35,3,1
1948,21133106,-2.209,1.626,-10.167,-3.872,-21.404,1.032,-194.469,17.915,0.166,-0.225,1.032,4.638120,-74.083923,0.35,3,1
1949,21143110,-3.031,2.607,-10.239,-10.921,-28.575,-10.320,-194.576,17.508,0.266,-0.309,-10.320,4.638120,-74.083923,0.35,3,1
1950,21153107,-4.209,4.114,-10.693,-11.593,-30.712,-17.126,-195.199,17.431,0.420,-0.429,-17.126,4.638120,-74.083923,0.35,3,1
1951,21163102,-5.070,5.086,-10.979,-5.276,-27.812,-17.095,-196.007,17.583,0.519,-0.517,-17.095,4.638120,-74.083923,0.35,3,1
1952,21173105,-5.392,5.286,-11.180,3.819,-21.953,-11.785,-196.703,17.841,0.539,-0.550,-11.785,4.638120,-74.083923,0.35,3,1
1953,21183090,-5.327,4.963,-11.416,11.448,-13.988,-4.675,-197.138,18.123,0.506,-0.543,-4.675,4.638120,-74.083923,0.35,3,1
1954,21193108,-4.867,4.191,-11.457,15.232,-5.748,1.459,-197.245,18.351,0.427,-0.496,1.459,4.638120,-74.083923,0.35,3,1
1955,21203096,-4.109,3.372,-11.173,12.821,0.294,4.755,-197.112,18.437,0.344,-0.419,4.755,4.638120,-74.083923,0.35,3,1
1956,21213110,-3.346,3.044,-10.621,5.955,2.431,5.152,-196.993,18.342,0.310,-0.341,5.152,4.638120,-74.083923,0.35,3,1
1957,21223097,-2.938,3.039,-10.244,-2.529,0.874,3.748,-197.001,18.127,0.310,-0.300,3.748,4.638120,-74.083923,0.35,3,1
1958,21233101,-2.836,3.140,-10.080,-10.006,-2.605,1.276,-197.137,17.870,0.320,-0.289,1.276,4.638120,-74.083923,0.35,3,1
1959,21243105,-2.890,3.389,-10.001,-15.224,-5.687,-1.989,-197.420,17.625,0.346,-0.295,-1.989,4.638120,-74.083923,0.35,3,1
1960,21253101,-2.991,3.678,-9.888,-17.238,-7.244,-5.438,-197.828,17.424,0.375,-0.305,-5.438,4.638120,-74.083923,0.35,3,1
1961,21263090,-3.091,3.986,-9.706,-15.621,-7.427,-8.276,-198.338,17.282,0.407,-0.315,-8.276,4.638120,-74.083923,0.35,3,1
1962,21273094,-3.072,4.257,-9.396,-11.562,-7.305,-9.710,-198.928,17.164,0.434,-0.313,-9.710,4.638120,-74.083923,0.35,3,1
1963,21283086,-2.995,4.158,-9.081,-5.733,-7.854,-9.588,-199.436,17.059,0.424,-0.305,-9.588,4.638120,-74.083923,0.35,3,1
1964,21293092,-2.983,3.782,-8.959,-0.606,-8.556,-8.764,-199.727,16.983,0.386,-0.304,-8.764,4.638120,-74.083923,0.35,3,1
1965,21303084,-3.034,3.557,-8.776,1.988,-8.708,-7.849,-199.909,16.966,0.363,-0.309,-7.849,4.638120,-74.083923,0.35,3,1
1966,21313096,-3.153,3.442,-8.721,2.293,-8.281,-6.170,-200.034,17.016,0.351,-0.321,-6.170,4.638120,-74.083923,0.35,3,1
1967,21327301,-3.384,3.410,-8.611,-0.484,-3.917,0.574,-200.195,17.211,0.348,-0.345,0.574,4.638120,-74.083923,0.35,3,1
1968,21333088,-3.384,3.410,-8.611,-0.484,-3.917,0.574,-200.332,17.402,0.348,-0.345,0.574,4.638120,-74.083923,0.35,3,1
1969,21343098,-3.329,3.410,-8.334,-2.224,-0.041,4.358,-200.525,17.631,0.348,-0.339,4.358,4.638120,-74.083923,0.35,3,1
1970,21353090,-3.231,3.620,-8.034,-3.109,3.804,7.563,-200.866,17.865,0.369,-0.330,7.563,4.638120,-74.083923,0.35,3,1
1971,21363102,-3.229,3.885,-7.902,-2.315,7.313,10.859,-201.322,18.113,0.396,-0.329,10.859,4.638120,-74.083923,0.35,3,1
1972,21373092,-3.324,4.117,-8.017,-1.034,11.189,15.223,-201.808,18.386,0.420,-0.339,15.223,4.638120,-74.083923,0.35,3,1
1973,21383089,-3.186,3.938,-8.029,0.462,15.370,20.380,-202.160,18.626,0.402,-0.325,20.380,4.638120,-74.083923,0.35,3,1
1974,21393097,-2.883,3.466,-7.914,1.103,19.124,24.042,-202.288,18.794,0.353,-0.294,24.042,4.638120,-74.083923,0.35,3,1
1975,21403098,-2.690,3.131,-7.849,-1.156,22.084,25.294,-202.279,18.915,0.319,-0.274,25.294,4.638120,-74.083923,0.35,3,1
1976,21413095,-2.430,2.878,-7.700,-5.520,23.549,24.958,-202.215,18.948,0.293,-0.248,24.958,4.638120,-74.083923,0.35,3,1
1977,21423093,-2.156,2.680,-7.266,-10.189,22.969,22.577,-202.180,18.903,0.273,-0.220,22.577,4.638120,-74.083923,0.35,3,1
1978,21433090,-2.087,2.644,-6.961,-13.454,19.673,17.908,-202.221,18.839,0.270,-0.213,17.908,4.638120,-74.083923,0.35,3,1
1979,21443090,-2.144,2.750,-6.744,-14.858,15.187,12.232,-202.378,18.796,0.280,-0.219,12.232,4.638120,-74.083923,0.35,3,1
1980,21453104,-2.397,2.933,-6.737,-14.675,10.853,6.952,-202.624,18.844,0.299,-0.244,6.952,4.638120,-74.083923,0.35,3,1
1981,21463102,-2.614,2.950,-6.617,-11.776,7.222,2.497,-202.863,18.991,0.301,-0.267,2.497,4.638120,-74.083923,0.35,3,1
1982,21473096,-2.802,2.959,-6.449,-6.344,3.773,-1.257,-203.081,19.225,0.302,-0.286,-1.257,4.638120,-74.083923,0.35,3,1
1983,21483086,-3.074,3.152,-6.509,-0.240,0.325,-3.393,-203.318,19.523,0.321,-0.313,-3.393,4.638120,-74.083923,0.35,3,1
1984,21493096,-3.348,3.268,-6.550,6.352,-2.300,-3.240,-203.527,19.893,0.333,-0.341,-3.240,4.638120,-74.083923,0.35,3,1
1985,21503088,-3.639,3.126,-6.639,12.669,-4.131,-1.287,-203.562,20.356,0.319,-0.371,-1.287,4.638120,-74.083923,0.35,3,1
1986,21513101,-3.806,2.916,-6.944,17.643,-5.016,0.879,-203.362,20.808,0.297,-0.388,0.879,4.638120,-74.083923,0.35,3,1
1987,21523090,-3.856,2.567,-7.069,20.786,-5.016,2.711,-202.932,21.252,0.262,-0.393,2.711,4.638120,-74.083923,0.35,3,1
1988,21533106,-3.899,2.190,-7.100,21.519,-5.168,3.718,-202.313,21.701,0.223,-0.398,3.718,4.638120,-74.083923,0.35,3,1
1989,21543103,-3.999,2.051,-7.278,19.657,-5.413,3.931,-201.650,22.129,0.209,-0.408,3.931,4.638120,-74.083923,0.35,3,1
1990,21553096,-4.114,2.149,-7.503,16.911,-5.199,4.053,-201.082,22.519,0.219,-0.419,4.053,4.638120,-74.083923,0.35,3,1
1991,21563089,-4.171,2.328,-7.611,14.225,-4.527,4.389,-200.661,22.876,0.237,-0.425,4.389,4.638120,-74.083923,0.35,3,1
1992,21573101,-4.188,2.494,-7.708,11.814,-4.558,5.640,-200.365,23.181,0.254,-0.427,5.640,4.638120,-74.083923,0.35,3,1
1993,21583098,-4.166,2.595,-7.888,10.441,-5.382,7.013,-200.126,23.401,0.265,-0.425,7.013,4.638120,-74.083923,0.35,3,1
1994,21593088,-4.130,2.530,-7.989,9.586,-6.328,7.868,-199.864,23.566,0.258,-0.421,7.868,4.638120,-74.083923,0.35,3,1
1995,21603095,-4.133,2.581,-8.085,7.969,-7.274,7.807,-199.647,23.688,0.263,-0.421,7.807,4.638120,-74.083923,0.35,3,1
1996,21613103,-4.207,2.796,-8.344,6.657,-7.701,7.013,-199.521,23.765,0.285,-0.429,7.013,4.638120,-74.083923,0.35,3,1
1997,21623098,-4.300,3.070,-8.584,6.382,-7.427,6.373,-199.496,23.816,0.313,-0.438,6.373,4.638120,-74.083923,0.35,3,1
1998,21633105,-4.228,3.167,-8.596,7.023,-7.060,6.190,-199.509,23.830,0.323,-0.431,6.190,4.638120,-74.083923,0.35,3,1
1999,21666566,-4.350,3.461,-9.158,10.227,-10.814,4.297,-199.375,23.532,0.353,-0.444,4.297,4.638120,-74.083923,0.35,3,1
2000,21667902,-4.555,3.729,-9.478,11.753,-9.960,3.962,-199.363,23.377,0.380,-0.464,3.962,4.638120,-74.083923,0.35,3,1
2001,21669228,-4.555,3.729,-9.478,11.753,-9.960,3.962,-199.427,23.309,0.380,-0.464,3.962,4.638120,-74.083923,0.35,3,1
2002,21673154,-4.555,3.729,-9.478,11.753,-9.960,3.962,-199.530,23.297,0.380,-0.464,3.962,4.638120,-74.083923,0.35,3,1
2003,21683100,-4.769,4.001,-9.775,13.584,-7.488,4.297,-199.673,23.325,0.408,-0.486,4.297,4.638120,-74.083923,0.35,3,1
2004,21693093,-4.805,4.194,-10.080,15.782,-3.642,5.732,-199.806,23.335,0.428,-0.490,5.732,4.638120,-74.083923,0.35,3,1
2005,21703090,-4.710,4.167,-10.359,18.070,0.966,7.624,-199.844,23.311,0.425,-0.480,7.624,4.638120,-74.083923,0.35,3,1
2006,21713106,-4.450,3.994,-10.479,19.108,5.269,9.333,-199.777,23.224,0.407,-0.454,9.333,4.638120,-74.083923,0.35,3,1
2007,21723104,-4.142,3.876,-10.357,18.681,8.168,10.706,-199.689,23.082,0.395,-0.422,10.706,4.638120,-74.083923,0.35,3,1
2008,21733102,-3.780,3.678,-10.330,17.338,8.809,11.103,-199.544,22.835,0.375,-0.385,11.103,4.638120,-74.083923,0.35,3,1
2009,21743103,-3.432,3.290,-10.395,15.873,8.076,9.333,-199.260,22.479,0.335,-0.350,9.333,4.638120,-74.083923,0.35,3,1
2010,21753102,-3.208,3.000,-10.273,14.134,6.398,5.274,-198.912,22.077,0.306,-0.327,5.274,4.638120,-74.083923,0.35,3,1
2011,21763104,-3.177,3.044,-10.222,12.577,3.682,0.300,-198.632,21.677,0.310,-0.324,0.300,4.638120,-74.083923,0.35,3,1
2012,21773102,-3.375,3.316,-10.457,12.364,1.484,-3.851,-198.458,21.332,0.338,-0.344,-3.851,4.638120,-74.083923,0.35,3,1
2013,21783120,-3.687,3.651,-10.710,14.042,1.149,-5.529,-198.379,21.088,0.372,-0.376,-5.529,4.638120,-74.083923,0.35,3,1
2014,21793104,-3.959,4.006,-10.935,17.216,2.614,-3.881,-198.380,20.935,0.408,-0.404,-3.881,4.638120,-74.083923,0.35,3,1
2015,21803110,-4.145,4.261,-11.135,21.336,5.482,0.788,-198.406,20.852,0.435,-0.423,0.788,4.638120,-74.083923,0.35,3,1
2016,21813113,-4.173,4.194,-11.274,24.998,9.083,7.532,-198.353,20.807,0.428,-0.426,7.532,4.638120,-74.083923,0.35,3,1
2017,21823103,-4.047,3.996,-11.365,27.439,12.715,14.857,-198.202,20.755,0.407,-0.413,14.857,4.638120,-74.083923,0.35,3,1
2018,21833131,-3.811,3.702,-11.346,27.561,15.645,22.089,-197.959,20.668,0.378,-0.389,22.089,4.638120,-74.083923,0.35,3,1
2019,21843096,-3.496,3.408,-11.250,24.632,17.628,28.376,-197.668,20.517,0.348,-0.357,28.376,4.638120,-74.083923,0.35,3,1
2020,21853100,-3.112,3.000,-11.135,18.467,17.903,33.289,-197.320,20.269,0.306,-0.317,33.289,4.637970,-74.084468,0.49,3,1
2021,21863118,-2.616,2.668,-10.741,9.953,16.011,35.761,-196.990,19.883,0.272,-0.267,35.761,4.637970,-74.084468,0.49,3,1
2022,21873112,-2.204,2.501,-10.318,0.736,12.166,35.181,-196.747,19.371,0.255,-0.225,35.181,4.637970,-74.084468,0.49,3,1
2023,21883092,-2.006,2.644,-9.886,-7.198,6.611,32.068,-196.699,18.798,0.270,-0.205,32.068,4.637970,-74.084468,0.49,3,1
2024,21893112,-1.958,2.762,-9.629,-12.356,0.355,27.857,-196.781,18.209,0.282,-0.200,27.857,4.637970,-74.084468,0.49,3,1
2025,21903110,-2.003,2.745,-9.562,-14.034,-4.833,22.547,-196.875,17.643,0.280,-0.204,22.547,4.637970,-74.084468,0.49,3,1
2026,21913106,-2.199,2.853,-9.679,-16.170,-8.037,17.267,-197.012,17.161,0.291,-0.224,17.267,4.637970,-74.084468,0.49,3,1
2027,21923104,-2.309,3.104,-9.569,-16.659,-9.624,13.331,-197.261,16.750,0.317,-0.235,13.331,4.637970,-74.084468,0.49,3,1
2028,21933103,-2.392,3.049,-9.475,-15.682,-11.058,11.530,-197.472,16.402,0.311,-0.244,11.530,4.637970,-74.084468,0.49,3,1
2029,21943102,-2.402,2.993,-9.199,-13.515,-12.340,10.859,-197.662,16.102,0.305,-0.245,10.859,4.637970,-74.084468,0.49,3,1
2030,21953100,-2.430,2.849,-9.081,-11.257,-13.622,10.859,-197.769,15.843,0.290,-0.248,10.859,4.637970,-74.084468,0.49,3,1
2031,21963104,-2.480,2.728,-8.894,-8.388,-14.598,10.462,-197.813,15.640,0.278,-0.253,10.462,4.637970,-74.084468,0.49,3,1
2032,21973101,-2.564,2.709,-8.695,-5.764,-15.331,10.157,-197.850,15.507,0.276,-0.261,10.157,4.637970,-74.084468,0.49,4,1
2033,21985232,-2.740,2.735,-8.591,-3.383,-15.331,10.401,-197.899,15.448,0.279,-0.279,10.401,4.637970,-74.084468,0.49,4,1
2034,21993107,-2.862,2.682,-8.493,-1.308,-14.171,11.194,-197.904,15.503,0.274,-0.292,11.194,4.637970,-74.084468,0.49,4,1
2035,22003095,-2.945,2.538,-8.344,-0.210,-12.218,12.079,-197.852,15.637,0.259,-0.300,12.079,4.637970,-74.084468,0.49,4,1
2036,22013115,-3.003,2.417,-8.164,0.065,-9.807,12.446,-197.768,15.841,0.246,-0.306,12.446,4.637970,-74.084468,0.49,4,1
2037,22023094,-2.993,2.289,-7.892,-0.027,-7.701,12.354,-197.667,16.095,0.233,-0.305,12.354,4.637970,-74.084468,0.49,4,1
2038,22033098,-2.981,2.072,-7.638,-0.606,-6.236,11.744,-197.503,16.390,0.211,-0.304,11.744,4.637970,-74.084468,0.49,4,1
2039,22043102,-2.917,1.925,-7.330,-2.071,-5.535,10.492,-197.330,16.701,0.196,-0.297,10.492,4.637970,-74.084468,0.49,4,1
2040,22053101,-2.910,1.793,-7.023,-4.299,-5.992,8.753,-197.160,17.046,0.183,-0.297,8.753,4.637970,-74.084468,0.49,4,1
2041,22063097,-2.926,1.634,-6.737,-6.771,-7.213,6.983,-196.973,17.431,0.167,-0.298,6.983,4.637970,-74.084468,0.49,4,1
2042,22073112,-2.998,1.527,-6.430,-9.518,-8.739,4.481,-196.805,17.889,0.156,-0.306,4.481,4.637970,-74.084468,0.49,4,1
2043,22083095,-3.093,1.472,-6.250,-12.112,-9.593,1.337,-196.666,18.405,0.150,-0.315,1.337,4.637970,-74.084468,0.49,4,1
2044,22093104,-3.274,1.626,-5.933,-13.698,-9.654,-2.233,-196.711,19.058,0.166,-0.334,-2.233,4.637970,-74.084468,0.49,4,1
2045,22103104,-3.487,1.916,-5.822,-12.661,-9.258,-5.224,-196.964,19.787,0.195,-0.356,-5.224,4.637970,-74.084468,0.49,4,1
2046,22113110,-3.756,2.142,-5.969,-10.403,-7.762,-6.719,-197.295,20.552,0.218,-0.383,-6.719,4.637970,-74.084468,0.49,4,1
2047,22123094,-4.054,2.301,-6.187,-6.954,-4.772,-6.903,-197.618,21.356,0.235,-0.413,-6.903,4.637970,-74.084468,0.49,4,1
2048,22133097,-4.257,2.436,-6.384,-3.048,-0.804,-5.926,-197.918,22.163,0.248,-0.434,-5.926,4.637970,-74.084468,0.49,4,1
2049,22143103,-4.300,2.528,-6.521,1.133,2.980,-4.156,-198.180,22.917,0.258,-0.438,-4.156,4.637970,-74.084468,0.49,4,1
2050,22153099,-4.173,2.369,-6.860,4.398,5.787,-1.806,-198.227,23.512,0.242,-0.426,-1.806,4.637970,-74.084468,0.49,4,1
2051,22163091,-3.949,2.094,-7.025,6.077,7.985,-0.219,-198.068,23.959,0.214,-0.403,-0.219,4.637970,-74.084468,0.49,4,1
2052,22173111,-3.727,1.889,-7.090,6.169,8.565,-0.250,-197.791,24.272,0.193,-0.380,-0.250,4.637970,-74.084468,0.49,4,1
2053,22183095,-3.582,1.752,-7.326,4.826,7.954,-1.684,-197.436,24.441,0.179,-0.365,-1.684,4.637970,-74.084468,0.49,4,1
2054,22193102,-3.506,1.749,-7.527,3.269,7.313,-4.034,-197.094,24.513,0.178,-0.357,-4.034,4.637970,-74.084468,0.49,4,1
2055,22203090,-3.456,1.863,-7.623,1.682,6.581,-6.628,-196.842,24.523,0.190,-0.352,-6.628,4.637970,-74.084468,0.49,4,1
2056,22213100,-3.520,2.022,-7.722,0.523,5.482,-8.489,-196.692,24.525,0.206,-0.359,-8.489,4.637970,-74.084468,0.49,4,1
2057,22223101,-3.642,2.159,-7.852,-0.423,4.170,-9.252,-196.617,24.537,0.220,-0.371,-9.252,4.637970,-74.084468,0.49,4,1
2058,22233109,-3.804,2.229,-8.037,-1.675,3.041,-9.130,-196.568,24.570,0.227,-0.388,-9.130,4.637970,-74.084468,0.49,4,1
2059,22243090,-3.909,2.277,-8.246,-3.567,2.705,-9.008,-196.535,24.601,0.232,-0.399,-9.008,4.637970,-74.084468,0.49,4,1
2060,22253108,-4.002,2.340,-8.423,-5.337,2.827,-9.649,-196.528,24.633,0.239,-0.408,-9.649,4.637970,-74.084468,0.49,4,1
2061,22263102,-4.059,2.427,-8.587,-6.954,3.163,-10.870,-196.556,24.656,0.247,-0.414,-10.870,4.637970,-74.084468,0.49,4,1
2062,22273120,-4.097,2.583,-8.786,-8.022,3.712,-12.640,-196.638,24.655,0.263,-0.418,-12.640,4.637970,-74.084468,0.49,4,1
2063,22283105,-4.059,2.711,-9.009,-8.388,4.506,-14.959,-196.745,24.602,0.276,-0.414,-14.959,4.637970,-74.084468,0.49,4,1
2064,22293097,-3.930,2.853,-9.201,-7.412,5.208,-17.889,-196.871,24.473,0.291,-0.401,-17.889,4.637970,-74.084468,0.49,4,1
2065,22303102,-3.794,3.092,-9.343,-4.146,5.269,-20.880,-197.041,24.269,0.315,-0.387,-20.880,4.637970,-74.084468,0.49,4,1
2066,22313088,-3.634,3.217,-9.533,1.438,4.201,-22.985,-197.171,23.977,0.328,-0.371,-22.985,4.637970,-74.084468,0.49,4,1
2067,22324870,-3.527,3.186,-9.811,7.664,2.034,-23.779,-197.176,23.611,0.325,-0.360,-23.779,4.637970,-74.084468,0.49,4,1
2068,22333105,-3.561,3.138,-10.018,13.615,-0.255,-23.260,-197.088,23.238,0.320,-0.363,-23.260,4.637970,-74.084468,0.49,4,1
2069,22343097,-3.687,3.237,-10.390,18.406,-1.964,-20.971,-196.955,22.877,0.330,-0.376,-20.971,4.637970,-74.084468,0.49,4,1
2070,22353106,-3.899,3.352,-10.935,22.434,-1.995,-16.638,-196.776,22.552,0.342,-0.398,-16.638,4.637970,-74.084468,0.49,4,1
2071,22363100,-3.971,3.261,-11.339,25.303,-0.011,-11.358,-196.506,22.253,0.333,-0.405,-11.358,4.637970,-74.084468,0.49,4,1
2072,22373087,-3.747,2.914,-11.435,26.096,2.278,-6.018,-196.116,21.923,0.297,-0.382,-6.018,4.637970,-74.084468,0.49,4,1
2073,22383092,-3.315,2.371,-11.212,23.045,3.010,-1.745,-195.604,21.512,0.242,-0.338,-1.745,4.637970,-74.084468,0.49,4,1
2074,22393091,-2.879,1.646,-10.849,15.659,0.630,-0.189,-194.944,21.000,0.168,-0.294,-0.189,4.637970,-74.084468,0.49,4,1
2075,22403097,-2.724,1.255,-10.568,5.253,-4.466,-1.959,-194.289,20.453,0.128,-0.278,-1.959,4.637970,-74.084468,0.49,4,1
2076,22413100,-3.091,1.672,-10.650,-5.764,-9.654,-5.010,-193.951,20.027,0.171,-0.315,-5.010,4.637970,-74.084468,0.49,4,1
2077,22423104,-3.844,2.574,-10.885,-14.400,-11.791,-6.658,-194.055,19.841,0.262,-0.392,-6.658,4.637970,-74.084468,0.49,4,1
2078,22433088,-4.495,3.333,-11.041,-18.825,-10.448,-5.316,-194.459,19.861,0.340,-0.458,-5.316,4.637970,-74.084468,0.49,4,1
2079,22443097,-4.862,3.663,-11.060,-19.741,-6.572,-1.623,-194.958,20.018,0.374,-0.496,-1.623,4.637970,-74.084468,0.49,4,1
2080,22453103,-5.010,3.835,-11.171,-19.527,-0.743,2.924,-195.464,20.244,0.391,-0.511,2.924,4.637970,-74.084468,0.49,4,1
2081,22463086,-4.986,3.972,-11.221,-19.070,6.581,7.532,-195.969,20.499,0.405,-0.508,7.532,4.637970,-74.084468,0.49,4,1
2082,22473088,-4.696,3.820,-11.108,-18.154,13.295,10.981,-196.388,20.726,0.390,-0.479,10.981,4.637970,-74.084468,0.49,4,1
2083,22483102,-4.235,3.651,-10.871,-18.886,17.720,12.964,-196.750,20.860,0.372,-0.432,12.964,4.637970,-74.084468,0.49,4,1
2084,22493090,-3.577,3.526,-10.421,-20.901,19.002,13.666,-197.112,20.822,0.360,-0.365,13.666,4.637970,-74.084468,0.49,4,1
2085,22503101,-3.148,3.545,-9.984,-23.037,16.926,11.622,-197.533,20.656,0.362,-0.321,11.622,4.637970,-74.084468,0.49,4,1
2086,22513087,-3.036,3.878,-9.795,-24.593,12.898,7.258,-198.092,20.430,0.395,-0.310,7.258,4.637970,-74.084468,0.49,4,1
2087,22523088,-3.034,4.011,-9.699,-23.617,8.687,2.558,-198.665,20.185,0.409,-0.309,2.558,4.637970,-74.084468,0.49,4,1
2088,22533088,-3.055,3.989,-9.622,-21.664,5.482,-2.630,-199.181,19.946,0.407,-0.312,-2.630,4.637970,-74.084468,0.49,4,1
2089,22543088,-3.117,4.064,-9.598,-20.107,3.743,-8.001,-199.676,19.733,0.414,-0.318,-8.001,4.637970,-74.084468,0.49,4,1
2090,22553091,-3.177,4.153,-9.480,-18.062,3.041,-12.487,-200.169,19.561,0.423,-0.324,-12.487,4.637970,-74.084468,0.49,4,1
2091,22563104,-3.100,4.191,-9.259,-16.109,3.071,-15.936,-200.659,19.395,0.427,-0.316,-15.936,4.637970,-74.084468,0.49,4,1
2092,22573088,-3.062,4.317,-8.988,-12.905,3.163,-18.926,-201.182,19.250,0.440,-0.312,-18.926,4.637970,-74.084468,0.49,4,1
2093,22583097,-3.167,4.488,-8.971,-9.548,3.377,-20.544,-201.705,19.153,0.458,-0.323,-20.544,4.637970,-74.084468,0.49,4,1
2094,22593104,-3.103,4.772,-8.812,-4.696,4.384,-20.605,-202.285,19.048,0.487,-0.316,-20.605,4.637970,-74.084468,0.49,4,1
2095,22603088,-3.103,4.801,-8.860,0.797,5.971,-19.598,-202.771,18.959,0.490,-0.316,-19.598,4.637970,-74.084468,0.49,4,1
2096,22613088,-2.917,4.534,-8.786,6.077,8.442,-18.072,-203.084,18.848,0.462,-0.297,-18.072,4.637970,-74.084468,0.49,4,1
2097,22623090,-2.628,4.283,-8.615,9.525,10.945,-17.370,-203.274,18.680,0.437,-0.268,-17.370,4.637970,-74.084468,0.49,4,1
2098,22633091,-2.461,4.056,-8.546,10.227,12.654,-17.156,-203.364,18.487,0.414,-0.251,-17.156,4.637970,-74.084468,0.49,4,1
2099,22657964,-1.992,3.526,-8.058,4.246,12.013,-17.156,-203.346,18.284,0.360,-0.203,-17.156,4.637970,-74.084468,0.49,4,1
2100,22659303,-1.992,3.526,-8.058,4.246,12.013,-17.156,-203.344,17.989,0.360,-0.203,-17.156,4.637970,-74.084468,0.49,4,1
2101,22663102,-1.992,3.526,-8.058,4.246,12.013,-17.156,-203.352,17.658,0.360,-0.203,-17.156,4.637970,-74.084468,0.49,4,1
2102,22673160,-1.984,3.379,-7.945,0.004,10.945,-17.797,-203.349,17.367,0.345,-0.202,-17.797,4.637970,-74.084468,0.49,4,1
2103,22683102,-1.965,3.393,-7.696,-3.536,10.090,-18.987,-203.440,17.114,0.346,-0.200,-18.987,4.637970,-74.084468,0.49,4,1
2104,22693090,-2.070,3.386,-7.614,-5.977,9.175,-20.391,-203.562,16.943,0.345,-0.211,-20.391,4.637970,-74.084468,0.49,4,1
2105,22703099,-2.092,3.273,-7.429,-7.015,8.381,-22.009,-203.666,16.820,0.334,-0.213,-22.009,4.637970,-74.084468,0.49,4,1
2106,22713106,-2.135,3.244,-7.124,-7.290,7.100,-23.565,-203.821,16.762,0.331,-0.218,-23.565,4.637970,-74.084468,0.49,4,1
2107,22723091,-2.225,3.020,-6.889,-7.229,4.597,-24.755,-203.899,16.784,0.308,-0.227,-24.755,4.637970,-74.084468,0.49,4,1
2108,22733092,-2.480,2.844,-6.783,-7.900,1.881,-25.793,-203.903,16.950,0.290,-0.253,-25.793,4.637970,-74.084468,0.49,4,1
2109,22743098,-2.774,2.829,-6.800,-9.090,-0.041,-26.556,-203.906,17.242,0.289,-0.283,-26.556,4.637970,-74.084468,0.49,4,1
2110,22753106,-3.076,2.962,-6.802,-10.219,-0.713,-26.190,-203.994,17.652,0.302,-0.314,-26.190,4.637970,-74.084468,0.49,4,1
2111,22763102,-3.382,3.138,-6.853,-10.311,-0.286,-24.572,-204.159,18.161,0.320,-0.345,-24.572,4.637970,-74.084468,0.49,4,1
2112,22773091,-3.589,3.229,-7.047,-8.938,1.210,-22.222,-204.300,18.695,0.329,-0.366,-22.222,4.637970,-74.084468,0.49,4,1
2113,22783099,-3.615,3.094,-7.035,-5.825,2.980,-20.086,-204.333,19.230,0.316,-0.369,-20.086,4.637970,-74.084468,0.49,4,1
2114,22793107,-3.561,2.885,-7.033,-1.797,3.865,-18.926,-204.215,19.724,0.294,-0.363,-18.926,4.637970,-74.084468,0.49,4,1
2115,22803104,-3.539,2.716,-7.088,2.384,3.438,-18.530,-203.964,20.166,0.277,-0.361,-18.530,4.637970,-74.084468,0.49,4,1
2116,22813105,-3.556,2.569,-7.201,6.382,1.820,-18.286,-203.593,20.555,0.262,-0.363,-18.286,4.637970,-74.084468,0.49,4,1
2117,22823105,-3.611,2.388,-7.350,9.251,-0.713,-17.584,-203.099,20.898,0.244,-0.368,-17.584,4.637970,-74.084468,0.49,4,1
2118,22833117,-3.720,2.229,-7.511,10.655,-3.642,-16.332,-202.517,21.215,0.227,-0.379,-16.332,4.637970,-74.084468,0.49,4,1
2119,22843107,-3.820,2.031,-7.703,9.739,-6.481,-14.685,-201.853,21.498,0.207,-0.390,-14.685,4.637970,-74.084468,0.49,4,1
2120,22853108,-3.973,1.896,-7.880,6.687,-8.861,-12.670,-201.173,21.775,0.193,-0.405,-12.670,4.637980,-74.084472,0.56,4,1
2121,22863098,-4.147,1.998,-8.075,2.537,-10.478,-10.259,-200.612,22.045,0.204,-0.423,-10.259,4.637980,-74.084472,0.56,4,1
2122,22873109,-4.283,2.181,-8.173,-1.644,-11.302,-7.360,-200.213,22.314,0.222,-0.437,-7.360,4.637980,-74.084472,0.56,4,1
2123,22883095,-4.388,2.260,-8.344,-4.635,-11.180,-4.766,-199.889,22.568,0.230,-0.447,-4.766,4.637980,-74.084472,0.56,4,1
2124,22893097,-4.412,2.405,-8.462,-6.344,-10.478,-2.783,-199.660,22.788,0.245,-0.450,-2.783,4.637980,-74.084472,0.56,4,1
2125,22903102,-4.350,2.636,-8.541,-6.893,-9.960,-1.287,-199.552,22.943,0.269,-0.444,-1.287,4.637980,-74.084472,0.56,4,1
2126,22913097,-4.242,2.714,-8.560,-6.252,-10.478,-0.067,-199.480,23.030,0.277,-0.433,-0.067,4.637980,-74.084472,0.56,4,1
2127,22923110,-4.219,2.759,-8.596,-5.398,-11.852,0.635,-199.422,23.080,0.281,-0.430,0.635,4.637980,-74.084472,0.56,4,1
2128,22933117,-4.300,2.974,-8.940,-5.398,-13.408,0.818,-199.414,23.072,0.303,-0.438,0.818,4.637980,-74.084472,0.56,4,1
2129,22943108,-4.390,3.285,-9.331,-5.367,-13.866,1.063,-199.482,23.015,0.335,-0.448,1.063,4.637980,-74.084472,0.56,4,1
2130,22953111,-4.426,3.545,-9.454,-3.383,-13.286,1.368,-199.616,22.947,0.362,-0.451,1.368,4.637980,-74.084472,0.56,4,1
2131,22963098,-4.459,3.721,-9.701,-0.576,-12.096,1.978,-199.747,22.862,0.379,-0.455,1.978,4.637980,-74.084472,0.56,4,1
2132,22973099,-4.407,4.032,-9.807,2.628,-10.051,3.199,-199.943,22.752,0.411,-0.449,3.199,4.637980,-74.084472,0.56,4,1
2133,22985320,-4.402,4.194,-10.011,6.809,-7.915,5.732,-200.108,22.617,0.428,-0.449,5.732,4.637980,-74.084472,0.56,4,1
2134,22993099,-4.450,4.083,-10.217,9.739,-5.046,9.272,-200.168,22.529,0.416,-0.454,9.272,4.637980,-74.084472,0.56,4,1
2135,23003099,-4.350,4.023,-10.294,11.234,-1.537,12.324,-200.176,22.439,0.410,-0.444,12.324,4.637980,-74.084472,0.56,4,1
2136,23013106,-4.054,3.661,-10.400,11.234,1.851,14.673,-200.033,22.288,0.373,-0.413,14.673,4.637980,-74.084472,0.56,4,1
2137,23023113,-3.644,3.097,-10.208,9.037,4.139,14.582,-199.726,22.067,0.316,-0.372,14.582,4.637980,-74.084472,0.56,4,1
2138,23033115,-3.375,2.824,-9.992,5.406,4.445,11.500,-199.394,21.800,0.288,-0.344,11.500,4.637980,-74.084472,0.56,4,1
2139,23043099,-3.284,2.945,-9.958,2.628,3.499,6.830,-199.165,21.510,0.300,-0.335,6.830,4.637980,-74.084472,0.56,4,1
2140,23053104,-3.451,3.379,-10.047,2.690,2.614,2.985,-199.117,21.272,0.345,-0.352,2.985,4.637980,-74.084472,0.56,4,1
2141,23063093,-3.777,3.813,-10.145,5.711,2.492,1.917,-199.198,21.141,0.389,-0.385,1.917,4.637980,-74.084472,0.56,4,1
2142,23073099,-4.033,4.025,-10.285,10.807,3.285,3.687,-199.286,21.093,0.410,-0.411,3.687,4.637980,-74.084472,0.56,4,1
2143,23083107,-4.185,4.064,-10.424,15.690,4.963,8.021,-199.315,21.099,0.414,-0.427,8.021,4.637980,-74.084472,0.56,4,1
2144,23093099,-4.309,3.878,-10.546,18.589,7.710,13.880,-199.231,21.165,0.395,-0.439,13.880,4.637980,-74.084472,0.56,4,1
2145,23103096,-4.309,3.661,-10.681,19.138,11.342,19.709,-199.051,21.253,0.373,-0.439,19.709,4.637980,-74.084472,0.56,4,1
2146,23113116,-4.288,3.548,-10.810,16.880,15.889,25.324,-198.848,21.358,0.362,-0.437,25.324,4.637980,-74.084472,0.56,4,1
2147,23123093,-4.116,3.548,-10.794,12.669,20.802,30.848,-198.702,21.444,0.362,-0.420,30.848,4.637980,-74.084472,0.56,4,1
2148,23133109,-3.651,3.475,-10.472,9.098,24.098,35.242,-198.612,21.432,0.354,-0.372,35.242,4.637980,-74.084472,0.56,4,1
2149,23143108,-3.169,3.249,-10.136,5.100,24.647,37.562,-198.521,21.293,0.331,-0.323,37.562,4.637980,-74.084472,0.56,4,1
2150,23153098,-2.828,2.991,-9.980,0.858,22.175,37.775,-198.393,21.034,0.305,-0.288,37.775,4.637980,-74.084472,0.56,4,1
2151,23163098,-2.414,2.834,-9.619,-3.933,18.422,35.731,-198.298,20.634,0.289,-0.246,35.731,4.637980,-74.084472,0.56,4,1
2152,23173105,-2.108,2.844,-9.497,-8.144,13.478,31.122,-198.270,20.102,0.290,-0.215,31.122,4.637980,-74.084472,0.56,4,1
2153,23183090,-2.075,2.918,-9.595,-13.149,8.442,25.629,-198.308,19.540,0.298,-0.212,25.629,4.637980,-74.084472,0.56,4,1
2154,23193112,-2.082,3.029,-9.403,-16.811,4.231,20.044,-198.449,18.998,0.309,-0.212,20.044,4.637980,-74.084472,0.56,4,1
2155,23203115,-2.113,3.099,-9.442,-19.283,0.386,14.795,-198.627,18.470,0.316,-0.215,14.795,4.637980,-74.084472,0.56,4,1
2156,23213115,-2.123,3.208,-9.326,-20.351,-2.208,10.431,-198.863,17.968,0.327,-0.216,10.431,4.637980,-74.084472,0.56,4,1
2157,23223091,-2.194,3.285,-9.069,-18.734,-4.131,6.800,-199.136,17.538,0.335,-0.224,6.800,4.637980,-74.084472,0.56,4,1
2158,23233098,-2.292,3.299,-8.942,-14.614,-5.626,3.596,-199.377,17.181,0.336,-0.234,3.596,4.637980,-74.084472,0.56,4,1
2159,23243107,-2.392,3.415,-8.872,-8.388,-6.175,1.093,-199.603,16.892,0.348,-0.244,1.093,4.637980,-74.084472,0.56,4,1
2160,23253099,-2.509,3.408,-8.651,-0.820,-6.450,0.361,-199.776,16.698,0.348,-0.256,0.361,4.637980,-74.084472,0.56,4,1
2161,23263104,-2.621,3.309,-8.536,6.291,-6.877,1.734,-199.846,16.581,0.337,-0.267,1.734,4.637980,-74.084472,0.56,4,1
2162,23273111,-2.731,2.969,-8.466,10.929,-6.908,4.603,-199.726,16.545,0.303,-0.278,4.603,4.637980,-74.084472,0.56,4,1
2163,23283099,-2.798,2.554,-8.315,12.242,-6.633,7.502,-199.431,16.584,0.260,-0.285,7.502,4.637980,-74.084472,0.56,4,1
2164,23293093,-2.850,2.202,-8.099,10.655,-5.931,9.699,-199.030,16.697,0.225,-0.291,9.699,4.637980,-74.084472,0.56,4,1
2165,23303096,-2.917,1.904,-7.873,6.016,-5.016,11.194,-198.579,16.890,0.194,-0.297,11.194,4.637980,-74.084472,0.56,4,1
2166,23313094,-3.007,1.759,-7.609,-0.545,-3.978,11.988,-198.179,17.174,0.179,-0.307,11.988,4.637980,-74.084472,0.56,4,1
2167,23324966,-3.088,1.629,-7.489,-8.114,-3.002,12.537,-197.833,17.514,0.166,-0.315,12.537,4.637980,-74.084472,0.56,4,1
2168,23333088,-3.160,1.554,-7.326,-16.872,-1.293,13.117,-197.556,17.919,0.158,-0.322,13.117,4.637980,-74.084472,0.56,4,1
2169,23343100,-3.193,1.790,-6.903,-24.624,0.264,13.025,-197.570,18.403,0.183,-0.326,13.025,4.637980,-74.084472,0.56,4,1
2170,23353097,-3.155,1.971,-6.624,-29.354,1.118,12.476,-197.784,18.889,0.201,-0.322,12.476,4.637980,-74.084472,0.56,4,1
2171,23363089,-3.174,2.212,-6.319,-30.758,1.668,11.255,-198.203,19.405,0.226,-0.324,11.255,4.637980,-74.084472,0.56,4,1
2172,23373088,-3.251,2.554,-6.072,-29.232,1.637,9.638,-198.847,19.951,0.260,-0.331,9.638,4.637980,-74.084472,0.56,4,1
2173,23383100,-3.394,2.742,-6.005,-25.692,1.454,8.326,-199.542,20.525,0.280,-0.346,8.326,4.637980,-74.084472,0.56,4,1
2174,23393089,-3.382,2.564,-6.401,-20.962,2.095,6.617,-199.931,20.978,0.261,-0.345,6.617,4.637980,-74.084472,0.56,4,1
2175,23403099,-3.534,2.670,-6.312,-14.156,5.147,3.962,-200.312,21.513,0.272,-0.360,3.962,4.637980,-74.084472,0.56,4,1
2176,23413106,-3.649,2.933,-6.425,-7.717,7.802,2.039,-200.727,22.034,0.299,-0.372,2.039,4.637980,-74.084472,0.56,4,1
2177,23423095,-3.525,2.984,-6.432,-0.118,9.358,0.879,-201.067,22.462,0.304,-0.359,0.879,4.637980,-74.084472,0.56,4,1
2178,23433105,-3.470,2.733,-6.680,6.260,9.846,0.940,-201.120,22.804,0.279,-0.354,0.940,4.637980,-74.084472,0.56,4,1
2179,23443099,-3.439,2.516,-7.045,10.136,9.602,0.727,-200.934,23.042,0.257,-0.351,0.727,4.637980,-74.084472,0.56,4,1
2180,23453089,-3.363,2.456,-7.220,11.753,9.022,-0.097,-200.681,23.187,0.250,-0.343,-0.097,4.637980,-74.084472,0.56,4,1
2181,23463099,-3.332,2.415,-7.443,11.631,7.954,-0.860,-200.386,23.256,0.246,-0.340,-0.860,4.637980,-74.084472,0.56,4,1
2182,23473101,-3.382,2.354,-7.753,10.258,7.191,-1.867,-200.044,23.280,0.240,-0.345,-1.867,4.637980,-74.084472,0.56,4,1
2183,23483099,-3.425,2.439,-7.948,8.061,6.825,-3.271,-199.761,23.280,0.249,-0.349,-3.271,4.637980,-74.084472,0.56,4,1
2184,23493100,-3.429,2.624,-8.085,6.016,6.245,-4.553,-199.589,23.242,0.268,-0.350,-4.553,4.637980,-74.084472,0.56,4,1
2185,23503090,-3.401,2.658,-8.255,4.887,5.116,-5.438,-199.430,23.154,0.271,-0.347,-5.438,4.637980,-74.084472,0.56,4,1
2186,23513105,-3.363,2.583,-8.258,4.276,3.651,-6.811,-199.253,23.045,0.263,-0.343,-6.811,4.637980,-74.084472,0.56,4,1
2187,23523094,-3.401,2.634,-8.291,3.666,1.668,-8.581,-199.114,22.935,0.269,-0.347,-8.581,4.637980,-74.084472,0.56,4,1
2188,23533088,-3.541,2.798,-8.488,3.056,-0.682,-10.198,-199.039,22.832,0.285,-0.361,-10.198,4.637980,-74.084472,0.56,4,1
2189,23543089,-3.747,3.109,-8.702,2.873,-2.605,-11.267,-199.080,22.754,0.317,-0.382,-11.267,4.637980,-74.084472,0.56,4,1
2190,23553089,-3.963,3.319,-9.009,3.452,-3.673,-12.091,-199.155,22.700,0.338,-0.404,-12.091,4.637980,-74.084472,0.56,4,1
2191,23563102,-4.040,3.393,-9.242,4.337,-3.704,-12.914,-199.211,22.640,0.346,-0.412,-12.914,4.637980,-74.084472,0.56,4,1
2192,23573097,-4.073,3.478,-9.396,4.582,-3.307,-13.708,-199.272,22.574,0.355,-0.415,-13.708,4.637980,-74.084472,0.56,4,1
2193,23583102,-4.076,3.594,-9.574,4.948,-2.941,-14.532,-199.346,22.486,0.366,-0.416,-14.532,4.637980,-74.084472,0.56,4,1
2194,23593091,-4.078,3.724,-9.838,5.802,-2.483,-15.417,-199.418,22.368,0.380,-0.416,-15.417,4.637980,-74.084472,0.56,4,1
2195,23603086,-4.068,3.982,-10.162,7.237,-1.506,-15.661,-199.522,22.211,0.406,-0.415,-15.661,4.637980,-74.084472,0.56,4,1
2196,23613102,-4.047,4.220,-10.443,9.586,-0.041,-15.112,-199.643,22.028,0.430,-0.413,-15.112,4.637980,-74.084472,0.56,4,1
2197,23623086,-3.940,4.295,-10.676,12.760,1.484,-14.257,-199.719,21.806,0.438,-0.402,-14.257,4.637980,-74.084472,0.56,4,1
2198,23633096,-3.718,4.160,-10.789,15.934,2.278,-13.922,-199.696,21.527,0.424,-0.379,-13.922,4.637980,-74.084472,0.56,4,1
2199,23657326,-3.127,3.032,-10.652,18.253,-2.391,-24.328,-199.020,20.998,0.309,-0.319,-24.328,4.637980,-74.084472,0.56,4,1
2200,23658669,-3.127,3.032,-10.652,18.253,-2.391,-24.328,-198.522,20.521,0.309,-0.319,-24.328,4.637980,-74.084472,0.56,4,1
2201,23663095,-3.127,3.032,-10.652,18.253,-2.391,-24.328,-198.152,20.101,0.309,-0.319,-24.328,4.637980,-74.084472,0.56,4,1
2202,23673142,-3.353,3.309,-10.837,16.575,-6.236,-29.760,-197.922,19.746,0.337,-0.342,-29.760,4.637980,-74.084472,0.56,4,1
2203,23683100,-3.968,3.876,-11.137,15.965,-8.647,-32.385,-197.899,19.575,0.395,-0.405,-32.385,4.637980,-74.084472,0.56,4,1
2204,23693107,-4.617,4.483,-11.627,17.277,-8.251,-31.164,-198.018,19.563,0.457,-0.471,-31.164,4.637980,-74.084472,0.56,4,1
2205,23703088,-5.020,4.859,-12.170,19.932,-4.497,-25.976,-198.157,19.638,0.496,-0.512,-25.976,4.637980,-74.084472,0.56,4,1
2206,23713104,-5.056,4.809,-12.496,21.580,1.698,-17.767,-198.209,19.740,0.490,-0.516,-17.767,4.637980,-74.084472,0.56,4,1
2207,23723095,-4.669,4.269,-12.499,19.596,7.985,-9.130,-198.100,19.795,0.435,-0.476,-9.130,4.637980,-74.084472,0.56,4,1
2208,23733088,-3.971,3.478,-12.237,12.333,12.745,-2.783,-197.830,19.721,0.355,-0.405,-2.783,4.637980,-74.084472,0.56,4,1
2209,23743100,-3.236,2.882,-11.685,0.034,14.577,-0.036,-197.537,19.492,0.294,-0.330,-0.036,4.637980,-74.084472,0.56,4,1
2210,23753091,-2.767,2.521,-11.130,-15.652,13.051,-0.738,-197.327,19.156,0.257,-0.282,-0.738,4.637980,-74.084472,0.56,4,1
2211,23763089,-2.592,2.603,-10.623,-32.101,10.029,-4.125,-197.365,18.797,0.265,-0.264,-4.125,4.637980,-74.084472,0.56,4,1
2212,23773088,-2.676,3.133,-10.145,-44.552,7.039,-9.374,-197.780,18.503,0.319,-0.273,-9.374,4.637980,-74.084472,0.56,4,1
2213,23783124,-2.921,3.984,-9.987,-51.113,6.093,-15.295,-198.580,18.305,0.406,-0.298,-15.295,4.637980,-74.084472,0.56,4,1
2214,23793129,-3.179,5.028,-9.816,-50.167,7.130,-19.689,-199.724,18.201,0.513,-0.324,-19.689,4.637980,-74.084472,0.56,4,1
2215,23803091,-3.107,5.247,-9.521,-41.775,9.450,-21.612,-200.836,18.117,0.535,-0.317,-21.612,4.637980,-74.084472,0.56,4,1
2216,23813099,-2.855,5.083,-9.040,-30.514,11.738,-23.290,-201.794,18.017,0.518,-0.291,-23.290,4.637980,-74.084472,0.56,4,1
2217,23823109,-2.578,4.618,-8.841,-20.473,12.593,-25.640,-202.450,17.863,0.471,-0.263,-25.640,4.637980,-74.084472,0.56,4,1
2218,23833116,-2.375,4.006,-8.690,-13.027,13.173,-29.272,-202.768,17.685,0.408,-0.242,-29.272,4.637980,-74.084472,0.56,4,1
2219,23843104,-2.278,3.738,-8.450,-8.663,13.844,-34.429,-202.953,17.520,0.381,-0.232,-34.429,4.637980,-74.084472,0.56,4,1
2220,23853103,-2.452,3.839,-8.478,-6.985,14.638,-39.495,-203.147,17.445,0.392,-0.250,-39.495,4.637993,-74.084472,0.66,4,1
2221,23863097,-2.571,3.924,-8.394,-6.252,16.560,-42.242,-203.371,17.450,0.400,-0.262,-42.242,4.637993,-74.084472,0.66,4,1
2222,23873097,-2.592,3.837,-8.260,-5.367,19.368,-43.615,-203.560,17.511,0.391,-0.264,-43.615,4.637993,-74.084472,0.66,4,1
2223,23883116,-2.609,3.731,-8.123,-5.794,22.389,-44.226,-203.720,17.625,0.380,-0.266,-44.226,4.637993,-74.084472,0.66,4,1
2224,23893105,-2.564,3.639,-7.832,-7.046,25.044,-44.470,-203.898,17.774,0.371,-0.261,-44.470,4.637993,-74.084472,0.66,4,1
2225,23903100,-2.631,3.707,-7.741,-8.633,27.150,-43.981,-204.128,17.970,0.378,-0.268,-43.981,4.637993,-74.084472,0.66,4,1
2226,23913101,-2.676,3.866,-7.744,-9.731,29.133,-42.456,-204.423,18.180,0.394,-0.273,-42.456,4.637993,-74.084472,0.66,4,1
2227,23923095,-2.652,3.902,-7.700,-9.914,31.331,-39.526,-204.723,18.386,0.398,-0.270,-39.526,4.637993,-74.084472,0.66,4,1
2228,23933107,-2.557,3.729,-7.527,-9.365,32.734,-36.383,-204.955,18.578,0.380,-0.261,-36.383,4.637993,-74.084472,0.66,4,1
2229,23943103,-2.385,3.377,-7.429,-9.426,33.131,-34.338,-205.025,18.711,0.344,-0.243,-34.338,4.637993,-74.084472,0.66,4,1
2230,23953110,-2.240,2.976,-7.234,-10.738,32.399,-34.185,-204.941,18.802,0.304,-0.228,-34.185,4.637993,-74.084472,0.66,4,1
2231,23963105,-2.201,2.771,-7.033,-13.088,30.446,-35.864,-204.821,18.888,0.283,-0.224,-35.864,4.637993,-74.084472,0.66,4,1
2232,23973105,-2.309,2.752,-6.934,-16.170,28.035,-38.488,-204.749,19.019,0.281,-0.235,-38.488,4.637993,-74.084472,0.66,4,1
2233,23987763,-2.747,2.959,-6.814,-20.046,24.098,-43.829,-204.948,19.445,0.302,-0.280,-43.829,4.637993,-74.084472,0.66,4,1
2234,23993104,-2.747,2.959,-6.814,-20.046,24.098,-43.829,-205.038,19.735,0.302,-0.280,-43.829,4.637993,-74.084472,0.66,4,1
2235,24003098,-2.924,3.128,-6.648,-19.955,22.755,-45.446,-205.255,20.099,0.319,-0.298,-45.446,4.637993,-74.084472,0.66,4,1
2236,24013105,-3.098,3.174,-6.605,-18.185,21.565,-46.057,-205.476,20.519,0.324,-0.316,-46.057,4.637993,-74.084472,0.66,4,1
2237,24023106,-3.296,3.242,-6.591,-14.980,20.863,-46.179,-205.691,20.996,0.331,-0.336,-46.179,4.637993,-74.084472,0.66,4,1
2238,24033110,-3.394,3.299,-6.622,-11.288,19.948,-45.172,-205.877,21.464,0.336,-0.346,-45.172,4.637993,-74.084472,0.66,4,1
2239,24043108,-3.384,3.189,-6.677,-7.625,18.513,-43.524,-205.941,21.878,0.325,-0.345,-43.524,4.637993,-74.084472,0.66,4,1
2240,24053097,-3.439,2.906,-6.713,-4.970,16.804,-42.364,-205.812,22.289,0.296,-0.351,-42.364,4.637993,-74.084472,0.66,4,1
2241,24063114,-3.527,2.692,-6.829,-4.421,15.156,-42.242,-205.543,22.691,0.274,-0.360,-42.242,4.637993,-74.084472,0.66,4,1
2242,24073114,-3.654,2.605,-7.054,-5.031,14.088,-43.005,-205.203,23.071,0.266,-0.373,-43.005,4.637993,-74.084472,0.66,4,1
2243,24083102,-3.816,2.730,-7.237,-6.222,13.753,-44.103,-204.933,23.445,0.278,-0.389,-44.103,4.637993,-74.084472,0.66,4,1
2244,24093094,-3.940,3.027,-7.499,-6.435,13.966,-44.470,-204.785,23.770,0.309,-0.402,-44.470,4.637993,-74.084472,0.66,4,1
2245,24103102,-3.992,3.331,-7.765,-5.642,14.088,-43.249,-204.737,24.019,0.340,-0.407,-43.249,4.637993,-74.084472,0.66,4,1
2246,24113136,-3.949,3.439,-7.984,-3.231,13.264,-40.655,-204.678,24.175,0.351,-0.403,-40.655,4.637993,-74.084472,0.66,4,1
2247,24123101,-3.899,3.362,-8.260,-0.667,11.036,-37.573,-204.510,24.236,0.343,-0.398,-37.573,4.637993,-74.084472,0.66,4,1
2248,24133108,-3.820,3.191,-8.541,0.614,8.107,-35.101,-204.215,24.198,0.325,-0.390,-35.101,4.637993,-74.084472,0.66,4,1
2249,24143103,-3.658,2.952,-8.764,0.981,4.658,-33.880,-203.797,24.042,0.301,-0.373,-33.880,4.637993,-74.084472,0.66,4,1
2250,24153106,-3.420,2.815,-8.889,0.736,0.752,-34.338,-203.333,23.752,0.287,-0.349,-34.338,4.637993,-74.084472,0.66,4,1
2251,24163092,-3.272,2.853,-8.985,0.858,-3.887,-35.864,-202.907,23.365,0.291,-0.334,-35.864,4.637993,-74.084472,0.66,4,1
2252,24173113,-3.313,3.051,-9.187,2.079,-8.647,-37.084,-202.560,22.943,0.311,-0.338,-37.084,4.637993,-74.084472,0.66,4,1
2253,24183102,-3.532,3.393,-9.533,3.880,-12.462,-36.718,-202.316,22.546,0.346,-0.360,-36.718,4.637993,-74.084472,0.66,4,1
2254,24193099,-3.789,3.748,-9.972,7.054,-14.049,-34.124,-202.139,22.191,0.382,-0.386,-34.124,4.637993,-74.084472,0.66,4,1
2255,24203102,-4.011,4.042,-10.510,11.662,-12.950,-29.486,-201.965,21.874,0.412,-0.409,-29.486,4.637993,-74.084472,0.66,4,1
2256,24213099,-4.071,4.372,-11.010,16.575,-9.746,-22.680,-201.808,21.563,0.446,-0.415,-22.680,4.637993,-74.084472,0.66,4,1
2257,24223098,-3.842,4.297,-11.382,21.153,-6.053,-14.318,-201.546,21.199,0.438,-0.392,-14.318,4.637993,-74.084472,0.66,4,1
2258,24233103,-3.320,3.683,-11.512,22.831,-3.215,-6.353,-201.062,20.723,0.376,-0.339,-6.353,4.637993,-74.084472,0.66,4,1
2259,24243111,-2.609,2.837,-11.435,19.718,-2.239,-1.348,-200.354,20.073,0.289,-0.266,-1.348,4.637993,-74.084472,0.66,4,1
2260,24253103,-1.949,2.161,-11.053,12.760,-3.734,-0.311,-199.544,19.255,0.220,-0.199,-0.311,4.637993,-74.084472,0.66,4,1
2261,24263097,-1.665,1.781,-10.791,3.330,-7.183,-2.539,-198.754,18.378,0.182,-0.170,-2.539,4.637993,-74.084472,0.66,4,1
2262,24273102,-1.770,1.952,-10.818,-5.398,-10.448,-7.391,-198.170,17.576,0.199,-0.180,-7.391,4.637993,-74.084472,0.66,4,1
2263,24283100,-2.285,2.607,-11.036,-9.975,-11.730,-11.968,-197.907,16.994,0.266,-0.233,-11.968,4.637993,-74.084472,0.66,4,1
2264,24293106,-2.888,3.446,-11.394,-9.609,-10.417,-13.586,-197.932,16.640,0.351,-0.295,-13.586,4.637993,-74.084472,0.66,4,1
2265,24303100,-3.398,4.112,-11.649,-4.940,-6.786,-10.870,-198.110,16.480,0.419,-0.347,-10.870,4.637993,-74.084472,0.66,4,1
2266,24317276,-3.682,4.367,-12.191,10.166,5.269,3.992,-198.129,16.500,0.445,-0.375,3.992,4.637993,-74.084472,0.66,4,1
2267,24323102,-3.682,4.367,-12.191,10.166,5.269,3.992,-198.176,16.499,0.445,-0.375,3.992,4.637993,-74.084472,0.66,4,1
2268,24333106,-3.491,4.020,-12.297,16.544,12.288,12.781,-198.036,16.502,0.410,-0.356,12.781,4.637993,-74.084472,0.66,4,1
2269,24343098,-2.964,3.249,-12.268,18.162,18.147,20.746,-197.637,16.408,0.331,-0.302,20.746,4.637993,-74.084472,0.66,4,1
2270,24353105,-2.187,2.325,-11.781,13.096,21.321,25.721,-197.031,16.131,0.237,-0.223,25.721,4.637993,-74.084472,0.66,4,1
2271,24363089,-1.372,1.590,-11.010,2.323,19.917,26.301,-196.345,15.609,0.162,-0.140,26.301,4.637993,-74.084472,0.66,4,1
2272,24373105,-0.909,1.219,-10.176,-10.769,14.393,22.700,-195.726,14.926,0.124,-0.093,22.700,4.637993,-74.084472,0.66,4,1
2273,24383096,-0.871,1.383,-9.552,-23.586,6.367,16.230,-195.383,14.229,0.141,-0.089,16.230,4.637993,-74.084472,0.66,4,1
2274,24393105,-1.164,1.983,-9.230,-33.321,-1.293,8.967,-195.457,13.660,0.202,-0.119,8.967,4.637993,-74.084472,0.66,4,1
2275,24403101,-1.686,2.851,-9.045,-37.502,-6.236,2.863,-195.977,13.325,0.291,-0.172,2.863,4.637993,-74.084472,0.66,4,1
2276,24413106,-2.204,3.627,-9.194,-35.976,-7.884,-0.891,-196.753,13.191,0.370,-0.225,-0.891,4.637993,-74.084472,0.66,4,1
2277,24423101,-2.540,4.015,-9.276,-29.110,-6.267,-2.600,-197.550,13.201,0.409,-0.259,-2.600,4.637993,-74.084472,0.66,4,1
2278,24433106,-2.523,3.909,-9.213,-19.222,-3.124,-2.966,-198.163,13.243,0.399,-0.257,-2.966,4.637993,-74.084472,0.66,4,1
2279,24443102,-2.297,3.613,-9.120,-9.518,0.294,-3.301,-198.533,13.238,0.368,-0.234,-3.301,4.637993,-74.084472,0.66,4,1
2280,24453105,-2.073,3.239,-9.004,-1.003,3.041,-4.400,-198.655,13.186,0.330,-0.211,-4.400,4.637993,-74.084472,0.66,4,1
2281,24463103,-1.891,2.892,-8.882,6.046,4.475,-6.140,-198.569,13.091,0.295,-0.193,-6.140,4.637993,-74.084472,0.66,4,1
2282,24473106,-1.832,2.615,-8.858,11.295,4.658,-7.726,-198.319,12.988,0.267,-0.187,-7.726,4.637993,-74.084472,0.66,4,1
2283,24483102,-1.894,2.366,-8.771,14.408,4.719,-8.856,-197.957,12.936,0.241,-0.193,-8.856,4.637993,-74.084472,0.66,4,1
2284,24493105,-1.987,2.080,-8.543,16.117,4.994,-9.374,-197.497,12.964,0.212,-0.203,-9.374,4.637993,-74.084472,0.66,4,1
2285,24503101,-2.063,1.761,-8.224,16.026,4.994,-9.435,-196.952,13.071,0.180,-0.210,-9.435,4.637993,-74.084472,0.66,4,1
2286,24513104,-2.173,1.573,-7.868,14.195,4.933,-9.039,-196.405,13.273,0.160,-0.222,-9.039,4.637993,-74.084472,0.66,4,1
2287,24523102,-2.399,1.535,-7.640,10.899,4.902,-7.513,-195.935,13.610,0.156,-0.245,-7.513,4.637993,-74.084472,0.66,4,1
2288,24533104,-2.666,1.523,-7.506,6.596,5.604,-4.522,-195.549,14.086,0.155,-0.272,-4.522,4.637993,-74.084472,0.66,4,1
2289,24543102,-2.838,1.421,-7.338,1.560,7.435,-0.372,-195.200,14.666,0.145,-0.289,-0.372,4.637993,-74.084472,0.66,4,1
2290,24553106,-2.926,1.344,-7.129,-4.421,9.755,3.992,-194.911,15.313,0.137,-0.298,3.992,4.637993,-74.084472,0.66,4,1
2291,24563103,-3.029,1.243,-7.033,-10.464,12.349,7.868,-194.650,16.012,0.127,-0.309,7.868,4.637993,-74.084472,0.66,4,1
2292,24573106,-3.041,1.216,-6.951,-15.957,15.370,10.340,-194.452,16.711,0.124,-0.310,10.340,4.637993,-74.084472,0.66,4,1
2293,24583087,-2.976,1.325,-6.730,-20.290,17.964,11.378,-194.402,17.391,0.135,-0.304,11.378,4.637993,-74.084472,0.66,4,1
2294,24593106,-2.859,1.438,-6.536,-23.037,19.002,11.500,-194.479,18.005,0.147,-0.292,11.500,4.637993,-74.084472,0.66,4,1
2295,24603086,-2.805,1.655,-6.516,-24.746,18.574,11.072,-194.706,18.530,0.169,-0.286,11.072,4.637993,-74.084472,0.66,4,1
2296,24613105,-2.812,1.802,-6.716,-24.563,17.293,9.913,-194.973,18.956,0.184,-0.287,9.913,4.637993,-74.084472,0.66,4,1
2297,24623102,-2.879,1.918,-6.925,-22.854,16.347,7.960,-195.239,19.326,0.196,-0.294,7.960,4.637993,-74.084472,0.66,4,1
2298,24633106,-2.917,2.135,-7.033,-19.405,15.736,5.640,-195.560,19.649,0.218,-0.297,5.640,4.637993,-74.084472,0.66,4,1
2299,24664070,-2.793,2.246,-7.808,-0.240,4.994,0.055,-195.657,19.728,0.229,-0.285,0.055,4.637993,-74.084472,0.66,4,1
2300,24665402,-2.793,2.246,-7.808,-0.240,4.994,0.055,-195.732,19.757,0.229,-0.285,0.055,4.637993,-74.084472,0.66,4,1
2301,24666727,-2.793,2.246,-7.808,-0.240,4.994,0.055,-195.785,19.746,0.229,-0.285,0.055,4.637993,-74.084472,0.66,4,1
2302,24673153,-2.793,2.246,-7.808,-0.240,4.994,0.055,-195.826,19.721,0.229,-0.285,0.055,4.637993,-74.084472,0.66,4,1
2303,24683099,-2.845,2.133,-8.101,2.476,2.247,-1.287,-195.725,19.657,0.217,-0.290,-1.287,4.637993,-74.084472,0.66,4,1
2304,24693088,-2.910,2.067,-8.418,3.849,0.508,-2.752,-195.540,19.567,0.211,-0.297,-2.752,4.637993,-74.084472,0.66,4,1
2305,24703099,-2.962,2.002,-8.644,4.704,-0.652,-3.973,-195.303,19.467,0.204,-0.302,-3.973,4.637993,-74.084472,0.66,4,1
2306,24713087,-2.974,1.973,-8.812,4.948,-1.506,-4.766,-195.050,19.349,0.201,-0.303,-4.766,4.637993,-74.084472,0.66,4,1
2307,24723100,-3.012,1.981,-9.120,4.582,-2.178,-5.010,-194.794,19.208,0.202,-0.307,-5.010,4.637993,-74.084472,0.66,4,1
2308,24733088,-2.938,1.940,-9.329,3.910,-2.849,-5.255,-194.526,19.013,0.198,-0.300,-5.255,4.637993,-74.084472,0.66,4,1
2309,24743100,-2.798,1.865,-9.348,2.598,-4.497,-5.560,-194.256,18.757,0.190,-0.285,-5.560,4.637993,-74.084472,0.66,4,1
2310,24753102,-2.676,1.725,-9.384,0.309,-7.610,-6.475,-193.962,18.439,0.176,-0.273,-6.475,4.637993,-74.084472,0.66,4,1
2311,24763100,-2.688,1.634,-9.446,-2.376,-11.516,-8.459,-193.670,18.111,0.167,-0.274,-8.459,4.637993,-74.084472,0.66,4,1
2312,24773105,-2.807,1.742,-9.617,-4.818,-15.239,-10.870,-193.461,17.805,0.178,-0.286,-10.870,4.637993,-74.084472,0.66,4,1
2313,24783105,-3.060,2.065,-9.917,-6.557,-17.589,-12.853,-193.402,17.563,0.211,-0.312,-12.853,4.637993,-74.084472,0.66,4,1
2314,24793105,-3.355,2.501,-10.325,-6.435,-17.559,-13.769,-193.493,17.397,0.255,-0.342,-13.769,4.637993,-74.084472,0.66,4,1
2315,24803092,-3.530,2.916,-10.570,-3.628,-15.850,-13.037,-193.692,17.284,0.297,-0.360,-13.037,4.637993,-74.084472,0.66,4,1
2316,24813106,-3.572,3.102,-11.003,0.401,-12.920,-10.443,-193.863,17.169,0.316,-0.364,-10.443,4.637993,-74.084472,0.66,4,1
2317,24823093,-3.446,3.121,-11.310,4.185,-8.739,-6.933,-193.960,17.025,0.318,-0.351,-6.933,4.637993,-74.084472,0.66,4,1
2318,24833110,-3.155,3.075,-11.476,7.511,-4.650,-3.607,-193.986,16.814,0.314,-0.322,-3.607,4.637993,-74.084472,0.66,4,1
2319,24843100,-2.843,3.046,-11.601,10.105,-2.056,-0.524,-193.964,16.525,0.311,-0.290,-0.524,4.637993,-74.084472,0.66,4,1
2320,24853112,-2.459,2.911,-11.733,11.692,-1.140,1.795,-193.869,16.125,0.297,-0.251,1.795,4.638002,-74.084472,0.63,4,1
2321,24863112,-1.951,2.538,-11.653,12.211,-2.727,2.863,-193.649,15.572,0.259,-0.199,2.863,4.638002,-74.084472,0.63,4,1
2322,24873110,-1.441,1.985,-11.327,9.892,-7.640,1.887,-193.287,14.851,0.202,-0.147,1.887,4.638002,-74.084472,0.63,4,1
2323,24883088,-1.248,1.513,-11.007,3.880,-15.483,-1.379,-192.847,14.057,0.154,-0.127,-1.379,4.638002,-74.084472,0.63,4,1
2324,24893102,-1.400,1.279,-10.784,-4.391,-24.028,-6.933,-192.435,13.317,0.130,-0.143,-6.933,4.638002,-74.084472,0.63,4,1
2325,24903096,-1.972,1.600,-10.642,-13.241,-30.315,-13.372,-192.273,12.810,0.163,-0.201,-13.372,4.638002,-74.084472,0.63,4,1
2326,24913107,-2.950,2.670,-10.782,-20.534,-31.749,-17.462,-192.603,12.672,0.272,-0.301,-17.462,4.638002,-74.084472,0.63,4,1
2327,24923088,-3.913,3.861,-11.012,-23.067,-27.690,-16.424,-193.345,12.863,0.394,-0.399,-16.424,4.638002,-74.084472,0.63,4,1
2328,24933102,-4.510,4.498,-11.084,-19.893,-20.000,-11.053,-194.213,13.273,0.459,-0.460,-11.053,4.638002,-74.084472,0.63,4,1
2329,24943107,-4.650,4.816,-11.099,-13.973,-10.356,-3.088,-195.065,13.769,0.491,-0.474,-3.088,4.638002,-74.084472,0.63,4,1
2330,24953107,-4.462,4.821,-11.156,-8.022,0.050,5.823,-195.790,14.257,0.492,-0.455,5.823,4.638002,-74.084472,0.63,4,1
2331,24963101,-4.006,4.355,-11.041,-3.933,9.572,13.636,-196.281,14.680,0.444,-0.409,13.636,4.638002,-74.084472,0.63,4,1
2332,24973109,-3.336,3.798,-10.693,-3.475,16.499,17.817,-196.579,14.961,0.387,-0.340,17.817,4.638002,-74.084472,0.63,4,1
2333,24985309,-2.237,3.201,-9.759,-12.020,18.300,15.345,-196.856,14.957,0.326,-0.228,15.345,4.638002,-74.084472,0.63,4,1
2334,24993111,-2.237,3.201,-9.759,-12.020,18.300,15.345,-197.084,14.918,0.326,-0.228,15.345,4.638002,-74.084472,0.63,4,1
2335,25003096,-2.185,3.413,-9.521,-17.788,15.217,10.401,-197.467,14.846,0.348,-0.223,10.401,4.638002,-74.084472,0.63,4,1
2336,25013114,-2.328,3.905,-9.430,-20.779,12.349,4.389,-198.063,14.804,0.398,-0.237,4.389,4.638002,-74.084472,0.63,4,1
2337,25023116,-2.595,4.384,-9.324,-19.405,10.792,-1.135,-198.807,14.850,0.447,-0.265,-1.135,4.638002,-74.084472,0.63,4,1
2338,25033104,-2.752,4.681,-9.185,-15.102,10.182,-5.377,-199.594,14.950,0.477,-0.281,-5.377,4.638002,-74.084472,0.63,4,1
2339,25043109,-2.824,4.939,-9.028,-8.571,10.212,-8.306,-200.389,15.073,0.504,-0.288,-8.306,4.638002,-74.084472,0.63,4,1
2340,25053105,-2.848,5.042,-8.875,-0.210,10.243,-9.649,-201.115,15.205,0.514,-0.290,-9.649,4.638002,-74.084472,0.63,4,1
2341,25063090,-2.783,5.021,-8.726,8.976,10.243,-10.351,-201.725,15.317,0.512,-0.284,-10.351,4.638002,-74.084472,0.63,4,1
2342,25073116,-2.731,4.850,-8.767,17.857,10.182,-10.961,-202.131,15.404,0.495,-0.278,-10.961,4.638002,-74.084472,0.63,4,1
2343,25083088,-2.757,4.664,-9.031,24.235,10.670,-11.083,-202.322,15.483,0.476,-0.281,-11.083,4.638002,-74.084472,0.63,4,1
2344,25093099,-2.645,4.488,-9.040,27.989,11.464,-10.443,-202.394,15.526,0.458,-0.270,-10.443,4.638002,-74.084472,0.63,4,1
2345,25103109,-2.509,4.150,-9.081,28.690,11.616,-9.252,-202.312,15.522,0.423,-0.256,-9.252,4.638002,-74.084472,0.63,4,1
2346,25113115,-2.285,3.736,-9.012,26.615,11.067,-8.062,-202.099,15.444,0.381,-0.233,-8.062,4.638002,-74.084472,0.63,4,1
2347,25123103,-2.216,3.480,-8.949,21.794,9.877,-7.330,-201.851,15.345,0.355,-0.226,-7.330,4.638002,-74.084472,0.63,4,1
2348,25133102,-2.194,3.461,-8.870,15.537,8.473,-6.506,-201.684,15.240,0.353,-0.224,-6.506,4.638002,-74.084472,0.63,4,1
2349,25143092,-2.113,3.434,-8.668,10.014,6.856,-4.888,-201.604,15.112,0.350,-0.215,-4.888,4.638002,-74.084472,0.63,4,1
2350,25153105,-1.982,3.304,-8.356,5.131,4.536,-2.630,-201.572,14.948,0.337,-0.202,-2.630,4.638002,-74.084472,0.63,4,1
2351,25163091,-1.863,3.063,-8.015,0.584,1.454,-0.646,-201.534,14.752,0.312,-0.190,-0.646,4.638002,-74.084472,0.63,4,1
2352,25173157,-1.825,2.834,-7.720,-3.902,-1.995,0.452,-201.483,14.560,0.289,-0.186,0.452,4.638002,-74.084472,0.63,4,1
2353,25183091,-1.879,2.668,-7.463,-8.205,-5.138,0.544,-201.438,14.417,0.272,-0.192,0.544,4.638002,-74.084472,0.63,4,1
2354,25193113,-1.951,2.627,-7.186,-11.989,-7.884,-0.006,-201.462,14.333,0.268,-0.199,-0.006,4.638002,-74.084472,0.63,4,1
2355,25203107,-2.037,2.622,-6.910,-14.553,-10.723,-0.677,-201.562,14.313,0.267,-0.208,-0.677,4.638002,-74.084472,0.63,4,1
2356,25213100,-2.244,2.670,-6.713,-14.919,-13.439,-1.623,-201.727,14.412,0.272,-0.229,-1.623,4.638002,-74.084472,0.63,4,1
2357,25223107,-2.533,2.738,-6.622,-13.820,-15.941,-2.447,-201.929,14.648,0.279,-0.258,-2.447,4.638002,-74.084472,0.63,4,1
2358,25233108,-2.809,2.714,-6.615,-11.867,-17.620,-2.874,-202.085,15.003,0.277,-0.286,-2.874,4.638002,-74.084472,0.63,4,1
2359,25243093,-3.060,2.687,-6.617,-9.884,-18.596,-2.569,-202.195,15.455,0.274,-0.312,-2.569,4.638002,-74.084472,0.63,4,1
2360,25253106,-3.293,2.677,-6.648,-8.236,-19.084,-1.287,-202.269,15.982,0.273,-0.336,-1.287,4.638002,-74.084472,0.63,4,1
2361,25263102,-3.758,2.463,-6.732,-8.144,-19.359,3.229,-202.195,16.694,0.251,-0.383,3.229,4.638002,-74.084472,0.63,4,1
2362,25273103,-3.959,2.480,-6.985,-9.792,-18.596,5.427,-202.101,17.394,0.253,-0.404,5.427,4.638002,-74.084472,0.63,4,1
2363,25283094,-4.095,2.593,-7.222,-11.623,-16.704,7.227,-202.046,18.055,0.264,-0.418,7.227,4.638002,-74.084472,0.63,4,1
2364,25293100,-4.133,2.738,-7.342,-12.569,-14.171,8.082,-202.058,18.669,0.279,-0.421,8.082,4.638002,-74.084472,0.63,4,1
2365,25303101,-4.066,2.783,-7.458,-12.203,-11.882,8.082,-202.066,19.200,0.284,-0.415,8.082,4.638002,-74.084472,0.63,4,1
2366,25313103,-3.854,2.767,-7.544,-10.555,-10.692,6.342,-202.034,19.592,0.282,-0.393,6.342,4.638002,-74.084472,0.63,4,1
2367,25324973,-3.661,2.824,-7.585,-8.571,-11.058,3.626,-202.023,19.838,0.288,-0.373,3.626,4.638002,-74.084472,0.63,4,1
2368,25333090,-3.530,2.887,-7.703,-6.435,-13.225,0.971,-201.986,19.978,0.294,-0.360,0.971,4.638002,-74.084472,0.63,4,1
2369,25343088,-3.413,2.865,-7.780,-3.811,-16.735,-1.867,-201.902,20.009,0.292,-0.348,-1.867,4.638002,-74.084472,0.63,4,1
2370,25353104,-3.363,2.849,-7.878,-1.308,-21.068,-5.071,-201.775,19.958,0.290,-0.343,-5.071,4.638002,-74.084472,0.63,4,1
2371,25363104,-3.472,2.861,-8.008,1.408,-25.432,-8.337,-201.616,19.897,0.292,-0.354,-8.337,4.638002,-74.084472,0.63,4,1
2372,25373101,-3.789,2.974,-8.318,3.910,-28.392,-11.114,-201.448,19.890,0.303,-0.386,-11.114,4.638002,-74.084472,0.63,4,1
2373,25383086,-4.178,3.256,-8.709,6.321,-28.819,-11.907,-201.333,19.956,0.332,-0.426,-11.907,4.638002,-74.084472,0.63,4,1
2374,25393107,-4.424,3.475,-9.153,8.976,-26.164,-10.687,-201.226,20.049,0.354,-0.451,-10.687,4.638002,-74.084472,0.63,4,1
2375,25403092,-4.567,3.644,-9.586,12.028,-21.190,-7.757,-201.100,20.158,0.372,-0.466,-7.757,4.638002,-74.084472,0.63,4,1
2376,25413091,-4.562,3.827,-9.936,15.537,-15.422,-3.210,-200.970,20.249,0.390,-0.465,-3.210,4.638002,-74.084472,0.63,4,1
2377,25423091,-4.383,3.866,-10.227,18.803,-10.051,2.955,-200.793,20.280,0.394,-0.447,2.955,4.638002,-74.084472,0.63,4,1
2378,25433088,-4.123,3.695,-10.433,20.329,-5.840,9.974,-200.523,20.239,0.377,-0.420,9.974,4.638002,-74.084472,0.63,4,1
2379,25443088,-3.716,3.304,-10.582,18.955,-3.093,16.291,-200.121,20.080,0.337,-0.379,16.291,4.638002,-74.084472,0.63,4,1
2380,25453106,-3.367,2.943,-10.621,14.622,-1.689,20.411,-199.648,19.830,0.300,-0.343,20.411,4.638002,-74.084472,0.63,4,1
2381,25463092,-3.251,2.880,-10.628,7.786,-1.018,22.059,-199.249,19.562,0.294,-0.331,22.059,4.638002,-74.084472,0.63,4,1
2382,25473088,-3.196,3.114,-10.614,1.286,-0.652,22.181,-199.032,19.294,0.318,-0.326,22.181,4.638002,-74.084472,0.63,4,1
2383,25483091,-3.191,3.384,-10.674,-2.529,0.142,21.021,-198.962,19.037,0.345,-0.325,21.021,4.638002,-74.084472,0.63,4,1
2384,25493088,-3.169,3.521,-10.599,-2.834,1.362,18.793,-198.959,18.806,0.359,-0.323,18.793,4.638002,-74.084472,0.63,4,1
2385,25503092,-3.122,3.548,-10.527,-0.088,2.156,15.375,-198.951,18.589,0.362,-0.318,15.375,4.638002,-74.084472,0.63,4,1
2386,25513088,-3.134,3.770,-10.657,5.222,2.461,11.561,-198.959,18.376,0.384,-0.320,11.561,4.638002,-74.084472,0.63,4,1
2387,25523091,-3.229,4.177,-10.765,12.852,2.614,9.607,-199.029,18.190,0.426,-0.329,9.607,4.638002,-74.084472,0.63,4,1
2388,25533088,-3.384,4.452,-10.950,21.824,2.705,10.676,-199.080,18.047,0.454,-0.345,10.676,4.638002,-74.084472,0.63,4,1
2389,25543091,-3.453,4.500,-11.284,29.759,3.407,14.307,-199.025,17.912,0.459,-0.352,14.307,4.638002,-74.084472,0.63,4,1
2390,25553090,-3.394,4.081,-11.531,34.367,5.238,19.373,-198.759,17.777,0.416,-0.346,19.373,4.638002,-74.084472,0.63,4,1
2391,25563098,-3.162,3.516,-11.704,34.184,7.710,24.012,-198.304,17.599,0.359,-0.322,24.012,4.638002,-74.084472,0.63,4,1
2392,25573104,-2.824,3.292,-11.661,29.453,10.182,27.491,-197.854,17.351,0.336,-0.288,27.491,4.638002,-74.084472,0.63,4,1
2393,25583091,-2.411,3.152,-11.344,22.160,11.067,30.420,-197.488,17.012,0.321,-0.246,30.420,4.638002,-74.084472,0.63,4,1
2394,25593094,-1.999,3.020,-10.873,14.469,9.205,32.252,-197.221,16.564,0.308,-0.204,32.252,4.638002,-74.084472,0.63,4,1
2395,25603099,-1.684,2.892,-10.342,7.725,4.963,32.435,-197.043,16.025,0.295,-0.172,32.435,4.638002,-74.084472,0.63,4,1
2396,25613101,-1.515,2.718,-9.821,2.567,-1.140,30.115,-196.916,15.436,0.277,-0.154,30.115,4.638002,-74.084472,0.63,4,1
2397,25623104,-1.541,2.680,-9.408,-0.606,-7.762,26.026,-196.860,14.868,0.273,-0.157,26.026,4.638002,-74.084472,0.63,4,1
2398,25633104,-1.744,2.861,-9.187,-1.827,-13.256,21.448,-196.926,14.393,0.292,-0.178,21.448,4.638002,-74.084472,0.63,4,1
2399,25658856,-2.204,3.181,-8.961,1.866,-18.382,15.772,-197.146,13.844,0.324,-0.225,15.772,4.638002,-74.084472,0.63,4,1
2400,25660195,-2.204,3.181,-8.961,1.866,-18.382,15.772,-197.354,13.486,0.324,-0.225,15.772,4.638002,-74.084472,0.63,4,1
2401,25663097,-2.340,2.967,-8.767,5.711,-18.596,14.887,-197.433,13.374,0.303,-0.239,14.887,4.638002,-74.084472,0.63,4,1
2402,25673114,-2.416,2.759,-8.618,8.915,-17.803,14.460,-197.394,13.342,0.281,-0.246,14.460,4.638002,-74.084472,0.63,4,1
2403,25683100,-2.509,2.530,-8.524,11.326,-16.307,14.338,-197.235,13.392,0.258,-0.256,14.338,4.638002,-74.084472,0.63,4,1
2404,25693107,-2.633,2.296,-8.378,12.669,-14.568,14.551,-196.979,13.542,0.234,-0.268,14.551,4.638002,-74.084472,0.63,4,1
2405,25703095,-2.824,2.215,-8.301,12.913,-12.798,15.131,-196.711,13.801,0.226,-0.288,15.131,4.638002,-74.084472,0.63,4,1
2406,25713103,-2.974,2.246,-8.253,12.272,-10.326,16.657,-196.494,14.137,0.229,-0.303,16.657,4.638002,-74.084472,0.63,4,1
2407,25723092,-3.212,2.337,-8.202,11.967,-6.786,19.465,-196.353,14.594,0.238,-0.328,19.465,4.638002,-74.084472,0.63,4,1
2408,25733093,-3.458,2.513,-8.166,12.089,-2.422,23.523,-196.318,15.161,0.256,-0.353,23.523,4.638002,-74.084472,0.63,4,1
2409,25743095,-3.549,2.547,-8.176,12.547,2.217,28.620,-196.296,15.761,0.260,-0.362,28.620,4.638002,-74.084472,0.63,4,1
2410,25753099,-3.463,2.316,-8.056,12.028,6.520,33.838,-196.181,16.347,0.236,-0.353,33.838,4.638002,-74.084472,0.63,4,1
2411,25763105,-3.255,2.002,-7.811,9.739,9.572,37.897,-195.967,16.876,0.204,-0.332,37.897,4.638002,-74.084472,0.63,4,1
2412,25773107,-3.005,1.764,-7.501,5.070,10.609,40.003,-195.723,17.320,0.180,-0.306,40.003,4.638002,-74.084472,0.63,4,1
2413,25783138,-2.795,1.511,-7.100,-1.217,9.694,39.881,-195.462,17.701,0.154,-0.285,39.881,4.638002,-74.084472,0.63,4,1
2414,25793109,-2.733,1.436,-6.790,-7.839,7.405,37.348,-195.277,18.064,0.146,-0.279,37.348,4.638002,-74.084472,0.63,4,1
2415,25803103,-2.805,1.706,-6.624,-13.576,4.994,33.167,-195.354,18.439,0.174,-0.286,33.167,4.638002,-74.084472,0.63,4,1
2416,25813112,-2.991,2.005,-6.427,-17.361,3.071,28.589,-195.682,18.894,0.204,-0.305,28.589,4.638002,-74.084472,0.63,4,1
2417,25823116,-3.143,2.330,-6.180,-18.673,1.698,24.378,-196.254,19.416,0.238,-0.321,24.378,4.638002,-74.084472,0.63,4,1
2418,25833101,-3.296,2.653,-6.082,-18.368,0.538,21.174,-197.004,19.961,0.271,-0.336,21.174,4.638002,-74.084472,0.63,4,1
2419,25843097,-3.453,2.781,-6.022,-15.804,-0.408,18.580,-197.765,20.539,0.284,-0.352,18.580,4.638002,-74.084472,0.63,4,1
2420,25853100,-3.654,2.832,-6.086,-11.928,-0.835,16.169,-198.444,21.149,0.289,-0.373,16.169,4.638008,-74.084468,0.68,4,1
2421,25863120,-3.847,3.027,-6.286,-7.625,0.050,14.185,-199.089,21.744,0.309,-0.392,14.185,4.638008,-74.084468,0.68,4,1
2422,25873110,-4.035,3.193,-6.533,-2.376,2.217,12.781,-199.662,22.326,0.326,-0.411,12.781,4.638008,-74.084468,0.68,4,1
2423,25883095,-4.102,3.246,-6.802,2.903,4.902,11.988,-200.101,22.851,0.331,-0.418,11.988,4.638008,-74.084468,0.68,4,1
2424,25893106,-4.080,3.258,-7.042,7.816,7.893,11.347,-200.408,23.301,0.332,-0.416,11.347,4.638008,-74.084468,0.68,4,1
2425,25903097,-3.944,3.172,-7.239,12.180,10.457,10.798,-200.562,23.647,0.323,-0.402,10.798,4.638008,-74.084468,0.68,4,1
2426,25913118,-3.735,3.027,-7.395,15.354,11.403,10.065,-200.568,23.862,0.309,-0.381,10.065,4.638008,-74.084468,0.68,4,1
2427,25923105,-3.515,2.856,-7.559,16.880,10.365,9.211,-200.439,23.934,0.291,-0.358,9.211,4.638008,-74.084468,0.68,4,1
2428,25933105,-3.398,2.675,-7.724,15.690,7.832,8.661,-200.210,23.905,0.273,-0.347,8.661,4.638008,-74.084468,0.68,4,1
2429,25943114,-3.408,2.434,-7.969,12.333,4.597,7.654,-199.866,23.823,0.248,-0.348,7.654,4.638008,-74.084468,0.68,4,1
2430,25953101,-3.494,2.350,-8.176,7.298,1.912,5.518,-199.523,23.729,0.240,-0.356,5.518,4.638008,-74.084468,0.68,4,1
2431,25963129,-3.603,2.562,-8.346,2.140,0.050,2.924,-199.332,23.633,0.261,-0.367,2.924,4.638008,-74.084468,0.68,4,1
2432,25973104,-3.704,2.800,-8.471,-1.675,-1.171,0.788,-199.286,23.541,0.286,-0.378,0.788,4.638008,-74.084468,0.68,4,1
2433,25983108,-3.818,2.914,-8.493,-3.719,-2.056,-0.891,-199.311,23.486,0.297,-0.389,-0.891,4.638008,-74.084468,0.68,4,1
2434,25995320,-3.952,3.152,-8.510,-4.543,-2.819,-2.386,-199.461,23.461,0.321,-0.403,-2.386,4.638008,-74.084468,0.68,4,1
2435,26003106,-4.083,3.420,-8.702,-3.658,-3.581,-3.332,-199.667,23.441,0.349,-0.416,-3.332,4.638008,-74.084468,0.68,4,1
2436,26013103,-4.147,3.475,-8.947,-1.247,-3.948,-4.217,-199.816,23.401,0.354,-0.423,-4.217,4.638008,-74.084468,0.68,4,1
2437,26023102,-4.142,3.497,-9.132,1.835,-3.612,-5.529,-199.905,23.336,0.357,-0.422,-5.529,4.638008,-74.084468,0.68,4,1
2438,26033109,-4.133,3.601,-9.554,4.337,-2.910,-6.323,-199.939,23.212,0.367,-0.421,-6.323,4.638008,-74.084468,0.68,4,1
2439,26043103,-3.973,3.784,-9.874,6.626,-1.689,-5.438,-199.975,22.997,0.386,-0.405,-5.438,4.638008,-74.084468,0.68,4,1
2440,26053108,-3.811,3.798,-10.169,8.488,-0.591,-3.393,-199.953,22.713,0.387,-0.389,-3.393,4.638008,-74.084468,0.68,4,1
2441,26063095,-3.549,3.625,-10.496,9.861,0.416,-1.257,-199.810,22.336,0.370,-0.362,-1.257,4.638008,-74.084468,0.68,4,1
2442,26073108,-3.215,3.500,-10.645,10.533,1.149,-0.067,-199.607,21.863,0.357,-0.328,-0.067,4.638008,-74.084468,0.68,4,1
2443,26083092,-3.134,3.222,-11.043,8.396,1.179,0.269,-199.290,21.368,0.329,-0.320,0.269,4.638008,-74.084468,0.68,4,1
2444,26093108,-2.876,2.875,-11.152,3.605,0.599,1.124,-198.904,20.813,0.293,-0.293,1.124,4.638008,-74.084468,0.68,4,1
2445,26103101,-2.371,2.371,-10.806,-0.912,-1.110,-0.463,-198.429,20.136,0.242,-0.242,-0.463,4.638008,-74.084468,0.68,4,1
2446,26113097,-2.399,2.538,-10.789,-9.792,-5.260,-4.644,-198.139,19.482,0.259,-0.245,-4.644,4.638008,-74.084468,0.68,4,1
2447,26123100,-2.523,2.629,-10.330,-17.513,-11.302,-8.123,-198.023,18.907,0.268,-0.257,-8.123,4.638008,-74.084468,0.68,4,1
2448,26133109,-2.998,3.046,-10.229,-23.067,-17.284,-10.412,-198.143,18.502,0.311,-0.306,-10.412,4.638008,-74.084468,0.68,4,1
2449,26143125,-3.777,3.926,-10.647,-25.600,-19.725,-10.656,-198.557,18.313,0.400,-0.385,-10.656,4.638008,-74.084468,0.68,4,1
2450,26153105,-4.476,4.686,-11.120,-24.502,-16.796,-7.635,-199.129,18.315,0.478,-0.456,-7.635,4.638008,-74.084468,0.68,4,1
2451,26163100,-4.858,5.069,-11.447,-20.504,-9.502,-1.928,-199.699,18.449,0.517,-0.495,-1.928,4.638008,-74.084468,0.68,4,1
2452,26173159,-4.762,4.881,-11.617,-16.201,-0.713,4.450,-200.102,18.616,0.498,-0.486,4.450,4.638008,-74.084468,0.68,4,1
2453,26183101,-4.285,4.652,-11.596,-13.759,7.618,9.607,-200.381,18.712,0.474,-0.437,9.607,4.638008,-74.084468,0.68,4,1
2454,26193117,-3.613,4.589,-11.416,-13.241,13.905,13.270,-200.636,18.662,0.468,-0.368,13.270,4.638008,-74.084468,0.68,4,1
2455,26203099,-2.905,4.404,-11.010,-13.027,16.560,14.795,-200.863,18.442,0.449,-0.296,14.795,4.638008,-74.084468,0.68,4,1
2456,26213108,-2.340,4.068,-10.678,-13.790,15.553,13.788,-201.007,18.061,0.415,-0.239,13.788,4.638008,-74.084468,0.68,4,1
2457,26223108,-1.941,3.721,-10.417,-15.804,12.196,9.699,-201.068,17.555,0.379,-0.198,9.699,4.638008,-74.084468,0.68,4,1
2458,26233103,-1.794,3.574,-10.246,-18.551,8.015,2.955,-201.116,17.005,0.364,-0.183,2.955,4.638008,-74.084468,0.68,4,1
2459,26243106,-1.932,3.750,-10.167,-20.901,4.567,-4.705,-201.260,16.521,0.382,-0.197,-4.705,4.638008,-74.084468,0.68,4,1
2460,26253099,-2.123,4.317,-10.049,-20.229,2.431,-11.663,-201.616,16.120,0.440,-0.216,-11.663,4.638008,-74.084468,0.68,4,1
2461,26263115,-2.268,4.734,-9.855,-15.652,1.027,-15.753,-202.087,15.793,0.483,-0.231,-15.753,4.638008,-74.084468,0.68,4,1
2462,26273118,-2.366,4.852,-9.723,-8.785,-0.377,-17.095,-202.524,15.521,0.495,-0.241,-17.095,4.638008,-74.084468,0.68,4,1
2463,26283104,-2.421,4.787,-9.742,-1.705,-1.140,-16.607,-202.836,15.285,0.488,-0.247,-16.607,4.638008,-74.084468,0.68,4,1
2464,26293106,-2.442,4.522,-9.747,4.063,-1.048,-15.295,-202.972,15.086,0.461,-0.249,-15.295,4.638008,-74.084468,0.68,4,1
2465,26303082,-2.395,3.999,-9.761,7.328,-0.041,-14.318,-202.869,14.909,0.408,-0.244,-14.318,4.638008,-74.084468,0.68,4,1
2466,26313093,-2.380,3.818,-9.780,8.244,1.729,-14.074,-202.692,14.762,0.389,-0.243,-14.074,4.638008,-74.084468,0.68,4,1
2467,26325047,-2.466,3.914,-9.706,8.000,3.895,-13.189,-202.569,14.687,0.399,-0.251,-13.189,4.638008,-74.084468,0.68,4,1
2468,26333095,-2.538,4.018,-9.667,7.694,5.635,-10.534,-202.515,14.657,0.410,-0.259,-10.534,4.638008,-74.084468,0.68,4,1
2469,26343103,-2.321,4.093,-9.516,7.420,7.405,-6.231,-202.522,14.568,0.417,-0.237,-6.231,4.638008,-74.084468,0.68,4,1
2470,26353093,-2.082,3.905,-9.182,8.061,8.198,-1.867,-202.505,14.429,0.398,-0.212,-1.867,4.638008,-74.084468,0.68,4,1
2471,26363095,-1.829,3.352,-8.906,7.267,7.649,1.856,-202.311,14.226,0.342,-0.187,1.856,4.638008,-74.084468,0.68,4,1
2472,26373086,-1.663,2.914,-8.524,4.307,6.245,3.596,-202.024,13.993,0.297,-0.170,3.596,4.638008,-74.084468,0.68,4,1
2473,26383100,-1.713,2.858,-8.267,-0.271,4.506,3.962,-201.817,13.810,0.291,-0.175,3.962,4.638008,-74.084468,0.68,4,1
2474,26393097,-1.808,2.791,-8.101,-5.123,2.797,4.328,-201.666,13.689,0.285,-0.184,4.328,4.638008,-74.084468,0.68,4,1
2475,26403096,-1.884,2.716,-7.782,-9.853,1.759,4.816,-201.588,13.642,0.277,-0.192,4.816,4.638008,-74.084468,0.68,4,1
2476,26413088,-2.046,2.781,-7.568,-13.515,1.240,4.572,-201.622,13.698,0.284,-0.209,4.572,4.638008,-74.084468,0.68,4,1
2477,26423096,-2.142,2.916,-7.405,-15.377,1.607,4.114,-201.771,13.816,0.297,-0.218,4.114,4.638008,-74.084468,0.68,4,1
2478,26433100,-2.220,3.032,-7.141,-15.041,2.736,3.565,-202.022,14.006,0.309,-0.226,3.565,4.638008,-74.084468,0.68,4,1
2479,26443101,-2.256,3.167,-6.985,-12.813,3.590,3.168,-202.339,14.221,0.323,-0.230,3.168,4.638008,-74.084468,0.68,4,1
2480,26453106,-2.228,3.121,-6.817,-8.663,3.712,3.077,-202.609,14.432,0.318,-0.227,3.077,4.638008,-74.084468,0.68,4,1
2481,26463084,-2.149,2.918,-6.668,-3.322,3.041,2.466,-202.736,14.614,0.298,-0.219,2.466,4.638008,-74.084468,0.68,4,1
2482,26473107,-2.111,2.858,-6.636,2.293,1.210,1.520,-202.775,14.752,0.291,-0.215,1.520,4.638008,-74.084468,0.68,4,1
2483,26483101,-2.135,2.718,-6.660,7.328,-1.445,0.605,-202.681,14.873,0.277,-0.218,0.605,4.638008,-74.084468,0.68,4,1
2484,26493106,-2.306,2.499,-6.776,10.716,-4.283,-0.036,-202.412,15.050,0.255,-0.235,-0.036,4.638008,-74.084468,0.68,4,1
2485,26503084,-2.597,2.518,-6.862,11.326,-6.481,0.025,-202.152,15.334,0.257,-0.265,0.025,4.638008,-74.084468,0.68,4,1
2486,26513095,-2.819,2.501,-7.040,9.525,-7.518,1.185,-201.883,15.672,0.255,-0.287,1.185,4.638008,-74.084468,0.68,4,1
2487,26523104,-3.000,2.516,-7.153,6.413,-7.396,2.894,-201.649,16.056,0.257,-0.306,2.894,4.638008,-74.084468,0.68,4,1
2488,26533092,-3.158,2.554,-7.261,2.995,-6.633,4.572,-201.465,16.472,0.260,-0.322,4.572,4.638008,-74.084468,0.68,4,1
2489,26543095,-3.305,2.665,-7.371,0.034,-5.443,5.701,-201.361,16.910,0.272,-0.337,5.701,4.638008,-74.084468,0.68,4,1
2490,26553097,-3.429,2.824,-7.484,-1.552,-4.009,6.312,-201.339,17.354,0.288,-0.350,6.312,4.638008,-74.084468,0.68,4,1
2491,26563095,-3.496,3.041,-7.599,-1.186,-2.849,6.464,-201.403,17.769,0.310,-0.357,6.464,4.638008,-74.084468,0.68,4,1
2492,26573102,-3.539,3.398,-7.787,1.713,-2.391,6.708,-201.570,18.118,0.347,-0.361,6.708,4.638008,-74.084468,0.68,4,1
2493,26583087,-3.532,3.581,-8.039,6.718,-2.788,7.563,-201.712,18.379,0.365,-0.360,7.563,4.638008,-74.084468,0.68,4,1
2494,26593106,-3.468,3.437,-8.277,12.242,-3.856,8.234,-201.680,18.556,0.350,-0.354,8.234,4.638008,-74.084468,0.68,4,1
2495,26603100,-3.265,3.126,-8.418,15.965,-5.626,7.654,-201.449,18.614,0.319,-0.333,7.654,4.638008,-74.084468,0.68,4,1
2496,26613105,-3.134,2.909,-8.406,17.735,-8.525,5.579,-201.121,18.596,0.297,-0.320,5.579,4.638008,-74.084468,0.68,4,1
2497,26623103,-3.236,2.981,-8.476,18.040,-12.706,3.534,-200.838,18.572,0.304,-0.330,3.534,4.638008,-74.084468,0.68,4,1
2498,26633102,-3.575,3.210,-8.738,17.430,-16.246,2.924,-200.643,18.609,0.327,-0.365,2.924,4.638008,-74.084468,0.68,4,1
2499,26665578,-4.428,3.900,-10.032,17.643,-12.035,8.570,-200.228,18.588,0.398,-0.452,8.570,4.638008,-74.084468,0.68,4,1
2500,26666920,-4.428,3.900,-10.032,17.643,-12.035,8.570,-199.981,18.684,0.398,-0.452,8.570,4.638008,-74.084468,0.68,4,1
2501,26668247,-4.428,3.900,-10.032,17.643,-12.035,8.570,-199.882,18.865,0.398,-0.452,8.570,4.638008,-74.084468,0.68,4,1
2502,26673113,-4.335,4.059,-10.414,19.108,-6.816,11.988,-199.853,19.017,0.414,-0.442,11.988,4.638008,-74.084468,0.68,4,1
2503,26683104,-4.109,4.141,-10.539,20.786,-1.903,16.199,-199.821,19.083,0.422,-0.419,16.199,4.638008,-74.084468,0.68,4,1
2504,26693091,-3.758,4.109,-10.654,21.885,1.149,20.563,-199.749,19.020,0.419,-0.383,20.563,4.638008,-74.084468,0.68,4,1
2505,26703104,-3.303,3.844,-10.808,21.916,2.278,23.798,-199.550,18.790,0.392,-0.337,23.798,4.638008,-74.084468,0.68,4,1
2506,26713090,-2.895,3.495,-10.931,20.512,2.247,24.622,-199.227,18.424,0.356,-0.295,24.622,4.638008,-74.084468,0.68,4,1
2507,26723090,-2.671,3.172,-10.813,17.704,1.149,22.700,-198.843,18.015,0.323,-0.272,22.700,4.638008,-74.084468,0.68,4,1
2508,26733091,-2.392,3.005,-10.436,14.836,-2.117,18.305,-198.497,17.540,0.306,-0.244,18.305,4.638008,-74.084468,0.68,4,1
2509,26743088,-2.232,3.022,-10.205,13.371,-6.816,12.507,-198.229,17.018,0.308,-0.228,12.507,4.638008,-74.084468,0.68,4,1
2510,26753088,-2.402,3.152,-10.208,14.439,-10.997,6.891,-198.027,16.568,0.321,-0.245,6.891,4.638008,-74.084468,0.68,4,1
2511,26763087,-2.793,3.562,-10.405,17.918,-12.828,3.107,-197.949,16.266,0.363,-0.285,3.107,4.638008,-74.084468,0.68,4,1
2512,26773100,-3.351,4.090,-10.722,23.502,-11.150,2.955,-197.981,16.165,0.417,-0.342,2.955,4.638008,-74.084468,0.68,4,1
2513,26783111,-3.837,4.399,-11.039,29.637,-6.023,7.441,-198.019,16.246,0.449,-0.391,7.441,4.638008,-74.084468,0.68,4,1
2514,26793129,-4.138,4.541,-11.284,34.916,0.752,15.742,-198.020,16.453,0.463,-0.422,15.742,4.638008,-74.084468,0.68,4,1
2515,26803095,-4.133,4.416,-11.432,37.968,8.076,26.789,-197.929,16.698,0.450,-0.421,26.789,4.638008,-74.084468,0.68,4,1
2516,26813094,-3.904,3.982,-11.461,37.205,15.187,38.263,-197.699,16.928,0.406,-0.398,38.263,4.638008,-74.084468,0.68,4,1
2517,26823092,-3.522,3.512,-11.363,32.688,20.802,47.846,-197.374,17.087,0.358,-0.359,47.846,4.638008,-74.084468,0.68,4,1
2518,26833103,-2.986,3.078,-11.096,26.219,24.190,53.736,-197.004,17.113,0.314,-0.304,53.736,4.638008,-74.084468,0.68,4,1
2519,26843138,-2.340,2.610,-10.724,18.162,24.251,55.353,-196.596,16.941,0.266,-0.239,55.353,4.638008,-74.084468,0.68,4,1
2520,26853110,-1.784,2.251,-10.253,8.946,20.802,53.248,-196.205,16.571,0.230,-0.182,53.248,4.638020,-74.084465,0.74,4,1
2521,26863097,-1.498,2.210,-9.903,-0.454,14.821,48.060,-195.947,16.078,0.225,-0.153,48.060,4.638020,-74.084465,0.74,4,1
2522,26873116,-1.426,2.499,-9.696,-8.327,7.771,41.559,-195.926,15.537,0.255,-0.145,41.559,4.638020,-74.084465,0.74,4,1
2523,26883116,-1.529,2.841,-9.535,-12.844,1.179,34.876,-196.113,15.025,0.290,-0.156,34.876,4.638020,-74.084465,0.74,4,1
2524,26893112,-1.658,3.090,-9.442,-13.027,-3.734,27.949,-196.404,14.563,0.315,-0.169,27.949,4.638020,-74.084465,0.74,4,1
2525,26903112,-1.806,3.326,-9.360,-9.640,-6.877,21.418,-196.753,14.172,0.339,-0.184,21.418,4.638020,-74.084465,0.74,4,1
2526,26913101,-1.818,3.307,-9.113,-3.811,-9.166,16.352,-197.050,13.814,0.337,-0.185,16.352,4.638020,-74.084465,0.74,4,1
2527,26923092,-1.756,3.032,-8.877,2.995,-11.394,12.263,-197.178,13.462,0.309,-0.179,12.263,4.638020,-74.084465,0.74,4,1
2528,26933123,-1.810,2.670,-8.683,8.946,-13.622,8.906,-197.106,13.167,0.272,-0.185,8.906,4.638020,-74.084465,0.74,4,1
2529,26943095,-1.972,2.424,-8.601,12.913,-15.514,6.312,-196.899,12.968,0.247,-0.201,6.312,4.638020,-74.084465,0.74,4,1
2530,26953117,-2.211,2.325,-8.584,15.141,-16.429,5.335,-196.643,12.891,0.237,-0.225,5.335,4.638020,-74.084465,0.74,4,1
2531,26963091,-2.471,2.236,-8.570,16.117,-15.819,6.067,-196.357,12.951,0.228,-0.252,6.067,4.638020,-74.084465,0.74,4,1
2532,26973115,-2.726,2.178,-8.486,15.843,-13.652,8.448,-196.078,13.155,0.222,-0.278,8.448,4.638020,-74.084465,0.74,4,1
2533,26987546,-2.921,2.106,-8.337,14.439,-10.631,12.110,-195.761,13.456,0.215,-0.298,12.110,4.638020,-74.084465,0.74,4,1
2534,26993093,-3.093,2.137,-8.246,11.387,-7.183,17.054,-195.576,13.899,0.218,-0.315,17.054,4.638020,-74.084465,0.74,4,1
2535,27003107,-3.205,2.072,-8.207,7.145,-3.520,22.791,-195.417,14.401,0.211,-0.327,22.791,4.638020,-74.084465,0.74,4,1
2536,27013110,-3.119,1.846,-7.938,2.171,-0.225,28.193,-195.233,14.909,0.188,-0.318,28.193,4.638020,-74.084465,0.74,4,1
2537,27023093,-2.986,1.646,-7.667,-3.933,1.820,31.550,-195.044,15.387,0.168,-0.304,31.550,4.638020,-74.084465,0.74,4,1
2538,27033114,-2.838,1.593,-7.422,-10.280,2.278,32.313,-194.928,15.804,0.162,-0.289,32.313,4.638020,-74.084465,0.74,4,1
2539,27043108,-2.762,1.597,-7.179,-16.079,1.881,31.153,-194.909,16.192,0.163,-0.282,31.153,4.638020,-74.084465,0.74,4,1
2540,27053112,-2.755,1.761,-6.963,-20.748,1.271,28.498,-195.062,16.574,0.180,-0.281,28.498,4.638020,-74.084465,0.74,4,1
2541,27063114,-2.757,1.906,-6.708,-23.342,0.264,24.927,-195.356,16.962,0.194,-0.281,24.927,4.638020,-74.084465,0.74,4,1
2542,27073098,-2.798,2.075,-6.463,-23.983,-0.896,21.113,-195.782,17.373,0.212,-0.285,21.113,4.638020,-74.084465,0.74,4,1
2543,27083091,-2.905,2.306,-6.384,-22.671,-1.750,17.451,-196.321,17.803,0.235,-0.296,17.451,4.638020,-74.084465,0.74,4,1
2544,27093108,-3.065,2.516,-6.408,-19.649,-1.811,14.368,-196.913,18.263,0.257,-0.312,14.368,4.638020,-74.084465,0.74,4,1
2545,27103105,-3.186,2.750,-6.401,-15.560,-1.110,12.476,-197.560,18.739,0.280,-0.325,12.476,4.638020,-74.084465,0.74,4,1
2546,27113102,-3.279,2.851,-6.521,-10.250,0.111,11.439,-198.136,19.201,0.291,-0.334,11.439,4.638020,-74.084465,0.74,4,1
2547,27123109,-3.320,2.750,-6.905,-5.489,2.308,10.767,-198.478,19.597,0.280,-0.339,10.767,4.638020,-74.084465,0.74,4,1
2548,27133091,-3.296,2.617,-7.076,-1.125,5.208,9.546,-198.645,19.954,0.267,-0.336,9.546,4.638020,-74.084465,0.74,4,1
2549,27143105,-3.239,2.506,-7.256,1.835,7.618,7.898,-198.677,20.249,0.256,-0.330,7.898,4.638020,-74.084465,0.74,4,1
2550,27153111,-3.127,2.470,-7.374,3.971,9.114,6.281,-198.645,20.462,0.252,-0.319,6.281,4.638020,-74.084465,0.74,4,1
2551,27163112,-3.057,2.574,-7.434,6.626,9.266,4.725,-198.636,20.609,0.262,-0.312,4.725,4.638020,-74.084465,0.74,4,1
2552,27173162,-3.088,2.547,-7.849,8.854,8.595,3.931,-198.521,20.684,0.260,-0.315,3.931,4.638020,-74.084465,0.74,4,1
2553,27183091,-3.146,2.465,-8.207,9.586,8.198,4.084,-198.312,20.721,0.251,-0.321,4.084,4.638020,-74.084465,0.74,4,1
2554,27193110,-3.110,2.108,-8.332,9.312,7.832,4.358,-197.929,20.732,0.215,-0.317,4.358,4.638020,-74.084465,0.74,4,1
2555,27203106,-2.972,1.858,-8.277,7.115,6.886,3.870,-197.477,20.689,0.189,-0.303,3.870,4.638020,-74.084465,0.74,4,1
2556,27213114,-2.890,1.747,-8.351,2.995,4.658,2.711,-197.033,20.583,0.178,-0.295,2.711,4.638020,-74.084465,0.74,4,1
2557,27223099,-2.919,1.785,-8.397,-2.468,2.095,1.368,-196.689,20.466,0.182,-0.298,1.368,4.638020,-74.084465,0.74,4,1
2558,27233099,-3.062,1.884,-8.488,-8.144,-0.774,0.086,-196.462,20.379,0.192,-0.312,0.086,4.638020,-74.084465,0.74,4,1
2559,27243115,-3.181,2.060,-8.635,-12.630,-3.642,-1.867,-196.363,20.297,0.210,-0.324,-1.867,4.638020,-74.084465,0.74,4,1
2560,27253096,-3.303,2.501,-8.793,-15.591,-5.779,-4.247,-196.486,20.212,0.255,-0.337,-4.247,4.638020,-74.084465,0.74,4,1
2561,27263100,-3.398,2.991,-9.045,-15.713,-7.488,-6.414,-196.787,20.100,0.305,-0.347,-6.414,4.638020,-74.084465,0.74,4,1
2562,27273107,-3.479,3.268,-9.297,-13.576,-8.769,-7.940,-197.126,19.971,0.333,-0.355,-7.940,4.638020,-74.084465,0.74,4,1
2563,27283100,-3.448,3.430,-9.518,-10.189,-9.838,-9.008,-197.442,19.794,0.350,-0.352,-9.008,4.638020,-74.084465,0.74,4,1
2564,27293097,-3.353,3.606,-9.658,-6.466,-11.089,-9.680,-197.750,19.557,0.368,-0.342,-9.680,4.638020,-74.084465,0.74,4,1
2565,27303085,-3.317,3.635,-9.927,-2.895,-12.889,-9.832,-197.974,19.277,0.371,-0.338,-9.832,4.638020,-74.084465,0.74,4,1
2566,27313091,-3.358,3.618,-10.366,-0.240,-14.415,-9.924,-198.090,18.972,0.369,-0.342,-9.924,4.638020,-74.084465,0.74,4,1
2567,27324901,-3.398,3.748,-10.700,1.499,-14.965,-9.710,-198.187,18.634,0.382,-0.347,-9.710,4.638020,-74.084465,0.74,4,1
2568,27333093,-3.286,3.878,-10.967,2.903,-14.629,-8.886,-198.277,18.280,0.395,-0.335,-8.886,4.638020,-74.084465,0.74,4,1
2569,27343087,-3.222,3.883,-11.416,3.117,-14.354,-7.391,-198.304,17.893,0.396,-0.329,-7.391,4.638020,-74.084465,0.74,4,1
2570,27353094,-3.007,3.791,-11.392,2.171,-14.171,-5.041,-198.309,17.469,0.387,-0.307,-5.041,4.638020,-74.084465,0.74,4,1
2571,27363087,-2.714,3.548,-10.988,1.072,-16.246,-3.210,-198.284,16.994,0.362,-0.277,-3.210,4.638020,-74.084465,0.74,4,1
2572,27373093,-2.621,3.102,-10.830,-1.034,-20.488,-2.905,-198.134,16.506,0.316,-0.267,-2.905,4.638020,-74.084465,0.74,4,1
2573,27383087,-2.659,2.581,-10.755,-5.520,-24.303,-4.461,-197.846,16.053,0.263,-0.271,-4.461,4.638020,-74.084465,0.74,4,1
2574,27393093,-2.912,2.366,-10.498,-11.623,-26.164,-8.703,-197.576,15.743,0.241,-0.297,-8.703,4.638020,-74.084465,0.74,4,1
2575,27403087,-3.441,2.815,-10.453,-17.849,-26.195,-13.922,-197.565,15.647,0.287,-0.351,-13.922,4.638020,-74.084465,0.74,4,1
2576,27413102,-4.140,3.601,-10.654,-21.847,-23.418,-16.516,-197.869,15.781,0.367,-0.422,-16.516,4.638020,-74.084465,0.74,4,1
2577,27423087,-4.817,4.430,-10.885,-23.098,-17.528,-15.020,-198.426,16.118,0.452,-0.491,-15.020,4.638020,-74.084465,0.74,4,1
2578,27433113,-5.206,5.009,-11.152,-20.992,-9.288,-10.168,-199.078,16.565,0.511,-0.531,-10.168,4.638020,-74.084465,0.74,4,1
2579,27443091,-5.306,5.228,-11.329,-16.720,0.783,-3.240,-199.685,17.069,0.533,-0.541,-3.240,4.638020,-74.084465,0.74,4,1
2580,27453102,-5.120,5.247,-11.389,-12.081,11.189,4.175,-200.200,17.567,0.535,-0.522,4.175,4.638020,-74.084465,0.74,4,1
2581,27463099,-4.524,5.062,-11.420,-8.327,20.650,10.920,-200.578,17.939,0.516,-0.461,10.920,4.638020,-74.084465,0.74,4,1
2582,27473093,-3.661,4.563,-11.200,-6.862,27.241,15.436,-200.780,18.109,0.465,-0.373,15.436,4.638020,-74.084465,0.74,4,1
2583,27483087,-2.740,3.948,-10.777,-8.236,29.255,16.047,-200.823,18.023,0.403,-0.279,16.047,4.638020,-74.084465,0.74,4,1
2584,27493101,-2.008,3.504,-10.244,-11.654,26.753,12.385,-200.800,17.698,0.357,-0.205,12.385,4.638020,-74.084465,0.74,4,1
2585,27503099,-1.639,3.126,-10.160,-16.750,21.473,5.182,-200.689,17.215,0.319,-0.167,5.182,4.638020,-74.084465,0.74,4,1
2586,27513092,-1.472,3.128,-9.934,-22.274,15.980,-4.644,-200.667,16.663,0.319,-0.150,-4.644,4.638020,-74.084465,0.74,4,1
2587,27523103,-1.546,3.716,-9.571,-23.708,10.762,-15.631,-200.946,16.144,0.379,-0.158,-15.631,4.638020,-74.084465,0.74,4,1
2588,27533102,-1.732,4.334,-9.437,-19.893,6.154,-24.969,-201.431,15.691,0.442,-0.177,-24.969,4.638020,-74.084465,0.74,4,1
2589,27543099,-1.903,4.883,-9.199,-10.769,3.377,-31.927,-202.047,15.316,0.498,-0.194,-31.927,4.638020,-74.084465,0.74,4,1
2590,27553089,-2.161,5.122,-9.105,1.103,1.301,-35.925,-202.613,15.051,0.522,-0.220,-35.925,4.638020,-74.084465,0.74,4,1
2591,27563100,-2.318,4.842,-9.146,12.943,0.355,-37.298,-202.914,14.869,0.494,-0.236,-37.298,4.638020,-74.084465,0.74,4,1
2592,27573090,-2.387,4.326,-9.221,22.099,1.118,-37.298,-202.897,14.751,0.441,-0.243,-37.298,4.638020,-74.084465,0.74,4,1
2593,27583100,-2.406,4.001,-9.319,26.890,2.797,-36.535,-202.692,14.670,0.408,-0.245,-36.535,4.638020,-74.084465,0.74,4,1
2594,27593090,-2.364,3.765,-9.367,27.836,5.299,-34.674,-202.392,14.605,0.384,-0.241,-34.674,4.638020,-74.084465,0.74,4,1
2595,27603099,-2.271,3.565,-9.288,26.493,8.046,-31.744,-202.058,14.546,0.363,-0.232,-31.744,4.638020,-74.084465,0.74,4,1
2596,27613089,-2.113,3.442,-9.206,23.960,10.182,-28.509,-201.735,14.456,0.351,-0.215,-28.509,4.638020,-74.084465,0.74,4,1
2597,27623087,-1.953,3.234,-9.007,20.329,11.281,-24.572,-201.413,14.337,0.330,-0.199,-24.572,4.638020,-74.084465,0.74,4,1
2598,27633094,-1.837,3.051,-8.743,15.568,11.189,-20.422,-201.121,14.203,0.311,-0.187,-20.422,4.638020,-74.084465,0.74,4,1
2599,27658711,-1.920,2.950,-8.438,3.422,9.938,-12.579,-200.928,14.258,0.301,-0.196,-12.579,4.638020,-74.084465,0.74,4,1
2600,27660048,-1.920,2.950,-8.438,3.422,9.938,-12.579,-200.760,14.226,0.301,-0.196,-12.579,4.638020,-74.084465,0.74,4,1
2601,27663090,-1.951,2.943,-8.308,-2.407,9.236,-9.374,-200.692,14.161,0.300,-0.199,-9.374,4.638020,-74.084465,0.74,4,1
2602,27673146,-1.887,2.890,-8.082,-7.137,8.168,-7.086,-200.689,14.087,0.295,-0.192,-7.086,4.638020,-74.084465,0.74,4,1
2603,27683088,-1.784,2.779,-7.799,-10.311,6.642,-6.048,-200.712,13.988,0.283,-0.182,-6.048,4.638020,-74.084465,0.74,4,1
2604,27693098,-1.741,2.668,-7.532,-12.539,4.139,-6.536,-200.745,13.887,0.272,-0.178,-6.536,4.638020,-74.084465,0.74,4,1
2605,27703089,-1.753,2.663,-7.311,-13.332,1.149,-8.245,-200.825,13.801,0.272,-0.179,-8.245,4.638020,-74.084465,0.74,4,1
2606,27713096,-1.813,2.646,-7.162,-12.478,-1.903,-10.320,-200.913,13.747,0.270,-0.185,-10.320,4.638020,-74.084465,0.74,4,1
2607,27723089,-1.922,2.576,-6.956,-10.158,-5.046,-12.426,-200.977,13.762,0.263,-0.196,-12.426,4.638020,-74.084465,0.74,4,1
2608,27733104,-2.101,2.501,-6.812,-7.107,-8.312,-14.257,-200.995,13.874,0.255,-0.214,-14.257,4.638020,-74.084465,0.74,4,1
2609,27743100,-2.333,2.436,-6.672,-4.391,-11.699,-15.020,-200.979,14.105,0.248,-0.238,-15.020,4.638020,-74.084465,0.74,4,1
2610,27753096,-2.664,2.475,-6.663,-2.254,-15.026,-14.227,-200.970,14.472,0.252,-0.272,-14.227,4.638020,-74.084465,0.74,4,1
2611,27763092,-3.105,2.504,-6.872,-0.484,-16.796,-12.029,-200.917,14.983,0.255,-0.317,-12.029,4.638020,-74.084465,0.74,4,1
2612,27773108,-3.413,2.533,-7.037,0.553,-16.521,-8.642,-200.842,15.574,0.258,-0.348,-8.642,4.638020,-74.084465,0.74,4,1
2613,27783101,-3.544,2.499,-7.122,1.438,-15.056,-4.614,-200.728,16.179,0.255,-0.361,-4.614,4.638020,-74.084465,0.74,4,1
2614,27793106,-3.589,2.342,-7.134,1.805,-13.530,-1.013,-200.531,16.781,0.239,-0.366,-1.013,4.638020,-74.084465,0.74,4,1
2615,27803107,-3.582,2.335,-7.134,0.797,-12.554,2.131,-200.355,17.341,0.238,-0.365,2.131,4.638020,-74.084465,0.74,4,1
2616,27813106,-3.522,2.282,-7.215,-0.820,-11.974,5.243,-200.163,17.819,0.233,-0.359,5.243,4.638020,-74.084465,0.74,4,1
2617,27823096,-3.475,2.258,-7.306,-2.865,-11.608,7.502,-199.976,18.223,0.230,-0.354,7.502,4.638020,-74.084465,0.74,4,1
2618,27833114,-3.465,2.256,-7.460,-4.818,-11.547,8.600,-199.794,18.560,0.230,-0.353,8.600,4.638020,-74.084465,0.74,4,1
2619,27843113,-3.487,2.330,-7.554,-6.527,-11.547,8.906,-199.668,18.858,0.238,-0.356,8.906,4.638020,-74.084465,0.74,4,1
2620,27853106,-3.539,2.588,-7.763,-7.168,-11.547,8.875,-199.656,19.101,0.264,-0.361,8.875,4.638035,-74.084460,0.88,4,1
2621,27863099,-3.589,2.882,-7.950,-5.947,-11.516,8.936,-199.748,19.295,0.294,-0.366,8.936,4.638035,-74.084460,0.88,4,1
2622,27873095,-3.594,3.087,-8.001,-2.956,-12.279,9.272,-199.896,19.448,0.315,-0.366,9.272,4.638035,-74.084460,0.88,4,1
2623,27883131,-3.603,3.176,-8.193,0.553,-13.805,10.157,-200.007,19.540,0.324,-0.367,10.157,4.638035,-74.084460,0.88,4,1
2624,27893103,-3.651,3.205,-8.500,4.002,-14.995,11.103,-200.037,19.584,0.327,-0.372,11.103,4.638035,-74.084460,0.88,4,1
2625,27903099,-3.701,3.239,-8.798,6.962,-15.056,11.713,-200.002,19.597,0.330,-0.377,11.713,4.638035,-74.084460,0.88,4,1
2626,27913118,-3.785,3.389,-9.125,9.434,-14.018,12.110,-199.960,19.596,0.346,-0.386,12.110,4.638035,-74.084460,0.88,4,1
2627,27923115,-3.868,3.673,-9.516,11.753,-12.126,13.239,-199.956,19.576,0.375,-0.394,13.239,4.638035,-74.084460,0.88,4,1
2628,27933097,-3.818,3.753,-9.840,14.164,-9.563,15.192,-199.912,19.517,0.383,-0.389,15.192,4.638035,-74.084460,0.88,4,1
2629,27943107,-3.756,3.755,-10.145,16.056,-6.908,17.512,-199.811,19.427,0.383,-0.383,17.512,4.638035,-74.084460,0.88,4,1
2630,27953097,-3.658,3.786,-10.414,16.575,-4.405,20.075,-199.687,19.300,0.386,-0.373,20.075,4.638035,-74.084460,0.88,4,1
2631,27963097,-3.608,3.770,-10.681,16.270,-1.781,22.852,-199.535,19.162,0.384,-0.368,22.852,4.638035,-74.084460,0.88,4,1
2632,27973106,-3.510,3.644,-10.813,14.622,0.935,25.385,-199.347,19.015,0.372,-0.358,25.385,4.638035,-74.084460,0.88,4,1
2633,27985320,-3.341,3.509,-10.806,11.723,3.163,26.789,-199.130,18.849,0.358,-0.341,26.789,4.638035,-74.084460,0.88,4,1
2634,27993111,-3.069,3.449,-10.674,9.525,4.231,26.331,-198.964,18.616,0.352,-0.313,26.331,4.638035,-74.084460,0.88,4,1
2635,28003102,-2.755,3.249,-10.604,8.793,3.773,24.195,-198.751,18.292,0.331,-0.281,24.195,4.638035,-74.084460,0.88,4,1
2636,28013115,-2.454,2.810,-10.361,9.068,1.942,19.709,-198.407,17.895,0.287,-0.250,19.709,4.638035,-74.084460,0.88,4,1
2637,28023093,-2.333,2.757,-10.133,10.136,-1.079,13.025,-198.085,17.473,0.281,-0.238,13.025,4.638035,-74.084460,0.88,4,1
2638,28033112,-2.612,3.287,-10.321,12.699,-4.192,7.136,-197.952,17.134,0.335,-0.266,7.136,4.638035,-74.084460,0.88,4,1
2639,28043102,-3.134,4.015,-10.743,17.491,-5.321,5.396,-198.002,16.944,0.409,-0.320,5.396,4.638035,-74.084460,0.88,4,1
2640,28053105,-3.637,4.430,-11.089,23.594,-3.520,8.875,-198.090,16.913,0.452,-0.371,8.875,4.638035,-74.084460,0.88,4,1
2641,28063097,-3.856,4.317,-11.288,29.026,0.447,15.619,-198.056,16.979,0.440,-0.393,15.619,4.638035,-74.084460,0.88,4,1
2642,28073112,-3.742,3.924,-11.348,31.742,5.360,23.707,-197.857,17.055,0.400,-0.382,23.707,4.638035,-74.084460,0.88,4,1
2643,28083102,-3.510,3.427,-11.166,30.399,9.816,31.672,-197.532,17.122,0.349,-0.358,31.672,4.638035,-74.084460,0.88,4,1
2644,28093092,-3.229,3.073,-10.940,25.120,12.501,38.233,-197.176,17.143,0.313,-0.329,38.233,4.638035,-74.084460,0.88,4,1
2645,28103110,-2.921,2.837,-10.626,18.009,13.295,42.750,-196.855,17.094,0.289,-0.298,42.750,4.638035,-74.084460,0.88,4,1
2646,28113107,-2.707,2.620,-10.248,10.868,12.257,44.977,-196.579,16.999,0.267,-0.276,44.977,4.638035,-74.084460,0.88,4,1
2647,28123089,-2.595,2.586,-9.893,4.002,8.900,45.099,-196.410,16.871,0.264,-0.265,45.099,4.638035,-74.084460,0.88,4,1
2648,28133092,-2.604,2.755,-9.795,-3.139,4.719,44.947,-196.402,16.724,0.281,-0.266,44.947,4.638035,-74.084460,0.88,4,1
2649,28143096,-2.647,3.058,-9.708,-9.456,1.515,45.099,-196.589,16.575,0.312,-0.270,45.099,4.638035,-74.084460,0.88,4,1
2650,28153103,-2.752,3.307,-9.646,-13.485,-0.072,45.252,-196.908,16.463,0.337,-0.281,45.252,4.638035,-74.084460,0.88,4,1
2651,28163096,-2.652,3.526,-9.581,-15.102,-0.316,44.703,-197.316,16.316,0.360,-0.270,44.703,4.638035,-74.084460,0.88,4,1
2652,28173117,-2.471,3.461,-9.415,-15.163,-0.011,43.299,-197.693,16.127,0.353,-0.252,43.299,4.638035,-74.084460,0.88,4,1
2653,28183091,-2.228,3.273,-9.213,-14.339,-0.530,40.247,-197.984,15.872,0.334,-0.227,40.247,4.638035,-74.084460,0.88,4,1
2654,28193118,-1.984,3.189,-9.033,-12.691,-2.239,35.547,-198.230,15.534,0.325,-0.202,35.547,4.638035,-74.084460,0.88,4,1
2655,28203105,-1.844,3.148,-8.940,-9.792,-4.436,29.596,-198.426,15.148,0.321,-0.188,29.596,4.638035,-74.084460,0.88,4,1
2656,28213101,-1.825,3.186,-8.851,-5.215,-6.755,23.157,-198.596,14.767,0.325,-0.186,23.157,4.638035,-74.084460,0.88,4,1
2657,28223088,-1.884,3.157,-8.774,0.340,-9.166,17.298,-198.701,14.428,0.322,-0.192,17.298,4.638035,-74.084460,0.88,4,1
2658,28233102,-2.058,3.111,-8.661,6.199,-11.394,12.903,-198.741,14.184,0.317,-0.210,12.903,4.638035,-74.084460,0.88,4,1
2659,28243133,-2.397,3.056,-8.716,10.960,-12.767,10.645,-198.701,14.094,0.312,-0.244,10.645,4.638035,-74.084460,0.88,4,1
2660,28253099,-2.733,3.037,-8.832,13.981,-12.645,10.676,-198.610,14.147,0.310,-0.279,10.676,4.638035,-74.084460,0.88,4,1
2661,28263102,-2.983,2.962,-8.860,15.110,-11.150,12.934,-198.477,14.317,0.302,-0.304,12.934,4.638035,-74.084460,0.88,4,1
2662,28273096,-3.091,2.747,-8.798,14.622,-9.105,16.077,-198.272,14.556,0.280,-0.315,16.077,4.638035,-74.084460,0.88,4,1
2663,28283105,-3.045,2.388,-8.630,11.997,-6.633,18.732,-197.964,14.818,0.244,-0.311,18.732,4.638035,-74.084460,0.88,4,1
2664,28293100,-2.809,1.930,-8.217,7.389,-5.107,20.319,-197.550,15.046,0.197,-0.286,20.319,4.638035,-74.084460,0.88,4,1
2665,28303097,-2.418,1.544,-7.662,1.072,-6.298,19.922,-197.087,15.153,0.157,-0.247,19.922,4.638035,-74.084460,0.88,4,1
2666,28313094,-2.199,1.231,-7.167,-5.642,-10.326,17.206,-196.595,15.186,0.126,-0.224,17.206,4.638035,-74.084460,0.88,4,1
2667,28324975,-2.287,1.091,-6.704,-11.623,-15.483,12.690,-196.173,15.283,0.111,-0.233,12.690,4.638035,-74.084460,0.88,4,1
2668,28333101,-2.612,1.289,-6.444,-16.903,-19.817,7.593,-195.970,15.594,0.131,-0.266,7.593,4.638035,-74.084460,0.88,4,1
2669,28343104,-2.960,1.920,-6.106,-19.375,-22.167,3.168,-196.280,16.102,0.196,-0.302,3.168,4.638035,-74.084460,0.88,4,1
2670,28353101,-3.270,2.174,-6.077,-17.513,-22.808,0.788,-196.719,16.721,0.222,-0.333,0.788,4.638035,-74.084460,0.88,4,1
2671,28363099,-3.477,2.275,-5.945,-13.332,-21.526,-0.006,-197.183,17.441,0.232,-0.355,-0.006,4.638035,-74.084460,0.88,4,1
2672,28373101,-3.639,2.429,-5.899,-8.205,-19.298,0.025,-197.675,18.207,0.248,-0.371,0.025,4.638035,-74.084460,0.88,4,1
2673,28383099,-3.751,2.550,-5.945,-2.865,-16.765,1.581,-198.143,18.968,0.260,-0.383,1.581,4.638035,-74.084460,0.88,4,1
2674,28393101,-3.820,2.417,-6.053,2.110,-13.835,4.023,-198.418,19.718,0.246,-0.390,4.023,4.638035,-74.084460,0.88,4,1
2675,28403099,-3.856,2.350,-6.243,5.680,-10.021,6.769,-198.551,20.419,0.240,-0.393,6.769,4.638035,-74.084460,0.88,4,1
2676,28413093,-3.921,2.277,-6.473,7.908,-5.718,8.967,-198.559,21.084,0.232,-0.400,8.967,4.638035,-74.084460,0.88,4,1
2677,28423099,-3.916,2.277,-6.821,9.129,-1.140,10.706,-198.483,21.650,0.232,-0.399,10.706,4.638035,-74.084460,0.88,4,1
2678,28433101,-3.828,2.323,-7.093,9.403,3.590,12.476,-198.386,22.108,0.237,-0.390,12.476,4.638035,-74.084460,0.88,4,1
2679,28443099,-3.744,2.272,-7.275,8.824,7.618,14.094,-198.242,22.493,0.232,-0.382,14.094,4.638035,-74.084460,0.88,4,1
2680,28453101,-3.584,2.265,-7.376,7.237,10.060,15.253,-198.102,22.775,0.231,-0.366,15.253,4.638035,-74.084460,0.88,4,1
2681,28463099,-3.468,2.287,-7.551,5.528,10.701,15.803,-197.972,22.951,0.233,-0.354,15.803,4.638035,-74.084460,0.88,4,1
2682,28473101,-3.413,2.289,-7.736,3.697,10.396,15.436,-197.840,23.049,0.233,-0.348,15.436,4.638035,-74.084460,0.88,4,1
2683,28483098,-3.468,2.400,-7.965,1.469,9.663,14.551,-197.762,23.111,0.245,-0.354,14.551,4.638035,-74.084460,0.88,4,1
2684,28493101,-3.527,2.436,-8.133,-0.393,8.534,13.270,-197.699,23.152,0.248,-0.360,13.270,4.638035,-74.084460,0.88,4,1
2685,28503098,-3.530,2.417,-8.272,-2.102,7.039,10.615,-197.627,23.154,0.246,-0.360,10.615,4.638035,-74.084460,0.88,4,1
2686,28513093,-3.530,2.470,-8.327,-3.780,5.269,6.556,-197.594,23.127,0.252,-0.360,6.556,4.638035,-74.084460,0.88,4,1
2687,28523101,-3.630,2.735,-8.392,-5.489,2.705,2.253,-197.696,23.097,0.279,-0.370,2.253,4.638035,-74.084460,0.88,4,1
2688,28533092,-3.811,3.046,-8.572,-6.283,0.081,-1.196,-197.914,23.074,0.311,-0.389,-1.196,4.638035,-74.084460,0.88,4,1
2689,28543098,-3.999,3.314,-8.769,-6.069,-1.842,-3.820,-198.199,23.063,0.338,-0.408,-3.820,4.638035,-74.084460,0.88,4,1
2690,28553101,-4.202,3.548,-9.100,-4.268,-2.483,-6.231,-198.492,23.060,0.362,-0.428,-6.231,4.638035,-74.084460,0.88,4,1
2691,28563099,-4.350,3.914,-9.528,-1.217,-1.537,-7.452,-198.813,23.037,0.399,-0.444,-7.452,4.638035,-74.084460,0.88,4,1
2692,28573104,-4.455,4.389,-9.958,3.086,1.088,-6.384,-199.182,22.992,0.448,-0.454,-6.384,4.638035,-74.084460,0.88,4,1
2693,28583099,-4.440,4.703,-10.520,7.847,4.902,-2.569,-199.501,22.895,0.480,-0.453,-2.569,4.638035,-74.084460,0.88,4,1
2694,28593092,-4.254,4.850,-11.003,12.699,8.961,3.199,-199.728,22.721,0.495,-0.434,3.199,4.638035,-74.084460,0.88,4,1
2695,28603102,-3.716,4.189,-11.481,16.422,12.684,8.936,-199.617,22.398,0.427,-0.379,8.936,4.638035,-74.084460,0.88,4,1
2696,28613101,-3.172,3.712,-11.449,14.012,14.760,11.561,-199.378,21.955,0.378,-0.323,11.561,4.638035,-74.084460,0.88,4,1
2697,28623098,-2.533,3.203,-11.070,8.061,11.860,11.652,-199.073,21.338,0.327,-0.258,11.652,4.638035,-74.084460,0.88,4,1
2698,28633101,-2.113,2.444,-10.712,0.401,4.170,8.875,-198.611,20.582,0.249,-0.215,8.875,4.638035,-74.084460,0.88,4,1
2699,28656246,-2.561,1.978,-10.556,-21.572,-13.286,-5.651,-198.440,19.710,0.202,-0.261,-5.651,4.638035,-74.084460,0.88,4,1
2700,28657586,-2.561,1.978,-10.556,-21.572,-13.286,-5.651,-198.087,19.004,0.202,-0.261,-5.651,4.638035,-74.084460,0.88,4,1
2701,28663100,-3.534,3.302,-10.642,-30.697,-16.826,-12.426,-198.314,18.735,0.337,-0.360,-12.426,4.638035,-74.084460,0.88,4,1
2702,28673153,-4.557,5.057,-11.228,-34.450,-14.903,-13.342,-199.135,18.730,0.516,-0.465,-13.342,4.638035,-74.084460,0.88,4,1
2703,28683105,-5.146,5.961,-11.557,-30.666,-7.823,-7.726,-200.098,18.894,0.608,-0.525,-7.726,4.638035,-74.084460,0.88,4,1
2704,28693103,-5.170,5.898,-11.711,-24.044,1.759,1.307,-200.871,19.125,0.601,-0.527,1.307,4.638035,-74.084460,0.88,4,1
2705,28703100,-4.741,5.744,-11.627,-18.459,10.945,9.974,-201.492,19.305,0.586,-0.483,9.974,4.638035,-74.084460,0.88,4,1
2706,28713104,-4.011,5.438,-11.440,-15.072,17.293,16.840,-201.960,19.329,0.555,-0.409,16.840,4.638035,-74.084460,0.88,4,1
2707,28723103,-3.160,4.816,-11.176,-14.004,19.703,20.289,-202.213,19.136,0.491,-0.322,20.289,4.638035,-74.084460,0.88,4,1
2708,28733105,-2.452,4.387,-10.957,-16.140,18.727,19.282,-202.348,18.730,0.447,-0.250,19.282,4.638035,-74.084460,0.88,4,1
2709,28743091,-2.049,4.143,-10.597,-20.595,15.706,14.765,-202.478,18.210,0.422,-0.209,14.765,4.638035,-74.084460,0.88,4,1
2710,28753105,-1.744,4.235,-10.325,-24.959,10.975,7.563,-202.711,17.585,0.432,-0.178,7.563,4.638035,-74.084460,0.88,4,1
2711,28763100,-1.653,4.445,-10.140,-27.096,6.428,-1.531,-203.053,16.939,0.453,-0.169,-1.531,4.638035,-74.084460,0.88,4,1
2712,28773105,-1.717,4.801,-9.874,-26.607,3.071,-10.595,-203.539,16.345,0.490,-0.175,-10.595,4.638035,-74.084460,0.88,4,1
2713,28783097,-1.729,5.158,-9.535,-22.091,0.599,-18.774,-204.138,15.789,0.526,-0.176,-18.774,4.638035,-74.084460,0.88,4,1
2714,28793100,-1.803,5.390,-9.245,-14.461,-1.750,-25.091,-204.760,15.293,0.550,-0.184,-25.091,4.638035,-74.084460,0.88,4,1
2715,28803099,-1.844,5.394,-8.947,-4.909,-4.222,-29.363,-205.311,14.848,0.550,-0.188,-29.363,4.638035,-74.084460,0.88,4,1
2716,28813104,-1.961,5.255,-8.767,4.795,-6.267,-32.171,-205.717,14.484,0.536,-0.200,-32.171,4.638035,-74.084460,0.88,4,1
2717,28823103,-2.261,5.050,-8.904,12.364,-6.877,-33.209,-205.916,14.265,0.515,-0.231,-33.209,4.638035,-74.084460,0.88,4,1
2718,28833101,-2.528,4.965,-8.901,17.704,-5.046,-32.873,-206.019,14.194,0.506,-0.258,-32.873,4.638035,-74.084460,0.88,4,1
2719,28843099,-2.745,4.941,-9.043,21.794,-1.384,-30.859,-206.038,14.237,0.504,-0.280,-30.859,4.638035,-74.084460,0.88,4,1
2720,28853112,-2.757,4.900,-9.144,24.510,3.590,-27.380,-205.994,14.321,0.500,-0.281,-27.380,4.638050,-74.084460,0.92,4,1
2721,28863096,-2.745,4.840,-9.156,25.761,8.717,-22.436,-205.918,14.442,0.494,-0.280,-22.436,4.638050,-74.084460,0.92,4,1
2722,28873096,-2.581,4.396,-9.211,24.967,12.745,-16.668,-205.674,14.542,0.448,-0.263,-16.668,4.638050,-74.084460,0.92,4,1
2723,28883105,-2.216,3.774,-9.139,22.404,15.614,-12.487,-205.238,14.541,0.385,-0.226,-12.487,4.638050,-74.084460,0.92,4,1
2724,28893104,-1.789,3.203,-8.836,17.796,16.591,-11.297,-204.685,14.407,0.327,-0.182,-11.297,4.638050,-74.084460,0.92,4,1
2725,28903097,-1.417,2.875,-8.450,12.333,14.546,-12.670,-204.138,14.130,0.293,-0.144,-12.670,4.638050,-74.084460,0.92,4,1
2726,28913108,-1.329,2.796,-8.147,6.870,9.846,-14.898,-203.694,13.811,0.285,-0.135,-14.898,4.638050,-74.084460,0.92,4,1
2727,28923101,-1.417,2.829,-7.900,2.293,3.773,-17.065,-203.386,13.524,0.289,-0.144,-17.065,4.638050,-74.084460,0.92,4,1
2728,28933124,-1.643,2.796,-7.765,-1.217,-2.056,-18.194,-203.140,13.332,0.285,-0.168,-18.194,4.638050,-74.084460,0.92,4,1
2729,28943114,-1.927,2.745,-7.621,-4.360,-6.328,-18.438,-202.943,13.278,0.280,-0.197,-18.438,4.638050,-74.084460,0.92,4,1
2730,28953101,-2.189,2.805,-7.527,-6.100,-8.556,-18.499,-202.826,13.349,0.286,-0.223,-18.499,4.638050,-74.084460,0.92,4,1
2731,28963102,-2.387,2.793,-7.467,-5.855,-8.830,-18.072,-202.720,13.522,0.285,-0.243,-18.072,4.638050,-74.084460,0.92,4,1
2732,28973099,-2.464,2.769,-7.316,-4.207,-8.220,-17.767,-202.624,13.749,0.282,-0.251,-17.767,4.638050,-74.084460,0.92,4,1
2733,28985389,-2.437,2.704,-7.047,-1.613,-8.129,-17.340,-202.537,13.980,0.276,-0.249,-17.340,4.638050,-74.084460,0.92,4,1
2734,28993097,-2.390,2.545,-6.869,1.316,-9.288,-16.485,-202.371,14.211,0.259,-0.244,-16.485,4.638050,-74.084460,0.92,4,1
2735,29003098,-2.371,2.323,-6.817,3.300,-11.699,-15.356,-202.083,14.414,0.237,-0.242,-15.356,4.638050,-74.084460,0.92,4,1
2736,29013093,-2.468,1.995,-6.802,4.063,-14.537,-14.562,-201.620,14.649,0.203,-0.252,-14.562,4.638050,-74.084460,0.92,4,1
2737,29023107,-2.733,1.819,-6.841,2.964,-16.826,-14.349,-201.091,14.993,0.186,-0.279,-14.349,4.638050,-74.084460,0.92,4,1
2738,29033107,-3.088,1.961,-7.009,0.370,-18.291,-13.433,-200.685,15.440,0.200,-0.315,-13.433,4.638050,-74.084460,0.92,4,1
2739,29043097,-3.468,2.364,-7.398,-3.017,-17.772,-10.809,-200.502,15.940,0.241,-0.354,-10.809,4.638050,-74.084460,0.92,4,1
2740,29053102,-3.708,2.632,-7.696,-5.825,-14.720,-6.719,-200.447,16.463,0.268,-0.378,-6.719,4.638050,-74.084460,0.92,4,1
2741,29063102,-3.677,2.615,-7.753,-7.473,-10.967,-2.844,-200.394,16.957,0.267,-0.375,-2.844,4.638050,-74.084460,0.92,4,1
2742,29073115,-3.441,2.607,-7.727,-8.755,-8.037,-0.372,-200.357,17.339,0.266,-0.351,-0.372,4.638050,-74.084460,0.92,4,1
2743,29083090,-3.172,2.646,-7.595,-8.846,-6.816,0.330,-200.368,17.599,0.270,-0.323,0.330,4.638050,-74.084460,0.92,4,1
2744,29093111,-2.964,2.750,-7.535,-7.107,-7.549,-0.585,-200.425,17.737,0.280,-0.302,-0.585,4.638050,-74.084460,0.92,4,1
2745,29103117,-2.879,2.931,-7.643,-3.750,-9.441,-2.630,-200.519,17.777,0.299,-0.294,-2.630,4.638050,-74.084460,0.92,4,1
2746,29113119,-2.931,3.078,-7.859,0.858,-11.730,-5.377,-200.593,17.776,0.314,-0.299,-5.377,4.638050,-74.084460,0.92,4,1
2747,29123097,-2.986,3.123,-8.008,5.772,-13.439,-8.306,-200.611,17.760,0.318,-0.304,-8.306,4.638050,-74.084460,0.92,4,1
2748,29133099,-2.995,3.143,-7.979,10.777,-15.331,-11.175,-200.596,17.735,0.320,-0.305,-11.175,4.638050,-74.084460,0.92,4,1
2749,29143109,-3.103,3.109,-7.957,15.293,-17.559,-13.403,-200.528,17.745,0.317,-0.316,-13.403,4.638050,-74.084460,0.92,4,1
2750,29153102,-3.317,3.227,-8.104,18.589,-19.206,-14.532,-200.463,17.805,0.329,-0.338,-14.532,4.638050,-74.084460,0.92,4,1
2751,29163115,-3.663,3.459,-8.342,21.244,-18.840,-13.922,-200.440,17.960,0.353,-0.374,-13.922,4.638050,-74.084460,0.92,4,1
2752,29173108,-4.087,3.685,-8.762,23.747,-15.850,-10.900,-200.418,18.222,0.376,-0.417,-10.900,4.638050,-74.084460,0.92,4,1
2753,29183090,-4.376,4.020,-9.242,25.639,-10.143,-5.194,-200.434,18.532,0.410,-0.446,-5.194,4.638050,-74.084460,0.92,4,1
2754,29193099,-4.564,4.203,-9.667,27.470,-2.544,2.711,-200.431,18.885,0.429,-0.465,2.711,4.638050,-74.084460,0.92,4,1
2755,29203110,-4.560,4.269,-10.061,28.568,6.337,11.622,-200.379,19.234,0.435,-0.465,11.622,4.638050,-74.084460,0.92,4,1
2756,29213107,-4.328,4.170,-10.498,27.989,15.828,20.472,-200.235,19.516,0.425,-0.441,20.472,4.638050,-74.084460,0.92,4,1
2757,29223090,-3.775,3.851,-10.575,26.371,24.373,27.369,-199.991,19.670,0.393,-0.385,27.369,4.638050,-74.084460,0.92,4,1
2758,29233098,-3.079,3.374,-10.335,23.594,29.500,30.848,-199.644,19.651,0.344,-0.314,30.848,4.638050,-74.084460,0.92,4,1
2759,29243098,-2.566,2.923,-9.992,19.962,30.049,30.237,-199.222,19.489,0.298,-0.262,30.237,4.638050,-74.084460,0.92,4,1
2760,29253109,-2.321,2.716,-9.828,16.026,27.058,26.270,-198.802,19.233,0.277,-0.237,26.270,4.638050,-74.084460,0.92,4,1
2761,29263100,-2.402,3.135,-9.843,13.981,23.518,20.502,-198.603,18.984,0.320,-0.245,20.502,4.638050,-74.084460,0.92,4,1
2762,29273103,-2.819,4.090,-10.248,15.049,22.175,17.115,-198.721,18.836,0.417,-0.287,17.115,4.638050,-74.084460,0.92,4,1
2763,29283097,-3.260,4.758,-10.796,20.115,24.403,18.397,-198.938,18.805,0.485,-0.332,18.397,4.638050,-74.084460,0.92,4,1
2764,29293106,-3.568,4.999,-11.060,26.341,29.957,23.829,-199.123,18.900,0.510,-0.364,23.829,4.638050,-74.084460,0.92,4,1
2765,29303099,-3.644,5.062,-11.288,31.803,37.007,31.977,-199.230,19.054,0.516,-0.372,31.977,4.638050,-74.084460,0.92,4,1
2766,29317241,-3.475,4.864,-11.507,35.008,44.179,41.285,-199.089,19.355,0.496,-0.354,41.285,4.638050,-74.084460,0.92,4,1
2767,29323102,-3.065,4.432,-11.769,34.397,50.557,50.287,-198.909,19.381,0.452,-0.312,50.287,4.638050,-74.084460,0.92,4,1
2768,29333104,-2.569,3.760,-11.886,29.362,54.890,57.093,-198.550,19.287,0.383,-0.262,57.093,4.638050,-74.084460,0.92,4,1
2769,29343100,-1.980,3.102,-11.507,20.786,56.325,59.961,-198.106,19.043,0.316,-0.202,59.961,4.638050,-74.084460,0.92,4,1
2770,29353102,-1.217,2.595,-10.969,9.922,53.425,58.466,-197.660,18.539,0.265,-0.124,58.466,4.638050,-74.084460,0.92,4,1
2771,29363101,-0.594,2.147,-10.575,-1.675,46.040,52.881,-197.214,17.776,0.219,-0.061,52.881,4.638050,-74.084460,0.92,4,1
2772,29373102,-0.222,1.937,-9.881,-12.203,35.542,43.421,-196.871,16.830,0.198,-0.023,43.421,4.638050,-74.084460,0.92,4,1
2773,29383100,-0.227,2.188,-9.449,-20.504,23.121,31.580,-196.782,15.850,0.223,-0.023,31.580,4.638050,-74.084460,0.92,4,1
2774,29393102,-0.685,2.851,-9.350,-24.715,11.769,20.197,-197.040,15.047,0.291,-0.070,20.197,4.638050,-74.084460,0.92,4,1
2775,29403100,-1.310,3.524,-9.345,-23.403,4.078,11.255,-197.551,14.502,0.359,-0.134,11.255,4.638050,-74.084460,0.92,4,1
2776,29413104,-1.717,3.868,-9.343,-17.055,-0.286,5.213,-198.105,14.126,0.394,-0.175,5.213,4.638050,-74.084460,0.92,4,1
2777,29423099,-1.908,3.844,-9.329,-8.022,-1.995,1.673,-198.525,13.844,0.392,-0.195,1.673,4.638050,-74.084460,0.92,4,1
2778,29433103,-2.015,3.675,-9.309,1.347,-2.208,0.086,-198.761,13.635,0.375,-0.206,0.086,4.638050,-74.084460,0.92,4,1
2779,29443100,-2.127,3.425,-9.396,9.220,-1.750,0.086,-198.790,13.493,0.349,-0.217,0.086,4.638050,-74.084460,0.92,4,1
2780,29453105,-2.225,3.217,-9.595,15.049,-0.408,0.910,-198.649,13.405,0.328,-0.227,0.910,4.638050,-74.084460,0.92,4,1
2781,29463100,-2.235,2.972,-9.737,19.352,1.546,1.948,-198.358,13.340,0.303,-0.228,1.948,4.638050,-74.084460,0.92,4,1
2782,29473090,-2.178,2.689,-9.751,21.763,3.468,3.534,-197.949,13.280,0.274,-0.222,3.534,4.638050,-74.084460,0.92,4,1
2783,29483099,-2.085,2.410,-9.682,21.366,4.658,5.610,-197.465,13.209,0.246,-0.213,5.610,4.638050,-74.084460,0.92,4,1
2784,29493103,-1.970,2.111,-9.554,18.498,4.658,7.746,-196.927,13.112,0.215,-0.201,7.746,4.638050,-74.084460,0.92,4,1
2785,29503100,-1.837,1.699,-9.362,12.608,3.285,9.455,-196.319,12.974,0.173,-0.187,9.455,4.638050,-74.084460,0.92,4,1
2786,29513109,-1.756,1.342,-8.983,3.819,1.179,10.126,-195.702,12.828,0.137,-0.179,10.126,4.638050,-74.084460,0.92,4,1
2787,29523099,-1.794,1.200,-8.483,-6.222,-1.384,9.424,-195.191,12.738,0.122,-0.183,9.424,4.638050,-74.084460,0.92,4,1
2788,29533105,-1.922,1.277,-8.101,-15.529,-3.917,8.173,-194.874,12.735,0.130,-0.196,8.173,4.638050,-74.084460,0.92,4,1
2789,29543101,-2.201,1.605,-7.729,-23.464,-5.382,6.525,-194.867,12.902,0.164,-0.224,6.525,4.638050,-74.084460,0.92,4,1
2790,29553102,-2.342,1.932,-7.362,-28.133,-6.145,5.152,-195.131,13.165,0.197,-0.239,5.152,4.638050,-74.084460,0.92,4,1
2791,29563101,-2.378,2.012,-6.989,-29.842,-6.755,4.023,-195.494,13.479,0.205,-0.242,4.023,4.638050,-74.084460,0.92,4,1
2792,29573094,-2.383,1.930,-6.557,-29.201,-7.427,2.222,-195.849,13.848,0.197,-0.243,2.222,4.638050,-74.084460,0.92,4,1
2793,29583099,-2.426,2.007,-6.283,-27.614,-8.312,-0.433,-196.263,14.255,0.205,-0.247,-0.433,4.638050,-74.084460,0.92,4,1
2794,29593104,-2.471,2.241,-6.101,-24.441,-8.739,-3.057,-196.803,14.675,0.229,-0.252,-3.057,4.638050,-74.084460,0.92,4,1
2795,29603101,-2.561,2.301,-6.024,-19.955,-8.800,-4.980,-197.318,15.127,0.235,-0.261,-4.980,4.638050,-74.084460,0.92,4,1
2796,29613091,-2.719,2.328,-6.053,-14.614,-8.220,-6.475,-197.753,15.633,0.237,-0.277,-6.475,4.638050,-74.084460,0.92,4,1
2797,29623100,-2.859,2.434,-6.146,-9.151,-6.877,-7.238,-198.148,16.162,0.248,-0.292,-7.238,4.638050,-74.084460,0.92,4,1
2798,29633109,-3.043,2.432,-6.365,-4.177,-4.527,-6.933,-198.413,16.724,0.248,-0.310,-6.933,4.638050,-74.084460,0.92,4,1
2799,29666271,-3.105,2.412,-7.078,5.222,5.848,-3.759,-198.345,17.418,0.246,-0.317,-3.759,4.638050,-74.084460,0.92,4,1
2800,29667604,-3.105,2.412,-7.078,5.222,5.848,-3.759,-198.313,18.034,0.246,-0.317,-3.759,4.638050,-74.084460,0.92,4,1
2801,29668927,-2.931,2.364,-7.220,7.206,7.771,-1.776,-198.218,18.436,0.241,-0.299,-1.776,4.638050,-74.084460,0.92,4,1
2802,29673154,-2.931,2.364,-7.220,7.206,7.771,-1.776,-198.161,18.751,0.241,-0.299,-1.776,4.638050,-74.084460,0.92,4,1
2803,29683099,-2.798,2.174,-7.412,8.610,8.076,-0.036,-197.936,18.929,0.222,-0.285,-0.036,4.638050,-74.084460,0.92,4,1
2804,29693102,-2.724,2.012,-7.635,9.159,7.588,0.391,-197.592,19.008,0.205,-0.278,0.391,4.638050,-74.084460,0.92,4,1
2805,29703098,-2.678,1.894,-7.830,8.915,6.367,-0.128,-197.185,19.014,0.193,-0.273,-0.128,4.638050,-74.084460,0.92,4,1
2806,29713102,-2.707,1.863,-7.977,8.183,4.597,-1.196,-196.786,18.996,0.190,-0.276,-1.196,4.638050,-74.084460,0.92,4,1
2807,29723097,-2.805,1.889,-8.209,7.237,2.553,-2.539,-196.418,18.972,0.193,-0.286,-2.539,4.638050,-74.084460,0.92,4,1
2808,29733104,-2.969,1.959,-8.454,6.077,0.416,-3.698,-196.102,18.970,0.200,-0.303,-3.698,4.638050,-74.084460,0.92,4,1
2809,29743098,-3.174,2.118,-8.731,4.734,-1.201,-4.431,-195.874,19.000,0.216,-0.324,-4.431,4.638050,-74.084460,0.92,4,1
2810,29753102,-3.415,2.304,-9.081,3.086,-2.300,-4.614,-195.730,19.062,0.235,-0.348,-4.614,4.638050,-74.084460,0.92,4,1
2811,29763098,-3.551,2.526,-9.528,1.652,-2.513,-4.034,-195.660,19.100,0.258,-0.362,-4.034,4.638050,-74.084460,0.92,4,1
2812,29773122,-3.651,2.752,-9.987,0.981,-1.872,-2.783,-195.646,19.108,0.281,-0.372,-2.783,4.638050,-74.084460,0.92,4,1
2813,29783102,-3.742,3.092,-10.484,0.675,0.111,-0.952,-195.718,19.094,0.315,-0.382,-0.952,4.638050,-74.084460,0.92,4,1
2814,29793116,-3.654,3.432,-10.914,1.194,2.675,1.612,-195.859,19.011,0.350,-0.373,1.612,4.638050,-74.084460,0.92,4,1
2815,29803116,-3.293,3.367,-11.351,2.628,5.055,4.786,-195.902,18.788,0.343,-0.336,4.786,4.638050,-74.084460,0.92,4,1
2816,29813129,-2.902,3.217,-11.694,2.812,6.886,6.830,-195.852,18.437,0.328,-0.296,6.830,4.638050,-74.084460,0.92,4,1
2817,29823105,-2.495,3.270,-11.937,1.835,7.039,8.753,-195.809,17.956,0.333,-0.254,8.753,4.638050,-74.084460,0.92,4,1
2818,29833099,-2.003,3.181,-11.949,0.492,4.658,10.737,-195.751,17.321,0.324,-0.204,10.737,4.638050,-74.084460,0.92,4,1
2819,29843103,-1.555,2.764,-11.750,-1.583,-0.499,11.439,-195.587,16.545,0.282,-0.159,11.439,4.638050,-74.084460,0.92,4,1
2820,29853108,-1.336,2.323,-11.512,-5.123,-7.976,9.852,-195.327,15.696,0.237,-0.136,9.852,4.638065,-74.084458,0.95,4,1
2821,29863092,-1.360,1.978,-11.286,-10.616,-16.368,5.884,-195.026,14.856,0.202,-0.139,5.884,4.638065,-74.084458,0.95,4,1
2822,29873099,-1.629,1.805,-11.082,-18.032,-23.876,-0.067,-194.764,14.128,0.184,-0.166,-0.067,4.638065,-74.084458,0.95,4,1
2823,29883094,-2.271,2.171,-11.075,-25.753,-28.392,-6.903,-194.735,13.653,0.221,-0.232,-6.903,4.638065,-74.084458,0.95,4,1
2824,29893092,-3.093,3.283,-11.300,-30.819,-27.873,-11.602,-195.147,13.478,0.335,-0.315,-11.602,4.638065,-74.084458,0.95,4,1
2825,29903101,-3.720,4.392,-11.613,-31.277,-22.655,-11.663,-195.878,13.514,0.448,-0.379,-11.663,4.638065,-74.084458,0.95,4,1
2826,29913106,-3.978,4.891,-11.557,-26.424,-15.331,-7.513,-196.679,13.684,0.499,-0.406,-7.513,4.638065,-74.084458,0.95,4,1
2827,29923097,-3.906,5.134,-11.497,-19.283,-7.671,-1.348,-197.438,13.885,0.524,-0.398,-1.348,4.638065,-74.084458,0.95,4,1
2828,29933095,-3.649,5.230,-11.543,-11.928,-0.926,5.854,-198.095,14.042,0.533,-0.372,5.854,4.638065,-74.084458,0.95,4,1
2829,29943112,-3.179,4.917,-11.579,-5.825,4.506,12.568,-198.541,14.095,0.501,-0.324,12.568,4.638065,-74.084458,0.95,4,1
2830,29953102,-2.416,4.295,-11.315,-3.017,8.046,16.260,-198.757,13.954,0.438,-0.246,16.260,4.638065,-74.084458,0.95,4,1
2831,29963093,-1.615,3.610,-10.808,-3.963,8.015,15.528,-198.787,13.577,0.368,-0.165,15.528,4.638065,-74.084458,0.95,4,1
2832,29973098,-1.147,3.256,-10.455,-7.931,4.902,10.645,-198.763,13.042,0.332,-0.117,10.645,4.638065,-74.084458,0.95,4,1
2833,29985270,-1.009,3.215,-10.215,-13.393,0.172,3.290,-198.832,12.449,0.328,-0.103,3.290,4.638065,-74.084458,0.95,4,1
2834,29993130,-1.095,3.524,-10.097,-16.994,-4.527,-5.346,-199.037,11.895,0.359,-0.112,-5.346,4.638065,-74.084458,0.95,4,1
2835,30003094,-1.317,4.097,-10.037,-17.208,-6.603,-13.128,-199.456,11.449,0.418,-0.134,-13.128,4.638065,-74.084458,0.95,4,1
2836,30013117,-1.541,4.700,-9.838,-13.088,-6.725,-19.293,-200.062,11.123,0.479,-0.157,-19.293,4.638065,-74.084458,0.95,4,1
2837,30023102,-1.686,5.088,-9.756,-5.154,-6.359,-22.924,-200.702,10.878,0.519,-0.172,-22.924,4.638065,-74.084458,0.95,4,1
2838,30033107,-1.686,5.151,-9.679,5.222,-5.260,-24.481,-201.233,10.664,0.525,-0.172,-24.481,4.638065,-74.084458,0.95,4,1
2839,30043094,-1.610,4.941,-9.797,15.812,-3.948,-25.060,-201.529,10.448,0.504,-0.164,-25.060,4.638065,-74.084458,0.95,4,1
2840,30053097,-1.579,4.715,-9.931,24.906,-2.544,-25.091,-201.612,10.249,0.481,-0.161,-25.091,4.638065,-74.084458,0.95,4,1
2841,30063090,-1.589,4.664,-10.133,32.261,-0.621,-24.633,-201.569,10.077,0.476,-0.162,-24.633,4.638065,-74.084458,0.95,4,1
2842,30073124,-1.510,4.555,-10.443,37.998,1.423,-22.924,-201.387,9.895,0.465,-0.154,-22.924,4.638065,-74.084458,0.95,4,1
2843,30083108,-1.329,4.285,-10.534,41.477,3.102,-20.025,-201.078,9.675,0.437,-0.135,-20.025,4.638065,-74.084458,0.95,4,1
2844,30093092,-1.109,3.861,-10.376,41.599,3.499,-16.668,-200.660,9.403,0.394,-0.113,-16.668,4.638065,-74.084458,0.95,4,1
2845,30103108,-0.880,3.430,-10.155,38.242,1.881,-13.708,-200.170,9.058,0.350,-0.090,-13.708,4.638065,-74.084458,0.95,4,1
2846,30113092,-0.706,3.046,-9.936,32.078,-1.323,-11.572,-199.652,8.649,0.311,-0.072,-11.572,4.638065,-74.084458,0.95,4,1
2847,30123107,-0.616,2.542,-9.538,23.319,-5.687,-10.687,-199.091,8.206,0.259,-0.063,-10.687,4.638065,-74.084458,0.95,4,1
2848,30133105,-0.709,2.287,-9.067,12.425,-10.692,-10.931,-198.616,7.809,0.233,-0.072,-10.931,4.638065,-74.084458,0.95,4,1
2849,30143107,-0.964,2.301,-8.651,0.858,-15.300,-11.389,-198.340,7.538,0.235,-0.098,-11.389,4.638065,-74.084458,0.95,4,1
2850,30153102,-1.310,2.485,-8.294,-9.456,-18.413,-11.724,-198.317,7.447,0.253,-0.134,-11.724,4.638065,-74.084458,0.95,4,1
2851,30163096,-1.546,2.851,-7.696,-15.774,-20.122,-11.511,-198.633,7.505,0.291,-0.158,-11.511,4.638065,-74.084458,0.95,4,1
2852,30173127,-1.748,3.066,-7.386,-18.490,-21.526,-10.229,-199.120,7.672,0.313,-0.178,-10.229,4.638065,-74.084458,0.95,4,1
2853,30183090,-1.894,2.972,-7.162,-17.910,-21.709,-8.795,-199.562,7.932,0.303,-0.193,-8.795,4.638065,-74.084458,0.95,4,1
2854,30193105,-1.918,2.837,-6.766,-14.889,-21.282,-8.489,-199.960,8.247,0.289,-0.196,-8.489,4.638065,-74.084458,0.95,4,1
2855,30203099,-1.889,2.728,-6.451,-10.494,-21.343,-9.161,-200.300,8.571,0.278,-0.193,-9.161,4.638065,-74.084458,0.95,4,1
2856,30213119,-1.894,2.598,-6.279,-4.635,-22.350,-10.443,-200.526,8.897,0.265,-0.193,-10.443,4.638065,-74.084458,0.95,4,1
2857,30223106,-1.996,2.456,-6.067,1.805,-24.120,-11.785,-200.641,9.289,0.250,-0.204,-11.785,4.638065,-74.084458,0.95,4,1
2858,30233102,-2.194,2.378,-6.024,7.298,-26.439,-12.396,-200.660,9.763,0.243,-0.224,-12.396,4.638065,-74.084458,0.95,4,1
2859,30243093,-2.504,2.309,-6.209,11.112,-28.270,-11.846,-200.554,10.337,0.235,-0.255,-11.846,4.638065,-74.084458,0.95,4,1
2860,30253120,-2.817,2.142,-6.377,13.188,-28.209,-10.748,-200.297,11.021,0.218,-0.287,-10.748,4.638065,-74.084458,0.95,4,1
2861,30263106,-3.024,1.971,-6.447,13.065,-26.744,-9.466,-199.942,11.777,0.201,-0.308,-9.466,4.638065,-74.084458,0.95,4,1
2862,30273093,-3.227,1.877,-6.545,11.295,-24.486,-8.215,-199.553,12.588,0.191,-0.329,-8.215,4.638065,-74.084458,0.95,4,1
2863,30283090,-3.425,1.985,-6.680,8.183,-21.343,-6.780,-199.265,13.428,0.202,-0.349,-6.780,4.638065,-74.084458,0.95,4,1
2864,30293104,-3.615,2.137,-6.867,5.314,-17.192,-4.766,-199.082,14.282,0.218,-0.369,-4.766,4.638065,-74.084458,0.95,4,1
2865,30303095,-3.732,2.236,-7.037,3.575,-12.248,-2.661,-198.955,15.127,0.228,-0.381,-2.661,4.638065,-74.084458,0.95,4,1
2866,30313100,-3.727,2.282,-7.160,2.903,-7.579,-1.013,-198.847,15.917,0.233,-0.380,-1.013,4.638065,-74.084458,0.95,4,1
2867,30324936,-3.670,2.371,-7.278,3.361,-3.581,-0.006,-198.768,16.630,0.242,-0.374,-0.006,4.638065,-74.084458,0.95,4,1
2868,30333099,-3.596,2.446,-7.350,4.460,-0.865,0.727,-198.715,17.262,0.249,-0.367,0.727,4.638065,-74.084458,0.95,4,1
2869,30343097,-3.534,2.468,-7.489,5.955,0.111,1.307,-198.640,17.795,0.252,-0.360,1.307,4.638065,-74.084458,0.95,4,1
2870,30353098,-3.508,2.485,-7.825,7.389,0.691,1.429,-198.509,18.215,0.253,-0.358,1.429,4.638065,-74.084458,0.95,4,1
2871,30363099,-3.580,2.598,-8.277,8.640,1.881,1.307,-198.363,18.558,0.265,-0.365,1.307,4.638065,-74.084458,0.95,4,1
2872,30373098,-3.658,2.856,-8.656,10.166,3.926,1.398,-198.277,18.851,0.291,-0.373,1.398,4.638065,-74.084458,0.95,4,1
2873,30383097,-3.675,3.073,-8.932,12.150,6.733,2.314,-198.236,19.100,0.313,-0.375,2.314,4.638065,-74.084458,0.95,4,1
2874,30393099,-3.634,3.220,-9.175,14.530,9.755,3.962,-198.202,19.300,0.328,-0.371,3.962,4.638065,-74.084458,0.95,4,1
2875,30403099,-3.589,3.309,-9.518,16.850,12.715,6.464,-198.137,19.444,0.337,-0.366,6.464,4.638065,-74.084458,0.95,4,1
2876,30413101,-3.565,3.480,-9.927,19.077,16.316,9.424,-198.068,19.542,0.355,-0.364,9.424,4.638065,-74.084458,0.95,4,1
2877,30423095,-3.556,3.692,-10.549,21.214,20.955,12.842,-197.982,19.593,0.377,-0.363,12.842,4.638065,-74.084458,0.95,4,1
2878,30433100,-3.439,3.620,-11.070,22.923,27.180,16.657,-197.796,19.607,0.369,-0.351,16.657,4.638065,-74.084458,0.95,4,1
2879,30443096,-3.162,3.249,-11.233,23.045,33.742,19.373,-197.472,19.579,0.331,-0.322,19.373,4.638065,-74.084458,0.95,4,1
2880,30453099,-2.769,2.909,-11.240,20.451,38.624,19.983,-197.073,19.467,0.297,-0.282,19.983,4.638065,-74.084458,0.95,4,1
2881,30463097,-2.294,2.675,-11.197,16.148,40.822,18.458,-196.662,19.220,0.273,-0.234,18.458,4.638065,-74.084458,0.95,4,1
2882,30473104,-1.858,2.588,-10.957,11.509,39.784,15.131,-196.315,18.837,0.264,-0.189,15.131,4.638065,-74.084458,0.95,4,1
2883,30483095,-1.536,2.562,-10.654,8.030,35.664,10.828,-196.043,18.339,0.261,-0.157,10.828,4.638065,-74.084458,0.95,4,1
2884,30493098,-1.488,2.634,-10.578,6.260,29.774,5.762,-195.844,17.808,0.269,-0.152,5.762,4.638065,-74.084458,0.95,4,1
2885,30503097,-1.832,3.061,-10.822,7.298,24.983,1.337,-195.789,17.387,0.312,-0.187,1.337,4.638065,-74.084458,0.95,4,1
2886,30513098,-2.488,3.796,-11.308,10.380,23.854,-0.036,-195.921,17.180,0.387,-0.254,-0.036,4.638065,-74.084458,0.95,4,1
2887,30523098,-3.043,4.490,-11.757,15.324,27.272,2.680,-196.176,17.159,0.458,-0.310,2.680,4.638065,-74.084458,0.95,4,1
2888,30533101,-3.205,4.801,-11.978,22.831,33.436,8.875,-196.414,17.224,0.490,-0.327,8.875,4.638065,-74.084458,0.95,4,1
2889,30543096,-2.974,4.589,-12.009,29.972,39.723,16.840,-196.497,17.271,0.468,-0.303,16.840,4.638065,-74.084458,0.95,4,1
2890,30553100,-2.530,3.835,-12.179,32.597,44.118,24.409,-196.287,17.217,0.391,-0.258,24.409,4.638065,-74.084458,0.95,4,1
2891,30563096,-1.944,3.642,-11.877,31.773,46.162,28.925,-196.068,17.008,0.371,-0.198,28.925,4.638065,-74.084458,0.95,4,1
2892,30573102,-1.541,3.666,-11.524,31.559,43.934,31.305,-195.913,16.670,0.374,-0.157,31.305,4.638065,-74.084458,0.95,4,1
2893,30583095,-1.331,3.027,-11.445,30.705,38.838,32.587,-195.563,16.246,0.309,-0.136,32.587,4.638065,-74.084458,0.95,4,1
2894,30593098,-1.000,2.661,-11.118,28.385,32.673,29.841,-195.156,15.689,0.271,-0.102,29.841,4.638065,-74.084458,0.95,4,1
2895,30603096,-0.690,2.311,-10.844,22.251,24.861,26.179,-194.728,14.992,0.236,-0.070,26.179,4.638065,-74.084458,0.95,4,1
2896,30613098,-0.570,1.838,-10.585,12.760,15.339,22.394,-194.255,14.220,0.187,-0.058,22.394,4.638065,-74.084458,0.95,4,1
2897,30623096,-0.613,1.609,-10.265,2.476,5.787,17.328,-193.840,13.445,0.164,-0.063,17.328,4.638065,-74.084458,0.95,4,1
2898,30633099,-0.814,1.935,-9.886,-6.130,-2.544,11.683,-193.702,12.746,0.197,-0.083,11.683,4.638065,-74.084458,0.95,4,1
2899,30673879,-1.548,2.815,-9.333,-0.942,-17.284,5.274,-194.088,11.756,0.287,-0.158,5.274,4.638065,-74.084458,0.95,4,1
2900,30675218,-1.548,2.815,-9.333,-0.942,-17.284,5.274,-194.439,10.975,0.287,-0.158,5.274,4.638065,-74.084458,0.95,4,1
2901,30676541,-1.548,2.815,-9.333,-0.942,-17.284,5.274,-194.741,10.404,0.287,-0.158,5.274,4.638065,-74.084458,0.95,4,1
2902,30677870,-1.558,2.689,-9.194,4.917,-18.444,5.762,-194.859,10.038,0.274,-0.159,5.762,4.638065,-74.084458,0.95,4,1
2903,30683098,-1.558,2.689,-9.194,4.917,-18.444,5.762,-194.972,9.791,0.274,-0.159,5.762,4.638065,-74.084458,0.95,4,1
2904,30693095,-1.665,2.456,-9.290,9.251,-18.718,6.861,-194.889,9.623,0.250,-0.170,6.861,4.638065,-74.084458,0.95,4,1
2905,30703098,-1.846,2.215,-9.350,11.509,-17.772,7.990,-194.658,9.574,0.226,-0.188,7.990,4.638065,-74.084458,0.95,4,1
2906,30713096,-2.006,2.072,-9.562,11.540,-16.277,9.485,-194.353,9.603,0.211,-0.205,9.485,4.638065,-74.084458,0.95,4,1
2907,30723100,-2.094,2.039,-9.559,10.197,-13.988,11.713,-194.074,9.690,0.208,-0.214,11.713,4.638065,-74.084458,0.95,4,1
2908,30733093,-2.044,1.966,-9.355,7.542,-12.004,14.338,-193.833,9.781,0.200,-0.208,14.338,4.638065,-74.084458,0.95,4,1
2909,30743098,-2.011,1.764,-9.177,3.452,-10.723,17.023,-193.570,9.879,0.180,-0.205,17.023,4.638065,-74.084458,0.95,4,1
2910,30753100,-1.980,1.511,-9.019,-3.109,-10.143,19.373,-193.278,9.978,0.154,-0.202,19.373,4.638065,-74.084458,0.95,4,1
2911,30763099,-1.977,1.414,-8.656,-11.104,-10.265,20.289,-193.069,10.105,0.144,-0.202,20.289,4.638065,-74.084458,0.95,4,1
2912,30773096,-1.937,1.397,-8.284,-18.734,-11.150,19.831,-192.975,10.234,0.142,-0.197,19.831,4.638065,-74.084458,0.95,4,1
2913,30783125,-1.937,1.371,-7.900,-25.204,-12.340,17.939,-192.971,10.388,0.140,-0.197,17.939,4.638065,-74.084458,0.95,4,1
2914,30793098,-2.085,1.491,-7.544,-30.941,-13.469,14.551,-193.130,10.644,0.152,-0.213,14.551,4.638065,-74.084458,0.95,4,1
2915,30803096,-2.170,1.590,-7.234,-33.993,-14.324,9.974,-193.401,10.961,0.162,-0.221,9.974,4.638065,-74.084458,0.95,4,1
2916,30813094,-2.251,1.643,-6.862,-33.932,-14.995,4.297,-193.734,11.353,0.168,-0.230,4.297,4.638065,-74.084458,0.95,4,1
2917,30823098,-2.409,1.829,-6.564,-31.124,-15.514,-1.989,-194.181,11.845,0.186,-0.246,-1.989,4.638065,-74.084458,0.95,4,1
2918,30833100,-2.647,2.094,-6.444,-25.875,-15.850,-7.452,-194.734,12.440,0.214,-0.270,-7.452,4.638065,-74.084458,0.95,4,1
2919,30843104,-2.912,2.323,-6.442,-19.314,-16.124,-11.083,-195.325,13.116,0.237,-0.297,-11.083,4.638065,-74.084458,0.95,4,1
2920,30853113,-3.196,2.576,-6.581,-12.356,-15.544,-11.907,-195.925,13.842,0.263,-0.326,-11.907,4.638077,-74.084453,0.99,4,1
2921,30863107,-3.406,2.571,-6.805,-5.794,-13.286,-10.412,-196.365,14.591,0.262,-0.347,-10.412,4.638077,-74.084453,0.99,4,1
2922,30873099,-3.470,2.304,-7.083,-0.698,-10.051,-8.062,-196.515,15.301,0.235,-0.354,-8.062,4.638077,-74.084453,0.99,4,1
2923,30883093,-3.503,1.793,-7.439,1.377,-5.931,-6.109,-196.290,15.964,0.183,-0.357,-6.109,4.638077,-74.084453,0.99,4,1
2924,30893093,-3.372,1.583,-7.585,0.218,-1.506,-5.255,-195.958,16.533,0.161,-0.344,-5.255,4.638077,-74.084453,0.99,4,1
2925,30903116,-3.158,1.720,-7.640,-2.193,1.790,-4.827,-195.743,16.968,0.175,-0.322,-4.827,4.638077,-74.084453,0.99,4,1
2926,30913099,-2.881,1.752,-7.494,-3.353,3.254,-4.675,-195.591,17.272,0.179,-0.294,-4.675,4.638077,-74.084453,0.99,4,1
2927,30923121,-2.769,1.959,-7.688,-4.818,3.041,-5.041,-195.552,17.453,0.200,-0.282,-5.041,4.638077,-74.084453,0.99,4,1
2928,30933108,-2.788,2.022,-7.998,-6.618,2.461,-5.071,-195.525,17.570,0.206,-0.284,-5.071,4.638077,-74.084453,0.99,4,1
2929,30943102,-2.783,2.000,-8.025,-8.816,2.003,-5.285,-195.505,17.669,0.204,-0.284,-5.285,4.638077,-74.084453,0.99,4,1
2930,30953094,-2.883,2.084,-8.157,-10.647,1.210,-6.414,-195.530,17.776,0.213,-0.294,-6.414,4.638077,-74.084453,0.99,4,1
2931,30963106,-3.005,2.359,-8.342,-12.264,0.996,-8.093,-195.679,17.890,0.241,-0.306,-8.093,4.638077,-74.084453,0.99,4,1
2932,30973114,-3.203,2.677,-8.546,-13.088,1.240,-9.466,-195.948,18.039,0.273,-0.327,-9.466,4.638077,-74.084453,0.99,4,1
2933,30985344,-3.305,2.815,-8.810,-12.569,1.942,-10.870,-196.246,18.189,0.287,-0.337,-10.870,4.638077,-74.084453,0.99,4,1
2934,30993111,-3.282,2.858,-8.916,-11.837,2.522,-12.579,-196.490,18.301,0.291,-0.335,-12.579,4.638077,-74.084453,0.99,4,1
2935,31003111,-3.181,2.873,-8.944,-10.921,2.339,-14.929,-196.709,18.356,0.293,-0.324,-14.929,4.638077,-74.084453,0.99,4,1
2936,31013101,-3.189,2.827,-9.129,-10.403,1.271,-17.919,-196.859,18.377,0.288,-0.325,-17.919,4.638077,-74.084453,0.99,4,1
2937,31023108,-3.272,2.991,-9.336,-10.708,0.355,-20.880,-197.044,18.388,0.305,-0.334,-20.880,4.638077,-74.084453,0.99,4,1
2938,31033107,-3.377,3.364,-9.610,-9.670,-0.133,-23.290,-197.323,18.385,0.343,-0.344,-23.290,4.638077,-74.084453,0.99,4,1
2939,31043104,-3.510,3.697,-10.114,-7.107,0.325,-24.328,-197.617,18.364,0.377,-0.358,-24.328,4.638077,-74.084453,0.99,4,1
2940,31053112,-3.561,4.044,-10.474,-3.658,2.492,-23.779,-197.935,18.330,0.412,-0.363,-23.779,4.638077,-74.084453,0.99,4,1
2941,31063094,-3.427,4.056,-10.815,0.370,5.330,-22.283,-198.149,18.242,0.414,-0.349,-22.283,4.638077,-74.084453,0.99,4,1
2942,31073112,-3.138,3.762,-10.976,3.788,7.832,-21.307,-198.190,18.078,0.384,-0.320,-21.307,4.638077,-74.084453,0.99,4,1
2943,31083094,-2.738,3.516,-10.938,5.253,8.778,-21.734,-198.130,17.802,0.359,-0.279,-21.734,4.638077,-74.084453,0.99,4,1
2944,31093099,-2.306,3.285,-10.731,5.131,7.100,-23.474,-198.014,17.395,0.335,-0.235,-23.474,4.638077,-74.084453,0.99,4,1
2945,31103102,-1.980,2.892,-10.340,3.575,2.125,-26.312,-197.814,16.884,0.295,-0.202,-26.312,4.638077,-74.084453,0.99,4,1
2946,31113102,-1.872,2.480,-10.028,0.096,-5.840,-30.859,-197.530,16.325,0.253,-0.191,-30.859,4.638077,-74.084453,0.99,4,1
2947,31123104,-1.996,2.284,-9.819,-5.550,-14.842,-36.871,-197.258,15.797,0.233,-0.204,-36.871,4.638077,-74.084453,0.99,4,1
2948,31133106,-2.383,2.311,-9.650,-11.715,-22.899,-43.310,-197.093,15.410,0.236,-0.243,-43.310,4.638077,-74.084453,0.99,4,1
2949,31143102,-3.100,2.620,-9.699,-17.025,-27.812,-49.200,-197.115,15.287,0.267,-0.316,-49.200,4.638077,-74.084453,0.99,4,1
2950,31153097,-3.925,3.232,-9.934,-20.504,-27.751,-53.259,-197.390,15.437,0.330,-0.400,-53.259,4.638077,-74.084453,0.99,4,1
2951,31163103,-4.612,3.820,-10.119,-20.595,-23.235,-54.113,-197.848,15.808,0.390,-0.470,-54.113,4.638077,-74.084453,0.99,4,1
2952,31173109,-4.974,4.109,-10.236,-18.276,-16.094,-52.404,-198.340,16.307,0.419,-0.507,-52.404,4.638077,-74.084453,0.99,4,1
2953,31183100,-5.089,4.244,-10.289,-14.370,-7.671,-49.169,-198.800,16.869,0.433,-0.519,-49.169,4.638077,-74.084453,0.99,4,1
2954,31193106,-5.120,4.517,-10.546,-9.792,1.576,-44.958,-199.242,17.433,0.461,-0.522,-44.958,4.638077,-74.084453,0.99,4,1
2955,31203108,-4.970,4.854,-11.065,-4.757,11.769,-39.739,-199.642,17.919,0.495,-0.507,-39.739,4.638077,-74.084453,0.99,4,1
2956,31213104,-4.486,4.833,-11.252,0.584,21.809,-34.643,-199.928,18.290,0.493,-0.457,-34.643,4.638077,-74.084453,0.99,4,1
2957,31223103,-3.718,4.423,-11.060,4.551,30.446,-31.408,-200.045,18.501,0.451,-0.379,-31.408,4.638077,-74.084453,0.99,4,1
2958,31233115,-2.926,3.960,-10.830,4.765,36.671,-31.561,-200.021,18.516,0.404,-0.298,-31.561,4.638077,-74.084453,0.99,4,1
2959,31243094,-2.168,3.410,-10.628,0.858,39.509,-35.070,-199.859,18.308,0.348,-0.221,-35.070,4.638077,-74.084453,0.99,4,1
2960,31253096,-1.348,3.295,-9.787,-3.414,37.770,-42.211,-199.811,17.829,0.336,-0.137,-42.211,4.638077,-74.084453,0.99,4,1
2961,31263105,-0.899,3.220,-9.290,-6.771,30.873,-51.000,-199.837,17.153,0.328,-0.092,-51.000,4.638077,-74.084453,0.99,4,1
2962,31273111,-0.809,3.309,-8.935,-8.602,21.626,-61.163,-199.970,16.415,0.337,-0.082,-61.163,4.638077,-74.084453,0.99,4,1
2963,31283103,-1.140,3.782,-9.052,-8.236,12.593,-71.813,-200.269,15.785,0.386,-0.116,-71.813,4.638077,-74.084453,0.99,4,1
2964,31293105,-1.834,4.568,-9.533,-5.276,6.825,-80.175,-200.742,15.395,0.466,-0.187,-80.175,4.638077,-74.084453,0.99,4,1
2965,31303101,-2.445,5.129,-9.883,0.828,5.208,-85.058,-201.261,15.213,0.523,-0.249,-85.058,4.638077,-74.084453,0.99,4,1
2966,31313103,-2.733,5.194,-10.032,8.640,6.520,-87.194,-201.665,15.151,0.530,-0.279,-87.194,4.638077,-74.084453,0.99,4,1
2967,31325027,-2.752,5.086,-10.092,16.483,8.870,-88.232,-201.897,15.135,0.519,-0.281,-88.232,4.638077,-74.084453,0.99,4,1
2968,31333098,-2.726,5.069,-10.244,22.343,11.494,-88.201,-202.050,15.108,0.517,-0.278,-88.201,4.638077,-74.084453,0.99,4,1
2969,31343102,-2.602,5.001,-10.352,27.104,14.119,-87.774,-202.104,15.057,0.510,-0.265,-87.774,4.638077,-74.084453,0.99,4,1
2970,31353101,-2.366,4.649,-10.340,30.644,15.828,-87.560,-202.001,14.952,0.474,-0.241,-87.560,4.638077,-74.084453,0.99,4,1
2971,31363099,-2.144,4.235,-10.162,31.620,15.675,-87.713,-201.774,14.794,0.432,-0.219,-87.713,4.638077,-74.084453,0.99,4,1
2972,31373098,-2.075,3.859,-10.083,29.057,13.264,-87.896,-201.458,14.616,0.393,-0.212,-87.896,4.638077,-74.084453,0.99,4,1
2973,31383102,-1.989,3.642,-10.001,24.082,9.663,-87.957,-201.142,14.396,0.371,-0.203,-87.957,4.638077,-74.084453,0.99,4,1
2974,31393097,-2.032,3.526,-9.816,17.155,5.360,-87.194,-200.895,14.186,0.360,-0.207,-87.194,4.638077,-74.084453,0.99,4,1
2975,31403101,-2.058,3.524,-9.727,9.403,0.142,-85.241,-200.750,13.962,0.359,-0.210,-85.241,4.638077,-74.084453,0.99,4,1
2976,31413099,-1.956,3.425,-9.552,2.354,-5.077,-82.495,-200.667,13.681,0.349,-0.199,-82.495,4.638077,-74.084453,0.99,4,1
2977,31423089,-1.825,3.181,-9.201,-3.780,-10.265,-79.840,-200.597,13.351,0.324,-0.186,-79.840,4.638077,-74.084453,0.99,4,1
2978,31433099,-1.765,2.829,-8.856,-9.456,-16.002,-78.131,-200.481,13.003,0.289,-0.180,-78.131,4.638077,-74.084453,0.99,4,1
2979,31443099,-1.839,2.448,-8.685,-14.980,-21.190,-77.551,-200.275,12.693,0.250,-0.188,-77.551,4.638077,-74.084453,0.99,4,1
2980,31453100,-2.003,2.323,-8.411,-20.504,-24.578,-78.161,-200.112,12.483,0.237,-0.204,-78.161,4.638077,-74.084453,0.99,4,1
2981,31463101,-2.232,2.311,-8.080,-25.234,-26.592,-78.893,-200.045,12.419,0.236,-0.228,-78.893,4.638077,-74.084453,0.99,4,1
2982,31473098,-2.526,2.328,-7.789,-28.713,-27.904,-78.924,-200.067,12.530,0.237,-0.258,-78.924,4.638077,-74.084453,0.99,4,1
2983,31483102,-2.898,2.526,-7.686,-31.338,-28.331,-77.856,-200.230,12.816,0.258,-0.295,-77.856,4.638077,-74.084453,0.99,4,1
2984,31493097,-3.308,2.800,-7.782,-32.436,-27.141,-74.865,-200.513,13.251,0.286,-0.337,-74.865,4.638077,-74.084453,0.99,4,1
2985,31503100,-3.642,3.094,-7.950,-31.551,-24.059,-70.440,-200.879,13.782,0.316,-0.371,-70.440,4.638077,-74.084453,0.99,4,1
2986,31513098,-3.775,3.415,-8.173,-28.591,-19.145,-65.039,-201.298,14.315,0.348,-0.385,-65.039,4.638077,-74.084453,0.99,4,1
2987,31523100,-3.634,3.422,-8.125,-23.800,-14.232,-59.301,-201.652,14.802,0.349,-0.371,-59.301,4.638077,-74.084453,0.99,4,1
2988,31533099,-3.193,3.058,-7.969,-17.879,-11.211,-55.120,-201.784,15.135,0.312,-0.326,-55.120,4.638077,-74.084453,0.99,4,1
2989,31543101,-2.659,2.448,-7.753,-12.966,-11.028,-53.533,-201.596,15.260,0.250,-0.271,-53.533,4.638077,-74.084453,0.99,4,1
2990,31553097,-2.302,1.918,-7.542,-10.311,-14.018,-54.510,-201.148,15.224,0.196,-0.235,-54.510,4.638077,-74.084453,0.99,4,1
2991,31563099,-2.256,1.629,-7.405,-10.219,-19.298,-57.226,-200.591,15.149,0.166,-0.230,-57.226,4.638077,-74.084453,0.99,4,1
2992,31573098,-2.516,1.566,-7.427,-12.203,-25.066,-60.430,-200.057,15.162,0.160,-0.257,-60.430,4.638077,-74.084453,0.99,4,1
2993,31583102,-2.938,1.728,-7.585,-14.828,-29.766,-62.811,-199.659,15.309,0.176,-0.300,-62.811,4.638077,-74.084453,0.99,4,1
2994,31593098,-3.348,1.990,-7.765,-17.116,-32.146,-63.726,-199.430,15.575,0.203,-0.341,-63.726,4.638077,-74.084453,0.99,4,1
2995,31603102,-3.618,2.094,-7.830,-18.123,-32.115,-63.360,-199.273,15.926,0.214,-0.369,-63.360,4.638077,-74.084453,0.99,4,1
2996,31613100,-3.713,1.916,-7.849,-18.246,-30.559,-62.719,-199.033,16.314,0.195,-0.379,-62.719,4.638077,-74.084453,0.99,4,1
2997,31623102,-3.732,1.708,-7.775,-18.154,-28.301,-62.963,-198.709,16.726,0.174,-0.381,-62.963,4.638077,-74.084453,0.99,4,1
2998,31633100,-3.732,1.694,-7.717,-17.818,-25.829,-63.909,-198.406,17.142,0.173,-0.381,-63.909,4.638077,-74.084453,0.99,4,1
2999,31657414,-3.844,1.576,-7.619,-11.898,-25.127,-64.276,-198.143,17.357,0.161,-0.392,-64.276,4.638077,-74.084453,0.99,4,1
3000,31658763,-3.844,1.576,-7.619,-11.898,-25.127,-64.276,-197.782,17.767,0.161,-0.392,-64.276,4.638077,-74.084453,0.99,4,1
3001,31663108,-3.844,1.576,-7.619,-11.898,-25.127,-64.276,-197.392,18.258,0.161,-0.392,-64.276,4.638077,-74.084453,0.99,4,1
3002,31673161,-4.152,1.479,-7.883,-11.684,-25.707,-63.207,-196.952,18.782,0.151,-0.423,-63.207,4.638077,-74.084453,0.99,4,1
3003,31683100,-4.607,1.660,-8.346,-13.241,-23.967,-61.621,-196.620,19.356,0.169,-0.470,-61.621,4.638077,-74.084453,0.99,4,1
3004,31693105,-5.017,2.000,-8.769,-15.285,-19.237,-58.386,-196.468,19.978,0.204,-0.512,-58.386,4.638077,-74.084453,0.99,4,1
3005,31703099,-5.232,2.311,-8.985,-16.994,-12.584,-53.655,-196.474,20.626,0.236,-0.534,-53.655,4.638077,-74.084453,0.99,4,1
3006,31713104,-5.172,2.468,-9.132,-18.032,-5.413,-47.888,-196.547,21.222,0.252,-0.527,-47.888,4.638077,-74.084453,0.99,4,1
3007,31723101,-4.951,2.318,-9.113,-19.558,0.722,-42.150,-196.561,21.752,0.236,-0.505,-42.150,4.638077,-74.084453,0.99,4,1
3008,31733103,-4.576,2.116,-8.966,-22.274,5.116,-37.817,-196.521,22.171,0.216,-0.467,-37.817,4.638077,-74.084453,0.99,4,1
3009,31743099,-4.211,1.952,-8.978,-25.753,8.259,-35.681,-196.439,22.444,0.199,-0.429,-35.681,4.638077,-74.084453,0.99,4,1
3010,31753104,-3.935,2.041,-9.091,-28.683,10.975,-36.260,-196.422,22.585,0.208,-0.401,-36.260,4.638077,-74.084453,0.99,4,1
3011,31763100,-3.708,2.292,-9.156,-28.988,12.806,-38.854,-196.518,22.618,0.234,-0.378,-38.854,4.638077,-74.084453,0.99,4,1
3012,31773138,-3.539,2.359,-9.192,-26.821,13.447,-42.547,-196.615,22.578,0.241,-0.361,-42.547,4.638077,-74.084453,0.99,4,1
3013,31783097,-3.389,2.417,-9.127,-23.220,13.112,-47.247,-196.705,22.484,0.246,-0.346,-47.247,4.638077,-74.084453,0.99,4,1
3014,31793101,-3.293,2.354,-9.127,-18.551,11.372,-52.374,-196.717,22.343,0.240,-0.336,-52.374,4.638077,-74.084453,0.99,4,1
3015,31803101,-3.262,2.352,-9.137,-13.943,8.381,-57.195,-196.683,22.172,0.240,-0.333,-57.195,4.638077,-74.084453,0.99,4,1
3016,31813114,-3.441,2.350,-9.348,-10.586,5.787,-60.430,-196.596,22.035,0.240,-0.351,-60.430,4.638077,-74.084453,0.99,4,1
3017,31823111,-3.601,2.111,-9.446,-9.273,4.536,-62.933,-196.388,21.956,0.215,-0.367,-62.933,4.638077,-74.084453,0.99,4,1
3018,31833113,-3.673,1.689,-9.324,-10.586,5.055,-66.046,-196.029,21.947,0.172,-0.374,-66.046,4.638077,-74.084453,0.99,4,1
3019,31843092,-3.794,1.361,-9.211,-14.431,6.306,-70.227,-195.590,22.026,0.139,-0.387,-70.227,4.638077,-74.084453,0.99,4,1
3020,31853099,-4.149,1.643,-9.242,-19.314,9.053,-74.896,-195.359,22.253,0.168,-0.423,-74.896,4.638085,-74.084450,0.96,4,1
3021,31863107,-4.700,2.511,-9.542,-22.121,14.454,-77.215,-195.529,22.637,0.256,-0.479,-77.215,4.638085,-74.084450,0.96,4,1
3022,31873110,-5.211,3.319,-9.917,-20.199,22.450,-75.842,-195.956,23.143,0.338,-0.531,-75.842,4.638085,-74.084450,0.96,4,1
3023,31883095,-5.618,4.073,-10.253,-13.729,31.880,-70.623,-196.533,23.735,0.415,-0.573,-70.623,4.638085,-74.084450,0.96,4,1
3024,31893104,-5.697,4.483,-10.683,-5.733,41.829,-61.926,-197.076,24.314,0.457,-0.581,-61.926,4.638085,-74.084450,0.96,4,1
3025,31903118,-5.113,3.929,-10.722,1.225,50.160,-52.313,-197.312,24.767,0.401,-0.521,-52.313,4.638085,-74.084450,0.96,4,1
3026,31913115,-3.959,2.432,-10.061,4.124,53.395,-47.003,-197.002,24.971,0.248,-0.404,-47.003,4.638085,-74.084450,0.96,4,1
3027,31923096,-2.807,1.021,-9.228,-0.484,49.458,-49.322,-196.203,24.809,0.104,-0.286,-49.322,4.638085,-74.084450,0.96,4,1
3028,31933106,-2.201,0.418,-8.663,-11.135,39.754,-57.775,-195.291,24.372,0.043,-0.224,-57.775,4.638085,-74.084450,0.96,4,1
3029,31943118,-2.125,0.100,-8.385,-23.006,26.509,-69.403,-194.401,23.845,0.010,-0.217,-69.403,4.638085,-74.084450,0.96,4,1
3030,31953106,-2.440,0.199,-8.330,-34.267,13.508,-82.311,-193.734,23.398,0.020,-0.249,-82.311,4.638085,-74.084450,0.96,4,1
3031,31963094,-3.353,1.120,-8.387,-42.934,4.780,-93.481,-193.675,23.309,0.114,-0.342,-93.481,4.638085,-74.084450,0.96,4,1
3032,31973115,-4.366,2.579,-8.687,-45.681,1.393,-99.859,-194.327,23.510,0.263,-0.445,-99.859,4.638085,-74.084450,0.96,4,1
3033,31989187,-5.120,3.519,-9.235,-30.147,7.741,-97.540,-195.311,23.938,0.359,-0.522,-97.540,4.638085,-74.084450,0.96,4,1
3034,31993112,-5.120,3.519,-9.235,-30.147,7.741,-97.540,-196.040,24.285,0.359,-0.522,-97.540,4.638085,-74.084450,0.96,4,1
3035,32003099,-4.970,3.343,-9.269,-20.168,13.417,-93.176,-196.537,24.607,0.341,-0.507,-93.176,4.638085,-74.084450,0.96,4,1
3036,32013100,-4.600,2.904,-9.264,-12.325,17.689,-88.140,-196.731,24.832,0.296,-0.469,-88.140,4.638085,-74.084450,0.96,4,1
3037,32023108,-4.142,2.256,-9.151,-7.564,19.063,-83.929,-196.588,24.925,0.230,-0.422,-83.929,4.638085,-74.084450,0.96,4,1
3038,32033098,-3.818,1.764,-9.206,-6.618,18.330,-81.610,-196.215,24.882,0.180,-0.389,-81.610,4.638085,-74.084450,0.96,4,1
3039,32043113,-3.706,1.597,-9.295,-8.449,16.682,-80.419,-195.803,24.773,0.163,-0.378,-80.419,4.638085,-74.084450,0.96,4,1
3040,32053111,-3.692,1.585,-9.326,-11.959,14.515,-79.077,-195.449,24.643,0.162,-0.376,-79.077,4.638085,-74.084450,0.96,4,1
3041,32063097,-3.756,1.658,-9.381,-16.292,12.532,-77.246,-195.192,24.520,0.169,-0.383,-77.246,4.638085,-74.084450,0.96,4,1
3042,32073106,-3.727,1.730,-9.415,-21.358,10.945,-75.018,-195.033,24.374,0.176,-0.380,-75.018,4.638085,-74.084450,0.96,4,1
3043,32083104,-3.630,1.658,-9.379,-26.668,9.633,-73.461,-194.905,24.196,0.169,-0.370,-73.461,4.638085,-74.084450,0.96,4,1
3044,32093110,-3.501,1.494,-9.209,-33.260,8.046,-72.882,-194.787,23.994,0.152,-0.357,-72.882,4.638085,-74.084450,0.96,4,1
3045,32103091,-3.353,1.356,-8.935,-40.920,5.971,-73.797,-194.703,23.772,0.138,-0.342,-73.797,4.638085,-74.084450,0.96,4,1
3046,32113093,-3.289,1.325,-8.656,-48.794,3.773,-76.330,-194.704,23.565,0.135,-0.335,-76.330,4.638085,-74.084450,0.96,4,1
3047,32123099,-3.305,1.486,-8.375,-55.904,1.637,-79.962,-194.876,23.404,0.152,-0.337,-79.962,4.638085,-74.084450,0.96,4,1
3048,32133110,-3.472,1.713,-8.284,-60.940,0.477,-84.020,-195.205,23.328,0.175,-0.354,-84.020,4.638085,-74.084450,0.96,4,1
3049,32143093,-3.685,2.084,-8.291,-63.381,1.118,-87.774,-195.718,23.339,0.213,-0.376,-87.774,4.638085,-74.084450,0.96,4,1
3050,32153099,-3.823,2.472,-8.197,-62.527,3.041,-90.460,-196.388,23.425,0.252,-0.390,-90.460,4.638085,-74.084450,0.96,4,1
3051,32163101,-3.918,2.677,-8.128,-58.559,5.055,-91.833,-197.082,23.564,0.273,-0.400,-91.833,4.638085,-74.084450,0.96,4,1
3052,32173124,-3.923,2.733,-8.183,-53.280,6.917,-92.321,-197.691,23.699,0.279,-0.400,-92.321,4.638085,-74.084450,0.96,4,1
3053,32183104,-3.832,2.591,-8.279,-48.214,8.870,-92.687,-198.124,23.793,0.264,-0.391,-92.687,4.638085,-74.084450,0.96,4,1
3054,32193100,-3.687,2.313,-8.286,-44.582,10.701,-93.572,-198.353,23.849,0.236,-0.376,-93.572,4.638085,-74.084450,0.96,4,1
3055,32203089,-3.508,2.055,-8.286,-43.453,11.677,-95.007,-198.428,23.844,0.210,-0.358,-95.007,4.638085,-74.084450,0.96,4,1
3056,32213117,-3.406,1.879,-8.294,-44.552,11.891,-96.563,-198.418,23.802,0.192,-0.347,-96.563,4.638085,-74.084450,0.96,4,1
3057,32223106,-3.355,1.867,-8.313,-46.902,11.586,-98.242,-198.423,23.736,0.190,-0.342,-98.242,4.638085,-74.084450,0.96,4,1
3058,32233109,-3.379,1.908,-8.414,-49.282,11.189,-99.859,-198.458,23.662,0.195,-0.345,-99.859,4.638085,-74.084450,0.96,4,1
3059,32243088,-3.448,2.060,-8.560,-50.381,11.342,-101.141,-198.557,23.596,0.210,-0.352,-101.141,4.638085,-74.084450,0.96,4,1
3060,32253099,-3.475,2.263,-8.587,-49.587,11.433,-102.056,-198.736,23.534,0.231,-0.354,-102.056,4.638085,-74.084450,0.96,4,1
3061,32263093,-3.468,2.335,-8.639,-47.451,11.067,-101.995,-198.909,23.458,0.238,-0.354,-101.995,4.638085,-74.084450,0.96,4,1
3062,32273114,-3.470,2.193,-8.791,-45.559,10.243,-101.141,-198.966,23.364,0.224,-0.354,-101.141,4.638085,-74.084450,0.96,4,1
3063,32283090,-3.472,2.034,-8.911,-45.193,9.572,-100.042,-198.927,23.259,0.207,-0.354,-100.042,4.638085,-74.084450,0.96,4,1
3064,32293098,-3.482,1.863,-8.985,-46.566,9.236,-98.974,-198.816,23.157,0.190,-0.355,-98.974,4.638085,-74.084450,0.96,4,1
3065,32303092,-3.534,1.817,-9.168,-49.709,9.297,-97.814,-198.705,23.058,0.185,-0.360,-97.814,4.638085,-74.084450,0.96,4,1
3066,32314880,-3.577,1.834,-9.302,-53.707,10.212,-96.716,-198.714,22.987,0.187,-0.365,-96.716,4.638085,-74.084450,0.96,4,1
3067,32323102,-3.572,1.961,-9.149,-57.308,11.555,-95.831,-198.742,22.934,0.200,-0.364,-95.831,4.638085,-74.084450,0.96,4,1
3068,32333108,-3.501,2.096,-9.096,-59.353,12.471,-94.976,-198.856,22.869,0.214,-0.357,-94.976,4.638085,-74.084450,0.96,4,1
3069,32343090,-3.432,2.212,-9.132,-59.841,12.929,-94.244,-199.015,22.774,0.226,-0.350,-94.244,4.638085,-74.084450,0.96,4,1
3070,32353094,-3.391,2.323,-9.115,-58.864,13.417,-94.183,-199.205,22.673,0.237,-0.346,-94.183,4.638085,-74.084450,0.96,4,1
3071,32363096,-3.344,2.318,-9.129,-56.789,14.058,-94.549,-199.358,22.564,0.236,-0.341,-94.549,4.638085,-74.084450,0.96,4,1
3072,32373097,-3.296,2.359,-9.134,-53.737,14.821,-95.770,-199.489,22.449,0.241,-0.336,-95.770,4.638085,-74.084450,0.96,4,1
3073,32383087,-3.241,2.386,-9.127,-50.045,15.217,-96.960,-199.589,22.324,0.243,-0.330,-96.960,4.638085,-74.084450,0.96,4,1
3074,32393091,-3.184,2.432,-9.177,-46.261,15.034,-97.814,-199.661,22.174,0.248,-0.325,-97.814,4.638085,-74.084450,0.96,4,1
3075,32403094,-3.127,2.444,-9.197,-42.019,14.577,-98.486,-199.691,22.005,0.249,-0.319,-98.486,4.638085,-74.084450,0.96,4,1
3076,32413098,-3.065,2.345,-9.242,-37.533,13.478,-99.127,-199.629,21.811,0.239,-0.312,-99.127,4.638085,-74.084450,0.96,4,1
3077,32423102,-3.014,2.246,-9.326,-33.321,11.830,-99.951,-199.479,21.587,0.229,-0.307,-99.951,4.638085,-74.084450,0.96,4,1
3078,32433092,-2.976,2.043,-9.451,-30.086,10.060,-100.958,-199.208,21.339,0.208,-0.304,-100.958,4.638085,-74.084450,0.96,4,1
3079,32443096,-2.921,1.860,-9.377,-28.042,8.076,-102.300,-198.865,21.082,0.190,-0.298,-102.300,4.638085,-74.084450,0.96,4,1
3080,32453098,-2.964,1.670,-9.261,-27.157,5.971,-104.009,-198.462,20.863,0.170,-0.302,-104.009,4.638085,-74.084450,0.96,4,1
3081,32463087,-3.096,1.626,-9.413,-27.309,4.475,-105.963,-198.060,20.683,0.166,-0.316,-105.963,4.638085,-74.084450,0.96,4,1
3082,32473096,-3.208,1.679,-9.523,-27.584,4.139,-108.007,-197.706,20.544,0.171,-0.327,-108.007,4.638085,-74.084450,0.96,4,1
3083,32483086,-3.212,1.723,-9.494,-27.340,4.262,-109.625,-197.399,20.421,0.176,-0.328,-109.625,4.638085,-74.084450,0.96,4,1
3084,32493092,-3.229,1.696,-9.480,-26.424,4.170,-111.273,-197.096,20.316,0.173,-0.329,-111.273,4.638085,-74.084450,0.96,4,1
3085,32503095,-3.243,1.580,-9.396,-25.051,2.980,-112.982,-196.757,20.228,0.161,-0.331,-112.982,4.638085,-74.084450,0.96,4,1
3086,32513097,-3.296,1.421,-9.345,-24.868,0.477,-113.989,-196.374,20.156,0.145,-0.336,-113.989,4.638085,-74.084450,0.96,4,1
3087,32523087,-3.417,1.313,-9.408,-26.394,-2.117,-114.172,-195.981,20.109,0.134,-0.348,-114.172,4.638085,-74.084450,0.96,4,1
3088,32533091,-3.601,1.330,-9.574,-28.896,-3.673,-113.867,-195.637,20.100,0.136,-0.367,-113.867,4.638085,-74.084450,0.96,4,1
3089,32543096,-3.761,1.412,-9.595,-31.154,-4.070,-113.073,-195.376,20.147,0.144,-0.383,-113.073,4.638085,-74.084450,0.96,4,1
3090,32553098,-3.856,1.511,-9.571,-32.131,-4.070,-111.791,-195.190,20.228,0.154,-0.393,-111.791,4.638085,-74.084450,0.96,4,1
3091,32563091,-4.025,1.694,-9.689,-32.162,-3.398,-110.113,-195.090,20.352,0.173,-0.410,-110.113,4.638085,-74.084450,0.96,4,1
3092,32573095,-4.254,1.995,-9.915,-30.880,-1.628,-107.855,-195.097,20.526,0.203,-0.434,-107.855,4.638085,-74.084450,0.96,4,1
3093,32583086,-4.362,2.181,-10.160,-28.408,1.362,-104.925,-195.137,20.710,0.222,-0.445,-104.925,4.638085,-74.084450,0.96,4,1
3094,32593094,-4.321,2.161,-10.152,-25.814,4.811,-101.904,-195.143,20.899,0.220,-0.441,-101.904,4.638085,-74.084450,0.96,4,1
3095,32603091,-4.059,2.019,-9.958,-24.471,6.947,-98.852,-195.093,21.031,0.206,-0.414,-98.852,4.638085,-74.084450,0.96,4,1
3096,32613090,-3.708,1.749,-9.759,-25.081,6.764,-95.983,-194.954,21.054,0.178,-0.378,-95.983,4.638085,-74.084450,0.96,4,1
3097,32623091,-3.513,1.484,-9.574,-28.133,4.780,-93.908,-194.750,21.014,0.151,-0.358,-93.908,4.638085,-74.084450,0.96,4,1
3098,32633094,-3.451,1.467,-9.571,-31.948,2.461,-92.932,-194.589,20.930,0.150,-0.352,-92.932,4.638085,-74.084450,0.96,4,1
3099,32655949,-3.372,1.819,-9.225,-34.847,0.630,-93.450,-195.042,20.845,0.186,-0.344,-93.450,4.638085,-74.084450,0.96,4,1
3100,32657285,-3.372,1.819,-9.225,-34.847,0.630,-93.450,-195.174,20.760,0.186,-0.344,-93.450,4.638085,-74.084450,0.96,4,1
3101,32663096,-3.372,1.819,-9.225,-34.847,0.630,-93.450,-195.164,20.681,0.186,-0.344,-93.450,4.638085,-74.084450,0.96,4,1
3102,32673159,-3.427,2.051,-8.978,-31.429,-0.377,-91.192,-195.269,20.656,0.209,-0.349,-91.192,4.638085,-74.084450,0.96,4,1
3103,32683092,-3.353,1.812,-8.882,-27.065,-2.178,-86.492,-195.218,20.607,0.185,-0.342,-86.492,4.638085,-74.084450,0.96,4,1
3104,32693090,-3.282,1.359,-8.961,-24.563,-4.222,-81.640,-194.917,20.512,0.139,-0.335,-81.640,4.638085,-74.084450,0.96,4,1
3105,32703092,-3.379,1.127,-9.033,-25.387,-5.626,-77.520,-194.532,20.449,0.115,-0.345,-77.520,4.638085,-74.084450,0.96,4,1
3106,32713090,-3.520,0.985,-9.175,-27.767,-5.809,-73.370,-194.125,20.430,0.100,-0.359,-73.370,4.638085,-74.084450,0.96,4,1
3107,32723092,-3.587,0.966,-9.173,-31.277,-5.046,-69.250,-193.777,20.449,0.098,-0.366,-69.250,4.638085,-74.084450,0.96,4,1
3108,32733090,-3.596,1.060,-9.163,-35.274,-4.070,-65.222,-193.542,20.479,0.108,-0.367,-65.222,4.638085,-74.084450,0.96,4,1
3109,32743088,-3.506,1.057,-9.040,-38.723,-3.185,-61.560,-193.365,20.496,0.108,-0.357,-61.560,4.638085,-74.084450,0.96,4,1
3110,32753106,-3.439,1.016,-8.702,-40.890,-3.276,-58.782,-193.223,20.539,0.104,-0.351,-58.782,4.638085,-74.084450,0.96,4,1
3111,32763088,-3.489,0.975,-8.466,-42.263,-4.314,-57.073,-193.100,20.634,0.099,-0.356,-57.073,4.638085,-74.084450,0.96,4,1
3112,32773110,-3.704,0.956,-8.337,-43.545,-5.626,-56.097,-192.997,20.829,0.097,-0.378,-56.097,4.638085,-74.084450,0.96,4,1
3113,32783100,-4.142,1.040,-8.339,-45.101,-6.511,-54.937,-192.961,21.188,0.106,-0.422,-54.937,4.638085,-74.084450,0.96,4,1
3114,32793115,-4.607,1.366,-8.483,-46.108,-5.779,-54.601,-193.095,21.676,0.139,-0.470,-54.601,4.638085,-74.084450,0.96,4,1
3115,32803094,-4.991,1.831,-8.711,-45.132,-3.246,-53.839,-193.420,22.233,0.187,-0.509,-53.839,4.638085,-74.084450,0.96,4,1
3116,32813107,-5.180,2.299,-8.978,-41.897,0.264,-51.702,-193.882,22.772,0.234,-0.528,-51.702,4.638085,-74.084450,0.96,4,1
3117,32823099,-5.177,2.641,-9.103,-36.281,4.201,-48.193,-194.396,23.264,0.269,-0.528,-48.193,4.638085,-74.084450,0.96,4,1
3118,32833099,-4.979,2.781,-9.257,-28.927,6.703,-43.920,-194.844,23.633,0.284,-0.508,-43.920,4.638085,-74.084450,0.96,4,1
3119,32843091,-4.552,2.711,-9.177,-20.870,6.611,-39.953,-195.163,23.835,0.276,-0.464,-39.953,4.638085,-74.084450,0.96,4,1
3120,32853122,-4.078,2.369,-9.062,-13.729,3.468,-37.268,-195.253,23.845,0.242,-0.416,-37.268,4.638090,-74.084448,0.85,4,1
3121,32863103,-3.770,1.887,-9.000,-8.266,-1.293,-37.084,-195.070,23.716,0.192,-0.384,-37.084,4.638090,-74.084448,0.85,4,1
3122,32873107,-3.589,1.580,-8.800,-4.604,-6.359,-39.831,-194.741,23.517,0.161,-0.366,-39.831,4.638090,-74.084448,0.85,4,1
3123,32883092,-3.534,1.407,-8.620,-2.529,-10.875,-44.531,-194.348,23.304,0.143,-0.360,-44.531,4.638090,-74.084448,0.85,4,1
3124,32893107,-3.599,1.291,-8.541,-1.034,-14.812,-50.024,-193.920,23.116,0.132,-0.367,-50.024,4.638090,-74.084448,0.85,4,1
3125,32903129,-3.975,1.144,-8.440,0.126,-17.772,-55.273,-193.446,23.099,0.117,-0.405,-55.273,4.638090,-74.084448,0.85,4,1
3126,32913096,-4.285,1.257,-8.584,-0.423,-19.267,-59.118,-193.061,23.166,0.128,-0.437,-59.118,4.638090,-74.084448,0.85,4,1
3127,32923100,-4.252,1.024,-8.512,-1.491,-19.206,-60.308,-192.602,23.236,0.104,-0.434,-60.308,4.638090,-74.084448,0.85,4,1
3128,32933111,-4.939,1.347,-8.841,-3.689,-19.084,-59.393,-192.337,23.494,0.137,-0.504,-59.393,4.638090,-74.084448,0.85,4,1
3129,32943107,-5.439,1.805,-9.161,-3.139,-14.934,-56.951,-192.276,23.872,0.184,-0.555,-56.951,4.638090,-74.084448,0.85,4,1
3130,32953109,-5.404,1.752,-9.069,-1.736,-7.610,-53.015,-192.191,24.297,0.179,-0.551,-53.015,4.638090,-74.084448,0.85,4,1
3131,32963110,-5.103,1.539,-8.973,0.340,-0.408,-49.627,-192.002,24.675,0.157,-0.520,-49.627,4.638090,-74.084448,0.85,4,1
3132,32973097,-4.846,1.212,-9.110,-0.271,5.360,-46.911,-191.668,24.966,0.124,-0.494,-46.911,4.638090,-74.084448,0.85,4,1
3133,32985304,-4.481,0.823,-9.132,-5.245,12.990,-44.226,-191.223,25.198,0.084,-0.457,-44.226,4.638090,-74.084448,0.85,4,1
3134,32993110,-4.481,0.823,-9.132,-5.245,12.990,-44.226,-190.803,25.385,0.084,-0.457,-44.226,4.638090,-74.084448,0.85,4,1
3135,33003098,-4.309,0.621,-9.153,-9.182,15.614,-44.073,-190.355,25.514,0.063,-0.439,-44.073,4.638090,-74.084448,0.85,4,1
3136,33013097,-4.159,0.500,-9.093,-13.210,17.354,-44.927,-189.922,25.602,0.051,-0.424,-44.927,4.638090,-74.084448,0.85,4,1
3137,33023093,-4.135,0.469,-8.928,-17.483,17.811,-46.362,-189.552,25.709,0.048,-0.422,-46.362,4.638090,-74.084448,0.85,4,1
3138,33033122,-4.176,0.402,-8.795,-21.786,16.713,-47.613,-189.221,25.840,0.041,-0.426,-47.613,4.638090,-74.084448,0.85,4,1
3139,33043100,-4.302,0.279,-8.858,-26.211,14.485,-47.979,-188.894,25.980,0.028,-0.439,-47.979,4.638090,-74.084448,0.85,4,1
3140,33053110,-4.469,0.127,-8.944,-30.514,13.386,-48.834,-188.556,26.150,0.013,-0.456,-48.834,4.638090,-74.084448,0.85,4,1
3141,33063104,-4.533,-0.001,-8.788,-34.481,13.600,-50.054,-188.219,26.365,-0.000,-0.462,-50.054,4.638090,-74.084448,0.85,4,1
3142,33073097,-4.622,0.271,-8.680,-36.739,13.539,-51.397,-188.066,26.619,0.028,-0.471,-51.397,4.638090,-74.084448,0.85,4,1
3143,33083125,-4.791,0.746,-8.644,-36.373,13.234,-51.977,-188.162,26.919,0.076,-0.489,-51.977,4.638090,-74.084448,0.85,4,1
3144,33093093,-4.858,0.961,-8.620,-32.223,12.929,-50.390,-188.322,27.219,0.098,-0.495,-50.390,4.638090,-74.084448,0.85,4,1
3145,33103108,-4.963,0.681,-8.539,-26.302,12.410,-46.942,-188.277,27.556,0.069,-0.506,-46.942,4.638090,-74.084448,0.85,4,1
3146,33113103,-5.058,0.402,-8.608,-21.053,11.220,-44.287,-188.042,27.880,0.041,-0.516,-44.287,4.638090,-74.084448,0.85,4,1
3147,33123102,-5.010,0.247,-8.666,-16.720,10.731,-43.188,-187.706,28.146,0.025,-0.511,-43.188,4.638090,-74.084448,0.85,4,1
3148,33133110,-4.946,0.069,-8.800,-14.278,11.616,-44.287,-187.283,28.347,0.007,-0.504,-44.287,4.638090,-74.084448,0.85,4,1
3149,33143098,-4.967,0.170,-8.793,-13.027,13.417,-47.247,-186.930,28.558,0.017,-0.507,-47.247,4.638090,-74.084448,0.85,4,1
3150,33153110,-4.920,0.686,-9.019,-11.318,15.339,-49.719,-186.837,28.701,0.070,-0.502,-49.719,4.638090,-74.084448,0.85,4,1
3151,33163089,-4.786,1.031,-9.456,-8.327,17.476,-50.299,-186.866,28.713,0.105,-0.488,-50.299,4.638090,-74.084448,0.85,4,1
3152,33173117,-4.586,1.173,-9.612,-3.109,19.032,-49.108,-186.900,28.634,0.120,-0.468,-49.108,4.638090,-74.084448,0.85,4,1
3153,33183106,-4.300,1.142,-9.749,2.476,18.239,-45.843,-186.859,28.425,0.116,-0.438,-45.843,4.638090,-74.084448,0.85,4,1
3154,33193094,-3.994,0.893,-9.871,5.741,15.980,-41.784,-186.676,28.081,0.091,-0.407,-41.784,4.638090,-74.084448,0.85,4,1
3155,33203101,-3.613,0.479,-9.660,6.626,12.959,-38.763,-186.321,27.623,0.049,-0.368,-38.763,4.638090,-74.084448,0.85,4,1
3156,33213115,-3.291,-0.003,-9.264,4.124,8.809,-37.786,-185.797,27.090,-0.000,-0.336,-37.786,4.638090,-74.084448,0.85,4,1
3157,33223101,-3.220,-0.370,-8.875,-1.644,4.017,-38.946,-185.186,26.582,-0.038,-0.328,-38.946,4.638090,-74.084448,0.85,4,1
3158,33233111,-3.448,-0.380,-8.678,-9.731,0.172,-41.723,-184.687,26.209,-0.039,-0.352,-41.723,4.638090,-74.084448,0.85,4,1
3159,33243101,-3.794,-0.090,-8.649,-17.788,-1.628,-44.744,-184.446,26.003,-0.009,-0.387,-44.744,4.638090,-74.084448,0.85,4,1
3160,33253094,-4.157,0.409,-8.635,-23.250,-1.476,-46.240,-184.527,25.966,0.042,-0.424,-46.240,4.638090,-74.084448,0.85,4,1
3161,33263092,-4.340,0.862,-8.553,-25.112,-0.163,-45.599,-184.851,26.029,0.088,-0.443,-45.599,4.638090,-74.084448,0.85,4,1
3162,33273102,-4.281,0.889,-8.454,-24.013,1.454,-43.737,-185.159,26.097,0.091,-0.437,-43.737,4.638090,-74.084448,0.85,4,1
3163,33283099,-4.316,0.696,-8.344,-20.931,2.339,-40.655,-185.320,26.210,0.071,-0.440,-40.655,4.638090,-74.084448,0.85,4,1
3164,33293101,-4.402,0.399,-8.445,-17.666,1.637,-35.772,-185.282,26.326,0.041,-0.449,-35.772,4.638090,-74.084448,0.85,4,1
3165,33303112,-4.467,0.064,-8.709,-14.522,1.393,-31.286,-185.043,26.403,0.007,-0.455,-31.286,4.638090,-74.084448,0.85,4,1
3166,33315082,-4.326,-0.413,-9.028,-11.654,5.177,-26.312,-184.576,26.398,-0.042,-0.441,-26.312,4.638090,-74.084448,0.85,4,1
3167,33323104,-4.326,-0.413,-9.028,-11.654,5.177,-26.312,-184.126,26.385,-0.042,-0.441,-26.312,4.638090,-74.084448,0.85,4,1
3168,33333107,-4.257,-0.483,-9.144,-11.440,7.680,-26.098,-183.678,26.345,-0.049,-0.434,-26.098,4.638090,-74.084448,0.85,4,1
3169,33343092,-4.207,-0.399,-9.319,-11.806,9.785,-26.434,-183.313,26.278,-0.041,-0.429,-26.434,4.638090,-74.084448,0.85,4,1
3170,33353091,-4.080,-0.235,-9.509,-12.020,11.494,-26.708,-183.058,26.150,-0.024,-0.416,-26.708,4.638090,-74.084448,0.85,4,1
3171,33363101,-3.925,-0.155,-9.643,-11.379,12.440,-26.922,-182.855,25.959,-0.016,-0.400,-26.922,4.638090,-74.084448,0.85,4,1
3172,33373090,-3.885,0.011,-9.689,-10.067,12.898,-26.953,-182.731,25.764,0.001,-0.396,-26.953,4.638090,-74.084448,0.85,4,1
3173,33383098,-3.854,0.341,-9.612,-7.961,12.593,-26.769,-182.748,25.581,0.035,-0.393,-26.769,4.638090,-74.084448,0.85,4,1
3174,33393105,-3.673,0.416,-9.511,-4.543,11.006,-25.640,-182.768,25.340,0.042,-0.374,-25.640,4.638090,-74.084448,0.85,4,1
3175,33403090,-3.499,0.064,-9.480,-2.498,8.320,-23.474,-182.606,25.029,0.007,-0.357,-23.474,4.638090,-74.084448,0.85,4,1
3176,33413089,-3.458,-0.300,-9.504,-3.048,5.391,-21.734,-182.293,24.694,-0.031,-0.353,-21.734,4.638090,-74.084448,0.85,4,1
3177,33423093,-3.553,-0.584,-9.391,-6.313,3.041,-21.063,-181.901,24.416,-0.060,-0.362,-21.063,4.638090,-74.084448,0.85,4,1
3178,33433089,-3.694,-0.630,-9.413,-11.654,1.515,-21.124,-181.567,24.199,-0.064,-0.377,-21.124,4.638090,-74.084448,0.85,4,1
3179,33443094,-3.837,-0.541,-9.610,-18.307,1.973,-21.307,-181.367,24.030,-0.055,-0.391,-21.307,4.638090,-74.084448,0.85,4,1
3180,33453091,-3.878,-0.457,-9.646,-24.196,4.658,-22.009,-181.275,23.909,-0.047,-0.395,-22.009,4.638090,-74.084448,0.85,4,1
3181,33463098,-3.787,-0.278,-9.379,-28.225,7.283,-22.497,-181.305,23.829,-0.028,-0.386,-22.497,4.638090,-74.084448,0.85,4,1
3182,33473105,-3.699,-0.131,-9.194,-29.903,7.710,-22.253,-181.416,23.755,-0.013,-0.377,-22.253,4.638090,-74.084448,0.85,4,1
3183,33483093,-3.644,0.093,-9.096,-29.873,6.795,-21.673,-181.625,23.671,0.009,-0.372,-21.673,4.638090,-74.084448,0.85,4,1
3184,33493097,-3.620,0.295,-9.120,-28.713,5.208,-20.544,-181.904,23.565,0.030,-0.369,-20.544,4.638090,-74.084448,0.85,4,1
3185,33503101,-3.577,0.257,-9.153,-26.882,3.285,-19.323,-182.127,23.426,0.026,-0.365,-19.323,4.638090,-74.084448,0.85,4,1
3186,33513089,-3.518,0.117,-9.185,-25.081,1.668,-19.201,-182.248,23.253,0.012,-0.359,-19.201,4.638090,-74.084448,0.85,4,1
3187,33523094,-3.408,0.004,-9.151,-23.647,0.142,-20.117,-182.293,23.039,0.000,-0.348,-20.117,4.638090,-74.084448,0.85,4,1
3188,33533091,-3.372,-0.020,-8.973,-22.945,-1.354,-21.124,-182.316,22.840,-0.002,-0.344,-21.124,4.638090,-74.084448,0.85,4,1
3189,33543098,-3.396,0.100,-8.947,-22.610,-2.910,-21.826,-182.394,22.656,0.010,-0.346,-21.826,4.638090,-74.084448,0.85,4,1
3190,33553108,-3.503,0.233,-8.990,-21.267,-3.765,-22.070,-182.517,22.517,0.024,-0.357,-22.070,4.638090,-74.084448,0.85,4,1
3191,33563091,-3.603,0.358,-8.935,-18.764,-3.642,-21.856,-182.670,22.440,0.037,-0.367,-21.856,4.638090,-74.084448,0.85,4,1
3192,33573091,-3.613,0.471,-8.925,-15.316,-2.971,-21.093,-182.834,22.380,0.048,-0.368,-21.093,4.638090,-74.084448,0.85,4,1
3193,33583098,-3.580,0.539,-8.824,-11.318,-2.269,-19.323,-182.985,22.333,0.055,-0.365,-19.323,4.638090,-74.084448,0.85,4,1
3194,33593108,-3.553,0.443,-8.687,-7.015,-2.452,-15.386,-183.041,22.302,0.045,-0.362,-15.386,4.638090,-74.084448,0.85,4,1
3195,33603093,-3.687,0.257,-8.892,-3.658,-3.734,-10.351,-182.965,22.284,0.026,-0.376,-10.351,4.638090,-74.084448,0.85,4,1
3196,33613092,-3.711,0.122,-9.069,-1.217,-4.100,-6.658,-182.805,22.243,0.012,-0.378,-6.658,4.638090,-74.084448,0.85,4,1
3197,33623089,-3.680,-0.032,-9.201,-0.515,-2.880,-4.400,-182.576,22.183,-0.003,-0.375,-4.400,4.638090,-74.084448,0.85,4,1
3198,33633108,-3.658,-0.030,-9.170,-0.942,-0.774,-3.698,-182.370,22.143,-0.003,-0.373,-3.698,4.638090,-74.084448,0.85,4,1
3199,33650817,-3.687,0.160,-9.331,-1.736,4.048,-3.332,-182.279,22.161,0.016,-0.376,-3.332,4.638090,-74.084448,0.85,4,1
3200,33653107,-3.687,0.160,-9.331,-1.736,4.048,-3.332,-182.188,22.150,0.016,-0.376,-3.332,4.638090,-74.084448,0.85,4,1
3201,33663085,-3.596,0.320,-9.367,-1.919,6.367,-2.203,-182.183,22.117,0.033,-0.367,-2.203,4.638090,-74.084448,0.85,4,1
3202,33673154,-3.463,0.329,-9.456,-1.491,8.137,-0.311,-182.177,22.033,0.034,-0.353,-0.311,4.638090,-74.084448,0.85,4,1
3203,33683084,-3.262,0.245,-9.245,-0.820,9.358,1.246,-182.129,21.916,0.025,-0.333,1.246,4.638090,-74.084448,0.85,4,1
3204,33693104,-3.124,0.298,-9.038,-0.332,9.266,2.192,-182.109,21.778,0.030,-0.319,2.192,4.638090,-74.084448,0.85,4,1
3205,33703084,-3.181,0.346,-9.144,0.462,7.649,3.168,-182.105,21.645,0.035,-0.324,3.168,4.638090,-74.084448,0.85,4,1
3206,33713100,-3.129,0.180,-9.187,1.377,6.032,3.718,-182.012,21.480,0.018,-0.319,3.718,4.638090,-74.084448,0.85,4,1
3207,33723099,-3.174,0.059,-9.004,1.133,4.841,3.351,-181.870,21.365,0.006,-0.324,3.351,4.638090,-74.084448,0.85,4,1
3208,33733090,-3.389,-0.023,-9.170,0.614,3.743,2.985,-181.705,21.316,-0.002,-0.346,2.985,4.638090,-74.084448,0.85,4,1
3209,33743084,-3.551,-0.204,-9.254,0.309,4.170,2.711,-181.469,21.328,-0.021,-0.362,2.711,4.638090,-74.084448,0.85,4,1
3210,33753104,-3.708,-0.387,-9.254,-0.667,5.726,2.344,-181.173,21.419,-0.039,-0.378,2.344,4.638090,-74.084448,0.85,4,1
3211,33763102,-3.921,-0.394,-9.389,-1.980,7.649,2.222,-180.912,21.584,-0.040,-0.400,2.222,4.638090,-74.084448,0.85,4,1
3212,33773104,-4.045,-0.334,-9.511,-3.170,9.968,2.466,-180.712,21.786,-0.034,-0.412,2.466,4.638090,-74.084448,0.85,4,1
3213,33783106,-3.997,-0.252,-9.550,-4.116,12.623,2.955,-180.575,21.973,-0.026,-0.408,2.955,4.638090,-74.084448,0.85,4,1
3214,33793098,-3.894,-0.334,-9.557,-4.940,13.997,3.290,-180.419,22.116,-0.034,-0.397,3.290,4.638090,-74.084448,0.85,4,1
3215,33803108,-3.775,-0.380,-9.629,-5.276,14.577,1.887,-180.258,22.195,-0.039,-0.385,1.887,4.638090,-74.084448,0.85,4,1
3216,33813098,-3.363,-0.650,-9.228,-5.001,15.095,-2.020,-179.971,22.165,-0.066,-0.343,-2.020,4.638090,-74.084448,0.85,4,1
3217,33823113,-3.239,-0.787,-8.851,-5.916,12.562,-7.177,-179.634,22.117,-0.080,-0.330,-7.177,4.638090,-74.084448,0.85,4,1
3218,33833102,-3.367,-0.633,-8.781,-6.496,8.412,-12.213,-179.402,22.103,-0.065,-0.343,-12.213,4.638090,-74.084448,0.85,4,1
3219,33843105,-3.525,-0.529,-8.685,-5.428,5.910,-16.027,-179.226,22.154,-0.054,-0.359,-16.027,4.638090,-74.084448,0.85,4,1
3220,33853107,-3.160,-0.729,-8.531,-3.750,3.560,-20.880,-178.941,22.041,-0.074,-0.322,-20.880,4.638090,-74.084448,0.85,4,1
3221,33863100,-2.747,-0.276,-8.089,-2.193,-0.133,-27.929,-178.888,21.788,-0.028,-0.280,-27.929,4.638095,-74.084445,0.80,4,1
3222,33873133,-3.193,-0.032,-8.406,-0.088,-6.572,-30.493,-178.952,21.651,-0.003,-0.326,-30.493,4.638095,-74.084445,0.80,4,1
3223,33883104,-4.092,0.050,-9.108,4.276,-12.065,-28.967,-179.011,21.733,0.005,-0.417,-28.967,4.638095,-74.084445,0.80,4,1
3224,33893104,-4.507,-0.134,-9.341,8.244,-12.432,-25.335,-178.942,21.925,-0.014,-0.460,-25.335,4.638095,-74.084445,0.80,4,1
3225,33903090,-4.474,-0.577,-9.545,11.112,-9.197,-22.161,-178.651,22.080,-0.059,-0.456,-22.161,4.638095,-74.084445,0.80,4,1
3226,33913117,-4.149,-0.953,-9.480,12.028,-4.894,-21.826,-178.199,22.146,-0.097,-0.423,-21.826,4.638095,-74.084445,0.80,4,1
3227,33923105,-3.816,-1.081,-9.751,10.746,-0.926,-23.504,-177.748,22.069,-0.110,-0.389,-23.504,4.638095,-74.084445,0.80,4,1
3228,33933106,-3.782,-0.948,-10.061,9.373,2.888,-25.305,-177.417,21.977,-0.097,-0.386,-25.305,4.638095,-74.084445,0.80,4,1
3229,33943101,-3.668,-0.642,-10.433,9.068,5.452,-27.685,-177.256,21.825,-0.065,-0.374,-27.685,4.638095,-74.084445,0.80,4,1
3230,33953102,-3.410,-0.102,-10.695,10.014,7.313,-29.791,-177.326,21.576,-0.010,-0.348,-29.791,4.638095,-74.084445,0.80,4,1
3231,33963112,-3.017,0.324,-10.741,11.143,7.924,-30.218,-177.553,21.199,0.033,-0.308,-30.218,4.638095,-74.084445,0.80,4,1
3232,33973096,-2.874,0.496,-10.635,11.906,6.795,-29.150,-177.828,20.796,0.051,-0.293,-29.150,4.638095,-74.084445,0.80,4,1
3233,33985341,-2.571,0.173,-10.203,10.471,2.095,-27.197,-177.948,20.303,0.018,-0.262,-27.197,4.638095,-74.084445,0.80,4,1
3234,33993109,-2.571,0.173,-10.203,10.471,2.095,-27.197,-178.079,19.845,0.018,-0.262,-27.197,4.638095,-74.084445,0.80,4,1
3235,34003103,-2.588,-0.134,-9.650,8.000,-0.408,-26.739,-178.087,19.467,-0.014,-0.264,-26.739,4.638095,-74.084445,0.80,4,1
3236,34013102,-2.793,-0.351,-9.312,3.727,-2.544,-25.671,-178.029,19.228,-0.036,-0.285,-25.671,4.638095,-74.084445,0.80,4,1
3237,34023101,-3.034,-0.490,-9.074,-1.919,-3.185,-24.420,-177.955,19.138,-0.050,-0.309,-24.420,4.638095,-74.084445,0.80,4,1
3238,34033107,-3.155,-0.582,-8.776,-7.625,-2.056,-23.504,-177.886,19.164,-0.059,-0.322,-23.504,4.638095,-74.084445,0.80,4,1
3239,34043106,-3.167,-0.505,-8.563,-12.478,-0.347,-23.168,-177.899,19.244,-0.051,-0.323,-23.168,4.638095,-74.084445,0.80,4,1
3240,34053125,-3.191,-0.182,-8.529,-16.353,0.660,-22.436,-178.113,19.346,-0.019,-0.325,-22.436,4.638095,-74.084445,0.80,4,1
3241,34063100,-3.243,0.201,-8.707,-18.490,0.416,-20.361,-178.525,19.431,0.021,-0.331,-20.361,4.638095,-74.084445,0.80,4,1
3242,34073104,-3.313,0.459,-8.995,-19.375,-0.377,-17.004,-179.036,19.485,0.047,-0.338,-17.004,4.638095,-74.084445,0.80,4,1
3243,34083111,-3.501,0.575,-9.225,-19.314,-0.987,-12.823,-179.557,19.571,0.059,-0.357,-12.823,4.638095,-74.084445,0.80,4,1
3244,34093111,-3.747,0.541,-9.427,-18.429,-0.743,-8.947,-180.008,19.722,0.055,-0.382,-8.947,4.638095,-74.084445,0.80,4,1
3245,34103101,-3.968,0.510,-9.612,-17.086,0.966,-6.475,-180.392,19.935,0.052,-0.405,-6.475,4.638095,-74.084445,0.80,4,1
3246,34113103,-4.002,0.459,-9.641,-15.346,4.017,-4.705,-180.708,20.169,0.047,-0.408,-4.705,4.638095,-74.084445,0.80,4,1
3247,34123101,-3.892,0.332,-9.540,-13.576,7.496,-3.759,-180.927,20.391,0.034,-0.397,-3.759,4.638095,-74.084445,0.80,4,1
3248,34133096,-3.646,0.204,-9.454,-11.806,10.090,-3.759,-181.055,20.537,0.021,-0.372,-3.759,4.638095,-74.084445,0.80,4,1
3249,34143107,-3.396,0.163,-9.394,-10.158,10.945,-4.705,-181.140,20.586,0.017,-0.346,-4.705,4.638095,-74.084445,0.80,4,1
3250,34153111,-3.191,0.175,-9.406,-8.602,9.907,-6.628,-181.209,20.536,0.018,-0.325,-6.628,4.638095,-74.084445,0.80,4,1
3251,34163098,-2.993,0.226,-9.518,-7.595,7.130,-8.703,-181.286,20.365,0.023,-0.305,-8.703,4.638095,-74.084445,0.80,4,1
3252,34173111,-2.983,0.230,-9.485,-6.618,3.499,-10.382,-181.350,20.174,0.023,-0.304,-10.382,4.638095,-74.084445,0.80,4,1
3253,34183098,-3.045,0.279,-9.487,-6.344,-0.225,-12.091,-181.429,19.989,0.028,-0.311,-12.091,4.638095,-74.084445,0.80,4,1
3254,34193107,-3.158,0.329,-9.406,-5.886,-3.032,-13.983,-181.523,19.850,0.034,-0.322,-13.983,4.638095,-74.084445,0.80,4,1
3255,34203100,-3.272,0.392,-9.158,-5.031,-4.741,-15.692,-181.636,19.789,0.040,-0.334,-15.692,4.638095,-74.084445,0.80,4,1
3256,34213098,-3.415,0.525,-8.892,-3.994,-5.260,-16.790,-181.801,19.830,0.053,-0.348,-16.790,4.638095,-74.084445,0.80,4,1
3257,34223089,-3.563,0.710,-8.735,-2.621,-4.680,-16.882,-182.038,19.961,0.072,-0.363,-16.882,4.638095,-74.084445,0.80,4,1
3258,34233110,-3.611,0.934,-8.716,0.004,-3.215,-15.844,-182.344,20.115,0.095,-0.368,-15.844,4.638095,-74.084445,0.80,4,1
3259,34243100,-3.577,1.007,-8.711,3.208,-1.384,-13.769,-182.634,20.260,0.103,-0.365,-13.769,4.638095,-74.084445,0.80,4,1
3260,34253109,-3.458,0.893,-8.743,5.924,-0.377,-11.511,-182.819,20.348,0.091,-0.353,-11.511,4.638095,-74.084445,0.80,4,1
3261,34263089,-3.377,0.713,-8.822,7.389,-0.225,-9.649,-182.884,20.386,0.073,-0.344,-9.649,4.638095,-74.084445,0.80,4,1
3262,34273114,-3.398,0.503,-8.961,7.359,-0.316,-8.154,-182.837,20.409,0.051,-0.347,-8.154,4.638095,-74.084445,0.80,4,1
3263,34283109,-3.558,0.433,-9.134,6.321,0.111,-6.872,-182.765,20.474,0.044,-0.363,-6.872,4.638095,-74.084445,0.80,4,1
3264,34293107,-3.670,0.394,-9.247,5.406,1.362,-5.255,-182.686,20.574,0.040,-0.374,-5.255,4.638095,-74.084445,0.80,4,1
3265,34303100,-3.665,0.324,-9.225,4.398,3.102,-3.393,-182.589,20.685,0.033,-0.374,-3.393,4.638095,-74.084445,0.80,4,1
3266,34313101,-3.627,0.214,-9.144,2.903,4.719,-1.654,-182.463,20.800,0.022,-0.370,-1.654,4.638095,-74.084445,0.80,4,1
3267,34325031,-3.551,0.069,-9.052,-0.210,8.046,-0.250,-182.303,20.935,0.007,-0.362,-0.250,4.638095,-74.084445,0.80,4,1
3268,34333096,-3.551,0.069,-9.052,-0.210,8.046,-0.250,-182.157,21.046,0.007,-0.362,-0.250,4.638095,-74.084445,0.80,4,1
3269,34343093,-3.649,0.201,-9.074,-1.827,10.274,-0.311,-182.101,21.206,0.021,-0.372,-0.311,4.638095,-74.084445,0.80,4,1
3270,34353089,-3.584,0.503,-9.223,-2.682,13.112,0.117,-182.200,21.326,0.051,-0.366,0.117,4.638095,-74.084445,0.80,4,1
3271,34363090,-3.372,0.269,-9.384,-3.170,16.408,1.703,-182.182,21.357,0.027,-0.344,1.703,4.638095,-74.084445,0.80,4,1
3272,34373087,-4.021,0.920,-9.929,-2.621,19.581,2.405,-182.440,21.583,0.094,-0.410,2.405,4.638095,-74.084445,0.80,4,1
3273,34383086,-3.453,1.130,-9.903,0.828,24.861,4.816,-182.740,21.622,0.115,-0.352,4.816,4.638095,-74.084445,0.80,4,1
3274,34393098,-3.365,0.802,-10.023,4.185,29.561,9.150,-182.838,21.655,0.082,-0.343,9.150,4.638095,-74.084445,0.80,4,1
3275,34403096,-2.995,0.737,-9.917,6.046,32.399,11.896,-182.886,21.579,0.075,-0.305,11.896,4.638095,-74.084445,0.80,4,1
3276,34413098,-2.705,0.592,-10.172,6.687,32.094,14.155,-182.854,21.361,0.060,-0.276,14.155,4.638095,-74.084445,0.80,4,1
3277,34423084,-2.209,0.283,-10.220,7.450,29.927,13.514,-182.684,20.935,0.029,-0.225,13.514,4.638095,-74.084445,0.80,4,1
3278,34433087,-1.939,0.122,-9.982,6.687,26.265,11.255,-182.466,20.415,0.012,-0.198,11.255,4.638095,-74.084445,0.80,4,1
3279,34443093,-1.789,-0.073,-9.723,5.528,20.772,7.776,-182.189,19.842,-0.007,-0.182,7.776,4.638095,-74.084445,0.80,4,1
3280,34453089,-1.810,-0.322,-9.285,4.215,13.875,3.870,-181.827,19.295,-0.033,-0.185,3.870,4.638095,-74.084445,0.80,4,1
3281,34463093,-2.249,-0.408,-8.985,2.415,7.039,0.269,-181.462,18.956,-0.042,-0.229,0.269,4.638095,-74.084445,0.80,4,1
3282,34473089,-2.786,-0.404,-8.800,0.767,2.308,-1.776,-181.138,18.868,-0.041,-0.284,-1.776,4.638095,-74.084445,0.80,4,1
3283,34483087,-3.177,-0.430,-8.702,-0.881,-0.011,-2.203,-180.838,18.954,-0.044,-0.324,-2.203,4.638095,-74.084445,0.80,4,1
3284,34493098,-3.513,-0.343,-8.743,-3.170,-0.377,-1.776,-180.627,19.172,-0.035,-0.358,-1.776,4.638095,-74.084445,0.80,4,1
3285,34503096,-3.749,-0.114,-8.978,-4.940,0.844,-0.768,-180.565,19.444,-0.012,-0.382,-0.768,4.638095,-74.084445,0.80,4,1
3286,34513089,-3.799,0.088,-9.170,-5.733,2.888,0.696,-180.612,19.702,0.009,-0.387,0.696,4.638095,-74.084445,0.80,4,1
3287,34523086,-3.718,0.192,-9.182,-5.672,4.811,2.405,-180.704,19.923,0.020,-0.379,2.405,4.638095,-74.084445,0.80,4,1
3288,34533098,-3.594,0.262,-9.153,-4.696,5.910,3.687,-180.814,20.091,0.027,-0.366,3.687,4.638095,-74.084445,0.80,4,1
3289,34543095,-3.484,0.324,-9.189,-3.383,6.123,4.084,-180.933,20.196,0.033,-0.355,4.084,4.638095,-74.084445,0.80,4,1
3290,34553089,-3.446,0.392,-9.199,-1.766,5.604,3.931,-181.059,20.271,0.040,-0.351,3.931,4.638095,-74.084445,0.80,4,1
3291,34563086,-3.451,0.435,-9.410,-0.240,4.811,3.901,-181.178,20.302,0.044,-0.352,3.901,4.638095,-74.084445,0.80,4,1
3292,34573102,-3.408,0.488,-9.665,0.950,4.628,3.657,-181.296,20.274,0.050,-0.348,3.657,4.638095,-74.084445,0.80,4,1
3293,34583095,-3.315,0.529,-9.859,1.713,4.750,3.718,-181.411,20.185,0.054,-0.338,3.718,4.638095,-74.084445,0.80,4,1
3294,34593089,-3.279,0.500,-10.128,1.621,5.238,4.114,-181.499,20.058,0.051,-0.334,4.114,4.638095,-74.084445,0.80,4,1
3295,34603087,-3.127,0.541,-10.263,1.682,6.428,3.901,-181.595,19.877,0.055,-0.319,3.901,4.638095,-74.084445,0.80,4,1
3296,34613102,-2.972,0.467,-10.390,2.567,7.527,3.809,-181.641,19.644,0.048,-0.303,3.809,4.638095,-74.084445,0.80,4,1
3297,34623084,-2.752,0.382,-10.229,3.697,8.046,3.596,-181.641,19.366,0.039,-0.281,3.596,4.638095,-74.084445,0.80,4,1
3298,34633101,-2.623,0.271,-10.256,4.582,6.550,2.436,-181.584,19.041,0.028,-0.268,2.436,4.638095,-74.084445,0.80,4,1
3299,34643084,-2.712,0.431,-10.044,6.321,6.215,0.513,-181.588,18.795,0.044,-0.277,0.513,4.638095,-74.084445,0.80,4,1
3300,34709109,-2.936,-0.322,-9.271,10.594,1.301,-3.820,-180.558,18.726,-0.033,-0.299,-3.820,4.638095,-74.084445,0.80,4,1
3301,34710456,-2.936,-0.322,-9.271,10.594,1.301,-3.820,-179.685,18.634,-0.033,-0.299,-3.820,4.638095,-74.084445,0.80,4,1
3302,34711786,-2.936,-0.322,-9.271,10.594,1.301,-3.820,-178.993,18.533,-0.033,-0.299,-3.820,4.638095,-74.084445,0.80,4,1
3303,34713108,-2.936,-0.322,-9.271,10.594,1.301,-3.820,-178.475,18.435,-0.033,-0.299,-3.820,4.638095,-74.084445,0.80,4,1
3304,34714434,-2.998,-0.160,-9.360,12.242,1.362,-5.224,-178.204,18.372,-0.016,-0.306,-5.224,4.638095,-74.084445,0.80,4,1
3305,34715766,-2.998,-0.160,-9.360,12.242,1.362,-5.224,-178.059,18.313,-0.016,-0.306,-5.224,4.638095,-74.084445,0.80,4,1
3306,34717085,-2.998,-0.160,-9.360,12.242,1.362,-5.224,-178.020,18.258,-0.016,-0.306,-5.224,4.638095,-74.084445,0.80,4,1
3307,34723087,-2.998,-0.160,-9.360,12.242,1.362,-5.224,-178.022,18.211,-0.016,-0.306,-5.224,4.638095,-74.084445,0.80,4,1
3308,34733088,-2.964,-0.003,-9.357,14.591,1.515,-5.773,-178.097,18.154,-0.000,-0.302,-5.773,4.638095,-74.084445,0.80,4,1
3309,34743088,-2.898,0.021,-9.319,17.094,1.484,-5.377,-178.147,18.074,0.002,-0.295,-5.377,4.638095,-74.084445,0.80,4,1
3310,34753089,-2.862,-0.083,-9.307,19.047,0.844,-4.644,-178.102,17.983,-0.008,-0.292,-4.644,4.638095,-74.084445,0.80,4,1
3311,34763087,-2.826,-0.254,-9.242,20.085,0.203,-4.278,-177.946,17.889,-0.026,-0.288,-4.278,4.638095,-74.084445,0.80,4,1
3312,34773089,-2.809,-0.247,-9.369,20.268,-0.255,-4.736,-177.808,17.774,-0.025,-0.286,-4.736,4.638095,-74.084445,0.80,4,1
3313,34783105,-2.745,-0.232,-9.480,19.932,-0.225,-4.675,-177.692,17.624,-0.024,-0.280,-4.675,4.638095,-74.084445,0.80,4,1
3314,34793111,-2.700,-0.384,-9.526,19.108,-0.041,-3.973,-177.513,17.463,-0.039,-0.275,-3.973,4.638095,-74.084445,0.80,4,1
3315,34803099,-2.726,-0.411,-9.602,17.613,0.325,-3.546,-177.350,17.324,-0.042,-0.278,-3.546,4.638095,-74.084445,0.80,4,1
3316,34813094,-2.807,-0.406,-9.833,15.873,0.508,-3.118,-177.225,17.208,-0.041,-0.286,-3.118,4.638095,-74.084445,0.80,4,1
3317,34823106,-2.833,-0.457,-10.102,13.920,1.698,-2.416,-177.108,17.092,-0.047,-0.289,-2.416,4.638095,-74.084445,0.80,4,1
3318,34833115,-2.838,-0.457,-10.044,11.570,3.895,-1.867,-177.021,17.016,-0.047,-0.289,-1.867,4.638095,-74.084445,0.80,4,1
3319,34843106,-2.757,-0.437,-9.922,9.556,6.245,-1.745,-176.966,16.949,-0.045,-0.281,-1.745,4.638095,-74.084445,0.80,4,1
3320,34853106,-2.657,-0.464,-9.804,7.511,8.046,-1.745,-176.918,16.875,-0.047,-0.271,-1.745,4.638095,-74.084445,0.80,4,1
3321,34863097,-2.612,-0.507,-9.660,5.192,9.022,-1.715,-176.872,16.814,-0.052,-0.266,-1.715,4.638100,-74.084442,0.75,4,1
3322,34873108,-2.595,-0.568,-9.569,2.964,9.175,-1.654,-176.820,16.764,-0.058,-0.265,-1.654,4.638100,-74.084442,0.75,4,1
3323,34883107,-2.600,-0.609,-9.506,1.011,8.473,-1.684,-176.768,16.721,-0.062,-0.265,-1.684,4.638100,-74.084442,0.75,4,1
3324,34893108,-2.631,-0.539,-9.571,-1.247,7.802,-1.654,-176.776,16.682,-0.055,-0.268,-1.654,4.638100,-74.084442,0.75,4,1
3325,34903100,-2.669,-0.560,-9.595,-3.353,7.832,-1.745,-176.794,16.660,-0.057,-0.272,-1.745,4.638100,-74.084442,0.75,4,1
3326,34913105,-2.669,-0.616,-9.593,-5.154,8.442,-2.386,-176.801,16.646,-0.063,-0.272,-2.386,4.638100,-74.084442,0.75,4,1
3327,34923110,-2.664,-0.625,-9.638,-7.534,8.961,-2.996,-176.826,16.630,-0.064,-0.272,-2.996,4.638100,-74.084442,0.75,4,1
3328,34933103,-2.666,-0.652,-9.646,-9.518,9.266,-3.546,-176.856,16.618,-0.066,-0.272,-3.546,4.638100,-74.084442,0.75,4,1
3329,34943093,-2.640,-0.700,-9.571,-10.952,9.541,-4.278,-176.872,16.608,-0.071,-0.269,-4.278,4.638100,-74.084442,0.75,4,1
3330,34953101,-2.626,-0.611,-9.478,-13.546,9.663,-6.506,-176.950,16.605,-0.062,-0.268,-6.506,4.638100,-74.084442,0.75,4,1
3331,34963109,-2.476,-0.546,-9.482,-13.729,9.053,-8.093,-177.054,16.531,-0.056,-0.252,-8.093,4.638100,-74.084442,0.75,4,1
3332,34973109,-2.440,-0.372,-9.494,-13.851,7.435,-9.374,-177.231,16.433,-0.038,-0.249,-9.374,4.638100,-74.084442,0.75,4,1
3333,34983100,-2.437,-0.172,-9.523,-13.149,5.665,-10.168,-177.481,16.322,-0.018,-0.249,-10.168,4.638100,-74.084442,0.75,4,1
3334,34995258,-2.521,-0.008,-9.542,-11.227,4.170,-10.595,-177.794,16.246,-0.001,-0.257,-10.595,4.638100,-74.084442,0.75,4,1
3335,35003088,-2.566,0.163,-9.574,-8.724,3.285,-10.809,-178.117,16.176,0.017,-0.262,-10.809,4.638100,-74.084442,0.75,4,1
3336,35013096,-2.526,0.288,-9.499,-5.977,3.712,-10.290,-178.448,16.107,0.029,-0.258,-10.290,4.638100,-74.084442,0.75,4,1
3337,35023116,-2.514,0.240,-9.391,-3.170,4.139,-9.191,-178.706,16.055,0.024,-0.256,-9.191,4.638100,-74.084442,0.75,4,1
3338,35033101,-2.485,0.189,-9.225,-0.759,3.651,-8.032,-178.900,16.009,0.019,-0.253,-8.032,4.638100,-74.084442,0.75,4,1
3339,35043099,-2.468,0.144,-9.305,0.675,2.339,-5.529,-179.042,15.938,0.015,-0.252,-5.529,4.638100,-74.084442,0.75,4,1
3340,35053102,-2.445,0.054,-9.502,1.927,1.790,-3.118,-179.119,15.835,0.006,-0.249,-3.118,4.638100,-74.084442,0.75,4,1
3341,35063087,-2.464,-0.110,-9.660,3.239,1.423,-2.172,-179.103,15.727,-0.011,-0.251,-2.172,4.638100,-74.084442,0.75,4,1
3342,35073104,-2.404,-0.314,-9.725,3.788,1.301,-1.989,-178.991,15.594,-0.032,-0.245,-1.989,4.638100,-74.084442,0.75,4,1
3343,35083098,-2.447,-0.358,-9.775,2.690,1.484,-2.874,-178.879,15.485,-0.036,-0.250,-2.874,4.638100,-74.084442,0.75,4,1
3344,35093102,-2.561,-0.399,-9.922,0.584,2.644,-3.973,-178.779,15.427,-0.041,-0.261,-3.973,4.638100,-74.084442,0.75,4,1
3345,35103097,-2.597,-0.394,-9.999,-1.522,4.750,-5.529,-178.710,15.400,-0.040,-0.265,-5.529,4.638100,-74.084442,0.75,4,1
3346,35113107,-2.545,-0.281,-9.907,-2.773,7.069,-7.147,-178.706,15.385,-0.029,-0.259,-7.147,4.638100,-74.084442,0.75,4,1
3347,35123092,-2.387,-0.163,-9.715,-2.590,8.961,-8.093,-178.752,15.343,-0.017,-0.243,-8.093,4.638100,-74.084442,0.75,4,1
3348,35133097,-2.371,-0.018,-9.607,-1.797,9.877,-8.367,-178.851,15.317,-0.002,-0.242,-8.367,4.638100,-74.084442,0.75,4,1
3349,35143088,-2.397,0.004,-9.480,-0.301,9.785,-7.421,-178.940,15.318,0.000,-0.244,-7.421,4.638100,-74.084442,0.75,4,1
3350,35153109,-2.418,-0.001,-9.569,0.950,8.442,-5.590,-179.007,15.305,-0.000,-0.247,-5.590,4.638100,-74.084442,0.75,4,1
3351,35163095,-2.347,-0.117,-9.619,1.286,6.733,-3.362,-179.014,15.241,-0.012,-0.239,-3.362,4.638100,-74.084442,0.75,4,1
3352,35173099,-2.428,-0.326,-9.737,0.004,5.086,-1.409,-178.939,15.189,-0.033,-0.248,-1.409,4.638100,-74.084442,0.75,4,1
3353,35183087,-2.542,-0.553,-10.001,-3.353,4.567,-0.463,-178.805,15.155,-0.056,-0.259,-0.463,4.638100,-74.084442,0.75,4,1
3354,35193097,-2.581,-0.816,-10.167,-8.175,5.940,-0.494,-178.618,15.133,-0.083,-0.263,-0.494,4.638100,-74.084442,0.75,4,1
3355,35203111,-2.590,-0.888,-10.107,-14.187,8.229,-1.257,-178.467,15.143,-0.091,-0.264,-1.257,4.638100,-74.084442,0.75,4,1
3356,35213143,-2.616,-0.611,-9.912,-20.046,10.823,-1.562,-178.496,15.209,-0.062,-0.267,-1.562,4.638100,-74.084442,0.75,4,1
3357,35223095,-2.643,-0.088,-9.679,-24.868,13.417,-1.074,-178.796,15.334,-0.009,-0.269,-1.074,4.638100,-74.084442,0.75,4,1
3358,35233105,-2.571,0.397,-9.562,-26.974,14.973,0.269,-179.315,15.446,0.040,-0.262,0.269,4.638100,-74.084442,0.75,4,1
3359,35243103,-2.454,0.626,-9.506,-25.387,15.492,2.619,-179.885,15.509,0.064,-0.250,2.619,4.638100,-74.084442,0.75,4,1
3360,35253114,-2.344,0.693,-9.540,-21.755,15.156,5.518,-180.408,15.512,0.071,-0.239,5.518,4.638100,-74.084442,0.75,4,1
3361,35263087,-2.178,0.611,-9.562,-16.750,13.142,8.204,-180.807,15.423,0.062,-0.222,8.204,4.638100,-74.084442,0.75,4,1
3362,35273096,-2.137,0.443,-9.631,-11.928,9.663,10.737,-181.053,15.285,0.045,-0.218,10.737,4.638100,-74.084442,0.75,4,1
3363,35283107,-2.127,0.247,-9.699,-8.755,6.520,12.842,-181.161,15.118,0.025,-0.217,12.842,4.638100,-74.084442,0.75,4,1
3364,35293108,-2.170,-0.035,-9.775,-8.083,4.201,14.277,-181.128,14.954,-0.004,-0.221,14.277,4.638100,-74.084442,0.75,4,1
3365,35303095,-2.247,-0.254,-9.850,-8.877,3.407,14.612,-181.007,14.820,-0.026,-0.229,14.612,4.638100,-74.084442,0.75,4,1
3366,35313103,-2.385,-0.377,-9.845,-10.586,4.109,14.002,-180.857,14.762,-0.038,-0.243,14.002,4.638100,-74.084442,0.75,4,1
3367,35323086,-2.442,-0.346,-9.701,-11.776,5.238,12.232,-180.740,14.757,-0.035,-0.249,12.232,4.638100,-74.084442,0.75,4,1
3368,35334931,-2.397,-0.269,-9.381,-11.745,5.421,10.462,-180.679,14.777,-0.027,-0.244,10.462,4.638100,-74.084442,0.75,4,1
3369,35343103,-2.306,-0.259,-9.290,-10.494,3.895,9.272,-180.597,14.744,-0.026,-0.235,9.272,4.638100,-74.084442,0.75,4,1
3370,35353092,-2.213,-1.264,-10.044,-5.642,1.484,6.495,-180.046,14.567,-0.129,-0.226,6.495,4.638100,-74.084442,0.75,4,1
3371,35363101,-2.013,-3.299,-9.602,11.723,1.179,-8.276,-178.472,14.316,-0.336,-0.205,-8.276,4.638100,-74.084442,0.75,4,1
3372,35373089,-2.032,-0.985,-8.536,8.854,-2.910,-22.589,-177.998,14.207,-0.100,-0.207,-22.589,4.638100,-74.084442,0.75,4,1
3373,35383100,-2.163,0.804,-9.401,0.187,-9.136,-20.696,-178.520,14.019,0.082,-0.221,-20.696,4.638100,-74.084442,0.75,4,1
3374,35393089,-2.135,1.390,-9.826,-6.008,-8.892,-11.236,-179.302,13.788,0.142,-0.218,-11.236,4.638100,-74.084442,0.75,4,1
3375,35403100,-2.266,0.872,-9.759,-9.029,-5.474,-3.668,-179.825,13.674,0.089,-0.231,-3.668,4.638100,-74.084442,0.75,4,1
3376,35413107,-2.266,0.295,-9.444,-8.083,-3.887,-1.623,-180.046,13.619,0.030,-0.231,-1.623,4.638100,-74.084442,0.75,4,1
3377,35423096,-2.142,0.182,-9.475,-6.649,-4.924,-1.867,-180.184,13.501,0.019,-0.218,-1.867,4.638100,-74.084442,0.75,4,1
3378,35433099,-2.237,0.394,-9.711,-5.062,-5.931,-1.531,-180.390,13.400,0.040,-0.228,-1.531,4.638100,-74.084442,0.75,4,1
3379,35443085,-2.371,0.662,-9.814,-2.865,-5.962,-0.128,-180.678,13.352,0.067,-0.242,-0.128,4.638100,-74.084442,0.75,4,1
3380,35453089,-2.516,0.893,-9.802,1.347,-5.870,1.429,-181.007,13.368,0.091,-0.257,1.429,4.638100,-74.084442,0.75,4,1
3381,35463092,-2.664,1.137,-9.771,6.962,-5.687,3.840,-181.369,13.448,0.116,-0.272,3.840,4.638100,-74.084442,0.75,4,1
3382,35473096,-2.330,0.628,-9.691,11.143,-4.711,7.929,-181.441,13.403,0.064,-0.238,7.929,4.638100,-74.084442,0.75,4,1
3383,35483104,-2.330,0.271,-9.718,12.882,-5.077,9.119,-181.330,13.357,0.028,-0.238,9.119,4.638100,-74.084442,0.75,4,1
3384,35493092,-2.251,0.093,-9.696,13.188,-5.565,8.417,-181.144,13.279,0.009,-0.230,8.417,4.638100,-74.084442,0.75,4,1
3385,35503100,-2.268,0.052,-9.797,11.021,-5.596,8.173,-180.974,13.204,0.005,-0.231,8.173,4.638100,-74.084442,0.75,4,1
3386,35513089,-2.511,0.079,-9.987,8.030,-4.680,8.265,-180.856,13.226,0.008,-0.256,8.265,4.638100,-74.084442,0.75,4,1
3387,35523092,-2.709,0.117,-10.023,6.260,-2.666,8.387,-180.780,13.341,0.012,-0.276,8.387,4.638100,-74.084442,0.75,4,1
3388,35533096,-2.728,0.107,-9.871,5.558,-0.225,8.204,-180.713,13.496,0.011,-0.278,8.204,4.638100,-74.084442,0.75,4,1
3389,35543101,-2.628,0.158,-9.799,5.375,2.156,7.532,-180.675,13.627,0.016,-0.268,7.532,4.638100,-74.084442,0.75,4,1
3390,35553107,-2.478,0.175,-9.687,5.833,3.804,7.288,-180.645,13.712,0.018,-0.253,7.288,4.638100,-74.084442,0.75,4,1
3391,35563092,-2.378,0.057,-9.602,6.992,3.987,6.830,-180.553,13.760,0.006,-0.242,6.830,4.638100,-74.084442,0.75,4,1
3392,35573092,-2.328,0.045,-9.694,8.763,3.163,5.793,-180.446,13.765,0.005,-0.237,5.793,4.638100,-74.084442,0.75,4,1
3393,35583096,-2.569,-0.319,-10.345,9.190,3.193,5.030,-180.188,13.803,-0.033,-0.262,5.030,4.638100,-74.084442,0.75,4,1
3394,35593100,-2.476,-0.715,-9.965,5.985,5.848,3.382,-179.801,13.861,-0.073,-0.252,3.382,4.638100,-74.084442,0.75,4,1
3395,35603086,-2.340,-0.719,-9.607,1.377,7.405,0.086,-179.473,13.909,-0.073,-0.239,0.086,4.638100,-74.084442,0.75,4,1
3396,35613089,-2.490,-0.483,-9.821,-2.285,8.320,-3.057,-179.315,14.004,-0.049,-0.254,-3.057,4.638100,-74.084442,0.75,4,1
3397,35623096,-2.507,-0.317,-9.831,-5.581,10.182,-4.217,-179.274,14.116,-0.032,-0.256,-4.217,4.638100,-74.084442,0.75,4,1
3398,35633104,-2.437,-0.143,-9.826,-7.961,12.501,-4.766,-179.335,14.213,-0.015,-0.249,-4.766,4.638100,-74.084442,0.75,4,1
3399,35643092,-2.273,-0.081,-9.754,-8.999,14.332,-5.407,-179.429,14.257,-0.008,-0.232,-5.407,4.638100,-74.084442,0.75,4,1
3400,35660825,-2.135,-0.037,-9.638,-9.518,15.370,-5.773,-179.604,14.357,-0.004,-0.218,-5.773,4.638100,-74.084442,0.75,4,1
3401,35663102,-2.056,-0.088,-9.617,-9.884,15.309,-5.865,-179.681,14.311,-0.009,-0.210,-5.865,4.638100,-74.084442,0.75,4,1
3402,35673088,-2.032,-0.146,-9.588,-10.372,14.973,-5.956,-179.728,14.258,-0.015,-0.207,-5.956,4.638100,-74.084442,0.75,4,1
3403,35683099,-2.013,-0.073,-9.602,-11.257,14.271,-5.956,-179.815,14.194,-0.007,-0.205,-5.956,4.638100,-74.084442,0.75,4,1
3404,35693088,-1.970,0.052,-9.574,-12.050,13.569,-5.560,-179.961,14.113,0.005,-0.201,-5.560,4.638100,-74.084442,0.75,4,1
3405,35703094,-1.913,0.242,-9.451,-12.417,12.318,-4.949,-180.189,14.013,0.025,-0.195,-4.949,4.638100,-74.084442,0.75,4,1
3406,35713108,-1.839,0.426,-9.398,-12.081,10.151,-3.729,-180.483,13.872,0.043,-0.188,-3.729,4.638100,-74.084442,0.75,4,1
3407,35723101,-1.877,0.549,-9.523,-10.921,7.985,-2.142,-180.799,13.728,0.056,-0.191,-2.142,4.638100,-74.084442,0.75,4,1
3408,35733088,-1.982,0.544,-9.578,-8.449,6.337,-0.952,-181.062,13.623,0.055,-0.202,-0.952,4.638100,-74.084442,0.75,4,1
3409,35743090,-2.027,0.467,-9.569,-5.245,4.994,0.055,-181.240,13.534,0.048,-0.207,0.055,4.638100,-74.084442,0.75,4,1
3410,35753091,-1.994,0.440,-9.540,-2.498,3.712,1.093,-181.367,13.429,0.045,-0.203,1.093,4.638100,-74.084442,0.75,4,1
3411,35763094,-1.961,0.368,-9.593,-0.210,2.125,2.100,-181.429,13.299,0.038,-0.200,2.100,4.638100,-74.084442,0.75,4,1
3412,35773094,-1.968,0.233,-9.715,1.469,0.630,2.894,-181.407,13.157,0.024,-0.201,2.894,4.638100,-74.084442,0.75,4,1
3413,35783118,-2.080,0.050,-9.797,2.354,-0.286,3.077,-181.295,13.059,0.005,-0.212,3.077,4.638100,-74.084442,0.75,4,1
3414,35793094,-2.166,-0.052,-9.905,2.171,-0.316,2.588,-181.149,12.995,-0.005,-0.221,2.588,4.638100,-74.084442,0.75,4,1
3415,35803098,-2.178,-0.025,-9.970,1.530,0.355,1.734,-181.032,12.942,-0.003,-0.222,1.734,4.638100,-74.084442,0.75,4,1
3416,35813107,-2.161,0.047,-9.972,0.889,1.271,1.032,-180.961,12.893,0.005,-0.220,1.032,4.638100,-74.084442,0.75,4,1
3417,35823097,-2.085,0.197,-9.927,0.614,2.186,0.574,-180.965,12.829,0.020,-0.213,0.574,4.638100,-74.084442,0.75,4,1
3418,35833104,-2.015,0.356,-9.802,1.164,2.736,0.452,-181.035,12.756,0.036,-0.206,0.452,4.638100,-74.084442,0.75,4,1
3419,35843095,-1.975,0.370,-9.650,1.927,2.827,0.910,-181.102,12.685,0.038,-0.201,0.910,4.638100,-74.084442,0.75,4,1
3420,35853096,-1.918,0.175,-9.586,2.567,2.217,1.520,-181.070,12.595,0.018,-0.196,1.520,4.638100,-74.084442,0.75,4,1
3421,35863095,-1.891,0.098,-9.446,2.140,1.607,1.795,-181.010,12.507,0.010,-0.193,1.795,4.638102,-74.084442,0.65,4,1
3422,35873108,-1.896,0.144,-9.367,0.889,0.844,1.978,-180.987,12.428,0.015,-0.193,1.978,4.638102,-74.084442,0.65,4,1
3423,35883098,-1.965,0.151,-9.526,-0.912,-0.011,2.711,-180.986,12.364,0.015,-0.200,2.711,4.638102,-74.084442,0.65,4,1
3424,35893112,-1.968,0.127,-9.636,-2.956,-0.408,3.351,-180.991,12.292,0.013,-0.201,3.351,4.638102,-74.084442,0.65,4,1
3425,35903097,-1.980,0.151,-9.799,-4.696,-0.499,3.596,-181.022,12.215,0.015,-0.202,3.596,4.638102,-74.084442,0.65,4,1
3426,35913105,-2.011,-0.025,-10.321,-4.879,0.294,3.321,-180.975,12.122,-0.003,-0.205,3.321,4.638102,-74.084442,0.65,4,1
3427,35923111,-2.092,0.238,-9.775,-5.337,2.186,2.680,-181.052,12.133,0.024,-0.213,2.680,4.638102,-74.084442,0.65,4,1
3428,35933105,-2.030,0.052,-9.672,-7.870,2.522,2.314,-181.064,12.129,0.005,-0.207,2.314,4.638102,-74.084442,0.65,4,1
3429,35943090,-2.046,0.083,-9.725,-7.870,3.285,1.429,-181.089,12.135,0.008,-0.209,1.429,4.638102,-74.084442,0.65,4,1
3430,35953104,-2.008,0.274,-9.665,-5.947,4.170,0.757,-181.180,12.138,0.028,-0.205,0.757,4.638102,-74.084442,0.65,4,1
3431,35963110,-1.846,-0.117,-9.948,-2.621,4.811,-0.341,-181.059,12.053,-0.012,-0.188,-0.341,4.638102,-74.084442,0.65,4,1
3432,35973094,-1.829,0.409,-9.314,4.582,7.313,-4.827,-181.123,12.042,0.042,-0.187,-4.827,4.638102,-74.084442,0.65,4,1
3433,35983092,-2.864,0.790,-9.814,-0.606,6.886,-2.539,-181.390,12.419,0.081,-0.292,-2.539,4.638102,-74.084442,0.65,4,1
3434,35993095,-2.335,0.201,-9.660,2.262,4.872,0.391,-181.350,12.548,0.021,-0.238,0.391,4.638102,-74.084442,0.65,4,1
3435,36005291,-1.684,0.433,-9.566,3.788,4.994,0.910,-181.399,12.398,0.044,-0.172,0.910,4.638102,-74.084442,0.65,4,1
3436,36013110,-1.596,0.377,-9.151,6.260,4.719,-0.006,-181.412,12.241,0.038,-0.163,-0.006,4.638102,-74.084442,0.65,4,1
3437,36023108,-1.756,0.443,-9.158,8.274,1.942,0.055,-181.436,12.146,0.045,-0.179,0.055,4.638102,-74.084442,0.65,4,1
3438,36033100,-1.913,0.553,-9.540,11.234,-0.743,1.581,-181.473,12.070,0.056,-0.195,1.581,4.638102,-74.084442,0.65,4,1
3439,36043101,-1.972,0.568,-9.689,14.958,-2.056,3.046,-181.476,12.000,0.058,-0.201,3.046,4.638102,-74.084442,0.65,4,1
3440,36053093,-1.977,0.351,-9.787,17.582,-2.422,4.328,-181.354,11.927,0.036,-0.202,4.328,4.638102,-74.084442,0.65,4,1
3441,36063109,-1.982,0.018,-9.862,18.803,-1.781,4.694,-181.080,11.862,0.002,-0.202,4.694,4.638102,-74.084442,0.65,4,1
3442,36073105,-1.908,-0.384,-9.970,17.979,-0.835,3.931,-180.658,11.769,-0.039,-0.195,3.931,4.638102,-74.084442,0.65,4,1
3443,36083098,-1.884,-0.502,-9.994,14.286,-0.347,2.314,-180.251,11.676,-0.051,-0.192,2.314,4.638102,-74.084442,0.65,4,1
3444,36093104,-1.875,-0.404,-9.771,10.502,-0.194,1.124,-179.950,11.605,-0.041,-0.191,1.124,4.638102,-74.084442,0.65,4,1
3445,36103117,-1.915,-0.343,-9.677,7.267,0.386,0.727,-179.727,11.571,-0.035,-0.195,0.727,4.638102,-74.084442,0.65,4,1
3446,36113093,-1.989,-0.305,-9.929,3.849,1.637,0.178,-179.573,11.562,-0.031,-0.203,0.178,4.638102,-74.084442,0.65,4,1
3447,36123090,-1.996,-0.194,-10.032,1.347,3.316,-0.402,-179.505,11.563,-0.020,-0.204,-0.402,4.638102,-74.084442,0.65,4,1
3448,36133101,-1.982,-0.269,-9.893,-0.759,4.841,-0.982,-179.427,11.584,-0.027,-0.202,-0.982,4.638102,-74.084442,0.65,4,1
3449,36143108,-1.951,-0.416,-9.869,-3.170,5.910,-1.623,-179.311,11.601,-0.042,-0.199,-1.623,4.638102,-74.084442,0.65,4,1
3450,36153097,-1.944,-0.469,-9.912,-6.283,6.611,-2.416,-179.211,11.617,-0.048,-0.198,-2.416,4.638102,-74.084442,0.65,4,1
3451,36163097,-2.006,-0.411,-9.910,-10.586,7.496,-3.271,-179.183,11.667,-0.042,-0.205,-3.271,4.638102,-74.084442,0.65,4,1
3452,36173094,-2.046,-0.249,-9.852,-14.950,8.717,-3.851,-179.269,11.746,-0.025,-0.209,-3.851,4.638102,-74.084442,0.65,4,1
3453,36183092,-2.037,-0.097,-9.792,-18.703,9.938,-4.370,-179.450,11.833,-0.010,-0.208,-4.370,4.638102,-74.084442,0.65,4,1
3454,36193102,-1.958,-0.008,-9.641,-20.717,10.335,-5.102,-179.675,11.896,-0.001,-0.200,-5.102,4.638102,-74.084442,0.65,4,1
3455,36203107,-1.820,0.271,-9.595,-21.297,9.846,-5.468,-180.016,11.893,0.028,-0.186,-5.468,4.638102,-74.084442,0.65,4,1
3456,36213143,-1.674,0.594,-9.617,-20.138,8.809,-5.682,-180.467,11.813,0.061,-0.171,-5.682,4.638102,-74.084442,0.65,4,1
3457,36223095,-1.517,0.664,-9.528,-16.781,6.764,-5.224,-180.886,11.657,0.068,-0.155,-5.224,4.638102,-74.084442,0.65,4,1
3458,36233099,-1.350,0.512,-9.859,-13.851,4.506,-4.492,-181.170,11.397,0.052,-0.138,-4.492,4.638102,-74.084442,0.65,4,1
3459,36243102,-1.806,-0.408,-9.624,-12.081,2.797,-6.201,-181.003,11.358,-0.042,-0.184,-6.201,4.638102,-74.084442,0.65,4,1
3460,36253112,-2.523,-0.676,-9.835,-15.407,3.804,-8.612,-180.764,11.616,-0.069,-0.257,-8.612,4.638102,-74.084442,0.65,4,1
3461,36263092,-2.387,0.098,-10.325,-17.422,6.459,-10.351,-180.904,11.777,0.010,-0.243,-10.351,4.638102,-74.084442,0.65,4,1
3462,36273107,-1.877,0.488,-10.006,-15.835,9.144,-10.443,-181.191,11.766,0.050,-0.191,-10.443,4.638102,-74.084442,0.65,4,1
3463,36283106,-1.679,0.660,-9.763,-13.454,9.511,-8.764,-181.515,11.694,0.067,-0.171,-8.764,4.638102,-74.084442,0.65,4,1
3464,36293103,-1.622,0.732,-9.732,-11.654,8.626,-7.452,-181.831,11.595,0.075,-0.165,-7.452,4.638102,-74.084442,0.65,4,1
3465,36303097,-1.581,0.942,-9.682,-8.236,7.100,-7.208,-182.187,11.475,0.096,-0.161,-7.208,4.638102,-74.084442,0.65,4,1
3466,36313107,-1.605,1.086,-9.545,-3.048,5.147,-6.170,-182.540,11.365,0.111,-0.164,-6.170,4.638102,-74.084442,0.65,4,1
3467,36323096,-1.577,1.012,-9.506,1.133,2.980,-3.851,-182.795,11.234,0.103,-0.161,-3.851,4.638102,-74.084442,0.65,4,1
3468,36333103,-1.643,0.807,-9.646,4.002,1.637,-1.623,-182.905,11.121,0.082,-0.168,-1.623,4.638102,-74.084442,0.65,4,1
3469,36345010,-1.698,0.602,-9.751,6.046,1.546,-0.463,-182.883,11.033,0.061,-0.173,-0.463,4.638102,-74.084442,0.65,4,1
3470,36353104,-1.663,0.440,-9.792,6.474,2.308,0.117,-182.795,10.940,0.045,-0.170,0.117,4.638102,-74.084442,0.65,4,1
3471,36363099,-1.603,0.250,-9.759,5.558,2.797,-0.250,-182.638,10.835,0.025,-0.163,-0.250,4.638102,-74.084442,0.65,4,1
3472,36373101,-1.517,0.105,-9.679,4.124,2.186,-1.715,-182.441,10.701,0.011,-0.155,-1.715,4.638102,-74.084442,0.65,4,1
3473,36383098,-1.543,0.158,-9.662,2.567,0.569,-2.722,-182.297,10.575,0.016,-0.157,-2.722,4.638102,-74.084442,0.65,4,1
3474,36393101,-1.570,0.235,-9.720,2.018,-1.262,-3.271,-182.205,10.449,0.024,-0.160,-3.271,4.638102,-74.084442,0.65,4,1
3475,36403097,-1.596,0.262,-9.756,2.415,-2.727,-3.759,-182.127,10.328,0.027,-0.163,-3.759,4.638102,-74.084442,0.65,4,1
3476,36413101,-1.641,0.218,-9.725,3.056,-4.314,-4.064,-182.031,10.224,0.022,-0.167,-4.064,4.638102,-74.084442,0.65,4,1
3477,36423099,-1.708,0.139,-9.771,3.452,-5.413,-4.064,-181.902,10.144,0.014,-0.174,-4.064,4.638102,-74.084442,0.65,4,1
3478,36433102,-1.777,0.158,-9.859,3.666,-5.718,-4.309,-181.788,10.090,0.016,-0.181,-4.309,4.638102,-74.084442,0.65,4,1
3479,36443098,-1.794,0.110,-9.785,3.788,-5.443,-4.431,-181.662,10.056,0.011,-0.183,-4.431,4.638102,-74.084442,0.65,4,1
3480,36453101,-1.832,0.132,-9.761,3.086,-5.168,-4.370,-181.561,10.046,0.013,-0.187,-4.370,4.638102,-74.084442,0.65,4,1
3481,36463097,-1.872,0.158,-9.826,2.140,-4.650,-4.339,-181.488,10.053,0.016,-0.191,-4.339,4.638102,-74.084442,0.65,4,1
3482,36473102,-1.937,0.235,-9.859,1.072,-3.307,-4.186,-181.465,10.097,0.024,-0.197,-4.186,4.638102,-74.084442,0.65,4,1
3483,36483099,-1.944,0.332,-9.852,0.034,-1.781,-3.668,-181.496,10.155,0.034,-0.198,-3.668,4.638102,-74.084442,0.65,4,1
3484,36493101,-1.930,0.397,-9.823,-0.759,-0.225,-2.783,-181.561,10.219,0.040,-0.197,-2.783,4.638102,-74.084442,0.65,4,1
3485,36503099,-1.915,0.416,-9.816,-0.942,1.149,-1.928,-181.632,10.286,0.042,-0.195,-1.928,4.638102,-74.084442,0.65,4,1
3486,36513102,-1.848,0.457,-9.819,-1.186,2.492,-1.470,-181.718,10.330,0.047,-0.188,-1.470,4.638102,-74.084442,0.65,4,1
3487,36523099,-1.741,0.503,-9.766,-1.095,2.827,-1.287,-181.818,10.332,0.051,-0.178,-1.287,4.638102,-74.084442,0.65,4,1
3488,36533101,-1.705,0.539,-9.701,-0.332,2.034,-0.738,-181.921,10.316,0.055,-0.174,-0.738,4.638102,-74.084442,0.65,4,1
3489,36543099,-1.694,0.443,-9.672,0.553,0.416,0.147,-181.965,10.284,0.045,-0.173,0.147,4.638102,-74.084442,0.65,4,1
3490,36553101,-1.696,0.228,-9.744,0.919,-1.110,0.849,-181.905,10.235,0.023,-0.173,0.849,4.638102,-74.084442,0.65,4,1
3491,36563087,-1.791,0.170,-9.857,0.553,-1.872,0.879,-181.826,10.217,0.017,-0.183,0.879,4.638102,-74.084442,0.65,4,1
3492,36573101,-1.882,0.206,-9.924,-0.210,-1.964,0.635,-181.775,10.232,0.021,-0.192,0.635,4.638102,-74.084442,0.65,4,1
3493,36583099,-1.908,0.235,-9.915,-0.637,-1.476,0.696,-181.746,10.262,0.024,-0.195,0.696,4.638102,-74.084442,0.65,4,1
3494,36593101,-1.901,0.308,-9.958,-0.789,-0.591,0.910,-181.751,10.292,0.031,-0.194,0.910,4.638102,-74.084442,0.65,4,1
3495,36603096,-1.870,0.387,-9.900,-0.515,0.172,1.246,-181.789,10.317,0.039,-0.191,1.246,4.638102,-74.084442,0.65,4,1
3496,36613100,-1.751,0.404,-9.785,0.401,0.325,1.673,-181.825,10.300,0.041,-0.179,1.673,4.638102,-74.084442,0.65,4,1
3497,36623102,-1.632,0.349,-9.653,1.591,-0.499,2.070,-181.825,10.235,0.036,-0.166,2.070,4.638102,-74.084442,0.65,4,1
3498,36633103,-1.550,0.291,-9.569,2.262,-1.781,2.009,-181.793,10.133,0.030,-0.158,2.009,4.638102,-74.084442,0.65,4,1
3499,36643099,-1.536,0.271,-9.583,2.598,-3.215,1.246,-181.752,10.019,0.028,-0.157,1.246,4.638102,-74.084442,0.65,4,1
3500,36658284,-1.570,0.259,-9.662,2.720,-4.375,0.452,-181.691,9.885,0.026,-0.160,0.452,4.638102,-74.084442,0.65,4,1
3501,36663098,-1.670,0.312,-9.658,2.567,-5.382,0.055,-181.676,9.823,0.032,-0.170,0.055,4.638102,-74.084442,0.65,4,1
3502,36673102,-1.779,0.252,-9.742,1.957,-5.840,0.361,-181.639,9.804,0.026,-0.181,0.361,4.638102,-74.084442,0.65,4,1
3503,36683097,-1.863,0.146,-9.833,0.981,-5.107,0.391,-181.565,9.822,0.015,-0.190,0.391,4.638102,-74.084442,0.65,4,1
3504,36693103,-1.953,0.201,-9.855,-0.301,-3.765,0.330,-181.533,9.889,0.021,-0.199,0.330,4.638102,-74.084442,0.65,4,1
3505,36703098,-1.946,0.288,-9.864,-1.217,-2.117,0.422,-181.551,9.962,0.029,-0.198,0.422,4.638102,-74.084442,0.65,4,1
3506,36713110,-1.920,0.221,-9.826,-1.888,-0.835,0.757,-181.544,10.032,0.023,-0.196,0.757,4.638102,-74.084442,0.65,4,1
3507,36723097,-1.851,0.214,-9.679,-2.712,-0.011,0.757,-181.543,10.087,0.022,-0.189,0.757,4.638102,-74.084442,0.65,4,1
3508,36733101,-1.822,0.281,-9.684,-3.780,0.264,0.757,-181.583,10.127,0.029,-0.186,0.757,4.638102,-74.084442,0.65,4,1
3509,36743098,-1.818,0.264,-9.696,-4.391,0.264,0.971,-181.618,10.160,0.027,-0.185,0.971,4.638102,-74.084442,0.65,4,1
3510,36753104,-1.822,0.257,-9.679,-4.696,0.355,1.093,-181.650,10.196,0.026,-0.186,1.093,4.638102,-74.084442,0.65,4,1
3511,36763096,-1.822,0.353,-9.694,-4.818,0.416,1.093,-181.724,10.228,0.036,-0.186,1.093,4.638102,-74.084442,0.65,4,1
3512,36773101,-1.798,0.353,-9.699,-4.574,0.355,1.246,-181.790,10.246,0.036,-0.183,1.246,4.638102,-74.084442,0.65,4,1
3513,36783091,-1.777,0.365,-9.797,-3.811,-0.072,1.368,-181.848,10.241,0.037,-0.181,1.368,4.638102,-74.084442,0.65,4,1
3514,36793111,-1.791,0.358,-9.823,-3.200,-0.774,1.551,-181.892,10.234,0.037,-0.183,1.551,4.638102,-74.084442,0.65,4,1
3515,36803101,-1.789,0.230,-9.737,-2.834,-1.293,1.764,-181.873,10.229,0.023,-0.182,1.764,4.638102,-74.084442,0.65,4,1
3516,36813099,-1.796,0.238,-9.744,-3.078,-1.781,1.887,-181.861,10.223,0.024,-0.183,1.887,4.638102,-74.084442,0.65,4,1
3517,36823099,-1.779,0.240,-9.679,-3.078,-2.147,1.581,-181.852,10.212,0.024,-0.181,1.581,4.638102,-74.084442,0.65,4,1
3518,36833113,-1.767,0.295,-9.699,-3.109,-2.635,1.093,-181.868,10.190,0.030,-0.180,1.093,4.638102,-74.084442,0.65,4,1
3519,36843100,-1.789,0.414,-9.778,-3.109,-3.185,0.849,-181.935,10.167,0.042,-0.182,0.849,4.638102,-74.084442,0.65,4,1
3520,36853106,-1.813,0.392,-9.727,-2.712,-3.490,0.635,-181.985,10.158,0.040,-0.185,0.635,4.638102,-74.084442,0.65,4,1
3521,36863091,-1.846,0.385,-9.759,-2.315,-3.826,0.391,-182.023,10.158,0.039,-0.188,0.391,4.638108,-74.084437,0.68,4,1
3522,36873101,-1.841,0.409,-9.790,-1.705,-4.100,0.391,-182.063,10.151,0.042,-0.188,0.391,4.638108,-74.084437,0.68,4,1
3523,36883103,-1.820,0.317,-9.787,-1.491,-4.497,0.513,-182.057,10.132,0.032,-0.186,0.513,4.638108,-74.084437,0.68,4,1
3524,36893112,-1.815,0.201,-9.744,-1.858,-5.016,0.422,-182.004,10.112,0.021,-0.185,0.422,4.638108,-74.084437,0.68,4,1
3525,36903112,-1.858,0.226,-9.780,-2.498,-5.504,-0.128,-181.971,10.104,0.023,-0.189,-0.128,4.638108,-74.084437,0.68,4,1
3526,36913091,-1.865,0.230,-9.730,-3.139,-6.145,-0.524,-181.949,10.098,0.023,-0.190,-0.524,4.638108,-74.084437,0.68,4,1
3527,36923099,-1.870,0.286,-9.713,-3.841,-6.786,-0.768,-181.960,10.090,0.029,-0.191,-0.768,4.638108,-74.084437,0.68,4,1
3528,36933099,-1.889,0.368,-9.694,-4.207,-7.427,-0.738,-182.011,10.086,0.038,-0.193,-0.738,4.638108,-74.084437,0.68,4,1
3529,36943106,-1.941,0.397,-9.701,-4.268,-7.793,-0.555,-182.072,10.101,0.040,-0.198,-0.555,4.638108,-74.084437,0.68,4,1
3530,36953095,-1.999,0.394,-9.703,-4.116,-7.579,-0.524,-182.125,10.142,0.040,-0.204,-0.524,4.638108,-74.084437,0.68,4,1
3531,36963112,-1.972,0.426,-9.718,-4.116,-7.274,-0.433,-182.188,10.169,0.043,-0.201,-0.433,4.638108,-74.084437,0.68,4,1
3532,36973112,-1.922,0.394,-9.658,-4.146,-7.305,-0.219,-182.234,10.178,0.040,-0.196,-0.219,4.638108,-74.084437,0.68,4,1
3533,36983096,-1.879,0.370,-9.614,-4.207,-7.610,0.025,-182.267,10.169,0.038,-0.192,0.025,4.638108,-74.084437,0.68,4,1
3534,36993101,-1.913,0.404,-9.626,-4.207,-8.464,0.391,-182.312,10.166,0.041,-0.195,0.391,4.638108,-74.084437,0.68,4,1
3535,37005407,-1.930,0.423,-9.660,-4.177,-9.410,0.818,-182.370,10.139,0.043,-0.197,0.818,4.638108,-74.084437,0.68,4,1
3536,37013093,-1.982,0.469,-9.694,-4.207,-9.838,1.185,-182.435,10.151,0.048,-0.202,1.185,4.638108,-74.084437,0.68,4,1
3537,37023114,-2.070,0.486,-9.696,-4.085,-9.899,1.581,-182.503,10.199,0.050,-0.211,1.581,4.638108,-74.084437,0.68,4,1
3538,37033111,-2.068,0.474,-9.759,-4.116,-9.349,1.887,-182.558,10.242,0.048,-0.211,1.887,4.638108,-74.084437,0.68,4,1
3539,37043105,-2.051,0.476,-9.790,-4.085,-8.525,2.039,-182.609,10.279,0.049,-0.209,2.039,4.638108,-74.084437,0.68,4,1
3540,37053099,-2.061,0.546,-9.799,-4.391,-7.732,2.070,-182.691,10.323,0.056,-0.210,2.070,4.638108,-74.084437,0.68,4,1
3541,37063117,-2.118,0.585,-9.869,-4.665,-7.579,2.161,-182.783,10.383,0.060,-0.216,2.161,4.638108,-74.084437,0.68,4,1
3542,37073110,-2.127,0.541,-9.883,-4.848,-7.488,2.283,-182.851,10.442,0.055,-0.217,2.283,4.638108,-74.084437,0.68,4,1
3543,37083113,-2.130,0.440,-9.843,-5.092,-7.427,2.192,-182.872,10.502,0.045,-0.217,2.192,4.638108,-74.084437,0.68,4,1
3544,37093099,-2.137,0.397,-9.814,-5.703,-7.457,1.764,-182.878,10.564,0.040,-0.218,1.764,4.638108,-74.084437,0.68,4,1
3545,37103093,-2.161,0.406,-9.768,-6.466,-7.396,1.093,-182.896,10.635,0.041,-0.220,1.093,4.638108,-74.084437,0.68,4,1
3546,37113129,-2.237,0.469,-9.771,-6.893,-7.121,0.513,-182.945,10.736,0.048,-0.228,0.513,4.638108,-74.084437,0.68,4,1
3547,37123106,-2.311,0.539,-9.775,-6.924,-6.481,-0.036,-183.021,10.865,0.055,-0.236,-0.036,4.638108,-74.084437,0.68,4,1
3548,37133096,-2.316,0.604,-9.720,-6.496,-5.962,-0.311,-183.118,10.997,0.062,-0.236,-0.311,4.638108,-74.084437,0.68,4,1
3549,37143105,-2.306,0.674,-9.694,-5.794,-5.535,-0.555,-183.233,11.120,0.069,-0.235,-0.555,4.638108,-74.084437,0.68,4,1
3550,37153114,-2.259,0.749,-9.687,-5.031,-5.168,-0.524,-183.366,11.217,0.076,-0.230,-0.524,4.638108,-74.084437,0.68,4,1
3551,37163093,-2.218,0.754,-9.677,-4.421,-4.894,-0.128,-183.486,11.293,0.077,-0.226,-0.128,4.638108,-74.084437,0.68,4,1
3552,37173108,-2.228,0.715,-9.751,-4.207,-4.497,0.147,-183.575,11.364,0.073,-0.227,0.147,4.638108,-74.084437,0.68,4,1
3553,37183098,-2.290,0.643,-9.766,-4.268,-3.704,0.208,-183.625,11.462,0.066,-0.233,0.208,4.638108,-74.084437,0.68,4,1
3554,37193094,-2.268,0.606,-9.711,-4.543,-2.574,0.117,-183.659,11.560,0.062,-0.231,0.117,4.638108,-74.084437,0.68,4,1
3555,37203113,-2.263,0.645,-9.703,-4.940,-1.476,0.269,-183.712,11.659,0.066,-0.231,0.269,4.638108,-74.084437,0.68,4,1
3556,37213160,-2.197,0.631,-9.605,-5.184,-0.652,0.513,-183.759,11.739,0.064,-0.224,0.513,4.638108,-74.084437,0.68,4,1
3557,37223095,-2.149,0.652,-9.598,-5.550,-0.255,0.635,-183.817,11.797,0.067,-0.219,0.635,4.638108,-74.084437,0.68,4,1
3558,37233113,-2.158,0.708,-9.626,-5.703,0.050,0.849,-183.895,11.854,0.072,-0.220,0.849,4.638108,-74.084437,0.68,4,1
3559,37243112,-2.158,0.768,-9.658,-5.367,0.203,1.154,-183.990,11.905,0.078,-0.220,1.154,4.638108,-74.084437,0.68,4,1
3560,37253104,-2.187,0.795,-9.694,-5.092,0.447,1.276,-184.087,11.963,0.081,-0.223,1.276,4.638108,-74.084437,0.68,4,1
3561,37263098,-2.154,0.742,-9.638,-4.970,0.935,1.337,-184.153,12.012,0.076,-0.220,1.337,4.638108,-74.084437,0.68,4,1
3562,37273111,-2.144,0.626,-9.602,-5.092,1.332,1.215,-184.163,12.061,0.064,-0.219,1.215,4.638108,-74.084437,0.68,4,1
3563,37283096,-2.166,0.578,-9.607,-5.428,1.729,0.696,-184.155,12.119,0.059,-0.221,0.696,4.638108,-74.084437,0.68,4,1
3564,37293096,-2.194,0.602,-9.583,-5.520,2.156,0.147,-184.159,12.192,0.061,-0.224,0.147,4.638108,-74.084437,0.68,4,1
3565,37303104,-2.199,0.616,-9.547,-5.642,2.339,-0.311,-184.171,12.266,0.063,-0.224,-0.311,4.638108,-74.084437,0.68,4,1
3566,37313096,-2.232,0.650,-9.562,-5.733,2.492,-0.585,-184.199,12.349,0.066,-0.228,-0.585,4.638108,-74.084437,0.68,4,1
3567,37323092,-2.280,0.744,-9.641,-5.642,2.644,-0.768,-184.263,12.438,0.076,-0.233,-0.768,4.638108,-74.084437,0.68,4,1
3568,37333089,-2.240,0.855,-9.696,-5.398,2.919,-0.768,-184.368,12.500,0.087,-0.228,-0.768,4.638108,-74.084437,0.68,4,1
3569,37359352,-2.135,1.527,-9.792,-0.851,3.895,3.992,-184.760,12.551,0.156,-0.218,3.992,4.638108,-74.084437,0.68,4,1
3570,37360688,-2.011,0.869,-9.494,1.438,2.644,4.999,-184.772,12.529,0.089,-0.205,4.999,4.638108,-74.084437,0.68,4,1
3571,37363099,-2.011,0.869,-9.494,1.438,2.644,4.999,-184.794,12.495,0.089,-0.205,4.999,4.638108,-74.084437,0.68,4,1
3572,37373093,-2.130,0.633,-9.643,0.065,1.210,3.626,-184.702,12.496,0.065,-0.217,3.626,4.638108,-74.084437,0.68,4,1
3573,37383090,-2.335,0.597,-9.739,-1.034,0.722,2.649,-184.609,12.577,0.061,-0.238,2.649,4.638108,-74.084437,0.68,4,1
3574,37393086,-2.278,0.746,-9.706,-2.193,1.362,2.466,-184.608,12.634,0.076,-0.232,2.466,4.638108,-74.084437,0.68,4,1
3575,37403086,-2.197,0.734,-9.694,-2.743,2.003,2.649,-184.607,12.655,0.075,-0.224,2.649,4.638108,-74.084437,0.68,4,1
3576,37413104,-2.166,0.580,-9.610,-2.804,2.583,2.283,-184.536,12.676,0.059,-0.221,2.283,4.638108,-74.084437,0.68,4,1
3577,37423083,-2.151,0.667,-9.622,-3.078,2.949,1.063,-184.515,12.690,0.068,-0.219,1.063,4.638108,-74.084437,0.68,4,1
3578,37433101,-2.144,0.795,-9.641,-2.895,3.193,0.544,-184.553,12.699,0.081,-0.219,0.544,4.638108,-74.084437,0.68,4,1
3579,37443101,-2.113,0.758,-9.636,-2.254,3.132,0.483,-184.566,12.694,0.077,-0.215,0.483,4.638108,-74.084437,0.68,4,1
3580,37453101,-2.123,0.739,-9.694,-1.827,2.949,0.178,-184.563,12.687,0.075,-0.216,0.178,4.638108,-74.084437,0.68,4,1
3581,37463101,-2.085,0.799,-9.708,-1.369,2.736,-0.006,-184.583,12.660,0.082,-0.213,-0.006,4.638108,-74.084437,0.68,4,1
3582,37473101,-2.061,0.766,-9.641,-0.759,2.186,-0.036,-184.582,12.626,0.078,-0.210,-0.036,4.638108,-74.084437,0.68,4,1
3583,37483101,-2.061,0.761,-9.684,-0.606,1.454,-0.280,-184.577,12.584,0.078,-0.210,-0.280,4.638108,-74.084437,0.68,4,1
3584,37493101,-2.094,0.811,-9.711,-0.271,1.027,-0.341,-184.591,12.553,0.083,-0.214,-0.341,4.638108,-74.084437,0.68,4,1
3585,37503101,-2.120,0.804,-9.660,0.065,0.691,-0.280,-184.600,12.538,0.082,-0.216,-0.280,4.638108,-74.084437,0.68,4,1
3586,37513101,-2.099,0.804,-9.665,0.309,0.203,-0.341,-184.605,12.510,0.082,-0.214,-0.341,4.638108,-74.084437,0.68,4,1
3587,37523101,-2.087,0.862,-9.672,0.919,-0.347,-0.250,-184.630,12.472,0.088,-0.213,-0.250,4.638108,-74.084437,0.68,4,1
3588,37533101,-2.101,0.877,-9.662,1.133,-0.804,0.117,-184.658,12.441,0.089,-0.214,0.117,4.638108,-74.084437,0.68,4,1
3589,37543101,-2.113,0.845,-9.747,1.011,-0.957,0.269,-184.668,12.407,0.086,-0.215,0.269,4.638108,-74.084437,0.68,4,1
3590,37553101,-2.154,0.852,-9.833,0.675,-0.560,0.208,-184.680,12.390,0.087,-0.220,0.208,4.638108,-74.084437,0.68,4,1
3591,37563099,-2.189,0.850,-9.821,0.431,0.081,0.269,-184.692,12.396,0.087,-0.223,0.269,4.638108,-74.084437,0.68,4,1
3592,37573093,-2.170,0.826,-9.783,0.065,0.660,0.483,-184.698,12.402,0.084,-0.221,0.483,4.638108,-74.084437,0.68,4,1
3593,37583090,-2.163,0.809,-9.749,-0.057,1.118,0.513,-184.698,12.413,0.082,-0.221,0.513,4.638108,-74.084437,0.68,4,1
3594,37593086,-2.127,0.799,-9.660,0.004,1.484,0.574,-184.697,12.419,0.082,-0.217,0.574,4.638108,-74.084437,0.68,4,1
3595,37603083,-2.082,0.751,-9.542,0.157,1.332,0.391,-184.677,12.415,0.077,-0.212,0.391,4.638108,-74.084437,0.68,4,1
3596,37613101,-2.058,0.751,-9.521,0.401,0.844,0.147,-184.656,12.398,0.077,-0.210,0.147,4.638108,-74.084437,0.68,4,1
3597,37623098,-2.082,0.802,-9.511,0.858,0.264,0.025,-184.657,12.389,0.082,-0.212,0.025,4.638108,-74.084437,0.68,4,1
3598,37633090,-2.077,0.848,-9.545,1.530,-0.347,0.055,-184.671,12.369,0.086,-0.212,0.055,4.638108,-74.084437,0.68,4,1
3599,37643087,-2.092,0.860,-9.619,2.293,-0.835,0.147,-184.679,12.345,0.088,-0.213,0.147,4.638108,-74.084437,0.68,4,1
3600,37664930,-2.085,0.807,-9.713,3.178,-1.354,0.757,-184.613,12.284,0.082,-0.213,0.757,4.638108,-74.084437,0.68,4,1
3601,37666262,-2.085,0.807,-9.713,3.178,-1.354,0.757,-184.581,12.244,0.082,-0.213,0.757,4.638108,-74.084437,0.68,4,1
3602,37673107,-2.135,0.758,-9.756,3.178,-1.293,0.818,-184.537,12.232,0.077,-0.218,0.818,4.638108,-74.084437,0.68,4,1
3603,37683086,-2.120,0.713,-9.754,2.842,-0.865,0.635,-184.477,12.219,0.073,-0.216,0.635,4.638108,-74.084437,0.68,4,1
3604,37693105,-2.094,0.693,-9.694,2.537,-0.286,0.391,-184.419,12.207,0.071,-0.214,0.391,4.638108,-74.084437,0.68,4,1
3605,37703082,-2.046,0.725,-9.634,2.323,-0.011,-0.067,-184.384,12.182,0.074,-0.209,-0.067,4.638108,-74.084437,0.68,4,1
3606,37713094,-2.037,0.778,-9.638,2.323,-0.072,-0.341,-184.377,12.153,0.079,-0.208,-0.341,4.638108,-74.084437,0.68,4,1
3607,37723092,-2.061,0.775,-9.612,2.567,-0.438,-0.189,-184.368,12.137,0.079,-0.210,-0.189,4.638108,-74.084437,0.68,4,1
3608,37733107,-2.106,0.821,-9.662,3.117,-0.896,0.239,-184.374,12.133,0.084,-0.215,0.239,4.638108,-74.084437,0.68,4,1
3609,37743086,-2.030,0.881,-9.643,4.093,-1.293,0.696,-184.399,12.093,0.090,-0.207,0.696,4.638108,-74.084437,0.68,4,1
3610,37753105,-1.920,0.968,-9.478,5.924,-2.727,1.337,-184.452,12.008,0.099,-0.196,1.337,4.638108,-74.084437,0.68,4,1
3611,37763084,-1.839,0.966,-9.369,8.610,-5.504,2.100,-184.480,11.878,0.098,-0.188,2.100,4.638108,-74.084437,0.68,4,1
3612,37773102,-1.882,0.807,-9.345,11.173,-8.373,2.649,-184.408,11.754,0.082,-0.192,2.649,4.638108,-74.084437,0.68,4,1
3613,37783101,-2.001,0.652,-9.439,12.760,-10.295,2.588,-184.251,11.669,0.067,-0.204,2.588,4.638108,-74.084437,0.68,4,1
3614,37793114,-2.056,0.611,-9.485,13.828,-11.272,2.009,-184.076,11.601,0.062,-0.210,2.009,4.638108,-74.084437,0.68,4,1
3615,37803097,-2.061,0.592,-9.451,14.591,-12.615,1.764,-183.900,11.531,0.060,-0.210,1.764,4.638108,-74.084437,0.68,4,1
3616,37813097,-2.120,0.585,-9.619,15.049,-14.141,1.917,-183.725,11.463,0.060,-0.216,1.917,4.638108,-74.084437,0.68,4,1
3617,37823093,-2.218,0.481,-9.768,14.836,-14.720,1.826,-183.515,11.423,0.049,-0.226,1.826,4.638108,-74.084437,0.68,4,1
3618,37833119,-2.375,0.423,-9.898,14.012,-14.324,1.368,-183.299,11.444,0.043,-0.242,1.368,4.638108,-74.084437,0.68,4,1
3619,37843099,-2.514,0.431,-10.040,12.791,-13.011,0.940,-183.113,11.518,0.044,-0.256,0.940,4.638108,-74.084437,0.68,4,1
3620,37853102,-2.588,0.380,-10.071,11.051,-11.058,0.940,-182.934,11.632,0.039,-0.264,0.940,4.638115,-74.084433,0.71,4,1
3621,37863110,-2.659,0.329,-10.112,8.824,-8.617,0.910,-182.767,11.784,0.034,-0.271,0.910,4.638115,-74.084433,0.71,4,1
3622,37873097,-2.616,0.322,-10.023,6.321,-5.809,0.757,-182.633,11.943,0.033,-0.267,0.757,4.638115,-74.084433,0.71,4,1
3623,37883109,-2.538,0.363,-9.855,3.910,-3.398,0.605,-182.553,12.097,0.037,-0.259,0.605,4.638115,-74.084433,0.71,4,1
3624,37893093,-2.437,0.426,-9.694,1.713,-1.872,0.635,-182.531,12.228,0.043,-0.249,0.635,4.638115,-74.084433,0.71,4,1
3625,37903101,-2.309,0.537,-9.542,0.523,-1.445,0.818,-182.574,12.314,0.055,-0.235,0.818,4.638115,-74.084433,0.71,4,1
3626,37913116,-2.261,0.561,-9.410,0.279,-2.086,1.215,-182.632,12.379,0.057,-0.231,1.215,4.638115,-74.084433,0.71,4,1
3627,37923102,-2.309,0.493,-9.516,0.157,-2.819,1.642,-182.652,12.444,0.050,-0.235,1.642,4.638115,-74.084433,0.71,4,1
3628,37933096,-2.416,0.402,-9.624,0.065,-2.666,1.673,-182.628,12.539,0.041,-0.246,1.673,4.638115,-74.084433,0.71,4,1
3629,37943095,-2.459,0.375,-9.665,-0.362,-1.903,1.490,-182.596,12.649,0.038,-0.251,1.490,4.638115,-74.084433,0.71,4,1
3630,37953102,-2.464,0.361,-9.713,-0.973,-1.201,1.368,-182.565,12.754,0.037,-0.251,1.368,4.638115,-74.084433,0.71,4,1
3631,37963094,-2.440,0.421,-9.723,-1.827,-0.286,1.307,-182.572,12.847,0.043,-0.249,1.307,4.638115,-74.084433,0.71,4,1
3632,37973113,-2.423,0.484,-9.715,-2.560,0.660,1.307,-182.613,12.936,0.049,-0.247,1.307,4.638115,-74.084433,0.71,3,1
3633,37983101,-2.433,0.520,-9.723,-3.048,1.423,1.337,-182.671,13.028,0.053,-0.248,1.337,4.638115,-74.084433,0.71,3,1
3634,37993105,-2.368,0.590,-9.684,-3.231,2.186,1.398,-182.759,13.097,0.060,-0.241,1.398,4.638115,-74.084433,0.71,3,1
3635,38005277,-2.304,0.592,-9.595,-3.200,2.461,1.459,-182.850,13.148,0.060,-0.235,1.459,4.638115,-74.084433,0.71,3,1
3636,38013100,-2.309,0.566,-9.658,-3.109,2.461,1.703,-182.914,13.188,0.058,-0.235,1.703,4.638115,-74.084433,0.71,3,1
3637,38023098,-2.337,0.503,-9.684,-3.170,2.583,1.551,-182.944,13.235,0.051,-0.238,1.551,4.638115,-74.084433,0.71,3,1
3638,38033097,-2.330,0.491,-9.682,-3.139,2.949,1.154,-182.966,13.280,0.050,-0.238,1.154,4.638115,-74.084433,0.71,3,1
3639,38043102,-2.356,0.549,-9.658,-3.109,3.407,0.818,-183.013,13.338,0.056,-0.240,0.818,4.638115,-74.084433,0.71,3,1
3640,38053104,-2.356,0.585,-9.674,-2.895,3.712,0.574,-183.070,13.393,0.060,-0.240,0.574,4.638115,-74.084433,0.71,3,1
3641,38063114,-2.347,0.633,-9.631,-2.407,3.712,0.757,-183.141,13.444,0.065,-0.239,0.757,4.638115,-74.084433,0.71,3,1
3642,38073095,-2.318,0.611,-9.626,-1.705,3.254,1.032,-183.191,13.475,0.062,-0.236,1.032,4.638115,-74.084433,0.71,3,1
3643,38083109,-2.335,0.510,-9.619,-1.186,2.919,1.093,-183.186,13.510,0.052,-0.238,1.093,4.638115,-74.084433,0.71,3,1
3644,38093103,-2.373,0.476,-9.643,-1.125,2.736,0.849,-183.165,13.553,0.049,-0.242,0.849,4.638115,-74.084433,0.71,3,1
3645,38103099,-2.423,0.510,-9.672,-1.125,2.705,0.696,-183.161,13.612,0.052,-0.247,0.696,4.638115,-74.084433,0.71,3,1
3646,38113101,-2.383,0.522,-9.653,-1.156,2.858,0.544,-183.163,13.652,0.053,-0.243,0.544,4.638115,-74.084433,0.71,3,1
3647,38123101,-2.385,0.546,-9.641,-1.156,2.736,0.422,-183.176,13.690,0.056,-0.243,0.422,4.638115,-74.084433,0.71,3,1
3648,38133100,-2.371,0.578,-9.670,-1.247,2.553,0.330,-183.202,13.714,0.059,-0.242,0.330,4.638115,-74.084433,0.71,3,1
3649,38143089,-2.299,0.580,-9.689,-1.278,2.492,0.239,-183.227,13.703,0.059,-0.234,0.239,4.638115,-74.084433,0.71,3,1
3650,38153107,-2.271,0.621,-9.650,-1.186,2.125,0.178,-183.269,13.681,0.063,-0.232,0.178,4.638115,-74.084433,0.71,3,1
3651,38163093,-2.297,0.662,-9.658,-0.851,1.423,0.147,-183.323,13.664,0.067,-0.234,0.147,4.638115,-74.084433,0.71,3,1
3652,38173097,-2.328,0.691,-9.713,-0.240,0.905,0.361,-183.378,13.651,0.070,-0.237,0.361,4.638115,-74.084433,0.71,3,1
3653,38183102,-2.356,0.626,-9.742,0.401,0.538,0.605,-183.393,13.646,0.064,-0.240,0.605,4.638115,-74.084433,0.71,3,1
3654,38193115,-2.347,0.510,-9.739,0.614,0.538,0.635,-183.354,13.638,0.052,-0.239,0.635,4.638115,-74.084433,0.71,3,1
3655,38203107,-2.344,0.471,-9.735,0.096,0.630,0.513,-183.305,13.631,0.048,-0.239,0.513,4.638115,-74.084433,0.71,3,1
3656,38213159,-2.278,0.476,-9.713,-0.698,0.508,0.300,-183.270,13.597,0.049,-0.232,0.300,4.638115,-74.084433,0.71,3,1
3657,38223088,-2.292,0.512,-9.687,-1.278,0.142,0.086,-183.259,13.571,0.052,-0.234,0.086,4.638115,-74.084433,0.71,3,1
3658,38233100,-2.292,0.573,-9.708,-1.827,-0.133,-0.250,-183.281,13.541,0.058,-0.234,-0.250,4.638115,-74.084433,0.71,3,1
3659,38243087,-2.271,0.655,-9.708,-1.736,-0.316,0.025,-183.338,13.503,0.067,-0.232,0.025,4.638115,-74.084433,0.71,3,1
3660,38253110,-2.237,0.520,-9.569,-1.308,-0.499,0.269,-183.328,13.466,0.053,-0.228,0.269,4.638115,-74.084433,0.71,3,1
3661,38263102,-2.273,0.532,-9.449,-1.430,-0.621,-0.006,-183.330,13.459,0.054,-0.232,-0.006,4.638115,-74.084433,0.71,3,1
3662,38273103,-2.297,0.561,-9.456,-1.705,-0.408,-0.036,-183.347,13.464,0.057,-0.234,-0.036,4.638115,-74.084433,0.71,3,1
3663,38283109,-2.266,0.435,-9.343,-1.919,-0.225,0.025,-183.309,13.469,0.044,-0.231,0.025,4.638115,-74.084433,0.71,3,1
3664,38293096,-2.302,0.471,-9.386,-2.590,-0.194,-0.433,-183.296,13.485,0.048,-0.235,-0.433,4.638115,-74.084433,0.71,3,1
3665,38303092,-2.325,0.606,-9.485,-2.895,-0.072,-0.616,-183.347,13.500,0.062,-0.237,-0.616,4.638115,-74.084433,0.71,3,1
3666,38313099,-2.368,0.742,-9.617,-2.315,0.111,-0.524,-183.445,13.519,0.076,-0.241,-0.524,4.638115,-74.084433,0.71,3,1
3667,38323097,-2.380,0.761,-9.739,-1.430,0.172,-0.097,-183.533,13.530,0.078,-0.243,-0.097,4.638115,-74.084433,0.71,3,1
3668,38333102,-2.375,0.684,-9.759,-0.423,0.264,0.239,-183.569,13.537,0.070,-0.242,0.239,4.638115,-74.084433,0.71,3,1
3669,38343098,-2.337,0.611,-9.797,0.096,0.325,0.117,-183.564,13.525,0.062,-0.238,0.117,4.638115,-74.084433,0.71,3,1
3670,38354965,-2.349,0.556,-9.773,0.340,0.569,-0.128,-183.532,13.524,0.057,-0.240,-0.128,4.638115,-74.084433,0.71,3,1
3671,38363087,-2.335,0.582,-9.701,0.645,0.538,-0.433,-183.515,13.523,0.059,-0.238,-0.433,4.638115,-74.084433,0.71,3,1
3672,38373103,-2.287,0.626,-9.646,0.828,0.386,-0.891,-183.519,13.506,0.064,-0.233,-0.891,4.638115,-74.084433,0.71,3,1
3673,38383100,-2.251,0.619,-9.574,1.011,0.020,-0.952,-183.520,13.479,0.063,-0.230,-0.952,4.638115,-74.084433,0.71,3,1
3674,38393105,-2.275,0.611,-9.550,1.164,-0.621,-0.860,-183.516,13.461,0.062,-0.232,-0.860,4.638115,-74.084433,0.71,3,1
3675,38403100,-2.340,0.645,-9.590,1.255,-0.865,-0.738,-183.526,13.465,0.066,-0.239,-0.738,4.638115,-74.084433,0.71,3,1
3676,38413106,-2.342,0.604,-9.650,1.408,-0.621,-0.677,-183.514,13.467,0.062,-0.239,-0.677,4.638115,-74.084433,0.71,3,1
3677,38423099,-2.285,0.537,-9.610,1.530,-0.255,-0.738,-183.472,13.451,0.055,-0.233,-0.738,4.638115,-74.084433,0.71,3,1
3678,38433107,-2.304,0.539,-9.588,1.194,-0.133,-0.891,-183.437,13.449,0.055,-0.235,-0.891,4.638115,-74.084433,0.71,3,1
3679,38443099,-2.302,0.539,-9.631,0.736,-0.041,-0.860,-183.409,13.442,0.055,-0.235,-0.860,4.638115,-74.084433,0.71,3,1
3680,38453103,-2.299,0.556,-9.648,0.248,0.142,-0.799,-183.394,13.434,0.057,-0.234,-0.799,4.638115,-74.084433,0.71,3,1
3681,38463100,-2.294,0.628,-9.665,-0.027,0.386,-0.891,-183.416,13.425,0.064,-0.234,-0.891,4.638115,-74.084433,0.71,3,1
3682,38473108,-2.340,0.647,-9.677,-0.118,0.599,-0.799,-183.444,13.437,0.066,-0.239,-0.799,4.638115,-74.084433,0.71,3,1
3683,38483100,-2.342,0.645,-9.696,-0.057,0.752,-0.555,-183.469,13.448,0.066,-0.239,-0.555,4.638115,-74.084433,0.71,3,1
3684,38493104,-2.342,0.621,-9.718,0.034,0.935,-0.341,-183.479,13.458,0.063,-0.239,-0.341,4.638115,-74.084433,0.71,3,1
3685,38503099,-2.330,0.570,-9.713,0.187,1.393,-0.036,-183.465,13.468,0.058,-0.238,-0.036,4.638115,-74.084433,0.71,3,1
3686,38513105,-2.285,0.580,-9.662,0.309,1.637,-0.067,-183.456,13.464,0.059,-0.233,-0.067,4.638115,-74.084433,0.71,3,1
3687,38523099,-2.278,0.553,-9.677,0.614,1.759,-0.555,-183.432,13.458,0.056,-0.232,-0.555,4.638115,-74.084433,0.71,3,1
3688,38533106,-2.175,0.604,-9.636,1.042,1.637,-1.104,-183.431,13.410,0.062,-0.222,-1.104,4.638115,-74.084433,0.71,3,1
3689,38543100,-2.132,0.614,-9.547,1.316,1.118,-1.440,-183.434,13.352,0.063,-0.217,-1.440,4.638115,-74.084433,0.71,3,1
3690,38553107,-2.199,0.606,-9.569,1.713,0.172,-1.745,-183.429,13.316,0.062,-0.224,-1.745,4.638115,-74.084433,0.71,3,1
3691,38563100,-2.271,0.660,-9.634,2.506,-0.682,-1.837,-183.439,13.299,0.067,-0.232,-1.837,4.638115,-74.084433,0.71,3,1
3692,38573103,-2.261,0.638,-9.588,3.269,-0.957,-1.684,-183.433,13.281,0.065,-0.231,-1.684,4.638115,-74.084433,0.71,3,1
3693,38583099,-2.318,0.592,-9.566,3.544,-1.201,-1.348,-183.405,13.289,0.060,-0.236,-1.348,4.638115,-74.084433,0.71,3,1
3694,38593105,-2.402,0.558,-9.653,3.819,-1.201,-1.135,-183.359,13.324,0.057,-0.245,-1.135,4.638115,-74.084433,0.71,3,1
3695,38603100,-2.361,0.520,-9.665,3.910,-0.621,-0.982,-183.298,13.344,0.053,-0.241,-0.982,4.638115,-74.084433,0.71,3,1
3696,38613106,-2.309,0.450,-9.641,3.788,-0.011,-1.043,-183.211,13.347,0.046,-0.235,-1.043,4.638115,-74.084433,0.71,3,1
3697,38623100,-2.249,0.423,-9.667,3.391,0.294,-1.684,-183.122,13.326,0.043,-0.229,-1.684,4.638115,-74.084433,0.71,3,1
3698,38633095,-2.173,0.481,-9.655,2.903,0.508,-2.691,-183.071,13.276,0.049,-0.222,-2.691,4.638115,-74.084433,0.71,3,1
3699,38643102,-2.156,0.500,-9.672,2.476,0.477,-3.759,-183.036,13.220,0.051,-0.220,-3.759,4.638115,-74.084433,0.71,3,1
3700,38660804,-2.333,0.643,-9.819,2.903,0.599,-3.942,-183.039,13.232,0.066,-0.238,-3.942,4.638115,-74.084433,0.71,3,1
3701,38663095,-2.333,0.643,-9.819,2.903,0.599,-3.942,-183.065,13.241,0.066,-0.238,-3.942,4.638115,-74.084433,0.71,3,1
3702,38673102,-2.311,0.573,-9.787,3.300,0.722,-3.118,-183.054,13.245,0.058,-0.236,-3.118,4.638115,-74.084433,0.71,3,1
3703,38683097,-2.313,0.443,-9.711,3.025,0.966,-2.325,-182.987,13.261,0.045,-0.236,-2.325,4.638115,-74.084433,0.71,3,1
3704,38693101,-2.347,0.361,-9.725,2.293,1.271,-1.867,-182.894,13.292,0.037,-0.239,-1.867,4.638115,-74.084433,0.71,3,1
3705,38703098,-2.318,0.368,-9.732,1.499,1.820,-1.715,-182.820,13.312,0.038,-0.236,-1.715,4.638115,-74.084433,0.71,3,1
3706,38713146,-2.263,0.402,-9.687,0.919,2.492,-1.715,-182.773,13.317,0.041,-0.231,-1.715,4.638115,-74.084433,0.71,3,1
3707,38723097,-2.211,0.443,-9.655,0.889,2.736,-1.592,-182.749,13.304,0.045,-0.225,-1.592,4.638115,-74.084433,0.71,3,1
3708,38733102,-2.209,0.500,-9.638,0.706,2.644,-1.196,-182.756,13.292,0.051,-0.225,-1.196,4.638115,-74.084433,0.71,3,1
3709,38743098,-2.259,0.464,-9.622,0.431,2.553,-0.433,-182.749,13.304,0.047,-0.230,-0.433,4.638115,-74.084433,0.71,3,1
3710,38753102,-2.268,0.385,-9.602,-0.149,2.400,0.147,-182.712,13.320,0.039,-0.231,0.147,4.638115,-74.084433,0.71,3,1
3711,38763097,-2.266,0.356,-9.646,-1.034,2.644,0.452,-182.671,13.331,0.036,-0.231,0.452,4.638115,-74.084433,0.71,3,1
3712,38773102,-2.335,0.368,-9.708,-1.980,2.858,0.544,-182.647,13.367,0.038,-0.238,0.544,4.638115,-74.084433,0.71,3,1
3713,38783111,-2.366,0.394,-9.809,-2.498,3.407,0.422,-182.640,13.408,0.040,-0.241,0.422,4.638115,-74.084433,0.71,3,1
3714,38793109,-2.340,0.476,-9.833,-2.590,3.956,0.300,-182.671,13.438,0.049,-0.239,0.300,4.638115,-74.084433,0.71,3,1
3715,38803122,-2.247,0.527,-9.785,-2.071,3.956,0.208,-182.718,13.430,0.054,-0.229,0.208,4.638115,-74.084433,0.71,3,1
3716,38813108,-2.156,0.556,-9.706,-1.034,3.316,0.147,-182.766,13.385,0.057,-0.220,0.147,4.638115,-74.084433,0.71,3,1
3717,38823106,-2.161,0.594,-9.653,0.126,2.186,0.178,-182.819,13.340,0.061,-0.220,0.178,4.638115,-74.084433,0.71,3,1
3718,38833096,-2.194,0.592,-9.650,1.255,0.935,0.269,-182.857,13.302,0.060,-0.224,0.269,4.638115,-74.084433,0.71,3,1
3719,38843099,-2.216,0.522,-9.641,2.018,0.172,0.544,-182.853,13.270,0.053,-0.226,0.544,4.638115,-74.084433,0.71,3,1
3720,38853107,-2.213,0.467,-9.626,2.567,-0.255,0.574,-182.820,13.238,0.048,-0.226,0.574,4.638132,-74.084428,0.90,3,1
3721,38863092,-2.232,0.445,-9.619,2.293,-0.072,0.483,-182.782,13.218,0.045,-0.228,0.483,4.638132,-74.084428,0.90,3,1
3722,38873107,-2.282,0.462,-9.619,1.530,0.355,0.696,-182.761,13.226,0.047,-0.233,0.696,4.638132,-74.084428,0.90,3,1
3723,38883098,-2.273,0.447,-9.674,0.706,1.027,1.124,-182.742,13.230,0.046,-0.232,1.124,4.638132,-74.084428,0.90,3,1
3724,38893101,-2.247,0.435,-9.679,0.034,1.454,1.398,-182.726,13.225,0.044,-0.229,1.398,4.638132,-74.084428,0.90,3,1
3725,38903109,-2.180,0.462,-9.694,-0.759,1.759,1.581,-182.729,13.194,0.047,-0.222,1.581,4.638132,-74.084428,0.90,3,1
3726,38913107,-2.182,0.467,-9.670,-1.369,1.912,1.703,-182.741,13.170,0.048,-0.223,1.703,4.638132,-74.084428,0.90,3,1
3727,38923105,-2.151,0.469,-9.660,-1.552,1.698,1.673,-182.754,13.133,0.048,-0.219,1.673,4.638132,-74.084428,0.90,3,1
3728,38933107,-2.073,0.486,-9.610,-1.369,1.240,1.337,-182.774,13.065,0.050,-0.211,1.337,4.638132,-74.084428,0.90,3,1
3729,38943110,-2.063,0.517,-9.586,-1.095,0.508,0.879,-182.804,12.994,0.053,-0.210,0.879,4.638132,-74.084428,0.90,3,1
3730,38953103,-2.120,0.534,-9.653,-0.667,-0.255,0.666,-182.834,12.939,0.054,-0.216,0.666,4.638132,-74.084428,0.90,3,1
3731,38963090,-2.158,0.561,-9.703,-0.179,-0.591,0.513,-182.868,12.897,0.057,-0.220,0.513,4.638132,-74.084428,0.90,3,1
3732,38973096,-2.209,0.568,-9.763,0.218,-0.499,0.422,-182.898,12.875,0.058,-0.225,0.422,4.638132,-74.084428,0.90,3,1
3733,38983124,-2.228,0.541,-9.785,0.340,-0.011,0.452,-182.912,12.865,0.055,-0.227,0.452,4.638132,-74.084428,0.90,3,1
3734,38993096,-2.218,0.498,-9.797,0.401,0.508,0.483,-182.904,12.856,0.051,-0.226,0.483,4.638132,-74.084428,0.90,3,1
3735,39005400,-2.268,0.520,-9.773,0.462,0.874,0.300,-182.905,12.875,0.053,-0.231,0.300,4.638132,-74.084428,0.90,3,1
3736,39013109,-2.280,0.544,-9.713,0.614,1.240,0.330,-182.919,12.906,0.055,-0.233,0.330,4.638132,-74.084428,0.90,3,1
3737,39023115,-2.218,0.476,-9.650,0.828,1.362,0.483,-182.900,12.916,0.049,-0.226,0.483,4.638132,-74.084428,0.90,3,1
3738,39033115,-2.173,0.450,-9.595,0.675,0.905,0.483,-182.874,12.907,0.046,-0.222,0.483,4.638132,-74.084428,0.90,3,1
3739,39043104,-2.185,0.428,-9.593,0.431,0.355,0.513,-182.842,12.899,0.044,-0.223,0.513,4.638132,-74.084428,0.90,3,1
3740,39053093,-2.228,0.409,-9.610,0.004,0.111,0.239,-182.807,12.906,0.042,-0.227,0.239,4.638132,-74.084428,0.90,3,1
3741,39063108,-2.249,0.440,-9.614,-0.423,-0.041,-0.128,-182.793,12.920,0.045,-0.229,-0.128,4.638132,-74.084428,0.90,3,1
3742,39073114,-2.271,0.515,-9.679,-0.484,0.111,-0.097,-182.813,12.937,0.053,-0.232,-0.097,4.638132,-74.084428,0.90,3,1
3743,39083093,-2.220,0.597,-9.672,-0.088,0.386,-0.067,-182.865,12.933,0.061,-0.226,-0.067,4.638132,-74.084428,0.90,3,1
3744,39093105,-2.204,0.599,-9.727,0.279,0.416,0.117,-182.909,12.918,0.061,-0.225,0.117,4.638132,-74.084428,0.90,3,1
3745,39103105,-2.216,0.573,-9.694,0.340,0.569,0.300,-182.939,12.914,0.058,-0.226,0.300,4.638132,-74.084428,0.90,3,1
3746,39113106,-2.199,0.520,-9.691,0.248,0.783,0.361,-182.943,12.905,0.053,-0.224,0.361,4.638132,-74.084428,0.90,3,1
3747,39123112,-2.199,0.537,-9.735,-0.027,0.935,0.239,-182.955,12.894,0.055,-0.224,0.239,4.638132,-74.084428,0.90,3,1
3748,39133107,-2.187,0.532,-9.771,-0.423,1.149,0.208,-182.968,12.878,0.054,-0.223,0.208,4.638132,-74.084428,0.90,3,1
3749,39143105,-2.178,0.537,-9.701,-0.728,1.179,0.147,-182.986,12.865,0.055,-0.222,0.147,4.638132,-74.084428,0.90,3,1
3750,39153112,-2.170,0.512,-9.706,-1.003,0.905,0.391,-182.995,12.848,0.052,-0.221,0.391,4.638132,-74.084428,0.90,3,1
3751,39163091,-2.223,0.498,-9.759,-0.942,0.752,0.452,-182.994,12.848,0.051,-0.227,0.452,4.638132,-74.084428,0.90,3,1
3752,39173107,-2.149,0.496,-9.679,-1.034,0.813,0.422,-182.995,12.824,0.051,-0.219,0.422,4.638132,-74.084428,0.90,3,1
3753,39183104,-2.149,0.520,-9.718,-0.728,0.660,0.513,-183.003,12.797,0.053,-0.219,0.513,4.638132,-74.084428,0.90,3,1
3754,39193106,-2.170,0.575,-9.787,-0.057,0.599,0.666,-183.028,12.774,0.059,-0.221,0.666,4.638132,-74.084428,0.90,3,1
3755,39203117,-2.123,0.568,-9.737,1.194,0.691,0.788,-183.037,12.738,0.058,-0.216,0.788,4.638132,-74.084428,0.90,3,1
3756,39213103,-2.087,0.474,-9.646,2.140,0.660,0.910,-182.996,12.698,0.048,-0.213,0.910,4.638132,-74.084428,0.90,3,1
3757,39223103,-2.085,0.356,-9.552,2.293,0.355,1.002,-182.905,12.667,0.036,-0.213,1.002,4.638132,-74.084428,0.90,3,1
3758,39233100,-2.080,0.250,-9.521,1.866,-0.225,0.788,-182.777,12.633,0.025,-0.212,0.788,4.638132,-74.084428,0.90,3,1
3759,39243088,-2.118,0.281,-9.526,0.919,-0.743,0.422,-182.682,12.614,0.029,-0.216,0.422,4.638132,-74.084428,0.90,3,1
3760,39253106,-2.168,0.368,-9.622,-0.057,-0.987,0.086,-182.641,12.606,0.038,-0.221,0.086,4.638132,-74.084428,0.90,3,1
3761,39263104,-2.263,0.404,-9.761,-0.637,-0.926,-0.280,-182.623,12.626,0.041,-0.231,-0.280,4.638132,-74.084428,0.90,3,1
3762,39273112,-2.292,0.517,-9.802,-0.942,-0.591,-0.494,-182.658,12.655,0.053,-0.234,-0.494,4.638132,-74.084428,0.90,3,1
3763,39283100,-2.261,0.578,-9.819,-0.637,-0.347,-0.280,-182.714,12.670,0.059,-0.231,-0.280,4.638132,-74.084428,0.90,3,1
3764,39293106,-2.237,0.582,-9.785,-0.088,-0.438,-0.219,-182.764,12.675,0.059,-0.228,-0.219,4.638132,-74.084428,0.90,3,1
3765,39303109,-2.259,0.631,-9.797,0.401,-0.682,-0.036,-182.827,12.686,0.064,-0.230,-0.036,4.638132,-74.084428,0.90,3,1
3766,39313096,-2.275,0.660,-9.802,1.255,-0.682,0.422,-182.890,12.702,0.067,-0.232,0.422,4.638132,-74.084428,0.90,3,1
3767,39323087,-2.225,0.590,-9.747,1.957,-0.621,0.788,-182.912,12.702,0.060,-0.227,0.788,4.638132,-74.084428,0.90,3,1
3768,39333100,-2.206,0.421,-9.557,2.140,-0.713,0.879,-182.858,12.713,0.043,-0.225,0.879,4.638132,-74.084428,0.90,3,1
3769,39343089,-2.185,0.423,-9.526,1.713,-0.743,0.788,-182.815,12.716,0.043,-0.223,0.788,4.638132,-74.084428,0.90,3,1
3770,39355001,-2.187,0.380,-9.578,1.011,-0.774,0.788,-182.758,12.712,0.039,-0.223,0.788,4.638132,-74.084428,0.90,3,1
3771,39363103,-2.194,0.336,-9.533,0.218,-0.591,0.422,-182.695,12.721,0.034,-0.224,0.422,4.638132,-74.084428,0.90,3,1
3772,39373095,-2.149,0.394,-9.554,-0.789,-0.652,-0.067,-182.673,12.706,0.040,-0.219,-0.067,4.638132,-74.084428,0.90,3,1
3773,39383090,-2.166,0.493,-9.660,-1.217,-0.621,-0.189,-182.700,12.689,0.050,-0.221,-0.189,4.638132,-74.084428,0.90,3,1
3774,39393105,-2.185,0.515,-9.725,-1.247,-0.499,-0.097,-182.733,12.676,0.053,-0.223,-0.097,4.638132,-74.084428,0.90,3,1
3775,39403101,-2.187,0.474,-9.684,-0.820,-0.286,-0.189,-182.742,12.672,0.048,-0.223,-0.189,4.638132,-74.084428,0.90,3,1
3776,39413094,-2.220,0.575,-9.660,-0.362,-0.041,-0.555,-182.793,12.686,0.059,-0.226,-0.555,4.638132,-74.084428,0.90,3,1
3777,39423090,-2.178,0.568,-9.646,0.248,0.172,-0.494,-182.831,12.684,0.058,-0.222,-0.494,4.638132,-74.084428,0.90,3,1
3778,39433104,-2.163,0.443,-9.662,0.645,0.172,-0.524,-182.806,12.675,0.045,-0.221,-0.524,4.638132,-74.084428,0.90,3,1
3779,39443097,-2.187,0.481,-9.658,0.706,0.233,-0.799,-182.799,12.678,0.049,-0.223,-0.799,4.638132,-74.084428,0.90,3,1
3780,39453091,-2.232,0.517,-9.711,0.584,0.294,-0.830,-182.809,12.696,0.053,-0.228,-0.830,4.638132,-74.084428,0.90,3,1
3781,39463087,-2.259,0.522,-9.759,0.736,0.508,-0.799,-182.818,12.720,0.053,-0.230,-0.799,4.638132,-74.084428,0.90,3,1
3782,39473096,-2.232,0.510,-9.744,1.042,0.783,-0.585,-182.818,12.735,0.052,-0.228,-0.585,4.638132,-74.084428,0.90,3,1
3783,39483091,-2.209,0.476,-9.711,1.255,0.752,-0.524,-182.802,12.743,0.049,-0.225,-0.524,4.638132,-74.084428,0.90,3,1
3784,39493101,-2.201,0.443,-9.687,1.377,0.599,-0.402,-182.772,12.747,0.045,-0.224,-0.402,4.638132,-74.084428,0.90,3,1
3785,39503092,-2.216,0.488,-9.742,1.499,0.477,-0.280,-182.762,12.751,0.050,-0.226,-0.280,4.638132,-74.084428,0.90,3,1
3786,39513101,-2.211,0.479,-9.766,1.743,0.416,-0.128,-182.745,12.750,0.049,-0.225,-0.128,4.638132,-74.084428,0.90,3,1
3787,39523092,-2.168,0.361,-9.679,1.530,0.203,-0.036,-182.681,12.737,0.037,-0.221,-0.036,4.638132,-74.084428,0.90,3,1
3788,39533105,-2.197,0.317,-9.646,1.011,-0.225,-0.250,-182.607,12.737,0.032,-0.224,-0.250,4.638132,-74.084428,0.90,3,1
3789,39543102,-2.218,0.365,-9.646,0.218,-0.469,-0.433,-182.568,12.743,0.037,-0.226,-0.433,4.638132,-74.084428,0.90,3,1
3790,39553094,-2.209,0.397,-9.660,-0.179,-0.469,-0.463,-182.549,12.744,0.040,-0.225,-0.463,4.638132,-74.084428,0.90,3,1
3791,39563091,-2.220,0.450,-9.653,-0.362,-0.316,-0.555,-182.558,12.751,0.046,-0.226,-0.555,4.638132,-74.084428,0.90,3,1
3792,39573101,-2.204,0.486,-9.696,-0.240,-0.316,-0.555,-182.580,12.747,0.050,-0.225,-0.555,4.638132,-74.084428,0.90,3,1
3793,39583097,-2.178,0.563,-9.696,0.065,-0.316,-0.402,-182.633,12.731,0.057,-0.222,-0.402,4.638132,-74.084428,0.90,3,1
3794,39593091,-2.209,0.578,-9.725,0.553,-0.133,-0.128,-182.683,12.728,0.059,-0.225,-0.128,4.638132,-74.084428,0.90,3,1
3795,39603090,-2.218,0.544,-9.773,0.797,-0.072,0.178,-182.710,12.726,0.055,-0.226,0.178,4.638132,-74.084428,0.90,3,1
3796,39613096,-2.228,0.474,-9.735,0.797,0.050,0.361,-182.705,12.733,0.048,-0.227,0.361,4.638132,-74.084428,0.90,3,1
3797,39623091,-2.242,0.450,-9.715,0.797,0.325,0.452,-182.690,12.751,0.046,-0.229,0.452,4.638132,-74.084428,0.90,3,1
3798,39633104,-2.230,0.447,-9.749,0.675,0.660,0.483,-182.675,12.761,0.046,-0.227,0.483,4.638132,-74.084428,0.90,3,1
3799,39643100,-2.204,0.423,-9.737,0.523,1.210,0.361,-182.652,12.767,0.043,-0.225,0.361,4.638132,-74.084428,0.90,3,1
