seq,t_us,ax,ay,az,gx,gy,gz,roll,pitch,g_lat,g_lon,yaw_rate,lat,lon,gps_spd,sats,gps_fix
0,1573102,-2.678,0.493,-9.559,-1.644,-0.286,0.239,177.044,15.632,0.050,-0.273,0.239,0.000000,0.000000,0.00,0,0
1,1583088,-2.683,0.474,-9.545,-1.247,-0.011,0.269,177.095,15.657,0.048,-0.274,0.269,0.000000,0.000000,0.00,0,0
2,1593101,-2.621,0.491,-9.588,-0.851,0.203,0.025,177.081,15.527,0.050,-0.267,0.025,0.000000,0.000000,0.00,0,0
3,1603101,-2.633,0.505,-9.614,-0.881,0.447,-0.250,177.051,15.469,0.052,-0.268,-0.250,0.000000,0.000000,0.00,0,0
4,1613088,-2.631,0.525,-9.641,-0.820,0.599,-0.219,177.009,15.423,0.053,-0.268,-0.219,0.000000,0.000000,0.00,0,0
5,1623090,-2.631,0.553,-9.636,-0.637,0.844,0.117,176.946,15.394,0.056,-0.268,0.117,0.000000,0.000000,0.00,0,0
6,1633082,-2.609,0.529,-9.612,-0.576,0.783,0.666,176.922,15.357,0.054,-0.266,0.666,0.000000,0.000000,0.00,0,0
7,1643093,-2.576,0.459,-9.614,-0.362,0.599,0.971,176.973,15.296,0.047,-0.263,0.971,0.000000,0.000000,0.00,0,0
8,1653083,-2.578,0.406,-9.590,-0.728,0.508,0.910,177.061,15.252,0.041,-0.263,0.910,0.000000,0.000000,0.00,0,0
9,1663085,-2.595,0.406,-9.576,-1.034,0.386,0.727,177.135,15.230,0.041,-0.265,0.727,0.000000,0.000000,0.00,0,0
10,1673100,-2.633,0.421,-9.598,-1.400,0.416,0.544,177.185,15.239,0.043,-0.268,0.544,0.000000,0.000000,0.00,0,0
11,1683099,-2.643,0.443,-9.643,-1.736,0.538,0.269,177.210,15.245,0.045,-0.269,0.269,0.000000,0.000000,0.00,0,0
12,1693095,-2.640,0.474,-9.670,-1.858,0.813,0.086,177.204,15.245,0.048,-0.269,0.086,0.000000,0.000000,0.00,0,0
13,1703095,-2.602,0.508,-9.662,-1.858,1.118,-0.067,177.168,15.217,0.052,-0.265,-0.067,0.000000,0.000000,0.00,0,0
14,1713100,-2.569,0.505,-9.600,-1.827,1.271,-0.311,177.135,15.178,0.052,-0.262,-0.311,0.000000,0.000000,0.00,0,0
15,1723091,-2.564,0.520,-9.523,-1.675,0.935,-0.463,177.090,15.154,0.053,-0.261,-0.463,0.000000,0.000000,0.00,0,0
16,1733094,-2.564,0.517,-9.470,-1.369,0.447,-0.433,177.053,15.141,0.053,-0.261,-0.433,0.000000,0.000000,0.00,0,0
17,1743105,-2.619,0.510,-9.470,-1.034,-0.011,-0.433,177.029,15.172,0.052,-0.267,-0.433,0.000000,0.000000,0.00,0,0
18,1753109,-2.638,0.488,-9.535,-0.667,-0.347,-0.463,177.033,15.199,0.050,-0.269,-0.463,4.638150,-74.084432,0.75,0,1
19,1763100,-2.671,0.464,-9.566,-0.759,-0.469,-0.555,177.059,15.244,0.047,-0.272,-0.555,4.638150,-74.084432,0.75,0,1
20,1773091,-2.683,0.469,-9.605,-0.851,-0.499,-0.646,177.079,15.285,0.048,-0.274,-0.646,4.638150,-74.084432,0.75,0,1
21,1783092,-2.709,0.476,-9.626,-0.912,-0.286,-0.616,177.091,15.340,0.049,-0.276,-0.616,4.638150,-74.084432,0.75,0,1
22,1793112,-2.669,0.515,-9.607,-1.247,-0.041,-0.524,177.065,15.363,0.053,-0.272,-0.524,4.638150,-74.084432,0.75,0,1
23,1803104,-2.638,0.553,-9.629,-1.461,-0.011,-0.341,177.009,15.353,0.056,-0.269,-0.341,4.638150,-74.084432,0.75,0,1
24,1813098,-2.635,0.561,-9.638,-1.400,0.020,-0.158,176.953,15.342,0.057,-0.269,-0.158,4.638150,-74.084432,0.75,0,1
25,1823106,-2.602,0.563,-9.607,-1.095,0.264,-0.128,176.904,15.314,0.057,-0.265,-0.128,4.638150,-74.084432,0.75,0,1
26,1833102,-2.597,0.578,-9.598,-0.912,0.264,-0.097,176.849,15.288,0.059,-0.265,-0.097,4.638150,-74.084432,0.75,0,1
27,1843119,-2.604,0.582,-9.595,-0.912,0.172,-0.097,176.797,15.269,0.059,-0.266,-0.097,4.638150,-74.084432,0.75,0,1
28,1853102,-2.607,0.551,-9.576,-0.973,0.111,-0.128,176.773,15.258,0.056,-0.266,-0.128,4.638150,-74.084432,0.75,0,1
29,1863106,-2.590,0.505,-9.564,-1.217,0.111,-0.158,176.787,15.239,0.052,-0.264,-0.158,4.638150,-74.084432,0.75,3,1
30,1873096,-2.616,0.486,-9.550,-1.675,0.081,-0.128,176.809,15.244,0.050,-0.267,-0.128,4.638150,-74.084432,0.75,3,1
31,1883104,-2.623,0.486,-9.542,-1.827,0.111,-0.280,176.828,15.255,0.050,-0.268,-0.280,4.638150,-74.084432,0.75,3,1
32,1893117,-2.638,0.520,-9.583,-1.797,0.447,-0.463,176.822,15.269,0.053,-0.269,-0.463,4.638150,-74.084432,0.75,3,1
33,1903107,-2.602,0.573,-9.583,-1.522,0.813,-0.433,176.779,15.260,0.058,-0.265,-0.433,4.638150,-74.084432,0.75,3,1
34,1913095,-2.561,0.544,-9.547,-1.156,0.874,-0.280,176.764,15.232,0.055,-0.261,-0.280,4.638150,-74.084432,0.75,3,1
35,1923106,-2.561,0.500,-9.482,-1.003,0.691,-0.219,176.782,15.217,0.051,-0.261,-0.219,4.638150,-74.084432,0.75,3,1
36,1935653,-2.576,0.481,-9.456,-1.186,0.233,-0.402,176.808,15.214,0.049,-0.263,-0.402,4.638150,-74.084432,0.75,3,1
37,1943098,-2.633,0.510,-9.506,-1.308,-0.194,-0.280,176.813,15.237,0.052,-0.268,-0.280,4.638150,-74.084432,0.75,3,1
38,1953101,-2.712,0.534,-9.590,-1.491,-0.438,-0.158,176.802,15.292,0.054,-0.277,-0.158,4.638150,-74.084432,0.75,3,1
39,1963099,-2.716,0.558,-9.665,-1.613,-0.133,-0.128,176.778,15.334,0.057,-0.277,-0.128,4.638150,-74.084432,0.75,3,1
40,1973115,-2.702,0.537,-9.730,-1.522,0.447,-0.097,176.774,15.356,0.055,-0.276,-0.097,4.638150,-74.084432,0.75,3,1
41,1983103,-2.700,0.556,-9.730,-1.461,0.813,-0.311,176.759,15.377,0.057,-0.275,-0.311,4.638150,-74.084432,0.75,3,1
42,1993107,-2.657,0.599,-9.658,-1.400,0.996,-0.433,176.714,15.383,0.061,-0.271,-0.433,4.638150,-74.084432,0.75,3,1
43,2003098,-2.647,0.621,-9.629,-1.003,0.996,-0.402,176.661,15.387,0.063,-0.270,-0.402,4.638150,-74.084432,0.75,3,1
44,2013099,-2.619,0.621,-9.590,-0.240,1.027,-0.341,176.619,15.380,0.063,-0.267,-0.341,4.638150,-74.084432,0.75,3,1
45,2023100,-2.604,0.575,-9.535,0.340,0.996,-0.280,176.613,15.373,0.059,-0.266,-0.280,4.638150,-74.084432,0.75,3,1
46,2033107,-2.583,0.491,-9.492,0.492,0.905,-0.555,176.664,15.362,0.050,-0.263,-0.555,4.638150,-74.084432,0.75,3,1
47,2043102,-2.559,0.503,-9.492,0.492,0.722,-0.616,176.701,15.335,0.051,-0.261,-0.616,4.638150,-74.084432,0.75,3,1
48,2053102,-2.597,0.525,-9.523,0.187,0.630,-0.616,176.720,15.327,0.053,-0.265,-0.616,4.638150,-74.084432,0.75,3,1
49,2065066,-2.607,0.510,-9.552,-0.088,0.722,-0.341,176.745,15.322,0.052,-0.266,-0.341,4.638150,-74.084432,0.75,3,1
50,2073126,-2.616,0.486,-9.595,-0.454,0.966,-0.189,176.781,15.319,0.050,-0.267,-0.189,4.638150,-74.084432,0.75,3,1
51,2083102,-2.607,0.469,-9.626,-0.942,1.179,-0.128,176.821,15.307,0.048,-0.266,-0.128,4.638150,-74.084432,0.75,3,1
52,2093098,-2.604,0.527,-9.610,-1.308,1.637,-0.219,176.817,15.300,0.054,-0.266,-0.219,4.638150,-74.084432,0.75,3,1
53,2103110,-2.597,0.537,-9.643,-1.339,1.851,0.086,176.809,15.287,0.055,-0.265,0.086,4.638150,-74.084432,0.75,3,1
54,2113108,-2.571,0.500,-9.542,-1.247,1.546,0.391,176.821,15.273,0.051,-0.262,0.391,4.638150,-74.084432,0.75,3,1
55,2123108,-2.550,0.541,-9.564,-1.400,1.240,0.330,176.807,15.241,0.055,-0.260,0.330,4.638150,-74.084432,0.75,3,1
56,2133102,-2.581,0.512,-9.583,-1.430,0.966,0.117,176.811,15.225,0.052,-0.263,0.117,4.638150,-74.084432,0.75,3,1
57,2143099,-2.607,0.558,-9.629,-1.186,0.935,-0.189,176.792,15.217,0.057,-0.266,-0.189,4.638150,-74.084432,0.75,3,1
58,2153118,-2.633,0.635,-9.715,-0.667,1.027,-0.219,176.737,15.212,0.065,-0.268,-0.219,4.638150,-74.084432,0.75,3,1
59,2163106,-2.597,0.638,-9.715,0.034,1.179,-0.067,176.691,15.188,0.065,-0.265,-0.067,4.638150,-74.084432,0.75,3,1
60,2173094,-2.559,0.621,-9.677,0.431,1.118,-0.036,176.661,15.151,0.063,-0.261,-0.036,4.638150,-74.084432,0.75,3,1
61,2183104,-2.545,0.599,-9.665,0.675,1.027,0.025,176.648,15.111,0.061,-0.259,0.025,4.638150,-74.084432,0.75,3,1
62,2193103,-2.528,0.594,-9.578,0.553,1.149,0.117,176.635,15.078,0.061,-0.258,0.117,4.638150,-74.084432,0.75,3,1
63,2203115,-2.485,0.580,-9.511,0.370,1.057,0.208,176.627,15.034,0.059,-0.253,0.208,4.638150,-74.084432,0.75,3,1
64,2213107,-2.516,0.599,-9.475,0.096,1.027,0.330,176.605,15.015,0.061,-0.257,0.330,4.638150,-74.084432,0.75,3,1
65,2223101,-2.564,0.587,-9.427,-0.118,1.210,0.574,176.588,15.032,0.060,-0.261,0.574,4.638150,-74.084432,0.75,3,1
66,2233102,-2.542,0.500,-9.425,-0.240,1.454,0.635,176.622,15.040,0.051,-0.259,0.635,4.638150,-74.084432,0.75,3,1
67,2243105,-2.557,0.537,-9.494,-0.118,1.393,0.513,176.635,15.044,0.055,-0.261,0.513,4.638150,-74.084432,0.75,3,1
68,2253102,-2.561,0.563,-9.559,0.065,1.362,0.422,176.636,15.040,0.057,-0.261,0.422,4.638150,-74.084432,0.75,3,1
69,2263105,-2.576,0.534,-9.634,0.218,1.301,0.422,176.657,15.033,0.054,-0.263,0.422,4.638150,-74.084432,0.75,3,1
70,2273102,-2.602,0.520,-9.674,0.279,1.271,0.269,176.687,15.035,0.053,-0.265,0.269,4.638150,-74.084432,0.75,3,1
71,2284044,-2.571,0.529,-9.677,0.401,1.027,-0.036,176.710,15.017,0.054,-0.262,-0.036,4.638150,-74.084432,0.75,3,1
72,2293105,-2.552,0.551,-9.677,0.492,0.630,-0.250,176.719,14.987,0.056,-0.260,-0.250,4.638150,-74.084432,0.75,3,1
73,2303106,-2.569,0.539,-9.674,0.462,0.233,-0.494,176.734,14.966,0.055,-0.262,-0.494,4.638150,-74.084432,0.75,3,1
74,2313105,-2.535,0.551,-9.629,0.553,-0.011,-0.707,176.740,14.933,0.056,-0.259,-0.707,4.638150,-74.084432,0.75,3,1
75,2323106,-2.566,0.698,-9.679,0.584,-0.194,-0.799,176.666,14.908,0.071,-0.262,-0.799,4.638150,-74.084432,0.75,3,1
76,2333104,-2.550,0.645,-9.701,0.889,-0.316,-0.433,176.631,14.874,0.066,-0.260,-0.433,4.638150,-74.084432,0.75,3,1
77,2343106,-2.480,0.496,-9.610,1.011,-0.499,-0.341,176.679,14.820,0.051,-0.253,-0.341,4.638150,-74.084432,0.75,3,1
78,2353104,-2.535,0.566,-9.612,0.553,-0.652,-0.433,176.681,14.795,0.058,-0.259,-0.433,4.638150,-74.084432,0.75,3,1
79,2363106,-2.576,0.619,-9.638,0.431,-0.377,-0.250,176.653,14.793,0.063,-0.263,-0.250,4.638150,-74.084432,0.75,3,1
80,2373105,-2.552,0.590,-9.605,0.279,0.172,0.117,176.640,14.788,0.060,-0.260,0.117,4.638150,-74.084432,0.75,3,1
81,2383102,-2.490,0.529,-9.545,0.187,0.325,0.330,176.659,14.762,0.054,-0.254,0.330,4.638150,-74.084432,0.75,3,1
82,2393105,-2.485,0.433,-9.482,-0.027,0.203,0.391,176.726,14.743,0.044,-0.253,0.391,4.638150,-74.084432,0.75,3,1
83,2403106,-2.523,0.438,-9.482,-0.698,-0.163,0.208,176.778,14.743,0.045,-0.257,0.208,4.638150,-74.084432,0.75,3,1
84,2413105,-2.573,0.484,-9.538,-1.095,-0.316,0.055,176.799,14.759,0.049,-0.262,0.055,4.638150,-74.084432,0.75,3,1
85,2423106,-2.607,0.500,-9.562,-1.369,-0.133,-0.097,176.807,14.789,0.051,-0.266,-0.097,4.638150,-74.084432,0.75,3,1
86,2433105,-2.614,0.553,-9.614,-1.369,-0.133,-0.128,176.788,14.813,0.056,-0.267,-0.128,4.638150,-74.084432,0.75,3,1
87,2443106,-2.621,0.594,-9.665,-0.851,-0.133,-0.219,176.755,14.831,0.061,-0.267,-0.219,4.638150,-74.084432,0.75,3,1
88,2453105,-2.626,0.606,-9.677,-0.393,-0.438,-0.372,176.722,14.846,0.062,-0.268,-0.372,4.638150,-74.084432,0.75,3,1
89,2463106,-2.643,0.635,-9.706,0.187,-0.713,-0.433,176.684,14.861,0.065,-0.269,-0.433,4.638150,-74.084432,0.75,3,1
90,2473104,-2.626,0.640,-9.682,0.736,-0.743,-0.402,176.650,14.870,0.065,-0.268,-0.402,4.638150,-74.084432,0.75,3,1
91,2483106,-2.585,0.633,-9.655,1.164,-0.743,-0.402,176.625,14.862,0.065,-0.264,-0.402,4.638150,-74.084432,0.75,3,1
92,2493105,-2.547,0.558,-9.619,1.347,-0.652,-0.158,176.643,14.842,0.057,-0.260,-0.158,4.638150,-74.084432,0.75,3,1
93,2503106,-2.509,0.517,-9.569,1.164,-0.499,-0.097,176.677,14.814,0.053,-0.256,-0.097,4.638150,-74.084432,0.75,3,1
94,2513105,-2.507,0.512,-9.564,0.767,-0.438,-0.189,176.707,14.787,0.052,-0.256,-0.189,4.638150,-74.084432,0.75,3,1
95,2523106,-2.530,0.534,-9.526,0.218,-0.408,-0.250,176.717,14.780,0.054,-0.258,-0.250,4.638150,-74.084432,0.75,3,1
96,2533104,-2.545,0.541,-9.593,-0.179,-0.469,-0.158,176.721,14.771,0.055,-0.259,-0.158,4.638150,-74.084432,0.75,3,1
97,2543106,-2.566,0.566,-9.617,-0.484,-0.377,-0.158,176.710,14.772,0.058,-0.262,-0.158,4.638150,-74.084432,0.75,3,1
98,2553105,-2.590,0.580,-9.662,-0.912,-0.316,-0.067,176.690,14.778,0.059,-0.264,-0.067,4.638150,-74.084432,0.75,3,1
99,2583261,-2.602,0.597,-9.638,-1.156,0.081,-0.280,176.637,14.785,0.061,-0.265,-0.280,4.638150,-74.084432,0.75,3,1
100,2584604,-2.602,0.597,-9.638,-1.156,0.081,-0.280,176.596,14.800,0.061,-0.265,-0.280,4.638150,-74.084432,0.75,3,1
101,2585923,-2.602,0.597,-9.638,-1.156,0.081,-0.280,176.569,14.820,0.061,-0.265,-0.280,4.638150,-74.084432,0.75,3,1
102,2593104,-2.585,0.602,-9.605,-0.973,0.050,-0.341,176.544,14.835,0.061,-0.264,-0.341,4.638150,-74.084432,0.75,3,1
103,2603106,-2.547,0.604,-9.590,-0.637,-0.102,-0.372,176.524,14.828,0.062,-0.260,-0.372,4.638150,-74.084432,0.75,3,1
104,2613105,-2.554,0.667,-9.562,-0.179,-0.286,-0.524,176.472,14.827,0.068,-0.260,-0.524,4.638150,-74.084432,0.75,3,1
105,2623106,-2.557,0.669,-9.590,0.157,-0.591,-0.463,176.428,14.820,0.068,-0.261,-0.463,4.638150,-74.084432,0.75,3,1
106,2633105,-2.576,0.640,-9.598,0.584,-0.743,-0.219,176.410,14.822,0.065,-0.263,-0.219,4.638150,-74.084432,0.75,3,1
107,2643106,-2.590,0.606,-9.605,0.797,-0.835,-0.128,176.414,14.830,0.062,-0.264,-0.128,4.638150,-74.084432,0.75,3,1
108,2653105,-2.554,0.566,-9.605,0.736,-0.652,-0.128,176.439,14.820,0.058,-0.260,-0.128,4.638150,-74.084432,0.75,3,1
109,2663106,-2.571,0.549,-9.600,0.370,-0.255,-0.189,176.468,14.824,0.056,-0.262,-0.189,4.638150,-74.084432,0.75,3,1
110,2673118,-2.590,0.544,-9.590,0.157,0.264,-0.219,176.494,14.844,0.055,-0.264,-0.219,4.638150,-74.084432,0.75,3,1
111,2683106,-2.511,0.522,-9.516,-0.179,0.508,-0.280,176.525,14.835,0.053,-0.256,-0.280,4.638150,-74.084432,0.75,3,1
112,2693105,-2.521,0.529,-9.535,-0.301,0.264,-0.433,176.548,14.826,0.054,-0.257,-0.433,4.638150,-74.084432,0.75,3,1
113,2703096,-2.545,0.529,-9.533,-0.118,-0.041,-0.311,176.571,14.827,0.054,-0.259,-0.311,4.638150,-74.084432,0.75,3,1
114,2713101,-2.573,0.520,-9.566,-0.088,-0.347,-0.250,176.599,14.836,0.053,-0.262,-0.250,4.638150,-74.084432,0.75,3,1
115,2723098,-2.623,0.563,-9.641,0.004,-0.469,-0.463,176.604,14.856,0.057,-0.268,-0.463,4.638150,-74.084432,0.75,3,1
116,2733109,-2.638,0.597,-9.648,0.065,-0.194,-0.402,176.593,14.884,0.061,-0.269,-0.402,4.638150,-74.084432,0.75,3,1
117,2743107,-2.604,0.556,-9.662,0.187,0.020,-0.280,176.605,14.893,0.057,-0.266,-0.280,4.638150,-74.084432,0.75,3,1
118,2753102,-2.588,0.541,-9.646,0.340,0.203,-0.280,176.624,14.898,0.055,-0.264,-0.280,4.638150,-74.084435,0.72,3,1
119,2763130,-2.528,0.568,-9.634,0.340,0.264,-0.311,176.628,14.876,0.058,-0.258,-0.311,4.638150,-74.084435,0.72,3,1
120,2773093,-2.519,0.594,-9.612,0.218,0.203,-0.402,176.616,14.853,0.061,-0.257,-0.402,4.638150,-74.084435,0.72,3,1
121,2783095,-2.538,0.587,-9.617,0.065,0.081,-0.280,176.608,14.839,0.060,-0.259,-0.280,4.638150,-74.084435,0.72,3,1
122,2793102,-2.533,0.619,-9.614,-0.149,0.172,-0.189,176.582,14.825,0.063,-0.258,-0.189,4.638150,-74.084435,0.72,3,1
123,2803126,-2.533,0.597,-9.614,-0.515,0.294,-0.067,176.566,14.813,0.061,-0.258,-0.067,4.638150,-74.084435,0.72,3,1
124,2813101,-2.564,0.568,-9.617,-0.759,0.660,0.055,176.564,14.821,0.058,-0.261,0.055,4.638150,-74.084435,0.72,3,1
125,2823113,-2.576,0.544,-9.622,-1.034,1.027,-0.067,176.572,14.836,0.055,-0.263,-0.067,4.638150,-74.084435,0.72,3,1
126,2833108,-2.552,0.587,-9.636,-1.186,1.240,-0.250,176.556,14.839,0.060,-0.260,-0.250,4.638150,-74.084435,0.72,3,1
127,2843109,-2.511,0.609,-9.590,-0.851,1.332,-0.219,176.532,14.829,0.062,-0.256,-0.219,4.638150,-74.084435,0.72,3,1
128,2853116,-2.473,0.558,-9.490,-0.393,1.240,-0.158,176.537,14.813,0.057,-0.252,-0.158,4.638150,-74.084435,0.72,3,1
129,2863095,-2.499,0.500,-9.444,-0.088,0.599,-0.372,176.573,14.811,0.051,-0.255,-0.372,4.638150,-74.084435,0.72,3,1
130,2873099,-2.528,0.527,-9.482,0.096,0.111,-0.524,176.595,14.814,0.054,-0.258,-0.524,4.638150,-74.084435,0.72,3,1
131,2883096,-2.552,0.512,-9.506,0.187,-0.041,-0.402,176.624,14.823,0.052,-0.260,-0.402,4.638150,-74.084435,0.72,3,1
132,2893111,-2.628,0.546,-9.619,-0.027,0.050,-0.402,176.636,14.854,0.056,-0.268,-0.402,4.638150,-74.084435,0.72,3,1
133,2903107,-2.585,0.570,-9.641,-0.149,0.416,-0.524,176.633,14.863,0.058,-0.264,-0.524,4.638150,-74.084435,0.72,3,1
134,2913094,-2.576,0.587,-9.696,-0.118,0.660,-0.585,176.625,14.862,0.060,-0.263,-0.585,4.638150,-74.084435,0.72,3,1
135,2925254,-2.561,0.614,-9.699,-0.057,0.813,-0.494,176.604,14.856,0.063,-0.261,-0.494,4.638150,-74.084435,0.72,3,1
136,2933123,-2.566,0.616,-9.715,-0.088,0.966,-0.372,176.584,14.851,0.063,-0.262,-0.372,4.638150,-74.084435,0.72,3,1
137,2943122,-2.526,0.611,-9.718,-0.301,1.179,-0.280,176.566,14.829,0.062,-0.258,-0.280,4.638150,-74.084435,0.72,3,1
138,2953099,-2.528,0.597,-9.670,-0.332,1.240,-0.097,176.555,14.817,0.061,-0.258,-0.097,4.638150,-74.084435,0.72,3,1
139,2963100,-2.516,0.537,-9.602,-0.454,1.362,-0.006,176.572,14.810,0.055,-0.257,-0.006,4.638150,-74.084435,0.72,3,1
140,2973099,-2.509,0.500,-9.504,-0.637,1.271,-0.097,176.602,14.812,0.051,-0.256,-0.097,4.638150,-74.084435,0.72,3,1
141,2983117,-2.507,0.566,-9.482,-0.912,0.874,-0.311,176.593,14.811,0.058,-0.256,-0.311,4.638150,-74.084435,0.72,3,1
142,2993103,-2.526,0.587,-9.509,-0.973,0.599,-0.555,176.574,14.813,0.060,-0.258,-0.555,4.638150,-74.084435,0.72,3,1
143,3003100,-2.604,0.541,-9.557,-0.484,0.172,-0.433,176.586,14.842,0.055,-0.266,-0.433,4.638150,-74.084435,0.72,3,1
144,3013102,-2.607,0.549,-9.600,-0.088,0.172,-0.585,176.598,14.865,0.056,-0.266,-0.585,4.638150,-74.084435,0.72,3,1
145,3023094,-2.595,0.655,-9.617,0.034,0.233,-0.830,176.558,14.878,0.067,-0.265,-0.830,4.638150,-74.084435,0.72,3,1
146,3033106,-2.602,0.672,-9.684,0.431,0.081,-0.646,176.519,14.883,0.068,-0.265,-0.646,4.638150,-74.084435,0.72,3,1
147,3043111,-2.552,0.616,-9.670,0.767,0.142,-0.341,176.512,14.868,0.063,-0.260,-0.341,4.638150,-74.084435,0.72,3,1
148,3053097,-2.538,0.594,-9.636,0.797,0.203,-0.250,176.516,14.852,0.061,-0.259,-0.250,4.638150,-74.084435,0.72,3,1
149,3063094,-2.507,0.587,-9.607,0.553,0.111,-0.189,176.520,14.826,0.060,-0.256,-0.189,4.638150,-74.084435,0.72,3,1
150,3073108,-2.504,0.551,-9.600,0.126,0.142,-0.067,176.538,14.802,0.056,-0.255,-0.067,4.638150,-74.084435,0.72,3,1
151,3083143,-2.519,0.541,-9.622,-0.606,0.294,-0.036,176.553,14.785,0.055,-0.257,-0.036,4.638150,-74.084435,0.72,3,1
152,3093114,-2.547,0.527,-9.629,-1.308,0.660,-0.128,176.567,14.786,0.054,-0.260,-0.128,4.638150,-74.084435,0.72,3,1
153,3103096,-2.530,0.512,-9.607,-1.858,1.027,-0.280,176.582,14.785,0.052,-0.258,-0.280,4.638150,-74.084435,0.72,3,1
154,3113098,-2.504,0.539,-9.595,-2.224,1.118,-0.341,176.579,14.774,0.055,-0.255,-0.341,4.638150,-74.084435,0.72,3,1
155,3123093,-2.514,0.566,-9.564,-2.285,1.149,-0.372,176.562,14.772,0.058,-0.256,-0.372,4.638150,-74.084435,0.72,3,1
156,3133099,-2.523,0.602,-9.576,-1.919,1.057,-0.585,176.533,14.772,0.061,-0.257,-0.585,4.638150,-74.084435,0.72,3,1
157,3143093,-2.550,0.616,-9.562,-1.125,0.966,-0.677,176.505,14.785,0.063,-0.260,-0.677,4.638150,-74.084435,0.72,3,1
158,3153102,-2.542,0.631,-9.583,-0.332,0.752,-0.677,176.480,14.789,0.064,-0.259,-0.677,4.638150,-74.084435,0.72,3,1
159,3163113,-2.554,0.606,-9.550,0.431,0.538,-0.677,176.475,14.800,0.062,-0.260,-0.677,4.638150,-74.084435,0.72,3,1
160,3173100,-2.550,0.556,-9.562,0.736,0.355,-0.585,176.499,14.806,0.057,-0.260,-0.585,4.638150,-74.084435,0.72,3,1
161,3183107,-2.550,0.534,-9.629,0.706,0.050,-0.616,176.533,14.800,0.054,-0.260,-0.616,4.638150,-74.084435,0.72,3,1
162,3193095,-2.566,0.539,-9.653,0.401,0.050,-0.768,176.560,14.800,0.055,-0.262,-0.768,4.638150,-74.084435,0.72,3,1
163,3203104,-2.533,0.537,-9.665,-0.118,0.203,-0.646,176.581,14.784,0.055,-0.258,-0.646,4.638150,-74.084435,0.72,3,1
164,3213094,-2.542,0.558,-9.648,-0.393,0.386,-0.646,176.588,14.777,0.057,-0.259,-0.646,4.638150,-74.084435,0.72,3,1
165,3223097,-2.516,0.573,-9.638,-0.637,0.630,-0.585,176.584,14.763,0.058,-0.257,-0.585,4.638150,-74.084435,0.72,3,1
166,3233103,-2.499,0.597,-9.634,-0.728,0.630,-0.524,176.568,14.742,0.061,-0.255,-0.524,4.638150,-74.084435,0.72,3,1
167,3243099,-2.499,0.599,-9.629,-0.637,0.691,-0.555,176.552,14.724,0.061,-0.255,-0.555,4.638150,-74.084435,0.72,3,1
168,3253103,-2.507,0.594,-9.593,-0.545,0.813,-0.494,176.540,14.716,0.061,-0.256,-0.494,4.638150,-74.084435,0.72,3,1
169,3263100,-2.497,0.578,-9.552,-0.454,0.722,-0.402,176.537,14.708,0.059,-0.255,-0.402,4.638150,-74.084435,0.72,3,1
170,3275018,-2.514,0.573,-9.542,-0.393,0.538,-0.372,176.536,14.708,0.058,-0.256,-0.372,4.638150,-74.084435,0.72,3,1
171,3283098,-2.514,0.578,-9.583,-0.423,0.660,-0.372,176.534,14.704,0.059,-0.256,-0.372,4.638150,-74.084435,0.72,3,1
172,3293104,-2.521,0.573,-9.578,-0.393,0.966,-0.463,176.535,14.708,0.058,-0.257,-0.463,4.638150,-74.084435,0.72,3,1
173,3303104,-2.523,0.604,-9.619,-0.362,1.210,-0.524,176.522,14.709,0.062,-0.257,-0.524,4.638150,-74.084435,0.72,3,1
174,3313090,-2.499,0.679,-9.658,-0.210,1.332,-0.402,176.477,14.695,0.069,-0.255,-0.402,4.638150,-74.084435,0.72,3,1
175,3323095,-2.490,0.616,-9.629,0.157,1.454,-0.158,176.467,14.683,0.063,-0.254,-0.158,4.638150,-74.084435,0.72,3,1
176,3333100,-2.430,0.537,-9.542,0.187,1.271,-0.006,176.496,14.654,0.055,-0.248,-0.006,4.638150,-74.084435,0.72,3,1
177,3343096,-2.445,0.532,-9.516,-0.149,0.874,0.086,176.520,14.632,0.054,-0.249,0.086,4.638150,-74.084435,0.72,3,1
178,3353098,-2.478,0.534,-9.506,-0.606,0.752,-0.006,176.537,14.628,0.054,-0.253,-0.006,4.638150,-74.084435,0.72,3,1
179,3363099,-2.488,0.537,-9.545,-1.034,0.722,-0.097,176.549,14.624,0.055,-0.254,-0.097,4.638150,-74.084435,0.72,3,1
180,3373104,-2.538,0.561,-9.581,-1.400,0.935,-0.097,176.545,14.641,0.057,-0.259,-0.097,4.638150,-74.084435,0.72,3,1
181,3383104,-2.552,0.575,-9.646,-1.400,1.210,-0.189,176.537,14.657,0.059,-0.260,-0.189,4.638150,-74.084435,0.72,3,1
182,3393104,-2.566,0.563,-9.718,-1.461,1.301,-0.402,176.537,14.671,0.057,-0.262,-0.402,4.638150,-74.084435,0.72,3,1
183,3403104,-2.571,0.614,-9.735,-1.430,1.393,-0.494,176.513,14.684,0.063,-0.262,-0.494,4.638150,-74.084435,0.72,3,1
184,3413090,-2.554,0.645,-9.708,-1.034,1.454,-0.646,176.479,14.693,0.066,-0.260,-0.646,4.638150,-74.084435,0.72,3,1
185,3423096,-2.523,0.619,-9.674,-0.545,1.362,-0.738,176.464,14.690,0.063,-0.257,-0.738,4.638150,-74.084435,0.72,3,1
186,3433098,-2.502,0.621,-9.610,-0.057,1.057,-0.768,176.451,14.682,0.063,-0.255,-0.768,4.638150,-74.084435,0.72,3,1
187,3443098,-2.476,0.602,-9.557,0.309,0.508,-0.830,176.451,14.664,0.061,-0.252,-0.830,4.638150,-74.084435,0.72,3,1
188,3453098,-2.466,0.590,-9.542,0.401,-0.072,-0.830,176.457,14.640,0.060,-0.251,-0.830,4.638150,-74.084435,0.72,3,1
189,3463098,-2.483,0.570,-9.554,0.126,-0.316,-0.646,176.469,14.622,0.058,-0.253,-0.646,4.638150,-74.084435,0.72,3,1
190,3473104,-2.509,0.590,-9.602,-0.362,-0.225,-0.524,176.468,14.612,0.060,-0.256,-0.524,4.638150,-74.084435,0.72,3,1
191,3483100,-2.523,0.623,-9.643,-0.942,0.081,-0.372,176.447,14.607,0.064,-0.257,-0.372,4.638150,-74.084435,0.72,3,1
192,3493104,-2.516,0.676,-9.682,-1.491,0.569,-0.128,176.398,14.599,0.069,-0.257,-0.128,4.638150,-74.084435,0.72,3,1
193,3503104,-2.499,0.674,-9.691,-1.797,1.088,0.300,176.352,14.588,0.069,-0.255,0.300,4.638150,-74.084435,0.72,3,1
194,3513090,-2.464,0.640,-9.641,-1.949,1.301,0.635,176.322,14.569,0.065,-0.251,0.635,4.638150,-74.084435,0.72,3,1
195,3523096,-2.464,0.558,-9.598,-2.254,1.240,0.605,176.330,14.557,0.057,-0.251,0.605,4.638150,-74.084435,0.72,3,1
196,3533104,-2.461,0.580,-9.550,-2.224,1.088,0.422,176.326,14.549,0.059,-0.251,0.422,4.638150,-74.084435,0.72,3,1
197,3543104,-2.495,0.611,-9.562,-2.010,0.874,0.147,176.310,14.553,0.062,-0.254,0.147,4.638150,-74.084435,0.72,3,1
198,3553104,-2.478,0.592,-9.598,-1.369,0.691,-0.036,176.311,14.543,0.060,-0.253,-0.036,4.638150,-74.084435,0.72,3,1
199,3577745,-2.466,0.611,-9.641,0.431,-0.438,-0.646,176.328,14.494,0.062,-0.251,-0.646,4.638150,-74.084435,0.72,3,1
200,3579076,-2.466,0.611,-9.641,0.431,-0.438,-0.646,176.340,14.460,0.062,-0.251,-0.646,4.638150,-74.084435,0.72,3,1
201,3583157,-2.466,0.611,-9.641,0.431,-0.438,-0.646,176.348,14.435,0.062,-0.251,-0.646,4.638150,-74.084435,0.72,3,1
202,3593089,-2.497,0.606,-9.653,0.889,-0.774,-0.830,176.362,14.424,0.062,-0.255,-0.830,4.638150,-74.084435,0.72,3,1
203,3603092,-2.526,0.638,-9.629,1.103,-0.652,-0.738,176.360,14.431,0.065,-0.258,-0.738,4.638150,-74.084435,0.72,3,1
204,3613095,-2.499,0.631,-9.581,1.255,-0.499,-0.555,176.361,14.433,0.064,-0.255,-0.555,4.638150,-74.084435,0.72,3,1
205,3623092,-2.466,0.614,-9.554,1.225,-0.255,-0.341,176.370,14.424,0.063,-0.251,-0.341,4.638150,-74.084435,0.72,3,1
206,3633095,-2.452,0.575,-9.542,0.889,0.020,-0.067,176.394,14.413,0.059,-0.250,-0.067,4.638150,-74.084435,0.72,3,1
207,3643091,-2.435,0.558,-9.526,0.157,0.264,0.178,176.418,14.400,0.057,-0.248,0.178,4.638150,-74.084435,0.72,3,1
208,3653097,-2.435,0.532,-9.533,-0.789,0.386,0.147,176.444,14.388,0.054,-0.248,0.147,4.638150,-74.084435,0.72,3,1
209,3663100,-2.442,0.532,-9.566,-1.797,0.416,0.178,176.460,14.376,0.054,-0.249,0.178,4.638150,-74.084435,0.72,3,1
210,3673093,-2.492,0.551,-9.612,-2.407,0.508,0.086,176.461,14.384,0.056,-0.254,0.086,4.638150,-74.084435,0.72,3,1
211,3683101,-2.521,0.606,-9.626,-2.865,0.752,-0.067,176.430,14.405,0.062,-0.257,-0.067,4.638150,-74.084435,0.72,3,1
212,3693111,-2.523,0.669,-9.655,-2.743,0.905,-0.067,176.374,14.423,0.068,-0.257,-0.067,4.638150,-74.084435,0.72,3,1
213,3703105,-2.499,0.713,-9.665,-1.888,0.966,-0.006,176.309,14.427,0.073,-0.255,-0.006,4.638150,-74.084435,0.72,3,1
214,3713099,-2.504,0.688,-9.638,-1.125,0.752,-0.158,176.268,14.435,0.070,-0.255,-0.158,4.638150,-74.084435,0.72,3,1
215,3723095,-2.473,0.664,-9.643,-0.454,0.355,-0.311,176.247,14.424,0.068,-0.252,-0.311,4.638150,-74.084435,0.72,3,1
216,3733098,-2.499,0.696,-9.650,0.126,-0.041,-0.311,176.219,14.421,0.071,-0.255,-0.311,4.638150,-74.084435,0.72,3,1
217,3743118,-2.521,0.684,-9.658,0.462,-0.011,-0.311,176.202,14.427,0.070,-0.257,-0.311,4.638150,-74.084435,0.72,3,1
218,3753098,-2.495,0.643,-9.638,0.706,0.111,-0.372,176.208,14.425,0.066,-0.254,-0.372,4.638143,-74.084440,0.52,3,1
219,3763113,-2.514,0.616,-9.610,0.706,0.142,-0.250,176.225,14.435,0.063,-0.256,-0.250,4.638143,-74.084440,0.52,3,1
220,3773099,-2.488,0.597,-9.602,0.462,0.355,-0.036,176.248,14.436,0.061,-0.254,-0.036,4.638143,-74.084440,0.52,3,1
221,3783117,-2.492,0.604,-9.602,0.004,0.569,0.086,176.261,14.441,0.062,-0.254,0.086,4.638143,-74.084440,0.52,3,1
222,3793108,-2.497,0.631,-9.638,-0.301,0.905,0.239,176.258,14.446,0.064,-0.255,0.239,4.638143,-74.084440,0.52,3,1
223,3803115,-2.485,0.672,-9.622,-0.515,1.454,0.574,176.234,14.453,0.068,-0.253,0.574,4.638143,-74.084440,0.52,3,1
224,3813113,-2.454,0.643,-9.614,-0.789,1.668,0.910,176.223,14.447,0.066,-0.250,0.910,4.638143,-74.084440,0.52,3,1
225,3823109,-2.387,0.575,-9.540,-1.064,1.698,1.032,176.240,14.421,0.059,-0.243,1.032,4.638143,-74.084440,0.52,3,1
226,3833106,-2.390,0.515,-9.518,-1.369,1.454,0.910,176.282,14.399,0.053,-0.244,0.910,4.638143,-74.084440,0.52,3,1
227,3843100,-2.435,0.551,-9.552,-1.980,1.484,0.788,176.298,14.396,0.056,-0.248,0.788,4.638143,-74.084440,0.52,3,1
228,3853113,-2.464,0.578,-9.569,-2.376,1.576,0.727,176.297,14.404,0.059,-0.251,0.727,4.638143,-74.084440,0.52,3,1
229,3863112,-2.471,0.609,-9.624,-2.193,1.790,0.666,176.285,14.410,0.062,-0.252,0.666,4.638143,-74.084440,0.52,3,1
230,3873120,-2.483,0.635,-9.662,-1.827,1.881,0.605,176.265,14.417,0.065,-0.253,0.605,4.638143,-74.084440,0.52,3,1
231,3883112,-2.476,0.655,-9.646,-1.186,1.759,0.361,176.244,14.421,0.067,-0.252,0.361,4.638143,-74.084440,0.52,3,1
232,3893099,-2.442,0.708,-9.646,-0.881,1.362,0.147,176.201,14.406,0.072,-0.249,0.147,4.638143,-74.084440,0.52,3,1
233,3903100,-2.483,0.715,-9.658,-0.088,0.874,-0.036,176.167,14.404,0.073,-0.253,-0.036,4.638143,-74.084440,0.52,3,1
234,3913099,-2.504,0.715,-9.687,0.553,0.691,-0.128,176.142,14.407,0.073,-0.255,-0.128,4.638143,-74.084440,0.52,3,1
235,3925382,-2.521,0.626,-9.569,1.103,0.935,-0.738,176.164,14.434,0.064,-0.257,-0.738,4.638143,-74.084440,0.52,3,1
236,3933110,-2.521,0.626,-9.569,1.103,0.935,-0.738,176.183,14.459,0.064,-0.257,-0.738,4.638143,-74.084440,0.52,3,1
237,3943114,-2.533,0.799,-9.677,1.286,1.149,-0.891,176.122,14.475,0.082,-0.258,-0.891,4.638143,-74.084440,0.52,3,1
238,3953104,-2.502,0.715,-9.653,1.408,1.210,-0.433,176.107,14.480,0.073,-0.255,-0.433,4.638143,-74.084440,0.52,3,1
239,3963114,-2.509,0.650,-9.588,1.408,1.454,-0.341,176.121,14.498,0.066,-0.256,-0.341,4.638143,-74.084440,0.52,3,1
240,3973109,-2.547,0.766,-9.602,1.438,1.790,-0.189,176.080,14.532,0.078,-0.260,-0.189,4.638143,-74.084440,0.52,3,1
241,3983101,-2.511,0.720,-9.610,1.469,2.003,0.452,176.064,14.549,0.073,-0.256,0.452,4.638143,-74.084440,0.52,3,1
242,3993102,-2.492,0.606,-9.636,1.042,2.217,1.154,176.101,14.556,0.062,-0.254,1.154,4.638143,-74.084440,0.52,3,1
243,4003123,-2.457,0.546,-9.636,0.492,2.614,1.337,176.158,14.550,0.056,-0.250,1.337,4.638143,-74.084440,0.52,3,1
244,4013112,-2.349,0.534,-9.581,-0.149,2.980,1.246,176.210,14.506,0.054,-0.240,1.246,4.638143,-74.084440,0.52,3,1
245,4023111,-2.335,0.585,-9.696,-1.217,2.766,0.971,176.226,14.445,0.060,-0.238,0.971,4.638143,-74.084440,0.52,3,1
246,4033113,-2.335,0.582,-9.667,-1.675,2.186,1.032,176.238,14.385,0.059,-0.238,1.032,4.638143,-74.084440,0.52,3,1
247,4043097,-2.302,0.544,-9.643,-1.827,1.729,0.910,176.265,14.314,0.055,-0.235,0.910,4.638143,-74.084440,0.52,3,1
248,4053125,-2.340,0.691,-9.643,-1.613,1.362,0.483,176.222,14.261,0.070,-0.239,0.483,4.638143,-74.084440,0.52,3,1
249,4063112,-2.335,0.797,-9.703,-0.759,1.179,0.269,176.142,14.201,0.081,-0.238,0.269,4.638143,-74.084440,0.52,3,1
250,4073095,-2.311,0.751,-9.679,0.492,0.966,0.391,176.101,14.136,0.077,-0.236,0.391,4.638143,-74.084440,0.52,3,1
251,4083165,-2.313,0.715,-9.622,1.591,0.660,0.269,176.088,14.080,0.073,-0.236,0.269,4.638143,-74.084440,0.52,3,1
252,4093118,-2.342,0.650,-9.638,2.201,0.569,-0.158,176.113,14.040,0.066,-0.239,-0.158,4.638143,-74.084440,0.52,3,1
253,4103114,-2.368,0.623,-9.586,2.537,0.538,-0.402,176.150,14.020,0.064,-0.241,-0.402,4.638143,-74.084440,0.52,3,1
254,4113100,-2.437,0.660,-9.605,2.293,0.447,-0.494,176.165,14.029,0.067,-0.249,-0.494,4.638143,-74.084440,0.52,3,1
255,4123110,-2.476,0.652,-9.595,2.079,0.508,-0.097,176.180,14.056,0.067,-0.252,-0.097,4.638143,-74.084440,0.52,3,1
256,4133111,-2.535,0.662,-9.696,1.774,0.874,0.452,176.190,14.100,0.067,-0.259,0.452,4.638143,-74.084440,0.52,3,1
257,4143109,-2.538,0.672,-9.792,1.530,1.637,0.849,176.195,14.137,0.068,-0.259,0.849,4.638143,-74.084440,0.52,3,1
258,4153113,-2.468,0.650,-9.751,1.530,2.461,1.032,176.209,14.154,0.066,-0.252,1.032,4.638143,-74.084440,0.52,3,1
259,4163099,-2.428,0.710,-9.795,1.682,2.705,1.093,176.196,14.148,0.072,-0.248,1.093,4.638143,-74.084440,0.52,3,1
260,4173110,-2.380,0.587,-9.768,2.354,2.553,1.276,176.247,14.124,0.060,-0.243,1.276,4.638143,-74.084440,0.52,3,1
261,4183115,-2.383,0.404,-9.638,2.964,1.637,0.879,176.383,14.110,0.041,-0.243,0.879,4.638143,-74.084440,0.52,3,1
262,4193113,-2.459,0.428,-9.600,4.002,0.294,0.574,176.505,14.122,0.044,-0.251,0.574,4.638143,-74.084440,0.52,3,1
263,4203113,-2.523,0.476,-9.600,5.528,-1.048,0.635,176.609,14.150,0.049,-0.257,0.635,4.638143,-74.084440,0.52,3,1
264,4213113,-2.623,0.500,-9.638,7.328,-2.025,1.032,176.711,14.206,0.051,-0.268,1.032,4.638143,-74.084440,0.52,3,1
265,4223096,-2.843,0.633,-9.667,9.129,-1.995,1.887,176.760,14.350,0.065,-0.290,1.887,4.638143,-74.084440,0.52,3,1
266,4233088,-2.972,0.768,-9.711,11.143,-1.384,3.290,176.761,14.537,0.078,-0.303,3.290,4.638143,-74.084440,0.52,3,1
267,4243108,-3.155,0.848,-9.778,12.882,0.081,5.305,176.744,14.792,0.086,-0.322,5.305,4.638143,-74.084440,0.52,3,1
268,4253108,-3.282,0.751,-9.852,14.134,2.919,6.983,176.786,15.098,0.077,-0.335,6.983,4.638143,-74.084440,0.52,3,1
269,4263108,-3.177,0.476,-9.967,14.286,6.062,7.868,176.956,15.352,0.049,-0.324,7.868,4.638143,-74.084440,0.52,3,1
270,4275060,-2.337,-0.845,-10.078,3.941,5.513,12.140,177.632,15.217,-0.086,-0.238,12.140,4.638143,-74.084440,0.52,3,1
271,4283106,-2.337,-0.845,-10.078,3.941,5.513,12.140,178.248,15.084,-0.086,-0.238,12.140,4.638143,-74.084440,0.52,3,1
272,4293086,-3.146,-0.375,-10.854,-3.628,2.431,14.246,178.518,15.186,-0.038,-0.321,14.246,4.638143,-74.084440,0.52,3,1
273,4303107,-3.076,-0.242,-10.789,-7.351,4.109,14.643,178.678,15.276,-0.025,-0.314,14.643,4.638143,-74.084440,0.52,3,1
274,4313086,-2.795,-0.225,-10.479,-10.860,5.940,15.375,178.788,15.298,-0.023,-0.285,15.375,4.638143,-74.084440,0.52,3,1
275,4323106,-2.547,-0.392,-10.203,-15.377,6.611,16.291,178.926,15.249,-0.040,-0.260,16.291,4.638143,-74.084440,0.52,3,1
276,4333086,-2.395,-0.367,-9.939,-21.267,5.971,16.504,178.993,15.161,-0.037,-0.244,16.504,4.638143,-74.084440,0.52,3,1
277,4343107,-2.311,-0.126,-9.744,-26.913,4.780,16.352,178.894,15.052,-0.013,-0.236,16.352,4.638143,-74.084440,0.52,3,1
278,4353107,-2.271,0.136,-9.533,-31.124,3.865,16.230,178.639,14.948,0.014,-0.232,16.230,4.638143,-74.084440,0.52,3,1
279,4363106,-2.485,0.725,-9.523,-33.993,2.949,16.138,178.096,14.939,0.074,-0.253,16.138,4.638143,-74.084440,0.52,3,1
280,4373086,-2.833,1.192,-9.701,-34.450,3.804,17.206,177.380,15.064,0.122,-0.289,17.206,4.638143,-74.084440,0.52,3,1
281,4383107,-3.014,1.506,-9.907,-32.863,6.703,19.129,176.604,15.252,0.154,-0.307,19.129,4.638143,-74.084440,0.52,3,1
282,4393086,-2.981,1.621,-10.076,-30.727,11.220,21.357,175.869,15.430,0.165,-0.304,21.357,4.638143,-74.084440,0.52,3,1
283,4403107,-2.778,1.585,-9.960,-29.659,16.194,23.707,175.209,15.570,0.162,-0.283,23.707,4.638143,-74.084440,0.52,3,1
284,4413086,-2.540,1.506,-9.816,-29.293,20.436,25.294,174.629,15.654,0.154,-0.259,25.294,4.638143,-74.084440,0.52,3,1
285,4423106,-2.187,1.535,-9.518,-28.774,22.725,25.812,174.064,15.628,0.156,-0.223,25.812,4.638143,-74.084440,0.52,3,1
286,4433086,-1.841,1.537,-9.173,-27.859,22.847,26.362,173.525,15.477,0.157,-0.188,26.362,4.638143,-74.084440,0.52,3,1
287,4443106,-1.605,1.515,-8.894,-25.966,20.985,26.606,173.032,15.233,0.155,-0.164,26.606,4.638143,-74.084440,0.52,3,1
288,4453086,-1.474,1.515,-8.642,-23.678,17.781,26.148,172.576,14.933,0.155,-0.150,26.148,4.638143,-74.084440,0.52,3,1
289,4463107,-1.412,1.636,-8.534,-21.297,13.814,25.477,172.106,14.595,0.167,-0.144,25.477,4.638143,-74.084440,0.52,3,1
290,4473086,-1.510,1.829,-8.594,-17.788,10.090,25.171,171.613,14.290,0.186,-0.154,25.171,4.638143,-74.084440,0.52,3,1
291,4483106,-1.977,1.701,-8.181,-13.637,7.100,25.019,171.218,14.263,0.173,-0.202,25.019,4.638143,-74.084440,0.52,3,1
292,4493086,-1.834,2.636,-9.230,-8.175,4.109,24.286,170.570,14.012,0.269,-0.187,24.286,4.638143,-74.084440,0.52,3,1
293,4503106,-1.748,2.993,-9.319,0.126,6.215,27.186,169.901,13.744,0.305,-0.178,27.186,4.638143,-74.084440,0.52,3,1
294,4513106,-1.839,2.485,-8.865,7.603,9.327,30.420,169.522,13.619,0.253,-0.188,30.420,4.638143,-74.084440,0.52,3,1
295,4523106,-1.767,2.014,-8.880,14.530,9.755,29.932,169.464,13.482,0.205,-0.180,29.932,4.638143,-74.084440,0.52,3,1
296,4533086,-1.527,1.920,-8.942,21.397,9.663,26.697,169.526,13.235,0.196,-0.156,26.697,4.638143,-74.084440,0.52,3,1
297,4543107,-1.362,1.850,-8.894,28.721,8.961,23.218,169.679,12.924,0.189,-0.139,23.218,4.638143,-74.084440,0.52,3,1
298,4553107,-1.286,1.749,-8.762,35.374,6.947,20.167,169.918,12.592,0.178,-0.131,20.167,4.638143,-74.084440,0.52,3,1
299,4631242,-1.200,-2.600,-11.625,18.406,-0.621,5.305,173.779,11.580,-0.265,-0.122,5.305,4.638143,-74.084440,0.52,3,1
300,4632602,-1.200,-2.600,-11.625,18.406,-0.621,5.305,177.559,10.549,-0.265,-0.122,5.305,4.638143,-74.084440,0.52,3,1
301,4633926,-1.200,-2.600,-11.625,18.406,-0.621,5.305,180.908,9.609,-0.265,-0.122,5.305,4.638143,-74.084440,0.52,3,1
302,4635251,-1.150,-2.106,-10.390,0.370,6.367,-9.222,182.708,9.189,-0.215,-0.117,-9.222,4.638143,-74.084440,0.52,3,1
303,4636573,-1.150,-2.106,-10.390,0.370,6.367,-9.222,184.220,8.808,-0.215,-0.117,-9.222,4.638143,-74.084440,0.52,3,1
304,4637899,-1.150,-2.106,-10.390,0.370,6.367,-9.222,185.447,8.476,-0.215,-0.117,-9.222,4.638143,-74.084440,0.52,3,1
305,4639219,-1.150,-2.106,-10.390,0.370,6.367,-9.222,186.420,8.191,-0.215,-0.117,-9.222,4.638143,-74.084440,0.52,3,1
306,4640545,-1.150,-2.106,-10.390,0.370,6.367,-9.222,187.176,7.949,-0.215,-0.117,-9.222,4.638143,-74.084440,0.52,3,1
307,4643097,-1.150,-2.106,-10.390,0.370,6.367,-9.222,187.757,7.745,-0.215,-0.117,-9.222,4.638143,-74.084440,0.52,3,1
308,4653088,-1.281,-1.221,-10.011,-18.093,9.144,-19.628,187.529,7.731,-0.124,-0.131,-19.628,4.638143,-74.084440,0.52,3,1
309,4663109,-1.493,0.011,-9.273,-24.898,9.358,-27.136,186.481,7.939,0.001,-0.152,-27.136,4.638143,-74.084440,0.52,3,1
310,4673103,-1.853,1.573,-9.293,-28.774,6.703,-25.701,184.533,8.304,0.160,-0.189,-25.701,4.638143,-74.084440,0.52,3,1
311,4683124,-2.242,2.668,-9.590,-27.462,4.078,-14.868,182.259,8.755,0.272,-0.229,-14.868,4.638143,-74.084440,0.52,3,1
312,4693101,-2.626,2.755,-9.895,-23.403,3.560,0.849,180.315,9.303,0.281,-0.268,0.849,4.638143,-74.084440,0.52,3,1
313,4703100,-2.733,2.383,-10.304,-20.016,5.757,16.443,178.877,9.817,0.243,-0.279,16.443,4.638143,-74.084440,0.52,3,1
314,4713099,-2.395,1.838,-10.335,-16.109,10.121,28.284,177.910,10.159,0.187,-0.244,28.284,4.638143,-74.084440,0.52,3,1
315,4723109,-2.144,0.729,-10.959,-15.865,15.675,34.113,177.616,10.353,0.074,-0.219,34.113,4.638143,-74.084440,0.52,3,1
316,4733112,-1.460,-0.069,-11.070,-20.473,22.084,32.038,177.678,10.274,-0.007,-0.149,32.038,4.638143,-74.084440,0.52,3,1
317,4743111,-0.902,-0.575,-10.378,-28.805,25.960,24.866,177.898,10.019,-0.059,-0.092,24.866,4.638143,-74.084440,0.52,3,1
318,4753109,-0.404,-0.445,-9.653,-36.861,25.624,14.582,177.975,9.568,-0.045,-0.041,14.582,4.638145,-74.084448,0.52,3,1
319,4763108,-0.215,0.201,-9.333,-42.141,21.687,4.023,177.664,9.035,0.021,-0.022,4.023,4.638145,-74.084448,0.52,3,1
320,4773124,-0.399,1.118,-9.278,-44.521,15.828,-3.240,176.884,8.593,0.114,-0.041,-3.240,4.638145,-74.084448,0.52,3,1
321,4783095,-0.683,1.863,-9.430,-43.819,9.602,-6.536,175.822,8.269,0.190,-0.070,-6.536,4.638145,-74.084448,0.52,3,1
322,4793104,-0.883,2.212,-9.641,-41.256,4.902,-6.933,174.729,8.015,0.226,-0.090,-6.933,4.638145,-74.084448,0.52,3,1
323,4803098,-0.938,2.205,-9.643,-36.983,1.912,-6.597,173.771,7.782,0.225,-0.096,-6.597,4.638145,-74.084448,0.52,3,1
324,4813102,-0.876,2.051,-9.480,-32.436,-0.682,-7.421,172.990,7.523,0.209,-0.089,-7.421,4.638145,-74.084448,0.52,3,1
325,4823105,-0.816,2.108,-9.276,-27.187,-3.185,-9.771,172.272,7.243,0.215,-0.083,-9.771,4.638145,-74.084448,0.52,3,1
326,4833103,-0.928,2.287,-9.081,-20.717,-5.626,-12.579,171.566,7.023,0.233,-0.095,-12.579,4.638145,-74.084448,0.52,3,1
327,4843114,-1.176,2.653,-8.625,-11.745,-8.342,-14.776,170.761,6.939,0.271,-0.120,-14.776,4.638145,-74.084448,0.52,3,1
328,4853097,-1.293,2.617,-8.555,0.889,-12.371,-14.715,170.144,6.888,0.267,-0.132,-14.715,4.638145,-74.084448,0.52,3,1
329,4863117,-1.555,2.472,-8.647,13.493,-16.002,-12.823,169.777,6.934,0.252,-0.159,-12.823,4.638145,-74.084448,0.52,3,1
330,4873117,-1.834,2.161,-8.959,23.319,-18.474,-9.435,169.720,7.069,0.220,-0.187,-9.435,4.638145,-74.084448,0.52,3,1
331,4883096,-2.120,1.684,-9.394,29.514,-19.542,-5.651,169.995,7.285,0.172,-0.216,-5.651,4.638145,-74.084448,0.52,3,1
332,4893103,-2.333,1.274,-9.732,32.047,-18.749,-1.928,170.486,7.558,0.130,-0.238,-1.928,4.638145,-74.084448,0.52,3,1
333,4903107,-2.468,1.053,-9.970,31.498,-16.521,1.612,171.048,7.868,0.107,-0.252,1.612,4.638145,-74.084448,0.52,3,1
334,4915247,-2.433,0.667,-10.224,25.700,-10.417,8.356,171.747,8.151,0.068,-0.248,8.356,4.638145,-74.084448,0.52,3,1
335,4923093,-2.433,0.667,-10.224,25.700,-10.417,8.356,172.342,8.439,0.068,-0.248,8.356,4.638145,-74.084448,0.52,3,1
336,4933099,-2.325,0.404,-10.097,19.840,-7.030,10.401,172.950,8.703,0.041,-0.237,10.401,4.638145,-74.084448,0.52,3,1
337,4943102,-2.185,0.216,-10.347,11.662,-3.429,9.455,173.522,8.897,0.022,-0.223,9.455,4.638145,-74.084448,0.52,3,1
338,4953113,-2.051,0.170,-10.297,5.924,2.308,5.396,174.016,9.076,0.017,-0.209,5.396,4.638145,-74.084448,0.52,3,1
339,4963095,-1.922,0.411,-9.987,2.140,8.168,-0.738,174.324,9.265,0.042,-0.196,-0.738,4.638145,-74.084448,0.52,3,1
340,4973106,-1.705,0.872,-9.530,-0.027,12.074,-6.689,174.360,9.413,0.089,-0.174,-6.689,4.638145,-74.084448,0.52,3,1
341,4983093,-1.457,1.554,-9.057,-5.642,12.593,-8.825,173.985,9.467,0.158,-0.149,-8.825,4.638145,-74.084448,0.52,3,1
342,4993096,-1.601,1.691,-9.802,-5.825,10.365,-8.489,173.633,9.507,0.172,-0.163,-8.489,4.638145,-74.084448,0.52,3,1
343,5003109,-1.505,1.658,-9.588,-0.881,7.405,-6.933,173.352,9.489,0.169,-0.153,-6.933,4.638145,-74.084448,0.52,3,1
344,5013097,-1.512,1.790,-9.605,0.706,3.834,-3.546,173.049,9.440,0.183,-0.154,-3.546,4.638145,-74.084448,0.52,3,1
345,5023095,-1.615,1.841,-9.792,2.262,0.660,0.666,172.776,9.398,0.188,-0.165,0.666,4.638145,-74.084448,0.52,3,1
346,5033092,-1.663,1.636,-9.835,4.002,-2.422,4.877,172.635,9.351,0.167,-0.170,4.877,4.638145,-74.084448,0.52,3,1
347,5043099,-1.710,1.397,-9.895,5.253,-4.955,7.685,172.628,9.303,0.142,-0.174,7.685,4.638145,-74.084448,0.52,3,1
348,5053102,-1.703,1.257,-9.850,5.833,-6.450,9.119,172.686,9.247,0.128,-0.174,9.119,4.638145,-74.084448,0.52,3,1
349,5063097,-1.765,1.125,-9.857,6.382,-7.152,9.852,172.805,9.218,0.115,-0.180,9.852,4.638145,-74.084448,0.52,3,1
350,5073099,-1.741,0.657,-10.729,4.948,-6.481,9.882,173.137,9.127,0.067,-0.178,9.882,4.638145,-74.084448,0.52,3,1
351,5083111,-1.829,0.428,-10.650,-1.980,-0.896,7.410,173.475,9.137,0.044,-0.187,7.410,4.638145,-74.084448,0.52,3,1
352,5093111,-1.598,0.987,-9.134,-4.452,1.912,3.168,173.461,9.182,0.101,-0.163,3.168,4.638145,-74.084448,0.52,3,1
353,5103093,-1.457,1.508,-9.677,-7.046,-0.225,2.588,173.212,9.094,0.154,-0.149,2.588,4.638145,-74.084448,0.52,3,1
354,5113103,-1.488,1.412,-9.941,-7.534,-0.560,2.863,173.039,9.007,0.144,-0.152,2.863,4.638145,-74.084448,0.52,3,1
355,5123101,-1.336,1.356,-9.331,-6.862,-0.469,1.612,172.871,8.899,0.138,-0.136,1.612,4.638145,-74.084448,0.52,3,1
356,5133163,-1.140,1.754,-8.755,-10.280,-3.063,1.887,172.443,8.714,0.179,-0.116,1.887,4.638145,-74.084448,0.52,3,1
357,5143099,-1.441,1.397,-9.305,-11.013,-7.183,3.199,172.262,8.617,0.142,-0.147,3.199,4.638145,-74.084448,0.52,3,1
358,5153097,-1.581,0.761,-9.473,-7.625,-9.288,1.795,172.435,8.566,0.078,-0.161,1.795,4.638145,-74.084448,0.52,3,1
359,5163100,-1.667,0.616,-9.826,-6.435,-9.441,-1.592,172.685,8.531,0.063,-0.170,-1.592,4.638145,-74.084448,0.52,3,1
360,5173097,-1.758,0.701,-10.143,-8.358,-7.152,-4.553,172.870,8.536,0.071,-0.179,-4.553,4.638145,-74.084448,0.52,3,1
361,5183110,-1.875,0.797,-10.150,-11.989,-3.978,-6.964,172.966,8.618,0.081,-0.191,-6.964,4.638145,-74.084448,0.52,3,1
362,5193096,-1.775,0.845,-9.972,-15.865,-1.079,-9.069,172.991,8.692,0.086,-0.181,-9.069,4.638145,-74.084448,0.52,3,1
363,5203108,-1.663,1.236,-9.706,-18.642,1.179,-11.419,172.799,8.749,0.126,-0.170,-11.419,4.638145,-74.084448,0.52,3,1
364,5213101,-1.725,1.904,-9.732,-19.253,2.156,-13.586,172.317,8.827,0.194,-0.176,-13.586,4.638145,-74.084448,0.52,3,1
365,5223092,-1.684,2.058,-9.677,-19.131,4.353,-14.654,171.801,8.904,0.210,-0.172,-14.654,4.638145,-74.084448,0.52,3,1
366,5233097,-1.674,1.711,-9.422,-20.534,8.412,-15.051,171.446,9.033,0.174,-0.171,-15.051,4.638145,-74.084448,0.52,3,1
367,5243091,-1.636,1.822,-9.437,-20.595,12.013,-16.485,171.067,9.165,0.186,-0.167,-16.485,4.638145,-74.084448,0.52,3,1
368,5253100,-1.422,2.118,-9.540,-20.595,14.943,-17.553,170.594,9.205,0.216,-0.145,-17.553,4.638145,-74.084448,0.52,3,1
369,5264936,-1.236,1.602,-9.881,-25.722,19.246,-16.058,170.326,9.208,0.163,-0.126,-16.058,4.638145,-74.084448,0.52,3,1
370,5273095,-1.236,1.602,-9.881,-25.722,19.246,-16.058,170.123,9.185,0.163,-0.126,-16.058,4.638145,-74.084448,0.52,3,1
371,5283093,-1.257,2.031,-9.499,-26.424,15.095,-13.311,169.703,9.152,0.207,-0.128,-13.311,4.638145,-74.084448,0.52,3,1
372,5293100,-1.484,2.388,-9.415,-24.715,7.893,-7.788,169.161,9.158,0.244,-0.151,-7.788,4.638145,-74.084448,0.52,3,1
373,5303093,-1.875,2.265,-9.538,-22.487,1.607,-1.104,168.750,9.275,0.231,-0.191,-1.104,4.638145,-74.084448,0.52,3,1
374,5313098,-2.201,1.995,-9.859,-20.779,-1.811,5.121,168.539,9.471,0.203,-0.224,5.121,4.638145,-74.084448,0.52,3,1
375,5323085,-2.354,1.508,-10.208,-20.717,-1.384,9.913,168.585,9.696,0.154,-0.240,9.913,4.638145,-74.084448,0.52,3,1
376,5333095,-2.271,1.125,-10.275,-22.335,2.980,10.767,168.782,9.907,0.115,-0.232,10.767,4.638145,-74.084448,0.52,3,1
377,5343093,-1.992,1.161,-9.888,-22.793,8.839,6.861,168.925,10.071,0.118,-0.203,6.861,4.638145,-74.084448,0.52,3,1
378,5353096,-1.672,1.561,-9.482,-20.992,13.386,0.513,168.865,10.152,0.159,-0.171,0.513,4.638145,-74.084448,0.52,3,1
379,5363105,-1.412,2.029,-9.168,-15.926,14.729,-5.590,168.611,10.135,0.207,-0.144,-5.590,4.638145,-74.084448,0.52,3,1
380,5373095,-1.300,2.571,-9.149,-10.036,12.074,-9.008,168.178,10.034,0.262,-0.133,-9.008,4.638145,-74.084448,0.52,3,1
381,5383105,-1.498,2.509,-9.682,-4.360,8.168,-9.130,167.923,9.962,0.256,-0.153,-9.130,4.638145,-74.084448,0.52,3,1
382,5393087,-1.429,2.121,-9.554,3.300,5.665,-9.252,167.916,9.856,0.216,-0.146,-9.252,4.638145,-74.084448,0.52,3,1
383,5403096,-1.467,2.060,-9.614,7.816,4.109,-10.565,167.984,9.758,0.210,-0.150,-10.565,4.638145,-74.084448,0.52,3,1
384,5413098,-1.460,1.949,-9.506,11.723,3.987,-12.731,168.122,9.671,0.199,-0.149,-12.731,4.638145,-74.084448,0.52,3,1
385,5423093,-1.539,1.822,-9.763,12.821,5.299,-14.685,168.340,9.623,0.186,-0.157,-14.685,4.638145,-74.084448,0.52,3,1
386,5433099,-1.603,1.682,-9.595,11.753,7.832,-16.668,168.581,9.644,0.171,-0.163,-16.668,4.638145,-74.084448,0.52,3,1
387,5443093,-1.610,1.655,-9.631,9.800,8.992,-17.797,168.799,9.675,0.169,-0.164,-17.797,4.638145,-74.084448,0.52,3,1
388,5453098,-1.496,1.887,-9.521,7.115,9.694,-17.614,168.862,9.663,0.192,-0.153,-17.614,4.638145,-74.084448,0.52,3,1
389,5463093,-1.434,2.053,-9.297,5.680,9.205,-16.577,168.809,9.632,0.209,-0.146,-16.577,4.638145,-74.084448,0.52,3,1
390,5473098,-1.233,2.477,-8.416,8.671,6.001,-15.447,168.478,9.530,0.253,-0.126,-15.447,4.638145,-74.084448,0.52,3,1
391,5483093,-1.059,3.150,-8.193,18.192,-1.964,-13.250,167.898,9.274,0.321,-0.108,-13.250,4.638145,-74.084448,0.52,3,1
392,5493098,-1.200,3.189,-9.137,28.629,-10.295,-8.764,167.598,8.976,0.325,-0.122,-8.764,4.638145,-74.084448,0.52,3,1
393,5503093,-1.298,1.836,-10.100,32.444,-17.162,-4.461,168.055,8.648,0.187,-0.132,-4.461,4.638145,-74.084448,0.52,3,1
394,5513098,-1.810,-0.416,-11.829,19.840,-19.878,-4.095,169.325,8.437,-0.042,-0.185,-4.095,4.638145,-74.084448,0.52,3,1
395,5523093,-1.562,0.455,-9.100,6.474,-19.603,-10.168,169.992,8.326,0.046,-0.159,-10.168,4.638145,-74.084448,0.52,3,1
396,5533098,-1.796,1.294,-11.120,-2.041,-23.113,-11.206,170.235,8.144,0.132,-0.183,-11.206,4.638145,-74.084448,0.52,3,1
397,5543093,-2.855,0.932,-12.172,-14.675,-15.239,-9.313,170.520,8.365,0.095,-0.291,-9.313,4.638145,-74.084448,0.52,3,1
398,5553099,-2.640,1.236,-9.773,-16.903,-5.535,-12.365,170.541,8.804,0.126,-0.269,-12.365,4.638145,-74.084448,0.52,3,1
399,5577751,-2.209,1.949,-9.814,-4.909,3.987,-8.795,170.276,9.139,0.199,-0.225,-8.795,4.638145,-74.084448,0.52,3,1
400,5579080,-2.209,1.949,-9.814,-4.909,3.987,-8.795,170.069,9.445,0.199,-0.225,-8.795,4.638145,-74.084448,0.52,3,1
401,5583090,-2.209,1.949,-9.814,-4.909,3.987,-8.795,169.910,9.716,0.199,-0.225,-8.795,4.638145,-74.084448,0.52,3,1
402,5593098,-1.996,1.805,-10.008,-2.804,6.337,-7.513,169.872,9.866,0.184,-0.204,-7.513,4.638145,-74.084448,0.52,3,1
403,5603087,-1.982,1.906,-10.090,-2.315,9.938,-8.367,169.801,10.020,0.194,-0.202,-8.367,4.638145,-74.084448,0.52,3,1
404,5613098,-1.899,1.981,-9.943,-1.217,13.386,-10.382,169.699,10.165,0.202,-0.194,-10.382,4.638145,-74.084448,0.52,3,1
405,5623094,-1.882,1.899,-9.869,1.011,14.729,-12.426,169.658,10.311,0.194,-0.192,-12.426,4.638145,-74.084448,0.52,3,1
406,5633163,-1.672,2.340,-9.324,4.398,13.753,-13.647,169.390,10.375,0.239,-0.171,-13.647,4.638145,-74.084448,0.52,3,1
407,5643090,-1.546,2.670,-9.449,11.143,12.074,-12.884,169.069,10.343,0.272,-0.158,-12.884,4.638145,-74.084448,0.52,3,1
408,5653102,-1.286,3.333,-9.494,15.598,11.677,-9.435,168.528,10.176,0.340,-0.131,-9.435,4.638145,-74.084448,0.52,3,1
409,5663094,-1.496,3.502,-9.672,14.683,13.356,-1.135,167.979,10.118,0.357,-0.153,-1.135,4.638145,-74.084448,0.52,3,1
410,5673102,-2.018,3.463,-9.900,17.582,15.217,6.800,167.552,10.293,0.353,-0.206,6.800,4.638145,-74.084448,0.52,3,1
411,5683128,-1.953,4.440,-9.667,22.831,16.469,14.643,166.779,10.426,0.453,-0.199,14.643,4.638145,-74.084448,0.52,3,1
412,5693130,-1.827,4.052,-8.735,30.857,15.797,25.904,166.125,10.570,0.413,-0.186,25.904,4.638145,-74.084448,0.52,3,1
413,5703092,-1.934,2.745,-8.154,33.909,11.372,37.806,166.050,10.814,0.280,-0.197,37.806,4.638145,-74.084448,0.52,3,1
414,5713099,-2.168,1.617,-9.557,30.827,6.733,42.383,166.666,10.991,0.165,-0.221,42.383,4.638145,-74.084448,0.52,3,1
415,5723092,-2.428,1.024,-10.328,34.550,7.771,38.569,167.580,11.208,0.104,-0.248,38.569,4.638145,-74.084448,0.52,3,1
416,5733115,-2.621,0.295,-9.833,44.743,10.853,29.200,168.826,11.575,0.030,-0.267,29.200,4.638145,-74.084448,0.52,3,1
417,5743097,-2.592,-0.254,-8.949,51.701,10.914,15.467,170.303,12.010,-0.026,-0.264,15.467,4.638145,-74.084448,0.52,3,1
418,5753113,-2.392,-1.667,-7.479,47.520,-2.452,-18.835,172.487,12.382,-0.170,-0.244,-18.835,4.638142,-74.084455,0.45,3,1
419,5763102,-2.435,-2.192,-7.681,39.707,-13.042,-40.014,174.693,12.597,-0.224,-0.248,-40.014,4.638142,-74.084455,0.45,3,1
420,5773098,-2.602,-2.381,-7.844,32.322,-23.265,-63.146,176.734,12.752,-0.243,-0.265,-63.146,4.638142,-74.084455,0.45,3,1
421,5783112,-2.688,-2.299,-7.770,26.341,-32.695,-86.431,178.530,12.868,-0.234,-0.274,-86.431,4.638142,-74.084455,0.45,3,1
422,5793095,-2.736,-1.775,-7.744,19.993,-40.996,-108.251,179.850,12.949,-0.181,-0.279,-108.251,4.638142,-74.084455,0.45,3,1
423,5803101,-2.886,-1.252,-7.763,12.791,-48.198,-126.531,180.707,13.049,-0.128,-0.294,-126.531,4.638142,-74.084455,0.45,3,1
424,5813103,-3.103,-0.922,-8.065,3.056,-55.004,-140.081,181.201,13.138,-0.094,-0.316,-140.081,4.638142,-74.084455,0.45,3,1
425,5823110,-3.670,-0.975,-10.333,-8.022,-58.971,-150.488,181.467,13.072,-0.099,-0.374,-150.488,4.638142,-74.084455,0.45,3,1
426,5833115,-3.651,-0.102,-9.542,-12.813,-55.065,-160.925,181.294,13.162,-0.010,-0.372,-160.925,4.638142,-74.084455,0.45,3,1
427,5843096,-3.606,0.467,-9.146,-16.384,-53.783,-167.089,180.826,13.303,0.048,-0.368,-167.089,4.638142,-74.084455,0.45,3,1
428,5853099,-3.797,0.717,-9.946,-15.713,-52.745,-172.460,180.305,13.392,0.073,-0.387,-172.460,4.638142,-74.084455,0.45,3,1
429,5863107,-3.856,1.728,-11.555,-18.673,-47.313,-174.383,179.455,13.323,0.176,-0.393,-174.383,4.638142,-74.084455,0.45,3,1
430,5873139,-3.754,2.113,-11.651,-18.337,-34.831,-171.484,178.534,13.322,0.215,-0.383,-171.484,4.638142,-74.084455,0.45,3,1
431,5883091,-3.446,2.451,-10.866,-21.328,-23.448,-164.343,177.466,13.397,0.250,-0.351,-164.343,4.638142,-74.084455,0.45,3,1
432,5893112,-3.386,2.653,-11.310,-24.319,-14.018,-153.692,176.414,13.480,0.271,-0.345,-153.692,4.638142,-74.084455,0.45,3,1
433,5905337,-3.260,2.822,-11.562,-22.335,-3.337,-141.790,175.366,13.576,0.288,-0.332,-141.790,4.638142,-74.084455,0.45,3,1
434,5913106,-3.107,3.022,-11.673,-20.656,7.771,-129.278,174.396,13.707,0.308,-0.317,-129.278,4.638142,-74.084455,0.45,3,1
435,5923090,-2.957,3.027,-11.478,-17.666,18.757,-116.552,173.511,13.892,0.309,-0.302,-116.552,4.638142,-74.084455,0.45,3,1
436,5933106,-2.743,2.822,-11.065,-13.485,27.882,-104.009,172.770,14.109,0.288,-0.280,-104.009,4.638142,-74.084455,0.45,3,1
437,5943102,-2.592,2.591,-10.762,-8.510,34.108,-92.748,172.194,14.341,0.264,-0.264,-92.748,4.638142,-74.084455,0.45,3,1
438,5953096,-2.385,2.272,-10.445,-2.102,38.411,-83.776,171.822,14.546,0.232,-0.243,-83.776,4.638142,-74.084455,0.45,3,1
439,5963089,-2.116,1.785,-10.078,4.185,41.127,-77.185,171.711,14.690,0.182,-0.216,-77.185,4.638142,-74.084455,0.45,3,1
440,5973107,-1.908,1.248,-9.665,9.129,41.401,-73.583,171.865,14.777,0.127,-0.195,-73.583,4.638142,-74.084455,0.45,3,1
441,5983104,-1.770,0.775,-9.302,10.746,39.235,-72.332,172.226,14.811,0.079,-0.180,-72.332,4.638142,-74.084455,0.45,3,1
442,5993105,-1.691,0.443,-9.091,9.892,34.688,-72.882,172.705,14.783,0.045,-0.172,-72.882,4.638142,-74.084455,0.45,3,1
443,6003101,-1.810,0.221,-9.117,9.373,28.187,-76.086,173.253,14.752,0.023,-0.185,-76.086,4.638142,-74.084455,0.45,3,1
444,6013108,-1.934,0.009,-9.016,12.058,21.077,-82.006,173.887,14.726,0.001,-0.197,-82.006,4.638142,-74.084455,0.45,3,1
445,6023105,-2.108,-0.061,-9.103,15.598,14.393,-88.842,174.540,14.713,-0.006,-0.215,-88.842,4.638142,-74.084455,0.45,3,1
446,6033102,-2.371,-0.165,-9.497,19.749,9.175,-96.319,175.228,14.729,-0.017,-0.242,-96.319,4.638142,-74.084455,0.45,3,1
447,6043090,-2.643,-0.286,-9.711,23.808,6.245,-103.582,175.954,14.810,-0.029,-0.269,-103.582,4.638142,-74.084455,0.45,3,1
448,6053134,-2.728,-0.232,-9.807,25.395,5.604,-109.197,176.614,14.905,-0.024,-0.278,-109.197,4.638142,-74.084455,0.45,3,1
449,6063105,-2.743,-0.110,-9.804,23.899,7.191,-113.256,177.154,15.014,-0.011,-0.280,-113.256,4.638142,-74.084455,0.45,3,1
450,6073104,-2.771,-0.107,-9.792,19.474,9.846,-115.576,177.609,15.152,-0.011,-0.283,-115.576,4.638142,-74.084455,0.45,3,1
451,6083118,-2.769,-0.223,-9.989,12.699,12.654,-116.339,178.018,15.281,-0.023,-0.282,-116.339,4.638142,-74.084455,0.45,3,1
452,6093113,-2.879,-0.326,-10.321,5.131,16.011,-116.735,178.367,15.438,-0.033,-0.294,-116.735,4.638142,-74.084455,0.45,3,1
453,6103099,-2.941,0.038,-10.445,-0.454,20.802,-117.742,178.480,15.638,0.004,-0.300,-117.742,4.638142,-74.084455,0.45,3,1
454,6113095,-2.926,0.324,-10.551,-2.895,26.234,-117.224,178.441,15.855,0.033,-0.298,-117.224,4.638142,-74.084455,0.45,3,1
455,6123106,-2.857,0.551,-10.383,-3.963,32.643,-114.721,178.295,16.104,0.056,-0.291,-114.721,4.638142,-74.084455,0.45,3,1
456,6133114,-2.800,0.657,-10.402,-3.506,38.289,-110.296,178.120,16.360,0.067,-0.286,-110.296,4.638142,-74.084455,0.45,3,1
457,6143109,-2.566,0.520,-10.359,-1.919,44.880,-105.932,178.030,16.568,0.053,-0.262,-105.932,4.638142,-74.084455,0.45,3,1
458,6153114,-2.404,0.351,-9.977,-1.400,51.106,-101.568,178.020,16.789,0.036,-0.245,-101.568,4.638142,-74.084455,0.45,3,1
459,6163107,-2.089,-0.090,-10.001,-2.621,56.416,-96.990,178.196,16.906,-0.009,-0.213,-96.990,4.638142,-74.084455,0.45,3,1
460,6173108,-1.729,-0.266,-9.619,-4.238,61.421,-93.939,178.427,16.933,-0.027,-0.176,-93.939,4.638142,-74.084455,0.45,3,1
461,6183119,-1.660,0.134,-9.271,-9.487,63.527,-90.521,178.404,16.974,0.014,-0.169,-90.521,4.638142,-74.084455,0.45,3,1
462,6193109,-1.438,0.064,-10.032,-12.600,64.229,-88.018,178.390,16.861,0.007,-0.147,-88.018,4.638142,-74.084455,0.45,3,1
463,6203103,-1.198,0.004,-10.304,-13.546,67.463,-87.438,178.396,16.667,0.000,-0.122,-87.438,4.638142,-74.084455,0.45,3,1
464,6213103,-0.985,0.021,-10.128,-15.224,71.309,-87.072,178.378,16.437,0.002,-0.100,-87.072,4.638142,-74.084455,0.45,3,1
465,6223094,-0.716,-0.061,-9.895,-16.414,74.208,-87.133,178.388,16.140,-0.006,-0.073,-87.133,4.638142,-74.084455,0.45,3,1
466,6233089,-0.580,0.221,-8.913,-19.192,73.964,-86.218,178.234,15.829,0.023,-0.059,-86.218,4.638142,-74.084455,0.45,3,1
467,6288168,0.977,0.790,-9.312,-8.510,52.235,-68.334,177.538,16.027,0.081,0.100,-68.334,4.638142,-74.084455,0.45,3,1
468,6289504,0.977,0.790,-9.312,-8.510,52.235,-68.334,176.940,15.429,0.081,0.100,-68.334,4.638142,-74.084455,0.45,3,1
469,6290834,0.977,0.790,-9.312,-8.510,52.235,-68.334,176.458,14.335,0.081,0.100,-68.334,4.638142,-74.084455,0.45,3,1
470,6292155,0.977,0.790,-9.312,-8.510,52.235,-68.334,176.094,12.970,0.081,0.100,-68.334,4.638142,-74.084455,0.45,3,1
471,6293485,1.196,0.611,-9.406,-6.527,46.620,-63.787,176.013,11.222,0.062,0.122,-63.787,4.638142,-74.084455,0.45,3,1
472,6294815,1.196,0.611,-9.406,-6.527,46.620,-63.787,175.983,9.507,0.062,0.122,-63.787,4.638142,-74.084455,0.45,3,1
473,6303085,1.213,0.510,-9.261,-3.567,40.303,-60.766,176.052,7.959,0.052,0.124,-60.766,4.638142,-74.084455,0.45,3,1
474,6313093,1.220,0.310,-9.295,0.462,33.253,-58.996,176.274,6.596,0.032,0.124,-58.996,4.638142,-74.084455,0.45,3,1
475,6323102,1.258,-0.158,-9.466,2.751,27.272,-59.027,176.772,5.370,-0.016,0.128,-59.027,4.638142,-74.084455,0.45,3,1
476,6333108,1.330,-0.493,-9.374,2.262,23.884,-61.437,177.399,4.234,-0.050,0.136,-61.437,4.638142,-74.084455,0.45,3,1
477,6343097,1.297,-0.575,-9.127,-1.247,21.901,-64.581,177.974,3.221,-0.059,0.132,-64.581,4.638142,-74.084455,0.45,3,1
478,6353108,1.275,-0.406,-8.781,-4.299,18.788,-66.839,178.368,2.284,-0.041,0.130,-66.839,4.638142,-74.084455,0.45,3,1
479,6363097,1.361,0.009,-8.704,-5.764,13.386,-66.717,178.466,1.346,0.001,0.139,-66.717,4.638142,-74.084455,0.45,3,1
480,6373100,1.478,0.279,-9.096,-5.733,6.123,-64.733,178.405,0.411,0.028,0.151,-64.733,4.638142,-74.084455,0.45,3,1
481,6383106,1.313,0.390,-9.343,-3.322,-1.903,-62.048,178.317,-0.399,0.040,0.134,-62.048,4.638142,-74.084455,0.45,3,1
482,6393093,1.051,0.377,-9.811,2.018,-8.708,-60.613,178.302,-1.036,0.038,0.107,-60.613,4.638142,-74.084455,0.45,3,1
483,6403097,1.063,0.291,-9.958,9.159,-10.692,-60.919,178.399,-1.631,0.030,0.108,-60.919,4.638142,-74.084455,0.45,3,1
484,6413100,1.270,-0.023,-9.456,12.425,-10.143,-61.437,178.667,-2.297,-0.002,0.130,-61.437,4.638142,-74.084455,0.45,3,1
485,6423091,1.287,-0.471,-9.182,7.237,-10.570,-59.545,179.094,-2.935,-0.048,0.131,-59.545,4.638142,-74.084455,0.45,3,1
486,6433097,1.051,-0.895,-8.783,2.537,-12.645,-57.867,179.675,-3.443,-0.091,0.107,-57.867,4.638142,-74.084455,0.45,3,1
487,6443085,1.022,-0.953,-8.925,0.157,-16.643,-58.019,180.207,-3.921,-0.097,0.104,-58.019,4.638142,-74.084455,0.45,3,1
488,6453093,0.867,-0.633,-9.706,-0.789,-18.169,-60.705,180.496,-4.261,-0.065,0.088,-60.705,4.638142,-74.084455,0.45,3,1
489,6463085,0.727,-0.245,-9.888,-0.057,-16.246,-64.642,180.582,-4.485,-0.025,0.074,-64.642,4.638142,-74.084455,0.45,3,1
490,6473093,0.677,0.028,-10.181,-0.149,-13.713,-66.503,180.536,-4.636,0.003,0.069,-66.503,4.638142,-74.084455,0.45,3,1
491,6483102,0.886,0.033,-10.176,2.049,-10.356,-66.717,180.511,-4.837,0.003,0.090,-66.717,4.638142,-74.084455,0.45,3,1
492,6493088,1.106,-0.032,-9.783,3.391,-7.121,-64.886,180.531,-5.109,-0.003,0.113,-64.886,4.638142,-74.084455,0.45,3,1
493,6503094,1.387,-0.611,-9.377,-0.271,-4.924,-61.376,180.794,-5.493,-0.062,0.141,-61.376,4.638142,-74.084455,0.45,3,1
494,6513100,1.418,-0.355,-9.365,-8.419,-4.405,-56.921,180.839,-5.858,-0.036,0.145,-56.921,4.638142,-74.084455,0.45,3,1
495,6523091,1.554,-0.331,-9.144,-13.668,-3.307,-53.137,180.824,-6.266,-0.034,0.158,-53.137,4.638142,-74.084455,0.45,3,1
496,6533097,1.571,-0.493,-9.026,-16.201,-3.002,-50.329,180.869,-6.656,-0.050,0.160,-50.329,4.638142,-74.084455,0.45,3,1
497,6543085,1.499,-0.416,-9.365,-19.649,-3.398,-48.345,180.834,-6.959,-0.042,0.153,-48.345,4.638142,-74.084455,0.45,3,1
498,6553093,1.487,0.004,-9.706,-23.525,-3.398,-47.094,180.565,-7.209,0.000,0.152,-47.094,4.638142,-74.084455,0.45,3,1
499,6581257,1.506,0.742,-10.383,-20.687,-1.689,-43.371,179.666,-7.569,0.076,0.154,-43.371,4.638142,-74.084455,0.45,3,1
500,6582595,1.492,0.556,-10.467,-16.994,-0.560,-41.204,179.144,-7.784,0.057,0.152,-41.204,4.638142,-74.084455,0.45,3,1
501,6583926,1.492,0.556,-10.467,-16.994,-0.560,-41.204,178.794,-7.906,0.057,0.152,-41.204,4.638142,-74.084455,0.45,3,1
502,6593096,1.535,0.329,-10.313,-14.278,1.057,-39.373,178.622,-8.026,0.034,0.157,-39.373,4.638142,-74.084455,0.45,3,1
503,6603107,1.549,0.327,-10.119,-14.522,3.377,-36.718,178.462,-8.134,0.033,0.158,-36.718,4.638142,-74.084455,0.45,3,1
504,6613099,1.542,0.310,-10.078,-18.093,6.672,-32.781,178.291,-8.202,0.032,0.157,-32.781,4.638142,-74.084455,0.45,3,1
505,6623092,1.547,0.334,-9.895,-21.816,10.670,-28.417,178.085,-8.243,0.034,0.158,-28.417,4.638142,-74.084455,0.45,3,1
506,6633149,1.511,0.339,-9.612,-24.288,13.447,-23.809,177.867,-8.258,0.035,0.154,-23.809,4.638142,-74.084455,0.45,3,1
507,6643096,1.573,0.069,-9.420,-25.478,15.156,-19.842,177.787,-8.301,0.007,0.160,-19.842,4.638142,-74.084455,0.45,3,1
508,6653107,1.702,-0.396,-8.839,-27.737,15.950,-16.943,177.936,-8.448,-0.040,0.174,-16.943,4.638142,-74.084455,0.45,3,1
509,6663099,1.671,-0.471,-8.454,-33.932,13.966,-14.440,178.064,-8.622,-0.048,0.170,-14.440,4.638142,-74.084455,0.45,3,1
510,6673114,1.599,-0.433,-8.844,-41.866,11.281,-12.670,178.074,-8.731,-0.044,0.163,-12.670,4.638142,-74.084455,0.45,3,1
511,6683099,1.518,-0.355,-9.684,-44.765,10.274,-14.166,178.001,-8.733,-0.036,0.155,-14.166,4.638142,-74.084455,0.45,3,1
512,6693109,1.089,1.024,-9.221,-47.695,8.381,-16.821,177.232,-8.577,0.104,0.111,-16.821,4.638142,-74.084455,0.45,3,1
513,6703101,1.399,0.580,-10.590,-39.211,4.231,-19.537,176.857,-8.536,0.059,0.143,-19.537,4.638142,-74.084455,0.45,3,1
514,6713107,1.630,0.975,-10.628,-31.917,4.750,-25.060,176.413,-8.587,0.099,0.166,-25.060,4.638142,-74.084455,0.45,3,1
515,6723105,1.652,1.590,-9.984,-26.821,3.041,-28.295,175.750,-8.697,0.162,0.168,-28.295,4.638142,-74.084455,0.45,3,1
516,6733127,1.814,1.424,-10.023,-20.809,-1.140,-28.173,175.270,-8.905,0.145,0.185,-28.173,4.638142,-74.084455,0.45,3,1
517,6743093,1.814,1.226,-9.723,-15.987,-5.809,-27.105,174.944,-9.166,0.125,0.185,-27.105,4.638142,-74.084455,0.45,3,1
518,6753096,1.661,1.221,-9.679,-12.997,-11.760,-25.488,174.671,-9.397,0.125,0.169,-25.488,4.638145,-74.084465,0.43,3,1
519,6763107,1.525,0.990,-9.667,-9.945,-16.857,-23.748,174.553,-9.599,0.101,0.156,-23.748,4.638145,-74.084465,0.43,3,1
520,6773115,1.304,0.633,-9.586,-8.816,-19.664,-23.077,174.616,-9.717,0.065,0.133,-23.077,4.638145,-74.084465,0.43,3,1
521,6783100,1.091,0.474,-9.689,-9.029,-21.282,-23.535,174.749,-9.739,0.048,0.111,-23.535,4.638145,-74.084465,0.43,3,1
522,6793098,0.796,0.553,-9.953,-12.112,-21.434,-24.511,174.813,-9.615,0.056,0.081,-24.511,4.638145,-74.084465,0.43,3,1
523,6803096,0.419,0.814,-10.335,-13.546,-20.214,-26.098,174.756,-9.313,0.083,0.043,-26.098,4.638145,-74.084465,0.43,3,1
524,6813108,0.142,0.927,-10.683,-10.860,-17.955,-28.265,174.693,-8.893,0.095,0.015,-28.265,4.638145,-74.084465,0.43,3,1
525,6823121,0.009,0.980,-10.698,-6.985,-14.781,-30.401,174.649,-8.420,0.100,0.001,-30.401,4.638145,-74.084465,0.43,3,1
526,6833106,0.076,0.963,-10.681,-2.956,-11.333,-31.805,174.652,-7.979,0.098,0.008,-31.805,4.638145,-74.084465,0.43,3,1
527,6843096,0.297,0.833,-10.453,-0.851,-7.335,-32.812,174.721,-7.630,0.085,0.030,-32.812,4.638145,-74.084465,0.43,3,1
528,6853100,0.350,0.782,-10.277,-3.750,-3.612,-32.385,174.773,-7.297,0.080,0.036,-32.385,4.638145,-74.084465,0.43,3,1
529,6863108,0.350,0.874,-10.167,-6.679,-1.018,-30.737,174.751,-6.968,0.089,0.036,-30.737,4.638145,-74.084465,0.43,3,1
530,6873144,0.374,1.098,-10.224,-7.809,0.996,-28.265,174.625,-6.654,0.112,0.038,-28.265,4.638145,-74.084465,0.43,3,1
531,6883094,0.348,1.354,-10.215,-8.205,3.316,-25.457,174.395,-6.331,0.138,0.035,-25.457,4.638145,-74.084465,0.43,3,1
532,6893099,0.352,1.556,-10.244,-6.862,5.452,-22.558,174.111,-6.014,0.159,0.036,-22.558,4.638145,-74.084465,0.43,3,1
533,6903095,0.438,1.518,-10.205,-4.238,7.130,-19.201,173.886,-5.744,0.155,0.045,-19.201,4.638145,-74.084465,0.43,3,1
534,6916711,0.498,1.532,-10.056,-2.163,7.802,-15.783,173.675,-5.511,0.156,0.051,-15.783,4.638145,-74.084465,0.43,3,1
535,6923093,0.429,1.417,-10.143,-0.332,7.466,-12.091,173.557,-5.268,0.144,0.044,-12.091,4.638145,-74.084465,0.43,3,1
536,6933108,0.367,1.132,-10.330,0.889,7.832,-9.588,173.594,-5.011,0.115,0.037,-9.588,4.638145,-74.084465,0.43,3,1
537,6943093,0.367,0.997,-10.373,0.309,9.480,-8.612,173.682,-4.759,0.102,0.037,-8.612,4.638145,-74.084465,0.43,3,1
538,6953111,0.369,0.956,-10.191,-0.759,10.670,-8.001,173.765,-4.520,0.097,0.038,-8.001,4.638145,-74.084465,0.43,3,1
539,6963102,0.400,1.024,-10.095,-1.156,9.541,-7.757,173.803,-4.326,0.104,0.041,-7.757,4.638145,-74.084465,0.43,3,1
540,6973098,0.507,1.156,-10.073,-0.149,7.191,-7.940,173.788,-4.216,0.118,0.052,-7.940,4.638145,-74.084465,0.43,3,1
541,6983108,0.631,1.224,-9.972,1.713,4.292,-8.550,173.756,-4.199,0.125,0.064,-8.550,4.638145,-74.084465,0.43,3,1
542,6993095,0.627,1.272,-9.845,4.948,0.813,-9.863,173.728,-4.216,0.130,0.064,-9.863,4.638145,-74.084465,0.43,3,1
543,7003098,0.524,1.219,-9.840,9.037,-2.849,-11.724,173.763,-4.220,0.124,0.053,-11.724,4.638145,-74.084465,0.43,3,1
544,7013107,0.393,1.048,-9.876,13.065,-5.809,-13.830,173.912,-4.192,0.107,0.040,-13.830,4.638145,-74.084465,0.43,3,1
545,7023091,0.288,0.864,-9.891,15.568,-7.457,-16.271,174.154,-4.133,0.088,0.029,-16.271,4.638145,-74.084465,0.43,3,1
546,7033095,0.255,0.703,-9.799,16.880,-8.617,-18.804,174.459,-4.076,0.072,0.026,-18.804,4.638145,-74.084465,0.43,3,1
547,7043090,0.278,0.631,-9.588,16.697,-10.051,-21.124,174.765,-4.051,0.064,0.028,-21.124,4.638145,-74.084465,0.43,3,1
548,7053100,0.314,0.616,-9.379,15.751,-12.615,-23.443,175.039,-4.070,0.063,0.032,-23.443,4.638145,-74.084465,0.43,3,1
549,7063094,0.336,0.732,-9.276,14.988,-16.002,-25.793,175.227,-4.131,0.075,0.034,-25.793,4.638145,-74.084465,0.43,3,1
550,7073099,0.317,0.869,-9.458,14.378,-18.932,-27.410,175.336,-4.202,0.089,0.032,-27.410,4.638145,-74.084465,0.43,3,1
551,7083091,0.238,0.927,-9.636,14.012,-20.000,-28.143,175.415,-4.237,0.095,0.024,-28.143,4.638145,-74.084465,0.43,3,1
552,7093111,0.178,1.040,-9.795,11.967,-19.603,-27.288,175.425,-4.238,0.106,0.018,-27.288,4.638145,-74.084465,0.43,3,1
553,7103108,0.133,1.257,-9.934,8.549,-18.657,-24.267,175.312,-4.208,0.128,0.014,-24.267,4.638145,-74.084465,0.43,3,1
554,7113096,0.047,1.433,-10.217,5.741,-17.345,-20.147,175.123,-4.129,0.146,0.005,-20.147,4.638145,-74.084465,0.43,3,1
555,7123100,0.007,1.626,-10.505,3.575,-14.751,-15.722,174.864,-4.014,0.166,0.001,-15.722,4.638145,-74.084465,0.43,3,1
556,7133109,-0.010,1.740,-10.505,3.117,-10.845,-11.389,174.574,-3.864,0.177,-0.001,-11.389,4.638145,-74.084465,0.43,3,1
557,7143098,0.021,1.672,-10.299,4.521,-6.633,-7.482,174.333,-3.700,0.171,0.002,-7.482,4.638145,-74.084465,0.43,3,1
558,7153097,0.102,1.378,-9.939,6.382,-3.276,-4.583,174.231,-3.554,0.141,0.010,-4.583,4.638145,-74.084465,0.43,3,1
559,7163104,0.209,0.961,-9.581,7.023,-1.445,-2.935,174.311,-3.453,0.098,0.021,-2.935,4.638145,-74.084465,0.43,3,1
560,7173095,0.281,0.657,-9.394,5.924,-0.957,-2.325,174.508,-3.391,0.067,0.029,-2.325,4.638145,-74.084465,0.43,3,1
561,7183119,0.274,0.647,-9.329,3.575,-1.842,-2.264,174.670,-3.339,0.066,0.028,-2.264,4.638145,-74.084465,0.43,3,1
562,7193105,0.214,0.809,-9.494,0.950,-3.185,-2.050,174.726,-3.274,0.082,0.022,-2.050,4.638145,-74.084465,0.43,3,1
563,7203089,0.131,1.007,-9.862,-0.973,-3.704,-1.257,174.686,-3.176,0.103,0.013,-1.257,4.638145,-74.084465,0.43,3,1
564,7213097,0.081,1.306,-10.205,-2.254,-2.544,0.117,174.524,-3.052,0.133,0.008,0.117,4.638145,-74.084465,0.43,3,1
565,7223096,0.097,1.508,-10.323,-2.376,0.325,2.772,174.293,-2.917,0.154,0.010,2.772,4.638145,-74.084465,0.43,3,1
566,7233096,0.095,1.368,-10.335,-1.186,3.377,6.312,174.151,-2.763,0.140,0.010,6.312,4.638145,-74.084465,0.43,3,1
567,7243084,0.166,1.028,-10.277,-0.454,6.093,9.180,174.168,-2.627,0.105,0.017,9.180,4.638145,-74.084465,0.43,3,1
568,7253089,0.240,0.857,-10.078,-0.942,7.985,10.615,174.246,-2.517,0.087,0.024,10.615,4.638145,-74.084465,0.43,3,1
569,7271815,0.286,0.775,-9.835,-1.339,8.687,11.988,174.346,-2.413,0.079,0.029,11.988,4.638145,-74.084465,0.43,3,1
570,7273153,0.286,0.775,-9.835,-1.339,8.687,11.988,174.439,-2.334,0.079,0.029,11.988,4.638145,-74.084465,0.43,3,1
571,7283096,0.269,0.633,-9.855,-1.552,7.710,12.140,174.588,-2.262,0.065,0.027,12.140,4.638145,-74.084465,0.43,3,1
572,7293098,0.271,0.539,-9.948,-2.010,6.428,11.805,174.768,-2.208,0.055,0.028,11.805,4.638145,-74.084465,0.43,3,1
573,7303105,0.264,0.479,-9.927,-2.224,4.902,10.737,174.957,-2.170,0.049,0.027,10.737,4.638145,-74.084465,0.43,3,1
574,7313091,0.250,0.423,-9.951,-1.949,3.224,9.089,175.159,-2.144,0.043,0.025,9.089,4.638145,-74.084465,0.43,3,1
575,7323089,0.209,0.484,-10.076,-1.613,2.431,7.075,175.323,-2.107,0.049,0.021,7.075,4.638145,-74.084465,0.43,3,1
576,7333095,0.393,0.647,-10.092,-1.339,2.522,5.549,175.403,-2.155,0.066,0.040,5.549,4.638145,-74.084465,0.43,3,1
577,7343100,0.662,1.366,-10.849,-4.085,4.811,6.434,175.174,-2.276,0.139,0.068,6.434,4.638145,-74.084465,0.43,3,1
578,7353100,0.111,1.566,-10.469,-2.224,9.297,9.699,174.877,-2.120,0.160,0.011,9.699,4.638145,-74.084465,0.43,3,1
579,7363089,-0.113,1.012,-10.016,1.682,9.724,14.734,174.854,-1.875,0.103,-0.011,14.734,4.638145,-74.084465,0.43,3,1
580,7373098,-0.051,0.146,-10.030,2.628,8.534,17.206,175.228,-1.688,0.015,-0.005,17.206,4.638145,-74.084465,0.43,3,1
581,7383089,0.057,-0.232,-10.124,1.133,9.633,14.612,175.727,-1.554,-0.024,0.006,14.612,4.638145,-74.084465,0.43,3,1
582,7393095,0.059,-0.056,-9.953,-1.278,11.525,10.370,176.088,-1.413,-0.006,0.006,10.370,4.638145,-74.084465,0.43,3,1
583,7403105,-0.003,0.095,-9.811,-2.651,12.044,7.898,176.339,-1.251,0.010,-0.000,7.898,4.638145,-74.084465,0.43,3,1
584,7413087,0.023,0.240,-9.927,-3.902,11.677,6.922,176.494,-1.117,0.024,0.002,6.922,4.638145,-74.084465,0.43,3,1
585,7423093,0.085,0.418,-10.107,-5.367,12.105,6.006,176.548,-1.017,0.043,0.009,6.006,4.638145,-74.084465,0.43,3,1
586,7433095,0.083,0.708,-10.256,-6.496,13.142,4.877,176.464,-0.913,0.072,0.008,4.877,4.638145,-74.084465,0.43,3,1
587,7443085,0.004,0.942,-10.203,-6.435,14.332,3.748,176.284,-0.772,0.096,0.000,3.748,4.638145,-74.084465,0.43,3,1
588,7453091,0.002,1.016,-9.975,-4.543,14.699,2.070,176.093,-0.637,0.104,0.000,2.070,4.638145,-74.084465,0.43,3,1
589,7463096,0.033,0.879,-9.886,-2.285,14.210,-0.067,175.994,-0.532,0.090,0.003,-0.067,4.638145,-74.084465,0.43,3,1
590,7473098,0.121,0.626,-9.691,-0.393,13.753,-3.027,176.029,-0.479,0.064,0.012,-3.027,4.638145,-74.084465,0.43,3,1
591,7483085,0.235,0.375,-9.533,0.065,13.417,-6.597,176.177,-0.488,0.038,0.024,-6.597,4.638145,-74.084465,0.43,3,1
592,7493107,0.286,0.211,-9.362,-1.949,12.715,-10.046,176.369,-0.529,0.022,0.029,-10.046,4.638145,-74.084465,0.43,3,1
593,7503097,0.309,0.245,-9.341,-6.283,11.586,-13.159,176.491,-0.588,0.025,0.032,-13.159,4.638145,-74.084465,0.43,3,1
594,7513098,0.312,0.522,-9.490,-9.975,10.640,-15.447,176.442,-0.651,0.053,0.032,-15.447,4.638145,-74.084465,0.43,3,1
595,7523088,0.295,0.797,-9.662,-12.142,10.548,-16.577,176.255,-0.699,0.081,0.030,-16.577,4.638145,-74.084465,0.43,3,1
596,7533098,0.312,0.978,-9.730,-13.210,11.159,-17.065,175.993,-0.745,0.100,0.032,-17.065,4.638145,-74.084465,0.43,3,1
597,7543089,0.355,0.978,-9.708,-13.271,11.616,-17.492,175.749,-0.802,0.100,0.036,-17.492,4.638145,-74.084465,0.43,3,1
598,7553098,0.441,1.089,-9.619,-12.844,11.433,-18.011,175.474,-0.898,0.111,0.045,-18.011,4.638145,-74.084465,0.43,3,1
599,7590779,0.872,1.118,-9.444,-8.449,8.748,-17.553,175.031,-1.228,0.114,0.089,-17.553,4.638145,-74.084465,0.43,3,1
600,7592109,0.927,1.045,-9.353,-8.175,7.344,-16.210,174.715,-1.654,0.107,0.095,-16.210,4.638145,-74.084465,0.43,3,1
601,7593436,0.927,1.045,-9.353,-8.175,7.344,-16.210,174.481,-2.050,0.107,0.095,-16.210,4.638145,-74.084465,0.43,3,1
602,7594761,0.927,1.045,-9.353,-8.175,7.344,-16.210,174.325,-2.398,0.107,0.095,-16.210,4.638145,-74.084465,0.43,3,1
603,7603094,0.946,1.043,-9.300,-8.236,5.055,-14.440,174.195,-2.737,0.106,0.096,-14.440,4.638145,-74.084465,0.43,3,1
604,7613100,0.898,1.091,-9.451,-7.961,2.034,-12.701,174.063,-3.028,0.111,0.092,-12.701,4.638145,-74.084465,0.43,3,1
605,7623090,0.786,1.178,-9.674,-7.015,-0.682,-11.511,173.922,-3.241,0.120,0.080,-11.511,4.638145,-74.084465,0.43,3,1
606,7633162,0.727,1.195,-10.056,-5.428,-2.971,-10.870,173.824,-3.408,0.122,0.074,-10.870,4.638145,-74.084465,0.43,3,1
607,7643106,0.708,1.282,-10.318,-4.268,-3.612,-11.053,173.719,-3.547,0.131,0.072,-11.053,4.638145,-74.084465,0.43,3,1
608,7653098,0.646,1.448,-10.381,-2.498,-2.849,-11.175,173.568,-3.636,0.148,0.066,-11.175,4.638145,-74.084465,0.43,3,1
609,7663107,0.598,1.433,-10.347,-0.301,-1.628,-10.595,173.455,-3.685,0.146,0.061,-10.595,4.638145,-74.084465,0.43,3,1
610,7673098,0.655,1.342,-10.292,1.591,-0.438,-9.771,173.409,-3.747,0.137,0.067,-9.771,4.638145,-74.084465,0.43,3,1
611,7683110,0.684,1.426,-10.241,2.751,0.233,-8.459,173.337,-3.813,0.145,0.070,-8.459,4.638145,-74.084465,0.43,3,1
612,7693100,0.700,1.532,-10.337,4.002,0.508,-6.353,173.242,-3.874,0.156,0.071,-6.353,4.638145,-74.084465,0.43,3,1
613,7703092,0.689,1.703,-10.561,4.917,0.996,-3.454,173.104,-3.914,0.174,0.070,-3.454,4.638145,-74.084465,0.43,3,1
614,7713113,0.693,1.858,-10.674,6.443,1.912,0.300,172.936,-3.941,0.189,0.071,0.300,4.638145,-74.084465,0.43,3,1
615,7723097,0.631,1.826,-10.681,8.366,3.621,4.114,172.814,-3.923,0.186,0.064,4.114,4.638145,-74.084465,0.43,3,1
616,7733101,0.634,1.694,-10.546,11.204,5.879,6.922,172.774,-3.892,0.173,0.065,6.922,4.638145,-74.084465,0.43,3,1
617,7743100,0.667,1.417,-10.371,13.157,7.924,8.570,172.862,-3.864,0.144,0.068,8.570,4.638145,-74.084465,0.43,3,1
618,7753100,0.708,1.178,-10.085,13.798,9.114,9.455,173.038,-3.854,0.120,0.072,9.455,4.638148,-74.084483,0.39,3,1
619,7763115,0.784,1.062,-9.804,14.134,9.083,9.394,173.240,-3.889,0.108,0.080,9.394,4.638148,-74.084483,0.39,3,1
620,7773107,0.839,1.021,-9.629,14.591,8.442,8.753,173.441,-3.959,0.104,0.086,8.753,4.638148,-74.084483,0.39,3,1
621,7783102,0.872,0.980,-9.516,15.415,7.313,7.471,173.647,-4.054,0.100,0.089,7.471,4.638148,-74.084483,0.39,3,1
622,7793104,0.937,0.927,-9.437,16.239,5.696,6.251,173.866,-4.191,0.095,0.095,6.251,4.638148,-74.084483,0.39,3,1
623,7803110,1.006,0.872,-9.336,17.155,4.078,5.488,174.098,-4.369,0.089,0.103,5.488,4.638148,-74.084483,0.39,3,1
624,7813100,1.061,0.869,-9.295,17.643,3.010,4.938,174.315,-4.571,0.089,0.108,4.938,4.638148,-74.084483,0.39,3,1
625,7823107,1.111,0.901,-9.247,17.552,2.614,5.060,174.498,-4.787,0.092,0.113,5.060,4.638148,-74.084483,0.39,3,1
626,7833108,1.208,0.937,-9.324,16.880,2.827,6.525,174.647,-5.026,0.096,0.123,6.525,4.638148,-74.084483,0.39,3,1
627,7843095,1.308,0.903,-9.182,15.629,3.285,9.577,174.781,-5.299,0.092,0.133,9.577,4.638148,-74.084483,0.39,3,1
628,7853112,1.359,0.566,-8.990,13.340,2.644,13.209,175.042,-5.595,0.058,0.139,13.209,4.638148,-74.084483,0.39,3,1
629,7863100,1.294,0.201,-8.983,9.953,0.447,15.345,175.430,-5.860,0.021,0.132,15.345,4.638148,-74.084483,0.39,3,1
630,7873112,1.215,0.023,-9.127,6.504,-2.391,15.040,175.845,-6.083,0.002,0.124,15.040,4.638148,-74.084483,0.39,3,1
631,7883105,1.113,0.103,-9.259,4.734,-5.626,12.598,176.174,-6.262,0.010,0.113,12.598,4.638148,-74.084483,0.39,3,1
632,7893112,1.089,0.322,-9.396,4.795,-8.861,9.394,176.375,-6.437,0.033,0.111,9.394,4.638148,-74.084483,0.39,3,1
633,7903099,1.034,0.455,-9.547,6.504,-11.669,6.220,176.518,-6.592,0.046,0.105,6.220,4.638148,-74.084483,0.39,3,1
634,7913104,0.956,0.469,-9.562,8.915,-13.866,3.412,176.665,-6.718,0.048,0.097,3.412,4.638148,-74.084483,0.39,3,1
635,7926697,0.851,0.361,-9.605,10.166,-15.514,1.368,176.903,-6.870,0.037,0.087,1.368,4.638148,-74.084483,0.39,3,1
636,7933101,0.779,0.230,-9.699,10.044,-16.399,0.086,177.146,-6.908,0.023,0.079,0.086,4.638148,-74.084483,0.39,3,1
637,7943113,0.689,0.086,-9.778,9.007,-16.460,-1.074,177.427,-6.899,0.009,0.070,-1.074,4.638148,-74.084483,0.39,3,1
638,7953102,0.569,0.151,-9.797,7.267,-15.819,-2.264,177.641,-6.830,0.015,0.058,-2.264,4.638148,-74.084483,0.39,3,1
639,7963104,0.505,0.240,-9.821,5.589,-14.415,-3.088,177.781,-6.723,0.024,0.051,-3.088,4.638148,-74.084483,0.39,3,1
640,7973104,0.474,0.259,-9.900,3.666,-12.432,-3.424,177.884,-6.592,0.026,0.048,-3.424,4.638148,-74.084483,0.39,3,1
641,7983106,0.455,0.255,-9.972,1.621,-10.082,-3.637,177.964,-6.438,0.026,0.046,-3.637,4.638148,-74.084483,0.39,3,1
642,7993117,0.452,0.370,-10.102,-0.576,-7.305,-3.759,177.967,-6.268,0.038,0.046,-3.759,4.638148,-74.084483,0.39,3,1
643,8003099,0.417,0.539,-10.248,-2.163,-4.314,-3.607,177.885,-6.064,0.055,0.042,-3.607,4.638148,-74.084483,0.39,3,1
644,8013101,0.538,0.686,-10.222,-2.865,-1.140,-3.057,177.738,-5.900,0.070,0.055,-3.057,4.638148,-74.084483,0.39,3,1
645,8023102,0.679,0.833,-10.143,-3.078,1.546,-1.806,177.533,-5.787,0.085,0.069,-1.806,4.638148,-74.084483,0.39,3,1
646,8033143,0.753,1.009,-10.006,-2.743,3.224,0.055,177.265,-5.704,0.103,0.077,0.055,4.638148,-74.084483,0.39,3,1
647,8043104,0.808,1.040,-9.867,-2.010,3.621,2.405,177.004,-5.652,0.106,0.082,2.405,4.638148,-74.084483,0.39,3,1
648,8053110,0.782,0.930,-9.691,-0.637,3.010,4.419,176.818,-5.604,0.095,0.080,4.419,4.638148,-74.084483,0.39,3,1
649,8063102,0.689,0.737,-9.540,0.675,1.759,5.396,176.741,-5.535,0.075,0.070,5.396,4.638148,-74.084483,0.39,3,1
650,8073113,0.576,0.452,-9.442,1.866,0.020,4.999,176.810,-5.439,0.046,0.059,4.999,4.638148,-74.084483,0.39,3,1
651,8083094,0.472,0.141,-9.403,2.354,-1.842,3.626,177.024,-5.319,0.014,0.048,3.626,4.638148,-74.084483,0.39,3,1
652,8093112,0.357,-0.028,-9.506,1.408,-3.215,1.520,177.293,-5.166,-0.003,0.036,1.520,4.638148,-74.084483,0.39,3,1
653,8103094,0.274,0.038,-9.713,-0.576,-3.612,-0.891,177.493,-4.985,0.004,0.028,-0.891,4.638148,-74.084483,0.39,3,1
654,8113096,0.212,0.233,-9.917,-2.682,-2.849,-2.661,177.571,-4.782,0.024,0.022,-2.661,4.638148,-74.084483,0.39,3,1
655,8123107,0.183,0.373,-10.104,-4.330,-0.987,-3.301,177.569,-4.562,0.038,0.019,-3.301,4.638148,-74.084483,0.39,3,1
656,8133161,0.195,0.457,-10.277,-5.520,1.790,-3.149,177.522,-4.337,0.047,0.020,-3.149,4.638148,-74.084483,0.39,3,1
657,8143103,0.183,0.488,-10.381,-6.740,4.902,-2.539,177.456,-4.094,0.050,0.019,-2.539,4.638148,-74.084483,0.39,3,1
658,8153105,0.245,0.505,-10.426,-7.381,7.435,-1.776,177.383,-3.873,0.052,0.025,-1.776,4.638148,-74.084483,0.39,3,1
659,8163117,0.352,0.669,-10.438,-6.893,8.992,-1.013,177.251,-3.699,0.068,0.036,-1.013,4.638148,-74.084483,0.39,3,1
660,8173114,0.390,0.816,-10.369,-5.398,9.358,-0.158,177.079,-3.552,0.083,0.040,-0.158,4.638148,-74.084483,0.39,3,1
661,8183102,0.419,0.717,-10.270,-3.231,8.900,0.483,176.978,-3.435,0.073,0.043,0.483,4.638148,-74.084483,0.39,3,1
662,8193100,0.438,0.544,-10.208,-1.217,7.710,0.208,176.978,-3.347,0.055,0.045,0.208,4.638148,-74.084483,0.39,3,1
663,8203104,0.421,0.433,-10.188,0.675,6.215,-1.226,177.042,-3.273,0.044,0.043,-1.226,4.638148,-74.084483,0.39,3,1
664,8213113,0.367,0.353,-10.148,2.110,5.025,-3.088,177.149,-3.192,0.036,0.037,-3.088,4.638148,-74.084483,0.39,3,1
665,8223096,0.350,0.317,-10.160,2.873,4.262,-5.041,177.270,-3.117,0.032,0.036,-5.041,4.638148,-74.084483,0.39,3,1
666,8233091,0.400,0.351,-10.212,3.086,3.895,-6.475,177.371,-3.072,0.036,0.041,-6.475,4.638148,-74.084483,0.39,3,1
667,8243104,0.495,0.592,-10.241,2.476,4.109,-7.177,177.354,-3.069,0.060,0.051,-7.177,4.638148,-74.084483,0.39,3,1
668,8253092,0.574,0.855,-10.287,1.835,5.055,-6.628,177.221,-3.090,0.087,0.059,-6.628,4.638148,-74.084483,0.39,3,1
669,8263092,0.612,0.978,-10.227,2.415,6.306,-4.949,177.049,-3.115,0.100,0.062,-4.949,4.638148,-74.084483,0.39,3,1
670,8273097,0.727,1.007,-10.092,3.758,7.313,-2.783,176.883,-3.182,0.103,0.074,-2.783,4.638148,-74.084483,0.39,3,1
671,8286276,0.810,1.019,-9.915,5.345,7.557,-0.738,176.747,-3.284,0.104,0.083,-0.738,4.638148,-74.084483,0.39,3,1
672,8293102,0.891,0.958,-9.720,5.955,7.252,1.337,176.626,-3.428,0.098,0.091,1.337,4.638148,-74.084483,0.39,3,1
673,8303104,0.865,0.901,-9.586,5.284,6.611,3.779,176.530,-3.560,0.092,0.088,3.779,4.638148,-74.084483,0.39,3,1
674,8313107,0.793,0.775,-9.444,6.230,6.093,5.610,176.503,-3.659,0.079,0.081,5.610,4.638148,-74.084483,0.39,3,1
675,8323101,0.777,0.585,-9.377,6.596,6.032,6.312,176.569,-3.746,0.060,0.079,6.312,4.638148,-74.084483,0.39,3,1
676,8333096,0.770,0.421,-9.372,5.619,6.093,5.945,176.700,-3.823,0.043,0.078,5.945,4.638148,-74.084483,0.39,3,1
677,8343089,0.808,0.455,-9.571,3.819,5.757,5.274,176.791,-3.907,0.046,0.082,5.274,4.638148,-74.084483,0.39,3,1
678,8353091,0.834,0.780,-9.797,1.408,5.330,4.816,176.711,-3.991,0.080,0.085,4.816,4.638148,-74.084483,0.39,3,1
679,8363088,0.925,1.175,-10.052,-0.240,5.543,5.427,176.457,-4.096,0.120,0.094,5.427,4.638148,-74.084483,0.39,3,1
680,8373096,1.049,1.539,-10.181,-0.393,6.947,7.227,176.072,-4.225,0.157,0.107,7.227,4.638148,-74.084483,0.39,3,1
681,8383089,1.180,1.725,-10.164,0.706,9.205,10.004,175.646,-4.379,0.176,0.120,10.004,4.638148,-74.084483,0.39,3,1
682,8393092,1.349,1.646,-10.047,2.201,11.647,13.392,175.292,-4.578,0.168,0.138,13.392,4.638148,-74.084483,0.39,3,1
683,8403101,1.478,1.429,-9.790,3.452,13.508,16.871,175.054,-4.817,0.146,0.151,16.871,4.638148,-74.084483,0.39,3,1
684,8413091,1.635,0.971,-9.466,3.605,14.027,19.739,175.026,-5.131,0.099,0.167,19.739,4.638148,-74.084483,0.39,3,1
685,8423090,1.754,0.606,-9.153,2.018,12.837,21.326,175.145,-5.516,0.062,0.179,21.326,4.638148,-74.084483,0.39,3,1
686,8433100,1.800,0.797,-9.069,-0.057,9.572,21.570,175.141,-5.928,0.081,0.184,21.570,4.638148,-74.084483,0.39,3,1
687,8443091,1.807,1.132,-9.177,-0.393,5.757,21.601,174.978,-6.335,0.115,0.184,21.601,4.638148,-74.084483,0.39,3,1
688,8453091,1.776,1.204,-9.273,1.682,1.546,21.601,174.818,-6.725,0.123,0.181,21.601,4.638148,-74.084483,0.39,3,1
689,8463095,1.683,0.930,-9.278,5.589,-2.971,20.930,174.837,-7.087,0.095,0.172,20.930,4.638148,-74.084483,0.39,3,1
690,8473093,1.592,0.573,-9.209,8.854,-6.969,18.946,175.051,-7.425,0.058,0.162,18.946,4.638148,-74.084483,0.39,3,1
691,8483090,1.499,0.363,-9.216,10.533,-10.600,15.742,175.366,-7.727,0.037,0.153,15.742,4.638148,-74.084483,0.39,3,1
692,8493107,1.428,0.346,-9.401,10.777,-13.408,12.629,175.669,-7.985,0.035,0.146,12.629,4.638148,-74.084483,0.39,3,1
693,8503105,1.418,0.570,-9.636,10.075,-15.117,10.126,175.845,-8.218,0.058,0.145,10.126,4.638148,-74.084483,0.39,3,1
694,8513090,1.323,0.958,-9.934,9.464,-15.483,9.150,175.836,-8.373,0.098,0.135,9.150,4.638148,-74.084483,0.39,3,1
695,8523093,1.244,1.166,-10.126,9.648,-14.049,10.340,175.749,-8.458,0.119,0.127,10.340,4.638148,-74.084483,0.39,3,1
696,8533087,1.215,1.267,-10.217,10.258,-11.394,13.270,175.634,-8.494,0.129,0.124,13.270,4.638148,-74.084483,0.39,3,1
697,8543096,1.134,1.185,-10.253,10.746,-8.220,16.596,175.570,-8.462,0.121,0.116,16.596,4.638148,-74.084483,0.39,3,1
698,8553091,1.106,0.742,-10.176,11.448,-5.229,19.221,175.704,-8.398,0.076,0.113,19.221,4.638148,-74.084483,0.39,3,1
699,8581766,1.039,-0.001,-9.771,10.624,1.118,20.380,176.382,-8.345,-0.000,0.106,20.380,4.638148,-74.084483,0.39,3,1
700,8583095,1.039,-0.001,-9.771,10.624,1.118,20.380,176.923,-8.241,-0.000,0.106,20.380,4.638148,-74.084483,0.39,3,1
701,8584421,1.039,-0.001,-9.771,10.624,1.118,20.380,177.320,-8.105,-0.000,0.106,20.380,4.638148,-74.084483,0.39,3,1
702,8593095,1.070,-0.059,-9.614,10.502,2.827,18.549,177.691,-7.987,-0.006,0.109,18.549,4.638148,-74.084483,0.39,3,1
703,8603105,1.108,-0.003,-9.506,10.868,3.346,16.718,178.001,-7.903,-0.000,0.113,16.718,4.638148,-74.084483,0.39,3,1
704,8613102,1.156,0.141,-9.391,11.357,2.705,15.497,178.212,-7.865,0.014,0.118,15.497,4.638148,-74.084483,0.39,3,1
705,8623102,1.165,0.216,-9.216,10.960,0.935,15.467,178.360,-7.863,0.022,0.119,15.467,4.638148,-74.084483,0.39,3,1
706,8633146,1.120,0.170,-9.122,10.197,-2.452,16.230,178.510,-7.876,0.017,0.114,16.230,4.638148,-74.084483,0.39,3,1
707,8643089,1.003,0.021,-9.230,10.471,-6.755,16.596,178.728,-7.863,0.002,0.102,16.596,4.638148,-74.084483,0.39,3,1
708,8653096,0.829,-0.228,-9.391,11.387,-10.417,15.528,179.059,-7.791,-0.023,0.085,15.528,4.638148,-74.084483,0.39,3,1
709,8663094,0.596,-0.389,-9.586,11.570,-13.347,12.781,179.439,-7.634,-0.040,0.061,12.781,4.638148,-74.084483,0.39,3,1
710,8673098,0.338,-0.372,-9.881,12.364,-14.965,8.936,179.782,-7.378,-0.038,0.034,8.936,4.638148,-74.084483,0.39,3,1
711,8683113,0.169,-0.375,-10.119,14.347,-15.178,5.243,180.112,-7.067,-0.038,0.017,5.243,4.638148,-74.084483,0.39,3,1
712,8693109,0.119,-0.249,-10.212,16.209,-13.896,2.009,180.374,-6.747,-0.025,0.012,2.009,4.638148,-74.084483,0.39,3,1
713,8703106,0.171,-0.003,-10.152,17.613,-11.882,-0.280,180.520,-6.459,-0.000,0.017,-0.280,4.638148,-74.084483,0.39,3,1
714,8713105,0.240,0.255,-9.924,20.115,-9.349,-1.531,180.560,-6.204,0.026,0.024,-1.531,4.638148,-74.084483,0.39,3,1
715,8723094,0.398,0.028,-9.485,24.571,-7.305,-1.043,180.741,-6.031,0.003,0.041,-1.043,4.638148,-74.084483,0.39,3,1
716,8733102,0.450,-0.326,-9.113,27.500,-7.152,0.818,181.108,-5.904,-0.033,0.046,0.818,4.638148,-74.084483,0.39,3,1
717,8743101,0.438,-0.637,-9.144,27.683,-8.708,2.741,181.600,-5.794,-0.065,0.045,2.741,4.638148,-74.084483,0.39,3,1
718,8753116,0.400,-0.970,-9.490,26.158,-10.906,2.680,182.184,-5.688,-0.099,0.041,2.680,4.638160,-74.084493,0.30,3,1
719,8763103,0.369,-0.806,-9.768,24.876,-11.760,0.361,182.622,-5.578,-0.082,0.038,0.361,4.638160,-74.084493,0.30,3,1
720,8773101,0.331,-0.611,-9.869,26.402,-11.638,-1.837,182.950,-5.457,-0.062,0.034,-1.837,4.638160,-74.084493,0.30,3,1
721,8783096,0.293,-0.401,-10.061,25.211,-11.882,-1.837,183.143,-5.328,-0.041,0.030,-1.837,4.638160,-74.084493,0.30,3,1
722,8793103,0.472,-0.240,-9.934,24.326,-12.035,-0.189,183.242,-5.292,-0.024,0.048,-0.189,4.638160,-74.084493,0.30,3,1
723,8803097,0.593,-0.363,-9.833,25.181,-12.401,2.009,183.399,-5.319,-0.037,0.060,2.009,4.638160,-74.084493,0.30,3,1
724,8813103,0.567,-0.736,-9.773,25.822,-12.889,3.718,183.719,-5.338,-0.075,0.058,3.718,4.638160,-74.084493,0.30,3,1
725,8823097,0.596,-1.021,-9.706,24.601,-13.408,4.725,184.135,-5.374,-0.104,0.061,4.725,4.638160,-74.084493,0.30,3,1
726,8833110,0.586,-1.011,-9.557,21.122,-13.774,5.976,184.490,-5.410,-0.103,0.060,5.976,4.638160,-74.084493,0.30,3,1
727,8843111,0.619,-0.941,-9.538,17.704,-14.720,7.776,184.754,-5.469,-0.096,0.063,7.776,4.638160,-74.084493,0.30,3,1
728,8853101,0.479,-0.613,-10.049,13.920,-16.338,9.791,184.797,-5.462,-0.063,0.049,9.791,4.638160,-74.084493,0.30,3,1
729,8863094,0.274,-0.382,-10.683,13.218,-18.108,11.072,184.718,-5.374,-0.039,0.028,11.072,4.638160,-74.084493,0.30,3,1
730,8873106,0.224,-0.341,-10.640,16.239,-19.390,11.194,184.657,-5.285,-0.035,0.023,11.194,4.638160,-74.084493,0.30,3,1
731,8883115,0.193,-0.069,-10.662,19.505,-19.908,10.737,184.517,-5.194,-0.007,0.020,10.737,4.638160,-74.084493,0.30,3,1
732,8893101,0.309,0.129,-10.602,23.167,-19.390,10.492,184.339,-5.154,0.013,0.032,10.492,4.638160,-74.084493,0.30,3,1
733,8903095,0.424,-0.061,-10.176,26.280,-18.474,11.347,184.284,-5.163,-0.006,0.043,11.347,4.638160,-74.084493,0.30,3,1
734,8917764,0.479,-0.657,-9.975,28.141,-17.894,12.171,184.636,-5.287,-0.067,0.049,12.171,4.638160,-74.084493,0.30,3,1
735,8923098,0.402,-1.096,-9.967,27.226,-16.979,11.988,185.027,-5.259,-0.112,0.041,11.988,4.638160,-74.084493,0.30,3,1
736,8933108,0.302,-1.231,-9.972,23.838,-15.209,11.408,185.415,-5.171,-0.125,0.031,11.408,4.638160,-74.084493,0.30,3,1
737,8943093,0.269,-1.281,-9.915,19.566,-13.164,11.011,185.759,-5.058,-0.131,0.027,11.011,4.638160,-74.084493,0.30,3,1
738,8953097,0.214,-1.120,-9.790,15.659,-11.882,11.591,185.974,-4.919,-0.114,0.022,11.591,4.638160,-74.084493,0.30,3,1
739,8963089,0.195,-0.939,-9.730,12.242,-11.730,13.056,186.062,-4.782,-0.096,0.020,13.056,4.638160,-74.084493,0.30,3,1
740,8973106,0.207,-0.739,-9.687,9.953,-12.340,14.307,186.031,-4.668,-0.075,0.021,14.307,4.638160,-74.084493,0.30,3,1
741,8983098,0.162,-0.635,-9.636,10.197,-13.622,14.338,185.959,-4.555,-0.065,0.016,14.338,4.638160,-74.084493,0.30,3,1
742,8993106,0.162,-0.857,-9.521,13.340,-15.483,12.995,186.029,-4.468,-0.087,0.016,12.995,4.638160,-74.084493,0.30,3,1
743,9003091,0.109,-1.083,-9.410,16.941,-17.284,10.187,186.237,-4.381,-0.110,0.011,10.187,4.638160,-74.084493,0.30,3,1
744,9013106,0.021,-1.158,-9.345,19.566,-18.840,6.800,186.492,-4.274,-0.118,0.002,6.800,4.638160,-74.084493,0.30,3,1
745,9023100,-0.117,-1.194,-9.249,20.756,-19.908,4.358,186.761,-4.118,-0.122,-0.012,4.358,4.638160,-74.084493,0.30,3,1
746,9033096,-0.234,-1.279,-9.211,21.336,-20.702,3.199,187.057,-3.926,-0.130,-0.024,3.199,4.638160,-74.084493,0.30,3,1
747,9043092,-0.401,-1.276,-9.254,20.542,-21.495,3.229,187.319,-3.678,-0.130,-0.041,3.229,4.638160,-74.084493,0.30,3,1
748,9053116,-0.592,-1.115,-9.494,18.955,-22.411,3.901,187.456,-3.373,-0.114,-0.060,3.901,4.638160,-74.084493,0.30,3,1
749,9063111,-0.780,-1.006,-9.867,17.643,-22.563,5.152,187.503,-3.019,-0.103,-0.080,5.152,4.638160,-74.084493,0.30,3,1
750,9073097,-1.007,-1.043,-9.948,21.000,-21.892,5.915,187.589,-2.588,-0.106,-0.103,5.915,4.638160,-74.084493,0.30,3,1
751,9083094,-1.350,-1.158,-10.047,21.671,-21.160,6.281,187.721,-2.040,-0.118,-0.138,6.281,4.638160,-74.084493,0.30,3,1
752,9093114,-1.417,-1.378,-10.537,19.352,-18.871,5.579,187.889,-1.514,-0.140,-0.144,5.579,4.638160,-74.084493,0.30,3,1
753,9103098,-1.493,-1.496,-10.729,17.002,-14.385,4.664,188.059,-0.966,-0.153,-0.152,4.664,4.638160,-74.084493,0.30,3,1
754,9113117,-1.548,-1.689,-10.991,13.493,-8.403,4.877,188.246,-0.399,-0.172,-0.158,4.877,4.638160,-74.084493,0.30,3,1
755,9123090,-1.548,-1.710,-11.228,8.396,-0.774,6.128,188.365,0.183,-0.174,-0.158,6.128,4.638160,-74.084493,0.30,3,1
756,9133164,-1.477,-1.028,-10.277,2.415,7.496,9.028,188.193,0.825,-0.105,-0.151,9.028,4.638160,-74.084493,0.30,3,1
757,9143089,-1.074,-0.189,-9.506,-5.398,8.473,18.641,187.608,1.297,-0.019,-0.109,18.641,4.638160,-74.084493,0.30,3,1
758,9153103,-1.336,-1.631,-11.495,-2.773,10.274,26.728,187.627,1.759,-0.166,-0.136,26.728,4.638160,-74.084493,0.30,3,1
759,9163090,-1.114,-1.874,-10.844,-4.360,20.131,26.209,187.764,2.216,-0.191,-0.114,26.209,4.638160,-74.084493,0.30,3,1
760,9173111,-0.742,-1.380,-9.725,-6.222,25.258,23.890,187.740,2.573,-0.141,-0.076,23.890,4.638160,-74.084493,0.30,3,1
761,9183101,-0.523,-1.197,-9.350,-5.215,22.786,22.852,187.667,2.791,-0.122,-0.053,22.852,4.638160,-74.084493,0.30,3,1
762,9193107,-0.566,-1.378,-9.727,-4.879,18.818,22.944,187.662,2.965,-0.140,-0.058,22.944,4.638160,-74.084493,0.30,3,1
763,9203096,-0.532,-1.438,-9.951,-4.146,16.743,22.669,187.676,3.086,-0.147,-0.054,22.669,4.638160,-74.084493,0.30,3,1
764,9213107,-0.489,-1.469,-10.011,-2.132,15.950,21.540,187.718,3.170,-0.150,-0.050,21.540,4.638160,-74.084493,0.30,3,1
765,9223094,-0.582,-1.438,-9.994,-1.583,16.438,20.502,187.749,3.293,-0.147,-0.059,20.502,4.638160,-74.084493,0.30,3,1
766,9233101,-0.580,-1.491,-9.879,-0.942,16.682,19.495,187.814,3.411,-0.152,-0.059,19.495,4.638160,-74.084493,0.30,3,1
767,9243092,-0.511,-1.472,-9.631,0.462,15.889,18.549,187.895,3.487,-0.150,-0.052,18.549,4.638160,-74.084493,0.30,3,1
768,9253096,-0.382,-1.530,-9.300,1.988,13.691,17.695,188.035,3.484,-0.156,-0.039,17.695,4.638160,-74.084493,0.30,3,1
769,9266339,-0.253,-1.674,-8.932,2.567,10.243,16.535,188.282,3.409,-0.171,-0.026,16.535,4.638160,-74.084493,0.30,3,1
770,9273095,-0.232,-1.751,-8.647,2.384,6.001,15.162,188.563,3.275,-0.179,-0.024,15.162,4.638160,-74.084493,0.30,3,1
771,9283085,-0.370,-1.734,-8.992,1.866,1.271,13.544,188.775,3.172,-0.177,-0.038,13.544,4.638160,-74.084493,0.30,3,1
772,9293108,-0.544,-1.787,-9.225,2.873,-0.865,12.354,188.984,3.136,-0.182,-0.055,12.354,4.638160,-74.084493,0.30,3,1
773,9303097,-0.592,-2.127,-8.786,1.927,-2.300,11.469,189.374,3.123,-0.217,-0.060,11.469,4.638160,-74.084493,0.30,3,1
774,9313100,-0.721,-2.381,-9.261,-2.895,-4.558,8.936,189.751,3.134,-0.243,-0.073,8.936,4.638160,-74.084493,0.30,3,1
775,9323105,-0.859,-2.154,-9.540,-5.031,-4.375,4.389,189.947,3.201,-0.220,-0.088,4.389,4.638160,-74.084493,0.30,3,1
776,9333088,-0.947,-1.891,-9.711,-5.459,-2.666,0.513,189.992,3.314,-0.193,-0.097,0.513,4.638160,-74.084493,0.30,3,1
777,9343094,-0.916,-1.686,-9.881,-5.215,-0.560,-1.989,189.932,3.418,-0.172,-0.093,-1.989,4.638160,-74.084493,0.30,3,1
778,9353096,-0.807,-1.551,-9.963,-5.337,2.339,-2.752,189.810,3.491,-0.158,-0.082,-2.752,4.638160,-74.084493,0.30,3,1
779,9363099,-0.678,-1.411,-9.989,-5.367,5.147,-2.355,189.635,3.527,-0.144,-0.069,-2.355,4.638160,-74.084493,0.30,3,1
780,9373100,-0.573,-1.327,-10.028,-5.489,7.680,-1.104,189.434,3.537,-0.135,-0.058,-1.104,4.638160,-74.084493,0.30,3,1
781,9383088,-0.432,-1.293,-10.030,-5.794,10.151,0.330,189.230,3.508,-0.132,-0.044,0.330,4.638160,-74.084493,0.30,3,1
782,9393096,-0.382,-1.267,-9.939,-5.825,12.593,1.856,189.036,3.483,-0.129,-0.039,1.856,4.638160,-74.084493,0.30,3,1
783,9403085,-0.291,-1.332,-10.052,-6.283,14.515,3.565,188.874,3.436,-0.136,-0.030,3.565,4.638160,-74.084493,0.30,3,1
784,9413108,-0.208,-1.440,-9.867,-6.771,16.499,4.969,188.778,3.377,-0.147,-0.021,4.969,4.638160,-74.084493,0.30,3,1
785,9423093,-0.091,-1.703,-9.576,-6.771,17.628,5.488,188.827,3.281,-0.174,-0.009,5.488,4.638160,-74.084493,0.30,3,1
786,9433096,0.038,-1.853,-9.485,-6.985,17.720,4.572,188.946,3.134,-0.189,0.004,4.572,4.638160,-74.084493,0.30,3,1
787,9443099,0.064,-1.761,-9.617,-7.564,17.109,3.016,188.998,2.982,-0.180,0.007,3.016,4.638160,-74.084493,0.30,3,1
788,9453100,0.090,-1.558,-9.732,-8.083,16.316,1.398,188.942,2.822,-0.159,0.009,1.398,4.638160,-74.084493,0.30,3,1
789,9463085,0.076,-1.394,-9.850,-7.809,15.523,0.117,188.813,2.673,-0.142,0.008,0.117,4.638160,-74.084493,0.30,3,1
790,9473090,0.088,-1.481,-9.943,-6.374,14.851,-1.318,188.739,2.525,-0.151,0.009,-1.318,4.638160,-74.084493,0.30,3,1
791,9483097,0.162,-1.544,-9.862,-4.818,14.271,-3.179,188.718,2.349,-0.157,0.016,-3.179,4.638160,-74.084493,0.30,3,1
792,9493099,0.295,-1.496,-9.871,-3.841,12.990,-4.949,188.686,2.116,-0.153,0.030,-4.949,4.638160,-74.084493,0.30,3,1
793,9503085,0.402,-1.416,-9.955,-2.651,11.464,-6.231,188.627,1.840,-0.144,0.041,-6.231,4.638160,-74.084493,0.30,3,1
794,9513091,0.491,-1.226,-9.883,-1.522,10.274,-6.414,188.504,1.534,-0.125,0.050,-6.414,4.638160,-74.084493,0.30,3,1
795,9523093,0.538,-1.021,-9.756,-1.858,8.687,-5.010,188.303,1.211,-0.104,0.055,-5.010,4.638160,-74.084493,0.30,3,1
796,9533096,0.557,-0.903,-9.838,-1.644,6.703,-2.661,188.063,0.888,-0.092,0.057,-2.661,4.638160,-74.084493,0.30,3,1
797,9543098,0.488,-0.905,-9.994,-0.301,5.086,-0.891,187.848,0.608,-0.092,0.050,-0.891,4.638160,-74.084493,0.30,3,1
798,9553095,0.412,-1.011,-9.994,1.896,4.078,-0.341,187.716,0.374,-0.103,0.042,-0.341,4.638160,-74.084493,0.30,3,1
799,9580251,0.309,-1.433,-9.530,5.955,1.637,-3.088,187.963,0.107,-0.146,0.032,-3.088,4.638160,-74.084493,0.30,3,1
800,9581582,0.309,-1.433,-9.530,5.955,1.637,-3.088,188.135,-0.120,-0.146,0.032,-3.088,4.638160,-74.084493,0.30,3,1
801,9583089,0.309,-1.433,-9.530,5.955,1.637,-3.088,188.236,-0.299,-0.146,0.032,-3.088,4.638160,-74.084493,0.30,3,1
802,9593110,0.348,-1.288,-8.956,3.788,0.081,-4.431,188.276,-0.506,-0.131,0.035,-4.431,4.638160,-74.084493,0.30,3,1
803,9603094,0.045,-1.286,-10.294,-2.315,-1.934,-3.546,188.168,-0.545,-0.131,0.005,-3.546,4.638160,-74.084493,0.30,3,1
804,9613098,0.317,-1.486,-10.275,4.978,0.966,-6.628,188.229,-0.681,-0.152,0.032,-6.628,4.638160,-74.084493,0.30,3,1
805,9623087,0.450,-1.071,-9.300,3.208,3.621,-7.025,188.131,-0.863,-0.109,0.046,-7.025,4.638160,-74.084493,0.30,3,1
806,9633145,0.379,-1.346,-9.225,1.988,1.881,-5.041,188.174,-1.009,-0.137,0.039,-5.041,4.638160,-74.084493,0.30,3,1
807,9643102,0.500,-1.491,-9.689,1.255,1.118,-4.919,188.242,-1.198,-0.152,0.051,-4.919,4.638160,-74.084493,0.30,3,1
808,9653102,0.507,-1.247,-9.581,-0.088,1.851,-5.621,188.185,-1.371,-0.127,0.052,-5.621,4.638160,-74.084493,0.30,3,1
809,9663089,0.534,-1.117,-9.307,-0.454,0.691,-5.071,188.084,-1.561,-0.114,0.054,-5.071,4.638160,-74.084493,0.30,3,1
810,9673110,0.536,-1.279,-9.319,-0.088,-1.415,-3.881,188.071,-1.754,-0.130,0.055,-3.881,4.638160,-74.084493,0.30,3,1
811,9683104,0.388,-1.344,-9.514,-0.240,-3.032,-3.820,188.077,-1.871,-0.137,0.040,-3.820,4.638160,-74.084493,0.30,3,1
812,9693104,0.271,-1.397,-9.730,-0.301,-4.161,-4.156,188.091,-1.932,-0.142,0.028,-4.156,4.638160,-74.084493,0.30,3,1
813,9703106,0.212,-1.457,-9.895,0.309,-4.375,-5.071,188.126,-1.961,-0.149,0.022,-5.071,4.638160,-74.084493,0.30,3,1
814,9713099,0.228,-1.363,-9.823,0.828,-4.161,-6.628,188.126,-1.994,-0.139,0.023,-6.628,4.638160,-74.084493,0.30,3,1
815,9723096,0.238,-1.310,-9.759,1.011,-4.405,-7.360,188.108,-2.032,-0.134,0.024,-7.360,4.638160,-74.084493,0.30,3,1
816,9733118,0.228,-1.346,-9.775,0.675,-5.107,-7.269,188.103,-2.070,-0.137,0.023,-7.269,4.638160,-74.084493,0.30,3,1
817,9743102,0.207,-1.358,-9.756,0.523,-5.687,-7.421,188.104,-2.100,-0.139,0.021,-7.421,4.638160,-74.084493,0.30,3,1
818,9753097,0.145,-1.354,-9.807,-0.179,-5.962,-7.604,188.093,-2.101,-0.138,0.015,-7.604,4.638168,-74.084500,0.32,3,1
819,9763106,0.128,-1.380,-9.881,-0.606,-5.992,-7.788,188.086,-2.096,-0.141,0.013,-7.788,4.638168,-74.084500,0.32,3,1
820,9773098,0.095,-1.315,-9.977,-1.034,-5.626,-8.215,188.042,-2.072,-0.134,0.010,-8.215,4.638168,-74.084500,0.32,3,1
821,9783121,0.076,-1.192,-10.073,-1.522,-4.497,-8.337,187.937,-2.030,-0.122,0.008,-8.337,4.638168,-74.084500,0.32,3,1
822,9793108,0.109,-1.146,-10.143,-1.339,-2.819,-8.093,187.819,-1.991,-0.117,0.011,-8.093,4.638168,-74.084500,0.32,3,1
823,9803109,0.135,-1.105,-10.143,-0.667,-1.140,-8.154,187.699,-1.951,-0.113,0.014,-8.154,4.638168,-74.084500,0.32,3,1
824,9813105,0.200,-1.014,-10.112,-0.118,0.447,-7.971,187.554,-1.927,-0.103,0.020,-7.971,4.638168,-74.084500,0.32,3,1
825,9823102,0.295,-0.980,-10.008,0.096,1.881,-6.903,187.413,-1.935,-0.100,0.030,-6.903,4.638168,-74.084500,0.32,3,1
826,9833135,0.386,-1.026,-9.785,-0.362,2.644,-5.285,187.308,-1.979,-0.105,0.039,-5.285,4.638168,-74.084500,0.32,3,1
827,9843100,0.410,-1.052,-9.650,-0.851,2.614,-3.424,187.225,-2.032,-0.107,0.042,-3.424,4.638168,-74.084500,0.32,3,1
828,9853116,0.235,-0.568,-10.493,-2.010,2.400,-1.287,186.897,-1.997,-0.058,0.024,-1.287,4.638168,-74.084500,0.32,3,1
829,9863102,0.095,-0.423,-10.849,-0.820,5.818,1.703,186.538,-1.872,-0.043,0.010,1.703,4.638168,-74.084500,0.32,3,1
830,9873125,0.534,-1.011,-9.122,1.103,7.680,4.450,186.540,-1.957,-0.103,0.054,4.450,4.638168,-74.084500,0.32,3,1
831,9883092,0.653,-1.484,-8.956,1.133,3.621,5.671,186.779,-2.134,-0.151,0.067,5.671,4.638168,-74.084500,0.32,3,1
832,9893106,0.364,-1.510,-9.480,2.110,0.813,3.473,186.983,-2.174,-0.154,0.037,3.473,4.638168,-74.084500,0.32,3,1
833,9903100,0.314,-1.344,-9.473,1.957,-0.499,1.154,187.094,-2.200,-0.137,0.032,1.154,4.638168,-74.084500,0.32,3,1
834,9913100,0.383,-1.354,-9.425,1.591,-2.544,0.849,187.200,-2.276,-0.138,0.039,0.849,4.638168,-74.084500,0.32,3,1
835,9928893,0.269,-1.281,-9.648,0.309,-3.978,1.154,187.248,-2.348,-0.131,0.027,1.154,4.638168,-74.084500,0.32,3,1
836,9933097,0.269,-1.281,-9.648,0.309,-3.978,1.154,187.284,-2.367,-0.131,0.027,1.154,4.638168,-74.084500,0.32,3,1
837,9943097,0.245,-1.284,-9.711,-0.637,-3.978,1.795,187.307,-2.374,-0.131,0.025,1.795,4.638168,-74.084500,0.32,3,1
838,9953106,0.240,-1.363,-9.725,-1.675,-3.978,2.436,187.353,-2.378,-0.139,0.024,2.436,4.638168,-74.084500,0.32,3,1
839,9963108,0.243,-1.337,-9.715,-2.163,-4.344,2.619,187.380,-2.386,-0.136,0.025,2.619,4.638168,-74.084500,0.32,3,1
840,9973108,0.262,-1.327,-9.711,-2.407,-4.833,2.619,187.398,-2.407,-0.135,0.027,2.619,4.638168,-74.084500,0.32,3,1
841,9983096,0.257,-1.305,-9.725,-2.743,-5.107,2.436,187.401,-2.427,-0.133,0.026,2.436,4.638168,-74.084500,0.32,3,1
842,9993095,0.240,-1.284,-9.754,-2.224,-5.596,1.826,187.397,-2.442,-0.131,0.024,1.826,4.638168,-74.084500,0.32,3,1
843,10003091,0.221,-1.368,-9.751,-1.552,-6.359,1.215,187.438,-2.454,-0.139,0.023,1.215,4.638168,-74.084500,0.32,3,1
844,10013133,0.202,-1.411,-9.807,-1.522,-7.091,0.117,187.491,-2.464,-0.144,0.021,0.117,4.638168,-74.084500,0.32,3,1
845,10023092,0.212,-1.293,-9.862,-1.339,-7.762,-1.379,187.486,-2.482,-0.132,0.022,-1.379,4.638168,-74.084500,0.32,3,1
846,10033101,0.195,-1.151,-9.821,-0.820,-8.068,-2.142,187.426,-2.495,-0.117,0.020,-2.142,4.638168,-74.084500,0.32,3,1
847,10043106,0.190,-1.149,-9.768,-0.423,-8.251,-1.806,187.375,-2.507,-0.117,0.019,-1.806,4.638168,-74.084500,0.32,3,1
848,10053107,0.190,-1.175,-9.684,-0.637,-8.769,-1.348,187.343,-2.523,-0.120,0.019,-1.348,4.638168,-74.084500,0.32,3,1
849,10063103,0.219,-1.204,-9.646,-1.003,-9.838,-0.891,187.325,-2.561,-0.123,0.022,-0.891,4.638168,-74.084500,0.32,3,1
850,10073096,0.214,-1.240,-9.636,-1.522,-11.058,-0.372,187.320,-2.606,-0.126,0.022,-0.372,4.638168,-74.084500,0.32,3,1
851,10083095,0.147,-1.173,-9.706,-2.468,-12.187,-0.158,187.273,-2.626,-0.120,0.015,-0.158,4.638168,-74.084500,0.32,3,1
852,10093116,0.073,-1.117,-9.795,-2.682,-12.981,0.055,187.198,-2.619,-0.114,0.007,0.055,4.638168,-74.084500,0.32,3,1
853,10103100,-0.020,-1.134,-9.936,-2.529,-12.920,0.178,187.131,-2.570,-0.116,-0.002,0.178,4.638168,-74.084500,0.32,3,1
854,10113094,-0.113,-1.093,-10.095,-2.193,-12.187,-0.036,187.046,-2.477,-0.111,-0.011,-0.036,4.638168,-74.084500,0.32,3,1
855,10123098,-0.210,-1.026,-10.174,-1.369,-10.967,-0.036,186.942,-2.338,-0.105,-0.021,-0.036,4.638168,-74.084500,0.32,3,1
856,10133150,-0.272,-1.069,-10.210,-0.393,-9.166,0.208,186.873,-2.167,-0.109,-0.028,0.208,4.638168,-74.084500,0.32,3,1
857,10143099,-0.299,-1.117,-10.121,0.096,-7.244,0.483,186.838,-1.978,-0.114,-0.030,0.483,4.638168,-74.084500,0.32,3,1
858,10153103,-0.289,-1.170,-10.035,0.248,-5.779,0.757,186.834,-1.794,-0.119,-0.029,0.757,4.638168,-74.084500,0.32,3,1
859,10163095,-0.284,-1.267,-9.915,0.004,-4.924,0.940,186.877,-1.616,-0.129,-0.029,0.940,4.638168,-74.084500,0.32,3,1
860,10173096,-0.289,-1.284,-9.833,-0.789,-4.589,0.757,186.922,-1.445,-0.131,-0.029,0.757,4.638168,-74.084500,0.32,3,1
861,10183104,-0.330,-1.141,-9.744,-1.369,-4.497,0.361,186.899,-1.267,-0.116,-0.034,0.361,4.638168,-74.084500,0.32,3,1
862,10193103,-0.356,-1.132,-9.713,-1.430,-4.802,0.147,186.875,-1.093,-0.115,-0.036,0.147,4.638168,-74.084500,0.32,3,1
863,10203100,-0.384,-1.221,-9.696,-1.278,-4.924,-0.463,186.895,-0.921,-0.124,-0.039,-0.463,4.638168,-74.084500,0.32,3,1
864,10213105,-0.418,-1.255,-9.658,-1.156,-4.741,-1.287,186.932,-0.744,-0.128,-0.043,-1.287,4.638168,-74.084500,0.32,3,1
865,10223101,-0.475,-1.293,-9.622,-1.369,-4.436,-1.928,186.983,-0.551,-0.132,-0.048,-1.928,4.638168,-74.084500,0.32,3,1
866,10233101,-0.506,-1.366,-9.677,-2.010,-4.009,-2.630,187.054,-0.356,-0.139,-0.052,-2.630,4.638168,-74.084500,0.32,3,1
867,10243101,-0.530,-1.385,-9.790,-2.743,-3.215,-4.003,187.114,-0.160,-0.141,-0.054,-4.003,4.638168,-74.084500,0.32,3,1
868,10253098,-0.523,-1.245,-9.888,-3.353,-1.842,-5.316,187.097,0.028,-0.127,-0.053,-5.316,4.638168,-74.084500,0.32,3,1
869,10270993,-0.320,-1.091,-9.922,-4.452,1.332,-5.987,186.973,0.129,-0.111,-0.033,-5.987,4.638168,-74.084500,0.32,3,1
870,10273095,-0.320,-1.091,-9.922,-4.452,1.332,-5.987,186.884,0.242,-0.111,-0.033,-5.987,4.638168,-74.084500,0.32,3,1
871,10283097,-0.225,-0.934,-9.936,-5.154,2.400,-5.224,186.724,0.310,-0.095,-0.023,-5.224,4.638168,-74.084500,0.32,3,1
872,10293091,-0.158,-0.775,-9.941,-5.306,2.919,-4.156,186.503,0.347,-0.079,-0.016,-4.156,4.638168,-74.084500,0.32,3,1
873,10303089,-0.129,-0.691,-9.879,-4.513,3.041,-2.813,186.271,0.369,-0.070,-0.013,-2.813,4.638168,-74.084500,0.32,3,1
874,10313104,-0.148,-0.727,-9.831,-3.078,2.400,-1.837,186.090,0.393,-0.074,-0.015,-1.837,4.638168,-74.084500,0.32,3,1
875,10323102,-0.122,-0.895,-9.819,-1.369,1.423,-1.776,186.016,0.393,-0.091,-0.012,-1.776,4.638168,-74.084500,0.32,3,1
876,10333099,-0.153,-1.023,-9.756,0.218,0.538,-2.477,186.024,0.400,-0.104,-0.016,-2.477,4.638168,-74.084500,0.32,3,1
877,10343097,-0.127,-1.108,-9.718,1.255,0.050,-3.393,186.081,0.390,-0.113,-0.013,-3.393,4.638168,-74.084500,0.32,3,1
878,10353091,-0.101,-1.158,-9.723,1.408,-0.072,-3.729,186.157,0.367,-0.118,-0.010,-3.729,4.638168,-74.084500,0.32,3,1
879,10363089,-0.115,-1.204,-9.682,0.828,-0.011,-3.485,186.245,0.354,-0.123,-0.012,-3.485,4.638168,-74.084500,0.32,3,1
880,10373104,-0.091,-1.168,-9.670,-0.088,0.355,-3.027,186.303,0.334,-0.119,-0.009,-3.027,4.638168,-74.084500,0.32,3,1
881,10383102,-0.067,-1.110,-9.679,-1.156,0.844,-2.416,186.319,0.309,-0.113,-0.007,-2.416,4.638168,-74.084500,0.32,3,1
882,10393100,-0.034,-1.083,-9.658,-1.491,0.905,-1.989,186.320,0.271,-0.110,-0.003,-1.989,4.638168,-74.084500,0.32,3,1
883,10403097,-0.032,-1.110,-9.660,-1.552,0.691,-1.562,186.332,0.234,-0.113,-0.003,-1.562,4.638168,-74.084500,0.32,3,1
884,10413091,-0.063,-1.149,-9.708,-1.613,0.447,-1.135,186.357,0.211,-0.117,-0.006,-1.135,4.638168,-74.084500,0.32,3,1
885,10423089,-0.098,-1.257,-9.754,-1.461,0.233,-0.982,186.428,0.204,-0.128,-0.010,-0.982,4.638168,-74.084500,0.32,3,1
886,10433104,-0.129,-1.339,-9.816,-1.552,-0.011,-1.257,186.526,0.208,-0.137,-0.013,-1.257,4.638168,-74.084500,0.32,3,1
887,10443102,-0.103,-1.281,-9.869,-1.919,-0.133,-1.501,186.584,0.199,-0.131,-0.011,-1.501,4.638168,-74.084500,0.32,3,1
888,10453097,-0.113,-1.214,-9.929,-2.102,-0.041,-1.501,186.603,0.196,-0.124,-0.011,-1.501,4.638168,-74.084500,0.32,3,1
889,10463097,-0.096,-1.083,-9.960,-1.888,0.050,-0.982,186.563,0.186,-0.110,-0.010,-0.982,4.638168,-74.084500,0.32,3,1
890,10473091,-0.084,-1.064,-9.900,-1.491,0.111,0.055,186.525,0.173,-0.109,-0.009,0.055,4.638168,-74.084500,0.32,3,1
891,10483089,-0.082,-1.105,-9.857,-1.156,-0.041,0.971,186.513,0.159,-0.113,-0.008,0.971,4.638168,-74.084500,0.32,3,1
892,10493105,-0.096,-1.161,-9.838,-0.637,-0.560,1.215,186.532,0.147,-0.118,-0.010,1.215,4.638168,-74.084500,0.32,3,1
893,10503101,-0.132,-1.211,-9.826,0.279,-1.110,0.879,186.581,0.147,-0.124,-0.013,0.879,4.638168,-74.084500,0.32,3,1
894,10513097,-0.129,-1.291,-9.826,0.706,-1.476,0.269,186.666,0.142,-0.132,-0.013,0.269,4.638168,-74.084500,0.32,3,1
895,10523097,-0.136,-1.317,-9.847,0.706,-1.537,-0.341,186.755,0.141,-0.134,-0.014,-0.341,4.638168,-74.084500,0.32,3,1
896,10533091,-0.148,-1.267,-9.876,0.126,-1.354,-0.494,186.807,0.146,-0.129,-0.015,-0.494,4.638168,-74.084500,0.32,3,1
897,10543088,-0.127,-1.228,-9.879,-0.851,-0.926,-0.311,186.829,0.146,-0.125,-0.013,-0.311,4.638168,-74.084500,0.32,3,1
898,10553104,-0.134,-1.163,-9.967,-1.736,-0.194,-0.128,186.809,0.155,-0.119,-0.014,-0.128,4.638168,-74.084500,0.32,3,1
899,10622346,0.028,-1.026,-9.672,1.866,-0.591,3.473,186.900,-0.163,-0.105,0.003,3.473,4.638168,-74.084500,0.32,3,1
900,10623677,0.028,-1.026,-9.672,1.866,-0.591,3.473,186.938,-0.405,-0.105,0.003,3.473,4.638168,-74.084500,0.32,3,1
901,10624999,0.028,-1.026,-9.672,1.866,-0.591,3.473,186.938,-0.576,-0.105,0.003,3.473,4.638168,-74.084500,0.32,3,1
902,10626319,0.028,-1.026,-9.672,1.866,-0.591,3.473,186.913,-0.686,-0.105,0.003,3.473,4.638168,-74.084500,0.32,3,1
903,10627642,0.028,-1.026,-9.672,1.866,-0.591,3.473,186.872,-0.746,-0.105,0.003,3.473,4.638168,-74.084500,0.32,3,1
904,10628991,-0.070,-1.165,-9.607,2.171,-2.025,3.443,186.946,-0.720,-0.119,-0.007,3.443,4.638168,-74.084500,0.32,3,1
905,10630315,-0.070,-1.165,-9.607,2.171,-2.025,3.443,186.988,-0.662,-0.119,-0.007,3.443,4.638168,-74.084500,0.32,3,1
906,10633102,-0.070,-1.165,-9.607,2.171,-2.025,3.443,187.006,-0.586,-0.119,-0.007,3.443,4.638168,-74.084500,0.32,3,1
907,10643103,-0.148,-1.279,-9.583,2.140,-3.185,2.558,187.099,-0.484,-0.130,-0.015,2.558,4.638168,-74.084500,0.32,3,1
908,10653101,-0.203,-1.356,-9.646,2.140,-3.765,1.215,187.222,-0.375,-0.138,-0.021,1.215,4.638168,-74.084500,0.32,3,1
909,10663104,-0.237,-1.317,-9.677,1.591,-3.490,-0.036,187.298,-0.263,-0.134,-0.024,-0.036,4.638168,-74.084500,0.32,3,1
910,10673102,-0.272,-1.216,-9.759,0.462,-2.727,-0.402,187.291,-0.142,-0.124,-0.028,-0.402,4.638168,-74.084500,0.32,3,1
911,10683099,-0.301,-1.149,-9.874,-0.545,-1.628,-0.158,187.233,-0.016,-0.117,-0.031,-0.158,4.638168,-74.084500,0.32,3,1
912,10693100,-0.232,-1.100,-9.912,-1.430,0.172,0.239,187.146,0.074,-0.112,-0.024,0.239,4.638168,-74.084500,0.32,3,1
913,10703127,-0.184,-1.057,-9.871,-2.132,1.851,0.788,187.042,0.144,-0.108,-0.019,0.788,4.638168,-74.084500,0.32,3,1
914,10713107,-0.144,-1.045,-9.804,-2.529,2.644,1.307,186.944,0.194,-0.107,-0.015,1.307,4.638168,-74.084500,0.32,3,1
915,10723099,-0.101,-1.105,-9.706,-2.743,2.888,1.642,186.888,0.220,-0.113,-0.010,1.642,4.638168,-74.084500,0.32,3,1
916,10733118,-0.048,-1.129,-9.658,-3.200,2.339,1.795,186.848,0.212,-0.115,-0.005,1.795,4.638168,-74.084500,0.32,3,1
917,10743107,-0.041,-1.069,-9.706,-3.658,1.179,1.764,186.776,0.190,-0.109,-0.004,1.764,4.638168,-74.084500,0.32,3,1
918,10753108,-0.079,-0.997,-9.807,-3.536,-0.011,1.612,186.671,0.177,-0.102,-0.008,1.612,4.638173,-74.084502,0.31,3,1
919,10763116,-0.096,-0.939,-9.910,-2.773,-0.713,1.642,186.551,0.167,-0.096,-0.010,1.642,4.638173,-74.084502,0.31,3,1
920,10773102,-0.120,-0.965,-9.927,-1.766,-1.201,1.764,186.462,0.163,-0.098,-0.012,1.764,4.638173,-74.084502,0.31,3,1
921,10783093,-0.148,-1.030,-9.912,-1.034,-1.506,1.856,186.418,0.170,-0.105,-0.015,1.856,4.638173,-74.084502,0.31,3,1
922,10793110,-0.179,-1.083,-9.864,-0.759,-1.537,2.070,186.406,0.190,-0.110,-0.018,2.070,4.638173,-74.084502,0.31,3,1
923,10803106,-0.189,-1.149,-9.819,-0.851,-1.445,2.192,186.427,0.213,-0.117,-0.019,2.192,4.638173,-74.084502,0.31,3,1
924,10813103,-0.213,-1.211,-9.795,-1.064,-1.323,2.222,186.474,0.247,-0.124,-0.022,2.222,4.638173,-74.084502,0.31,3,1
925,10823095,-0.213,-1.257,-9.790,-1.705,-1.293,2.192,186.532,0.278,-0.128,-0.022,2.192,4.638173,-74.084502,0.31,3,1
926,10833110,-0.222,-1.262,-9.775,-2.285,-1.293,1.887,186.583,0.311,-0.129,-0.023,1.887,4.638173,-74.084502,0.31,3,1
927,10843109,-0.222,-1.192,-9.852,-2.560,-1.659,1.429,186.592,0.338,-0.122,-0.023,1.429,4.638173,-74.084502,0.31,3,1
928,10853103,-0.225,-1.120,-9.948,-2.529,-1.872,0.757,186.563,0.360,-0.114,-0.023,0.757,4.638173,-74.084502,0.31,3,1
929,10863098,-0.263,-0.980,-9.989,-2.102,-1.781,0.178,186.477,0.398,-0.100,-0.027,0.178,4.638173,-74.084502,0.31,3,1
930,10873124,-0.249,-0.893,-10.059,-1.308,-1.445,0.147,186.363,0.429,-0.091,-0.025,0.147,4.638173,-74.084502,0.31,3,1
931,10883120,-0.229,-0.869,-10.092,-0.545,-1.048,0.574,186.254,0.453,-0.089,-0.023,0.574,4.638173,-74.084502,0.31,3,1
932,10893104,-0.260,-0.932,-10.064,0.126,-0.408,1.185,186.188,0.494,-0.095,-0.027,1.185,4.638173,-74.084502,0.31,3,1
933,10903099,-0.246,-0.953,-10.013,0.614,0.233,1.520,186.143,0.532,-0.097,-0.025,1.520,4.638173,-74.084502,0.31,3,1
934,10916756,-0.215,-0.973,-9.980,0.736,0.447,1.703,186.116,0.547,-0.099,-0.022,1.703,4.638173,-74.084502,0.31,3,1
935,10923108,-0.229,-0.973,-9.927,1.042,0.538,1.734,186.092,0.579,-0.099,-0.023,1.734,4.638173,-74.084502,0.31,3,1
936,10933110,-0.215,-0.968,-9.833,1.469,0.264,1.581,186.076,0.600,-0.099,-0.022,1.581,4.638173,-74.084502,0.31,3,1
937,10943103,-0.167,-1.026,-9.727,1.835,-0.041,1.368,186.095,0.596,-0.105,-0.017,1.368,4.638173,-74.084502,0.31,3,1
938,10953114,-0.153,-1.033,-9.646,1.927,-0.530,1.246,186.122,0.581,-0.105,-0.016,1.246,4.638173,-74.084502,0.31,3,1
939,10963118,-0.151,-0.982,-9.636,1.438,-1.171,1.215,186.119,0.561,-0.100,-0.015,1.215,4.638173,-74.084502,0.31,3,1
940,10973114,-0.213,-0.997,-9.667,1.194,-1.689,1.368,186.119,0.566,-0.102,-0.022,1.368,4.638173,-74.084502,0.31,3,1
941,10983098,-0.263,-1.033,-9.682,1.164,-1.750,1.490,186.135,0.592,-0.105,-0.027,1.490,4.638173,-74.084502,0.31,3,1
942,10993106,-0.275,-1.112,-9.701,0.950,-1.567,1.429,186.182,0.623,-0.113,-0.028,1.429,4.638173,-74.084502,0.31,3,1
943,11003099,-0.263,-1.199,-9.701,0.218,-1.048,0.971,186.258,0.651,-0.122,-0.027,0.971,4.638173,-74.084502,0.31,3,1
944,11013116,-0.260,-1.209,-9.670,-0.728,-0.438,0.391,186.326,0.682,-0.123,-0.027,0.391,4.638173,-74.084502,0.31,3,1
945,11023093,-0.222,-1.088,-9.708,-1.980,0.020,0.055,186.321,0.697,-0.111,-0.023,0.055,4.638173,-74.084502,0.31,3,1
946,11033106,-0.194,-0.970,-9.833,-2.621,0.416,0.117,186.251,0.700,-0.099,-0.020,0.117,4.638173,-74.084502,0.31,3,1
947,11043100,-0.177,-0.852,-9.919,-2.712,0.783,0.483,186.129,0.699,-0.087,-0.018,0.483,4.638173,-74.084502,0.31,3,1
948,11053101,-0.153,-0.741,-9.967,-2.102,1.057,0.971,185.972,0.689,-0.076,-0.016,0.971,4.638173,-74.084502,0.31,3,1
949,11063120,-0.136,-0.780,-9.888,-1.064,0.966,1.673,185.857,0.672,-0.080,-0.014,1.673,4.638173,-74.084502,0.31,3,1
950,11073113,-0.146,-0.975,-9.766,0.126,0.325,1.887,185.853,0.656,-0.099,-0.015,1.887,4.638173,-74.084502,0.31,3,1
951,11083092,-0.165,-1.132,-9.667,0.858,-0.774,1.490,185.931,0.640,-0.115,-0.017,1.490,4.638173,-74.084502,0.31,3,1
952,11093106,-0.198,-1.233,-9.634,0.828,-1.964,0.879,186.051,0.629,-0.126,-0.020,0.879,4.638173,-74.084502,0.31,3,1
953,11103105,-0.258,-1.243,-9.725,0.279,-2.757,0.055,186.155,0.638,-0.127,-0.026,0.055,4.638173,-74.084502,0.31,3,1
954,11113101,-0.311,-1.161,-9.874,-0.118,-2.971,-0.555,186.204,0.666,-0.118,-0.032,-0.555,4.638173,-74.084502,0.31,3,1
955,11123102,-0.327,-1.059,-9.965,-0.423,-2.422,-0.707,186.197,0.704,-0.108,-0.033,-0.707,4.638173,-74.084502,0.31,3,1
956,11133151,-0.327,-0.941,-9.963,-0.515,-1.354,-0.555,186.137,0.748,-0.096,-0.033,-0.555,4.638173,-74.084502,0.31,3,1
957,11143101,-0.296,-0.968,-9.886,-0.423,-0.408,-0.189,186.099,0.785,-0.099,-0.030,-0.189,4.638173,-74.084502,0.31,3,1
958,11153108,-0.241,-1.091,-9.783,-0.454,-0.102,0.330,186.122,0.799,-0.111,-0.025,0.330,4.638173,-74.084502,0.31,3,1
959,11163101,-0.220,-1.165,-9.677,-0.973,-0.163,0.361,186.177,0.803,-0.119,-0.022,0.361,4.638173,-74.084502,0.31,3,1
960,11173093,-0.222,-1.185,-9.670,-1.552,-0.438,-0.067,186.232,0.805,-0.121,-0.023,-0.067,4.638173,-74.084502,0.31,3,1
961,11183101,-0.189,-1.144,-9.759,-2.193,-0.896,-0.707,186.254,0.787,-0.117,-0.019,-0.707,4.638173,-74.084502,0.31,3,1
962,11193104,-0.187,-1.023,-9.816,-2.804,-0.865,-1.013,186.212,0.769,-0.104,-0.019,-1.013,4.638173,-74.084502,0.31,3,1
963,11203096,-0.158,-0.920,-9.850,-3.017,-0.865,-0.738,186.124,0.740,-0.094,-0.016,-0.738,4.638173,-74.084502,0.31,3,1
964,11213100,-0.139,-0.838,-9.862,-3.139,-0.774,0.086,186.005,0.705,-0.085,-0.014,0.086,4.638173,-74.084502,0.31,3,1
965,11223090,-0.141,-0.792,-9.850,-2.804,-0.804,1.154,185.877,0.673,-0.081,-0.014,1.154,4.638173,-74.084502,0.31,3,1
966,11233099,-0.146,-0.828,-9.799,-2.071,-1.140,1.978,185.785,0.644,-0.084,-0.015,1.978,4.638173,-74.084502,0.31,3,1
967,11243092,-0.160,-0.944,-9.802,-1.308,-1.781,2.344,185.758,0.617,-0.096,-0.016,2.344,4.638173,-74.084502,0.31,3,1
968,11253102,-0.187,-1.006,-9.747,-0.637,-2.727,2.253,185.769,0.596,-0.103,-0.019,2.253,4.638173,-74.084502,0.31,3,1
969,11266464,-0.225,-1.009,-9.771,-0.454,-3.581,2.009,185.783,0.565,-0.103,-0.023,2.009,4.638173,-74.084502,0.31,3,1
970,11273105,-0.291,-1.018,-9.843,-0.301,-4.283,1.673,185.797,0.581,-0.104,-0.030,1.673,4.638173,-74.084502,0.31,3,1
971,11283098,-0.306,-1.033,-9.907,0.187,-4.436,1.368,185.818,0.600,-0.105,-0.031,1.368,4.638173,-74.084502,0.31,3,1
972,11293104,-0.280,-1.033,-9.895,0.126,-4.161,1.063,185.837,0.608,-0.105,-0.029,1.063,4.638173,-74.084502,0.31,3,1
973,11303098,-0.332,-1.018,-9.891,-0.088,-3.673,1.185,185.846,0.643,-0.104,-0.034,1.185,4.638173,-74.084502,0.31,3,1
974,11313089,-0.313,-1.038,-9.900,-0.271,-3.032,1.429,185.861,0.673,-0.106,-0.032,1.429,4.638173,-74.084502,0.31,3,1
975,11323099,-0.284,-1.079,-9.893,-0.881,-2.361,1.764,185.888,0.694,-0.110,-0.029,1.764,4.638173,-74.084502,0.31,3,1
976,11333090,-0.260,-1.045,-9.847,-1.461,-1.903,1.887,185.895,0.707,-0.107,-0.027,1.887,4.638173,-74.084502,0.31,3,1
977,11343098,-0.246,-0.944,-9.828,-1.980,-1.811,2.100,185.852,0.714,-0.096,-0.025,2.100,4.638173,-74.084502,0.31,3,1
978,11353104,-0.237,-0.888,-9.840,-1.766,-1.964,2.283,185.789,0.715,-0.091,-0.024,2.283,4.638173,-74.084502,0.31,3,1
979,11363095,-0.244,-0.905,-9.826,-1.156,-2.330,2.588,185.744,0.716,-0.092,-0.025,2.588,4.638173,-74.084502,0.31,3,1
980,11373104,-0.227,-0.917,-9.759,-0.942,-2.849,2.833,185.714,0.705,-0.094,-0.023,2.833,4.638173,-74.084502,0.31,3,1
981,11383095,-0.232,-0.900,-9.718,-0.667,-3.551,2.985,185.682,0.691,-0.092,-0.024,2.985,4.638173,-74.084502,0.31,3,1
982,11393100,-0.284,-0.898,-9.773,-0.576,-4.222,3.229,185.650,0.695,-0.092,-0.029,3.229,4.638173,-74.084502,0.31,3,1
983,11403095,-0.299,-0.920,-9.759,-0.362,-4.680,3.351,185.633,0.701,-0.094,-0.030,3.351,4.638173,-74.084502,0.31,3,1
984,11413101,-0.337,-0.958,-9.778,-0.332,-4.985,3.321,185.634,0.721,-0.098,-0.034,3.321,4.638173,-74.084502,0.31,3,1
985,11423098,-0.415,-1.064,-9.819,0.004,-5.199,2.863,185.683,0.771,-0.109,-0.042,2.863,4.638173,-74.084502,0.31,3,1
986,11433104,-0.437,-1.163,-9.795,0.126,-5.138,2.131,185.775,0.828,-0.119,-0.045,2.131,4.638173,-74.084502,0.31,3,1
987,11443095,-0.468,-1.163,-9.778,-0.393,-4.741,1.490,185.856,0.899,-0.119,-0.048,1.490,4.638173,-74.084502,0.31,3,1
988,11453103,-0.482,-1.110,-9.835,-1.064,-4.405,1.185,185.898,0.973,-0.113,-0.049,1.185,4.638173,-74.084502,0.31,3,1
989,11463098,-0.456,-0.999,-9.939,-1.888,-3.917,1.276,185.876,1.032,-0.102,-0.046,1.276,4.638173,-74.084502,0.31,3,1
990,11473103,-0.461,-0.946,-9.953,-2.376,-2.910,1.429,185.826,1.098,-0.096,-0.047,1.429,4.638173,-74.084502,0.31,3,1
991,11483096,-0.480,-0.915,-9.982,-2.193,-1.872,1.459,185.768,1.176,-0.093,-0.049,1.459,4.638173,-74.084502,0.31,3,1
992,11493100,-0.458,-0.958,-9.994,-1.858,-1.018,1.307,185.735,1.247,-0.098,-0.047,1.307,4.638173,-74.084502,0.31,3,1
993,11503096,-0.420,-1.004,-9.975,-1.644,-0.438,1.063,185.728,1.301,-0.102,-0.043,1.063,4.638173,-74.084502,0.31,3,1
994,11513104,-0.353,-0.977,-9.910,-1.491,-0.255,1.063,185.714,1.324,-0.100,-0.036,1.063,4.638173,-74.084502,0.31,3,1
995,11523099,-0.334,-0.893,-9.888,-1.552,-0.469,1.307,185.664,1.336,-0.091,-0.034,1.307,4.638173,-74.084502,0.31,3,1
996,11533089,-0.384,-0.867,-9.855,-1.247,-0.926,1.826,185.610,1.366,-0.088,-0.039,1.826,4.638173,-74.084502,0.31,3,1
997,11543098,-0.432,-0.895,-9.835,-0.698,-1.232,2.314,185.579,1.412,-0.091,-0.044,2.314,4.638173,-74.084502,0.31,3,1
998,11553104,-0.461,-0.987,-9.749,-0.118,-1.476,2.314,185.600,1.466,-0.101,-0.047,2.314,4.638173,-74.084502,0.31,3,1
999,11582436,-0.468,-1.267,-9.648,-1.278,-1.781,0.910,185.750,1.444,-0.129,-0.048,0.910,4.638173,-74.084502,0.31,3,1
1000,11583772,-0.468,-1.267,-9.648,-1.278,-1.781,0.910,185.898,1.469,-0.129,-0.048,0.910,4.638173,-74.084502,0.31,3,1
1001,11585091,-0.468,-1.267,-9.648,-1.278,-1.781,0.910,186.035,1.530,-0.129,-0.048,0.910,4.638173,-74.084502,0.31,3,1
1002,11593092,-0.506,-1.216,-9.778,-2.437,-1.445,0.483,186.113,1.612,-0.124,-0.052,0.483,4.638173,-74.084502,0.31,3,1
1003,11603092,-0.504,-1.088,-9.958,-3.353,-0.896,0.117,186.100,1.683,-0.111,-0.051,0.117,4.638173,-74.084502,0.31,3,1
1004,11613106,-0.516,-0.912,-10.140,-3.902,-0.041,0.178,185.991,1.757,-0.093,-0.053,0.178,4.638173,-74.084502,0.31,3,1
1005,11623103,-0.525,-0.763,-10.304,-3.475,1.027,0.361,185.819,1.833,-0.078,-0.054,0.361,4.638173,-74.084502,0.31,3,1
1006,11633110,-0.487,-0.659,-10.323,-2.315,2.400,0.605,185.626,1.897,-0.067,-0.050,0.605,4.638173,-74.084502,0.31,3,1
1007,11643089,-0.451,-0.587,-10.275,-1.034,3.621,1.307,185.430,1.952,-0.060,-0.046,1.307,4.638173,-74.084502,0.31,3,1
1008,11653103,-0.396,-0.650,-10.140,0.218,4.475,2.192,185.296,1.986,-0.066,-0.040,2.192,4.638173,-74.084502,0.31,3,1
1009,11663100,-0.327,-0.840,-9.984,1.255,4.811,2.711,185.275,1.992,-0.086,-0.033,2.711,4.638173,-74.084502,0.31,3,1
1010,11673107,-0.291,-1.030,-9.797,1.652,4.536,2.619,185.355,1.981,-0.105,-0.030,2.619,4.638173,-74.084502,0.31,3,1
1011,11683104,-0.227,-1.112,-9.662,1.255,3.773,2.344,185.470,1.935,-0.113,-0.023,2.344,4.638173,-74.084502,0.31,3,1
1012,11693109,-0.246,-1.081,-9.660,0.553,2.705,1.887,185.554,1.893,-0.110,-0.025,1.887,4.638173,-74.084502,0.31,3,1
1013,11703097,-0.265,-0.968,-9.739,-0.088,1.576,1.520,185.570,1.851,-0.099,-0.027,1.520,4.638173,-74.084502,0.31,3,1
1014,11713119,-0.315,-0.840,-9.799,0.004,0.813,1.551,185.524,1.828,-0.086,-0.032,1.551,4.638173,-74.084502,0.31,3,1
1015,11723107,-0.375,-0.782,-9.835,0.523,0.447,1.703,185.459,1.830,-0.080,-0.038,1.703,4.638173,-74.084502,0.31,3,1
1016,11733102,-0.377,-0.879,-9.838,1.286,0.294,1.887,185.450,1.831,-0.090,-0.038,1.887,4.638173,-74.084502,0.31,3,1
1017,11743100,-0.401,-0.965,-9.799,1.652,0.294,1.856,185.486,1.843,-0.098,-0.041,1.856,4.638173,-74.084502,0.31,3,1
1018,11753111,-0.482,-0.963,-9.814,1.591,0.264,1.673,185.516,1.891,-0.098,-0.049,1.673,4.638172,-74.084505,0.23,3,1
1019,11763119,-0.506,-1.023,-9.843,1.713,0.416,1.337,185.571,1.946,-0.104,-0.052,1.337,4.638172,-74.084505,0.23,3,1
1020,11773115,-0.485,-1.086,-9.838,1.743,0.905,0.940,185.651,1.991,-0.111,-0.049,0.940,4.638172,-74.084505,0.23,3,1
1021,11783100,-0.492,-1.069,-9.811,1.103,1.484,0.483,185.712,2.043,-0.109,-0.050,0.483,4.638172,-74.084505,0.23,3,1
1022,11793109,-0.451,-0.980,-9.847,0.340,2.034,0.269,185.719,2.076,-0.100,-0.046,0.269,4.638172,-74.084505,0.23,3,1
1023,11803106,-0.461,-0.883,-9.881,-0.301,2.278,0.452,185.676,2.113,-0.090,-0.047,0.452,4.638172,-74.084505,0.23,3,1
1024,11813098,-0.442,-0.871,-9.840,-0.484,2.553,0.666,185.631,2.142,-0.089,-0.045,0.666,4.638172,-74.084505,0.23,3,1
1025,11823093,-0.411,-0.862,-9.819,-0.271,2.431,0.635,185.588,2.154,-0.088,-0.042,0.635,4.638172,-74.084505,0.23,3,1
1026,11833107,-0.377,-0.886,-9.780,0.248,1.973,0.239,185.565,2.147,-0.090,-0.038,0.239,4.638172,-74.084505,0.23,3,1
1027,11843112,-0.392,-0.898,-9.766,0.858,1.607,-0.402,185.556,2.144,-0.092,-0.040,-0.402,4.638172,-74.084505,0.23,3,1
1028,11853123,-0.389,-0.924,-9.711,1.408,1.118,-0.830,185.566,2.136,-0.094,-0.040,-0.830,4.638172,-74.084505,0.23,3,1
1029,11863107,-0.353,-0.987,-9.646,1.560,0.813,-1.043,185.609,2.111,-0.101,-0.036,-1.043,4.638172,-74.084505,0.23,3,1
1030,11873100,-0.344,-1.055,-9.634,0.858,0.905,-0.982,185.672,2.084,-0.108,-0.035,-0.982,4.638172,-74.084505,0.23,3,1
1031,11883108,-0.361,-1.093,-9.622,-0.027,0.874,-0.768,185.741,2.067,-0.111,-0.037,-0.768,4.638172,-74.084505,0.23,3,1
1032,11893124,-0.339,-1.059,-9.674,-1.247,0.660,-0.585,185.776,2.039,-0.108,-0.035,-0.585,4.638172,-74.084505,0.23,3,1
1033,11903096,-0.344,-0.973,-9.718,-2.041,0.447,-0.555,185.759,2.012,-0.099,-0.035,-0.555,4.638172,-74.084505,0.23,3,1
1034,11916818,-0.382,-0.922,-9.816,-1.644,-0.530,-0.830,185.716,1.982,-0.094,-0.039,-0.830,4.638172,-74.084505,0.23,3,1
1035,11923097,-0.382,-0.922,-9.816,-1.644,-0.530,-0.830,185.681,1.967,-0.094,-0.039,-0.830,4.638172,-74.084505,0.23,3,1
1036,11933115,-0.365,-0.997,-9.838,-1.156,-0.774,-1.409,185.685,1.943,-0.102,-0.037,-1.409,4.638172,-74.084505,0.23,3,1
1037,11943110,-0.368,-1.057,-9.859,-1.064,-0.865,-2.050,185.716,1.920,-0.108,-0.038,-2.050,4.638172,-74.084505,0.23,3,1
1038,11953113,-0.363,-0.975,-9.951,-1.400,-0.713,-2.539,185.700,1.897,-0.099,-0.037,-2.539,4.638172,-74.084505,0.23,3,1
1039,11963097,-0.349,-0.874,-10.011,-1.369,-0.072,-2.477,185.639,1.874,-0.089,-0.036,-2.477,4.638172,-74.084505,0.23,3,1
1040,11973108,-0.313,-0.813,-9.967,-1.186,0.722,-1.745,185.559,1.846,-0.083,-0.032,-1.745,4.638172,-74.084505,0.23,3,1
1041,11983106,-0.291,-0.879,-9.936,-0.820,1.332,-0.860,185.519,1.816,-0.090,-0.030,-0.860,4.638172,-74.084505,0.23,3,1
1042,11993107,-0.287,-0.939,-9.845,-0.545,1.576,-0.189,185.515,1.789,-0.096,-0.029,-0.189,4.638172,-74.084505,0.23,3,1
1043,12003089,-0.282,-0.980,-9.795,-0.332,1.271,-0.006,185.534,1.761,-0.100,-0.029,-0.006,4.638172,-74.084505,0.23,3,1
1044,12013096,-0.280,-1.062,-9.744,-0.240,0.691,-0.128,185.591,1.728,-0.108,-0.029,-0.128,4.638172,-74.084505,0.23,3,1
1045,12023101,-0.277,-1.079,-9.713,-0.484,-0.041,-0.463,185.651,1.691,-0.110,-0.028,-0.463,4.638172,-74.084505,0.23,3,1
1046,12033109,-0.301,-1.064,-9.773,-0.759,-0.743,-1.043,185.694,1.660,-0.109,-0.031,-1.043,4.638172,-74.084505,0.23,3,1
1047,12043093,-0.320,-1.040,-9.821,-0.942,-1.171,-1.501,185.720,1.636,-0.106,-0.033,-1.501,4.638172,-74.084505,0.23,3,1
1048,12053110,-0.303,-0.982,-9.895,-1.095,-1.048,-1.867,185.712,1.606,-0.100,-0.031,-1.867,4.638172,-74.084505,0.23,3,1
1049,12063094,-0.296,-0.867,-10.004,-1.034,-0.530,-1.867,185.651,1.578,-0.088,-0.030,-1.867,4.638172,-74.084505,0.23,3,1
1050,12073112,-0.256,-0.799,-9.999,-0.912,0.233,-1.440,185.566,1.542,-0.081,-0.026,-1.440,4.638172,-74.084505,0.23,3,1
1051,12083102,-0.251,-0.852,-9.953,-0.637,0.813,-0.768,185.515,1.513,-0.087,-0.026,-0.768,4.638172,-74.084505,0.23,3,1
1052,12093098,-0.232,-0.910,-9.907,-0.301,0.966,-0.402,185.498,1.479,-0.093,-0.024,-0.402,4.638172,-74.084505,0.23,3,1
1053,12103096,-0.198,-0.898,-9.898,-0.301,0.660,-0.250,185.478,1.431,-0.092,-0.020,-0.250,4.638172,-74.084505,0.23,3,1
1054,12113101,-0.234,-0.840,-9.886,-0.149,0.294,-0.311,185.435,1.399,-0.086,-0.024,-0.311,4.638172,-74.084505,0.23,3,1
1055,12123111,-0.251,-0.768,-9.886,0.370,-0.163,-0.250,185.369,1.372,-0.078,-0.026,-0.250,4.638172,-74.084505,0.23,3,1
1056,12133152,-0.237,-0.826,-9.823,0.919,-0.652,0.055,185.340,1.337,-0.084,-0.024,0.055,4.638172,-74.084505,0.23,3,1
1057,12143103,-0.241,-0.915,-9.768,1.316,-0.865,0.178,185.360,1.306,-0.093,-0.025,0.178,4.638172,-74.084505,0.23,3,1
1058,12153098,-0.244,-0.951,-9.732,1.286,-1.079,0.239,185.395,1.276,-0.097,-0.025,0.239,4.638172,-74.084505,0.23,3,1
1059,12163118,-0.280,-0.970,-9.703,0.950,-1.354,0.483,185.434,1.263,-0.099,-0.029,0.483,4.638172,-74.084505,0.23,3,1
1060,12173098,-0.330,-1.014,-9.713,0.492,-1.476,0.574,185.486,1.272,-0.103,-0.034,0.574,4.638172,-74.084505,0.23,3,1
1061,12183111,-0.334,-1.026,-9.739,0.340,-1.232,0.330,185.536,1.284,-0.105,-0.034,0.330,4.638172,-74.084505,0.23,3,1
1062,12193098,-0.363,-1.014,-9.754,0.004,-1.018,0.147,185.573,1.310,-0.103,-0.037,0.147,4.638172,-74.084505,0.23,3,1
1063,12203109,-0.382,-1.006,-9.742,-0.606,-0.652,0.178,185.599,1.346,-0.103,-0.039,0.178,4.638172,-74.084505,0.23,3,1
1064,12213115,-0.389,-0.985,-9.819,-1.156,-0.682,0.330,185.605,1.382,-0.100,-0.040,0.330,4.638172,-74.084505,0.23,3,1
1065,12223092,-0.380,-0.929,-9.857,-1.491,-0.408,0.361,185.581,1.412,-0.095,-0.039,0.361,4.638172,-74.084505,0.23,3,1
1066,12233094,-0.389,-0.910,-9.850,-1.339,-0.347,0.147,185.552,1.445,-0.093,-0.040,0.147,4.638172,-74.084505,0.23,3,1
1067,12243095,-0.404,-0.951,-9.821,-1.095,-0.163,0.025,185.546,1.484,-0.097,-0.041,0.025,4.638172,-74.084505,0.23,3,1
1068,12256512,-0.394,-0.936,-9.871,-1.003,-0.133,-0.341,185.533,1.506,-0.095,-0.040,-0.341,4.638172,-74.084505,0.23,3,1
1069,12263092,-0.394,-0.936,-9.871,-1.003,-0.133,-0.341,185.521,1.537,-0.095,-0.040,-0.341,4.638172,-74.084505,0.23,3,1
1070,12273096,-0.387,-0.951,-9.864,-0.851,-0.102,-0.677,185.519,1.562,-0.097,-0.039,-0.677,4.638172,-74.084505,0.23,3,1
1071,12283098,-0.356,-0.980,-9.881,-0.789,0.050,-0.982,185.529,1.573,-0.100,-0.036,-0.982,4.638172,-74.084505,0.23,3,1
1072,12293099,-0.349,-0.920,-9.907,-0.881,0.111,-1.074,185.510,1.579,-0.094,-0.036,-1.074,4.638172,-74.084505,0.23,3,1
1073,12303102,-0.330,-0.864,-9.927,-1.003,0.111,-0.891,185.466,1.576,-0.088,-0.034,-0.891,4.638172,-74.084505,0.23,3,1
1074,12313101,-0.368,-0.826,-9.955,-0.698,0.172,-0.494,185.410,1.591,-0.084,-0.038,-0.494,4.638172,-74.084505,0.23,3,1
1075,12323107,-0.363,-0.818,-9.958,-0.332,0.599,-0.006,185.358,1.606,-0.083,-0.037,-0.006,4.638172,-74.084505,0.23,3,1
1076,12333091,-0.358,-0.852,-9.869,-0.057,0.783,0.300,185.331,1.621,-0.087,-0.037,0.300,4.638172,-74.084505,0.23,3,1
1077,12343095,-0.342,-0.893,-9.811,0.065,0.660,0.422,185.328,1.627,-0.091,-0.035,0.422,4.638172,-74.084505,0.23,3,1
1078,12353096,-0.332,-0.924,-9.751,-0.057,0.355,0.391,185.341,1.627,-0.094,-0.034,0.391,4.638172,-74.084505,0.23,3,1
1079,12363098,-0.299,-0.927,-9.713,-0.149,-0.041,0.269,185.354,1.608,-0.095,-0.030,0.269,4.638172,-74.084505,0.23,3,1
1080,12373099,-0.325,-0.927,-9.744,-0.271,-0.560,0.239,185.364,1.597,-0.095,-0.033,0.239,4.638172,-74.084505,0.23,3,1
1081,12383102,-0.353,-0.910,-9.747,-0.423,-1.110,0.178,185.364,1.595,-0.093,-0.036,0.178,4.638172,-74.084505,0.23,3,1
1082,12393102,-0.408,-0.927,-9.819,-0.362,-1.537,0.086,185.370,1.613,-0.095,-0.042,0.086,4.638172,-74.084505,0.23,3,1
1083,12403107,-0.446,-0.982,-9.876,-0.118,-1.476,-0.311,185.399,1.645,-0.100,-0.046,-0.311,4.638172,-74.084505,0.23,3,1
1084,12413110,-0.439,-0.989,-9.883,-0.484,-0.957,-0.921,185.425,1.677,-0.101,-0.045,-0.921,4.638172,-74.084505,0.23,3,1
1085,12423095,-0.404,-0.934,-9.886,-1.064,-0.255,-1.196,185.420,1.697,-0.095,-0.041,-1.196,4.638172,-74.084505,0.23,3,1
1086,12433098,-0.399,-0.850,-9.946,-1.430,0.325,-0.952,185.372,1.717,-0.087,-0.041,-0.952,4.638172,-74.084505,0.23,3,1
1087,12443102,-0.344,-0.768,-9.927,-1.766,0.966,-0.280,185.289,1.718,-0.078,-0.035,-0.280,4.638172,-74.084505,0.23,3,1
1088,12453101,-0.325,-0.746,-9.879,-1.613,1.423,0.300,185.206,1.716,-0.076,-0.033,0.300,4.638172,-74.084505,0.23,3,1
1089,12463107,-0.306,-0.816,-9.814,-1.003,1.332,0.544,185.168,1.705,-0.083,-0.031,0.544,4.638172,-74.084505,0.23,3,1
1090,12473111,-0.284,-0.886,-9.759,-0.637,0.966,0.513,185.170,1.683,-0.090,-0.029,0.513,4.638172,-74.084505,0.23,3,1
1091,12483098,-0.325,-0.944,-9.684,-0.484,0.355,0.269,185.202,1.676,-0.096,-0.033,0.269,4.638172,-74.084505,0.23,3,1
1092,12493099,-0.330,-0.997,-9.658,-0.606,-0.652,-0.036,185.256,1.663,-0.102,-0.034,-0.036,4.638172,-74.084505,0.23,3,1
1093,12503103,-0.315,-0.987,-9.713,-0.728,-1.445,-0.494,185.297,1.636,-0.101,-0.032,-0.494,4.638172,-74.084505,0.23,3,1
1094,12513101,-0.394,-0.965,-9.778,-1.034,-1.842,-0.799,185.320,1.642,-0.098,-0.040,-0.799,4.638172,-74.084505,0.23,3,1
1095,12523107,-0.413,-0.895,-9.835,-1.247,-1.720,-0.830,185.306,1.657,-0.091,-0.042,-0.830,4.638172,-74.084505,0.23,3,1
1096,12533111,-0.446,-0.869,-9.898,-1.369,-1.415,-0.830,185.278,1.686,-0.089,-0.046,-0.830,4.638172,-74.084505,0.23,3,1
1097,12543095,-0.473,-0.852,-9.999,-1.369,-0.652,-0.891,185.240,1.730,-0.087,-0.048,-0.891,4.638172,-74.084505,0.23,3,1
1098,12553096,-0.475,-0.845,-10.035,-1.308,0.416,-1.013,185.202,1.781,-0.086,-0.048,-1.013,4.638172,-74.084505,0.23,3,1
1099,12583816,-0.308,-0.813,-9.903,-1.247,1.912,-0.341,185.141,1.751,-0.083,-0.031,-0.341,4.638172,-74.084505,0.23,3,1
1100,12585141,-0.308,-0.813,-9.903,-1.247,1.912,-0.341,185.089,1.732,-0.083,-0.031,-0.341,4.638172,-74.084505,0.23,3,1
1101,12586463,-0.287,-0.821,-9.838,-1.156,1.759,-0.036,185.054,1.711,-0.084,-0.029,-0.036,4.638172,-74.084505,0.23,3,1
1102,12593091,-0.287,-0.821,-9.838,-1.156,1.759,-0.036,185.024,1.696,-0.084,-0.029,-0.036,4.638172,-74.084505,0.23,3,1
1103,12603094,-0.253,-0.828,-9.787,-1.095,1.362,0.178,185.003,1.662,-0.084,-0.026,0.178,4.638172,-74.084505,0.23,3,1
1104,12613093,-0.280,-0.871,-9.795,-0.759,0.722,0.086,185.010,1.639,-0.089,-0.029,0.086,4.638172,-74.084505,0.23,3,1
1105,12623094,-0.282,-0.932,-9.802,-0.515,0.050,-0.372,185.047,1.612,-0.095,-0.029,-0.372,4.638172,-74.084505,0.23,3,1
1106,12633105,-0.311,-0.888,-9.804,-0.332,-0.408,-0.738,185.061,1.597,-0.091,-0.032,-0.738,4.638172,-74.084505,0.23,3,1
1107,12643090,-0.320,-0.845,-9.768,-0.027,-0.743,-0.830,185.057,1.586,-0.086,-0.033,-0.830,4.638172,-74.084505,0.23,3,1
1108,12653092,-0.311,-0.898,-9.807,-0.057,-0.835,-0.860,185.077,1.569,-0.092,-0.032,-0.860,4.638172,-74.084505,0.23,3,1
1109,12663092,-0.303,-0.927,-9.864,-0.484,-0.621,-0.738,185.102,1.551,-0.095,-0.031,-0.738,4.638172,-74.084505,0.23,3,1
1110,12673094,-0.320,-0.900,-9.843,-0.789,-0.163,-0.524,185.111,1.546,-0.092,-0.033,-0.524,4.638172,-74.084505,0.23,3,1
1111,12683108,-0.330,-0.883,-9.821,-1.034,0.050,-0.219,185.110,1.549,-0.090,-0.034,-0.219,4.638172,-74.084505,0.23,3,1
1112,12693098,-0.318,-0.888,-9.874,-1.217,0.233,-0.036,185.107,1.546,-0.091,-0.032,-0.036,4.638172,-74.084505,0.23,3,1
1113,12703111,-0.325,-0.862,-9.924,-1.156,0.355,0.117,185.092,1.548,-0.088,-0.033,0.117,4.638172,-74.084505,0.23,3,1
1114,12713121,-0.313,-0.809,-9.912,-0.912,0.264,0.086,185.056,1.543,-0.082,-0.032,0.086,4.638172,-74.084505,0.23,3,1
1115,12723099,-0.320,-0.801,-9.859,-0.423,-0.011,-0.036,185.026,1.540,-0.082,-0.033,-0.036,4.638172,-74.084505,0.23,3,1
1116,12733106,-0.306,-0.845,-9.857,0.065,-0.316,0.055,185.023,1.528,-0.086,-0.031,0.055,4.638172,-74.084505,0.23,3,1
1117,12743111,-0.327,-0.859,-9.864,0.065,-0.591,0.147,185.026,1.523,-0.088,-0.033,0.147,4.638172,-74.084505,0.23,3,1
1118,12753117,-0.377,-0.879,-9.845,0.004,-0.652,0.330,185.038,1.542,-0.090,-0.038,0.330,4.638172,-74.084507,0.22,3,1
1119,12763095,-0.404,-0.977,-9.850,0.065,-0.591,0.330,185.094,1.570,-0.100,-0.041,0.330,4.638172,-74.084507,0.22,3,1
1120,12773095,-0.401,-1.011,-9.883,-0.149,-0.194,-0.128,185.157,1.599,-0.103,-0.041,-0.128,4.638172,-74.084507,0.22,3,1
1121,12783109,-0.394,-0.939,-9.895,-0.698,0.355,-0.707,185.177,1.627,-0.096,-0.040,-0.707,4.638172,-74.084507,0.22,3,1
1122,12793111,-0.377,-0.828,-9.910,-1.034,0.844,-0.707,185.143,1.650,-0.084,-0.038,-0.707,4.638172,-74.084507,0.22,3,1
1123,12803095,-0.315,-0.782,-9.941,-1.034,1.393,-0.219,185.090,1.648,-0.080,-0.032,-0.219,4.638172,-74.084507,0.22,3,1
1124,12813099,-0.301,-0.760,-9.917,-0.973,1.668,0.330,185.033,1.643,-0.078,-0.031,0.330,4.638172,-74.084507,0.22,3,1
1125,12823091,-0.289,-0.715,-9.845,-0.545,1.515,0.666,184.966,1.633,-0.073,-0.029,0.666,4.638172,-74.084507,0.22,3,1
1126,12833109,-0.265,-0.785,-9.742,0.126,1.057,0.910,184.945,1.610,-0.080,-0.027,0.910,4.638172,-74.084507,0.22,3,1
1127,12843109,-0.249,-0.908,-9.672,0.797,0.325,0.666,184.991,1.575,-0.093,-0.025,0.666,4.638172,-74.084507,0.22,3,1
1128,12853102,-0.253,-0.936,-9.634,0.492,-0.560,0.269,185.045,1.537,-0.095,-0.026,0.269,4.638172,-74.084507,0.22,3,1
1129,12863097,-0.258,-0.912,-9.684,0.004,-1.445,0.086,185.077,1.495,-0.093,-0.026,0.086,4.638172,-74.084507,0.22,3,1
1130,12873097,-0.325,-0.886,-9.756,-0.332,-1.842,0.330,185.089,1.482,-0.090,-0.033,0.330,4.638172,-74.084507,0.22,3,1
1131,12883104,-0.368,-0.876,-9.847,-0.606,-1.750,0.727,185.089,1.489,-0.089,-0.038,0.727,4.638172,-74.084507,0.22,3,1
1132,12893120,-0.399,-0.888,-9.895,-0.820,-1.354,0.940,185.091,1.511,-0.091,-0.041,0.940,4.638172,-74.084507,0.22,3,1
1133,12903095,-0.435,-0.924,-9.919,-0.881,-0.896,0.574,185.107,1.552,-0.094,-0.044,0.574,4.638172,-74.084507,0.22,3,1
1134,12920348,-0.415,-0.850,-9.934,-1.247,0.233,-0.433,185.080,1.577,-0.087,-0.042,-0.433,4.638172,-74.084507,0.22,3,1
1135,12923098,-0.415,-0.850,-9.934,-1.247,0.233,-0.433,185.059,1.618,-0.087,-0.042,-0.433,4.638172,-74.084507,0.22,3,1
1136,12933120,-0.377,-0.789,-9.958,-1.278,0.630,-0.555,185.012,1.640,-0.080,-0.038,-0.555,4.638172,-74.084507,0.22,3,1
1137,12943097,-0.342,-0.700,-9.996,-1.186,1.179,-0.341,184.927,1.649,-0.071,-0.035,-0.341,4.638172,-74.084507,0.22,3,1
1138,12953099,-0.320,-0.710,-9.941,-1.095,1.576,0.086,184.857,1.652,-0.072,-0.033,0.086,4.638172,-74.084507,0.22,3,1
1139,12963101,-0.306,-0.715,-9.874,-0.698,1.698,0.696,184.800,1.650,-0.073,-0.031,0.696,4.638172,-74.084507,0.22,3,1
1140,12973115,-0.272,-0.751,-9.819,-0.301,1.423,1.093,184.770,1.632,-0.077,-0.028,1.093,4.638172,-74.084507,0.22,3,1
1141,12983114,-0.296,-0.852,-9.694,-0.088,0.966,1.002,184.795,1.623,-0.087,-0.030,1.002,4.638172,-74.084507,0.22,3,1
1142,12993099,-0.306,-0.946,-9.631,0.065,0.264,0.574,184.865,1.613,-0.096,-0.031,0.574,4.638172,-74.084507,0.22,3,1
1143,13003096,-0.339,-0.958,-9.646,-0.179,-0.560,-0.006,184.932,1.612,-0.098,-0.035,-0.006,4.638172,-74.084507,0.22,3,1
1144,13013106,-0.373,-0.963,-9.713,-0.667,-1.140,-0.372,184.989,1.619,-0.098,-0.038,-0.372,4.638172,-74.084507,0.22,3,1
1145,13023100,-0.382,-0.944,-9.792,-1.186,-1.232,-0.524,185.024,1.628,-0.096,-0.039,-0.524,4.638172,-74.084507,0.22,3,1
1146,13033099,-0.404,-0.835,-9.874,-1.766,-1.079,-0.738,184.999,1.646,-0.085,-0.041,-0.738,4.638172,-74.084507,0.22,3,1
1147,13043099,-0.387,-0.775,-9.936,-2.041,-0.591,-0.891,184.945,1.659,-0.079,-0.039,-0.891,4.638172,-74.084507,0.22,3,1
1148,13053103,-0.394,-0.746,-9.980,-1.766,-0.011,-0.768,184.883,1.678,-0.076,-0.040,-0.768,4.638172,-74.084507,0.22,3,1
1149,13063114,-0.382,-0.732,-9.987,-1.369,0.538,-0.738,184.823,1.696,-0.075,-0.039,-0.738,4.638172,-74.084507,0.22,3,1
1150,13073098,-0.330,-0.780,-9.939,-1.095,0.996,-0.555,184.793,1.694,-0.080,-0.034,-0.555,4.638172,-74.084507,0.22,3,1
1151,13083098,-0.320,-0.787,-9.888,-0.820,1.301,-0.524,184.773,1.691,-0.080,-0.033,-0.524,4.638172,-74.084507,0.22,3,1
1152,13093095,-0.280,-0.785,-9.847,-0.912,1.179,-0.494,184.754,1.670,-0.080,-0.029,-0.494,4.638172,-74.084507,0.22,3,1
1153,13103108,-0.263,-0.838,-9.814,-1.095,0.935,-0.158,184.759,1.642,-0.085,-0.027,-0.158,4.638172,-74.084507,0.22,3,1
1154,13113119,-0.256,-0.864,-9.831,-1.339,0.538,-0.158,184.773,1.608,-0.088,-0.026,-0.158,4.638172,-74.084507,0.22,3,1
1155,13123109,-0.258,-0.768,-9.876,-1.400,0.050,-0.341,184.741,1.573,-0.078,-0.026,-0.341,4.638172,-74.084507,0.22,3,1
1156,13133155,-0.284,-0.693,-9.850,-1.491,-0.255,-0.189,184.678,1.550,-0.071,-0.029,-0.189,4.638172,-74.084507,0.22,3,1
1157,13143112,-0.325,-0.703,-9.879,-1.156,-0.652,0.086,184.627,1.543,-0.072,-0.033,0.086,4.638172,-74.084507,0.22,3,1
1158,13153106,-0.349,-0.691,-9.948,-0.698,-0.804,0.391,184.576,1.545,-0.070,-0.036,0.391,4.638172,-74.084507,0.22,3,1
1159,13163093,-0.373,-0.727,-9.936,-0.057,-0.682,0.422,184.551,1.558,-0.074,-0.038,0.422,4.638172,-74.084507,0.22,3,1
1160,13173101,-0.415,-0.792,-9.895,0.675,-0.408,0.330,184.565,1.592,-0.081,-0.042,0.330,4.638172,-74.084507,0.22,3,1
1161,13183105,-0.401,-0.905,-9.847,0.919,0.020,0.269,184.632,1.622,-0.092,-0.041,0.269,4.638172,-74.084507,0.22,3,1
1162,13193109,-0.394,-0.970,-9.807,0.218,0.508,0.239,184.718,1.652,-0.099,-0.040,0.239,4.638172,-74.084507,0.22,3,1
1163,13203107,-0.375,-0.944,-9.833,-0.759,1.027,0.239,184.776,1.675,-0.096,-0.038,0.239,4.638172,-74.084507,0.22,3,1
1164,13213105,-0.387,-0.905,-9.783,-1.522,1.118,0.178,184.807,1.704,-0.092,-0.039,0.178,4.638172,-74.084507,0.22,3,1
1165,13223107,-0.408,-0.838,-9.823,-1.797,0.996,0.178,184.802,1.738,-0.085,-0.042,0.178,4.638172,-74.084507,0.22,3,1
1166,13233094,-0.380,-0.785,-9.886,-1.644,0.752,0.025,184.772,1.754,-0.080,-0.039,0.025,4.638172,-74.084507,0.22,3,1
1167,13243099,-0.370,-0.741,-9.927,-1.003,0.569,-0.494,184.730,1.762,-0.076,-0.038,-0.494,4.638172,-74.084507,0.22,3,1
1168,13256413,-0.334,-0.763,-9.905,0.065,0.386,-0.677,184.714,1.745,-0.078,-0.034,-0.677,4.638172,-74.084507,0.22,3,1
1169,13263084,-0.334,-0.763,-9.905,0.065,0.386,-0.677,184.696,1.737,-0.078,-0.034,-0.677,4.638172,-74.084507,0.22,3,1
1170,13273089,-0.313,-0.787,-9.838,0.126,0.416,-0.494,184.693,1.721,-0.080,-0.032,-0.494,4.638172,-74.084507,0.22,3,1
1171,13283093,-0.308,-0.804,-9.790,-0.027,0.508,-0.433,184.699,1.706,-0.082,-0.031,-0.433,4.638172,-74.084507,0.22,3,1
1172,13293097,-0.303,-0.850,-9.802,-0.484,0.477,-0.219,184.721,1.689,-0.087,-0.031,-0.219,4.638172,-74.084507,0.22,3,1
1173,13303084,-0.313,-0.804,-9.821,-0.942,0.172,-0.158,184.715,1.675,-0.082,-0.032,-0.158,4.638172,-74.084507,0.22,3,1
1174,13313089,-0.339,-0.760,-9.869,-1.064,0.111,-0.158,184.687,1.672,-0.078,-0.035,-0.158,4.638172,-74.084507,0.22,3,1
1175,13323095,-0.344,-0.724,-9.905,-1.003,0.111,-0.128,184.645,1.671,-0.074,-0.035,-0.128,4.638172,-74.084507,0.22,3,1
1176,13333100,-0.346,-0.722,-9.946,-0.545,0.172,-0.097,184.607,1.671,-0.074,-0.035,-0.097,4.638172,-74.084507,0.22,3,1
1177,13343084,-0.344,-0.727,-9.953,-0.271,0.203,0.025,184.578,1.671,-0.074,-0.035,0.025,4.638172,-74.084507,0.22,3,1
1178,13353089,-0.325,-0.765,-9.915,-0.118,0.416,0.117,184.570,1.664,-0.078,-0.033,0.117,4.638172,-74.084507,0.22,3,1
1179,13363095,-0.294,-0.741,-9.869,0.065,0.569,0.055,184.555,1.646,-0.076,-0.030,0.055,4.638172,-74.084507,0.22,3,1
1180,13373097,-0.253,-0.746,-9.814,0.218,0.630,0.208,184.547,1.613,-0.076,-0.026,0.208,4.638172,-74.084507,0.22,3,1
1181,13383100,-0.249,-0.765,-9.759,0.004,0.569,0.635,184.548,1.580,-0.078,-0.025,0.635,4.638172,-74.084507,0.22,3,1
1182,13393100,-0.275,-0.785,-9.723,-0.332,0.142,0.879,184.556,1.558,-0.080,-0.028,0.879,4.638172,-74.084507,0.22,3,1
1183,13403084,-0.339,-0.816,-9.739,-0.423,-0.530,0.879,184.576,1.560,-0.083,-0.035,0.879,4.638172,-74.084507,0.22,3,1
1184,13413089,-0.401,-0.854,-9.775,-0.210,-0.835,0.635,184.612,1.587,-0.087,-0.041,0.635,4.638172,-74.084507,0.22,3,1
1185,13423095,-0.449,-0.908,-9.826,-0.179,-0.926,-0.067,184.667,1.631,-0.093,-0.046,-0.067,4.638172,-74.084507,0.22,3,1
1186,13433097,-0.456,-0.905,-9.874,-0.484,-0.591,-0.952,184.712,1.676,-0.092,-0.046,-0.952,4.638172,-74.084507,0.22,3,1
1187,13443084,-0.420,-0.881,-9.929,-1.003,0.172,-1.501,184.737,1.709,-0.090,-0.043,-1.501,4.638172,-74.084507,0.22,3,1
1188,13453089,-0.358,-0.794,-9.980,-1.705,1.210,-1.715,184.713,1.721,-0.081,-0.037,-1.715,4.638172,-74.084507,0.22,3,1
1189,13463095,-0.287,-0.662,-9.963,-2.163,2.186,-1.104,184.628,1.709,-0.067,-0.029,-1.104,4.638172,-74.084507,0.22,3,1
1190,13473100,-0.225,-0.577,-9.939,-2.285,2.797,-0.189,184.513,1.677,-0.059,-0.023,-0.189,4.638172,-74.084507,0.22,3,1
1191,13483084,-0.160,-0.565,-9.845,-1.919,2.766,0.727,184.407,1.620,-0.058,-0.016,0.727,4.638172,-74.084507,0.22,3,1
1192,13493089,-0.151,-0.606,-9.703,-1.430,2.003,1.490,184.336,1.557,-0.062,-0.015,1.490,4.638172,-74.084507,0.22,3,1
1193,13503095,-0.182,-0.717,-9.643,-0.789,0.599,1.703,184.328,1.500,-0.073,-0.019,1.703,4.638172,-74.084507,0.22,3,1
1194,13513100,-0.220,-0.886,-9.662,0.004,-1.110,1.276,184.403,1.448,-0.090,-0.022,1.276,4.638172,-74.084507,0.22,3,1
1195,13523085,-0.313,-0.905,-9.713,0.187,-2.544,0.330,184.481,1.429,-0.092,-0.032,0.330,4.638172,-74.084507,0.22,3,1
1196,13533089,-0.370,-0.898,-9.732,0.126,-3.185,-0.433,184.549,1.430,-0.092,-0.038,-0.433,4.638172,-74.084507,0.22,3,1
1197,13543095,-0.451,-0.900,-9.857,-0.240,-3.002,-0.707,184.604,1.467,-0.092,-0.046,-0.707,4.638172,-74.084507,0.22,3,1
1198,13553097,-0.499,-0.852,-10.013,-0.912,-2.056,-0.891,184.622,1.528,-0.087,-0.051,-0.891,4.638172,-74.084507,0.22,3,1
1199,13591802,-0.322,-0.695,-9.980,-2.132,2.614,-0.097,184.511,1.552,-0.071,-0.033,-0.097,4.638172,-74.084507,0.22,3,1
1200,13593127,-0.322,-0.695,-9.980,-2.132,2.614,-0.097,184.418,1.577,-0.071,-0.033,-0.097,4.638172,-74.084507,0.22,3,1
1201,13594450,-0.322,-0.695,-9.980,-2.132,2.614,-0.097,184.345,1.602,-0.071,-0.033,-0.097,4.638172,-74.084507,0.22,3,1
1202,13595773,-0.268,-0.688,-9.927,-1.827,2.400,0.025,184.293,1.592,-0.070,-0.027,0.025,4.638172,-74.084507,0.22,3,1
1203,13603093,-0.268,-0.688,-9.927,-1.827,2.400,0.025,184.251,1.584,-0.070,-0.027,0.025,4.638172,-74.084507,0.22,3,1
1204,13613096,-0.229,-0.691,-9.881,-1.095,1.759,0.055,184.223,1.551,-0.070,-0.023,0.055,4.638172,-74.084507,0.22,3,1
1205,13623096,-0.218,-0.705,-9.855,-0.484,0.813,-0.341,184.213,1.507,-0.072,-0.022,-0.341,4.638172,-74.084507,0.22,3,1
1206,13633105,-0.218,-0.707,-9.840,-0.088,-0.102,-0.494,184.209,1.459,-0.072,-0.022,-0.494,4.638172,-74.084507,0.22,3,1
1207,13643092,-0.220,-0.700,-9.855,0.096,-0.743,-0.280,184.203,1.411,-0.071,-0.022,-0.280,4.638172,-74.084507,0.22,3,1
1208,13653097,-0.260,-0.695,-9.840,0.157,-1.079,0.086,184.196,1.385,-0.071,-0.027,0.086,4.638172,-74.084507,0.22,3,1
1209,13663105,-0.296,-0.717,-9.852,0.096,-1.140,0.452,184.200,1.376,-0.073,-0.030,0.452,4.638172,-74.084507,0.22,3,1
1210,13673089,-0.344,-0.773,-9.831,-0.057,-0.865,0.757,184.230,1.394,-0.079,-0.035,0.757,4.638172,-74.084507,0.22,3,1
1211,13683110,-0.377,-0.828,-9.867,-0.271,-0.743,0.788,184.279,1.427,-0.084,-0.038,0.788,4.638172,-74.084507,0.22,3,1
1212,13693104,-0.389,-0.821,-9.910,-0.484,-0.530,0.269,184.317,1.462,-0.084,-0.040,0.269,4.638172,-74.084507,0.22,3,1
1213,13703104,-0.373,-0.801,-9.912,-0.332,-0.102,-0.280,184.344,1.491,-0.082,-0.038,-0.280,4.638172,-74.084507,0.22,3,1
1214,13713109,-0.342,-0.744,-9.965,-0.301,0.142,-0.372,184.341,1.504,-0.076,-0.035,-0.372,4.638172,-74.084507,0.22,3,1
1215,13723100,-0.346,-0.698,-9.960,-0.149,0.294,-0.097,184.319,1.520,-0.071,-0.035,-0.097,4.638172,-74.084507,0.22,3,1
1216,13733114,-0.313,-0.777,-9.891,0.187,0.508,-0.067,184.341,1.522,-0.079,-0.032,-0.067,4.638172,-74.084507,0.22,3,1
1217,13743094,-0.325,-0.847,-9.835,0.279,0.538,-0.067,184.395,1.530,-0.086,-0.033,-0.067,4.638172,-74.084507,0.22,3,1
1218,13753105,-0.294,-0.883,-9.840,-0.118,0.325,-0.372,184.457,1.521,-0.090,-0.030,-0.372,4.638172,-74.084507,0.22,3,1
1219,13763113,-0.282,-0.760,-9.847,-0.423,0.233,-0.677,184.456,1.507,-0.078,-0.029,-0.677,4.638172,-74.084505,0.18,3,1
1220,13773122,-0.289,-0.678,-9.922,-0.393,0.264,-0.616,184.416,1.497,-0.069,-0.029,-0.616,4.638172,-74.084505,0.18,3,1
1221,13783098,-0.303,-0.683,-9.965,-0.210,0.294,-0.158,184.381,1.493,-0.070,-0.031,-0.158,4.638172,-74.084505,0.18,3,1
1222,13793097,-0.306,-0.688,-9.958,0.034,0.508,0.117,184.354,1.493,-0.070,-0.031,0.117,4.638172,-74.084505,0.18,3,1
1223,13803096,-0.265,-0.700,-9.927,0.126,0.599,0.239,184.336,1.476,-0.071,-0.027,0.239,4.638172,-74.084505,0.18,3,1
1224,13813104,-0.241,-0.712,-9.895,0.218,0.630,0.330,184.327,1.450,-0.073,-0.025,0.330,4.638172,-74.084505,0.18,3,1
1225,13823099,-0.249,-0.693,-9.871,0.187,0.599,0.422,184.311,1.429,-0.071,-0.025,0.422,4.638172,-74.084505,0.18,3,1
1226,13833104,-0.220,-0.664,-9.838,0.096,0.477,0.757,184.283,1.397,-0.068,-0.022,0.757,4.638172,-74.084505,0.18,3,1
1227,13843118,-0.225,-0.659,-9.864,0.065,0.142,1.124,184.254,1.366,-0.067,-0.023,1.124,4.638172,-74.084505,0.18,3,1
1228,13853109,-0.253,-0.637,-9.833,0.340,-0.316,1.368,184.220,1.346,-0.065,-0.026,1.368,4.638172,-74.084505,0.18,3,1
1229,13863099,-0.303,-0.686,-9.874,0.828,-0.835,1.307,184.215,1.344,-0.070,-0.031,1.307,4.638172,-74.084505,0.18,3,1
1230,13873101,-0.351,-0.739,-9.893,1.255,-1.048,0.818,184.236,1.362,-0.075,-0.036,0.818,4.638172,-74.084505,0.18,3,1
1231,13883104,-0.377,-0.746,-9.879,1.286,-0.804,0.391,184.260,1.392,-0.076,-0.038,0.391,4.638172,-74.084505,0.18,3,1
1232,13893105,-0.344,-0.758,-9.840,1.225,-0.408,0.361,184.288,1.410,-0.077,-0.035,0.361,4.638172,-74.084505,0.18,3,1
1233,13903103,-0.313,-0.753,-9.823,0.645,0.081,0.605,184.307,1.417,-0.077,-0.032,0.605,4.638172,-74.084505,0.18,3,1
1234,13916756,-0.249,-0.662,-9.768,-0.057,0.996,1.368,184.280,1.398,-0.067,-0.025,1.368,4.638172,-74.084505,0.18,3,1
1235,13923097,-0.249,-0.662,-9.768,-0.057,0.996,1.368,184.253,1.387,-0.067,-0.025,1.368,4.638172,-74.084505,0.18,3,1
1236,13933099,-0.280,-0.729,-9.742,-0.362,0.813,1.673,184.258,1.389,-0.074,-0.029,1.673,4.638172,-74.084505,0.18,3,1
1237,13943110,-0.296,-0.732,-9.739,-0.362,0.325,1.673,184.263,1.394,-0.075,-0.030,1.673,4.638172,-74.084505,0.18,3,1
1238,13953110,-0.332,-0.717,-9.799,-0.271,0.050,1.307,184.260,1.412,-0.073,-0.034,1.307,4.638172,-74.084505,0.18,3,1
1239,13963110,-0.342,-0.765,-9.843,-0.057,0.050,0.818,184.280,1.432,-0.078,-0.035,0.818,4.638172,-74.084505,0.18,3,1
1240,13973102,-0.320,-0.797,-9.886,-0.118,0.325,0.513,184.310,1.442,-0.081,-0.033,0.513,4.638172,-74.084505,0.18,3,1
1241,13983104,-0.327,-0.777,-9.912,-0.576,0.722,0.269,184.323,1.458,-0.079,-0.033,0.269,4.638172,-74.084505,0.18,3,1
1242,13993140,-0.282,-0.671,-9.960,-1.308,1.454,0.361,184.281,1.459,-0.068,-0.029,0.361,4.638172,-74.084505,0.18,3,1
1243,14003095,-0.227,-0.597,-9.941,-1.461,2.308,0.940,184.207,1.443,-0.061,-0.023,0.940,4.638172,-74.084505,0.18,3,1
1244,14013107,-0.189,-0.601,-9.862,-1.339,2.766,1.642,184.145,1.417,-0.061,-0.019,1.642,4.638172,-74.084505,0.18,3,1
1245,14023104,-0.163,-0.669,-9.838,-1.247,2.583,2.222,184.120,1.380,-0.068,-0.017,2.222,4.638172,-74.084505,0.18,3,1
1246,14033110,-0.189,-0.705,-9.799,-1.247,1.912,2.527,184.113,1.351,-0.072,-0.019,2.527,4.638172,-74.084505,0.18,3,1
1247,14043095,-0.189,-0.722,-9.811,-0.637,0.874,2.375,184.120,1.315,-0.074,-0.019,2.375,4.638172,-74.084505,0.18,3,1
1248,14053101,-0.229,-0.756,-9.816,0.157,-0.408,1.642,184.149,1.288,-0.077,-0.023,1.642,4.638172,-74.084505,0.18,3,1
1249,14063104,-0.303,-0.785,-9.845,0.767,-1.262,1.002,184.193,1.287,-0.080,-0.031,1.002,4.638172,-74.084505,0.18,3,1
1250,14073101,-0.322,-0.792,-9.929,1.072,-1.689,0.666,184.237,1.290,-0.081,-0.033,0.666,4.638172,-74.084505,0.18,3,1
1251,14083107,-0.373,-0.753,-10.035,0.950,-1.567,0.513,184.255,1.315,-0.077,-0.038,0.513,4.638172,-74.084505,0.18,3,1
1252,14093104,-0.408,-0.703,-10.018,0.858,-0.713,0.635,184.250,1.361,-0.072,-0.042,0.635,4.638172,-74.084505,0.18,3,1
1253,14103105,-0.394,-0.729,-10.023,0.706,0.325,1.063,184.255,1.407,-0.074,-0.040,1.063,4.638172,-74.084505,0.18,3,1
1254,14113111,-0.358,-0.758,-10.004,0.370,1.057,1.368,184.270,1.441,-0.077,-0.037,1.368,4.638172,-74.084505,0.18,3,1
1255,14123118,-0.342,-0.758,-9.922,0.401,1.332,1.520,184.287,1.469,-0.077,-0.035,1.520,4.638172,-74.084505,0.18,3,1
1256,14133162,-0.306,-0.780,-9.862,0.553,1.332,1.276,184.316,1.480,-0.080,-0.031,1.276,4.638172,-74.084505,0.18,3,1
1257,14143100,-0.272,-0.789,-9.835,0.553,1.027,0.757,184.347,1.472,-0.080,-0.028,0.757,4.638172,-74.084505,0.18,3,1
1258,14153110,-0.275,-0.707,-9.869,0.431,0.599,0.422,184.338,1.462,-0.072,-0.028,0.422,4.638172,-74.084505,0.18,3,1
1259,14163107,-0.268,-0.637,-9.895,0.584,0.233,0.300,184.299,1.446,-0.065,-0.027,0.300,4.638172,-74.084505,0.18,3,1
1260,14173150,-0.280,-0.637,-9.941,0.981,0.233,0.361,184.265,1.436,-0.065,-0.029,0.361,4.638172,-74.084505,0.18,3,1
1261,14183107,-0.277,-0.621,-9.910,1.133,0.508,0.788,184.229,1.428,-0.063,-0.028,0.788,4.638172,-74.084505,0.18,3,1
1262,14193117,-0.303,-0.650,-9.869,1.347,0.691,1.215,184.211,1.435,-0.066,-0.031,1.215,4.638172,-74.084505,0.18,3,1
1263,14203109,-0.275,-0.748,-9.828,1.560,0.752,1.429,184.242,1.430,-0.076,-0.028,1.429,4.638172,-74.084505,0.18,3,1
1264,14213109,-0.265,-0.811,-9.787,1.225,0.599,1.185,184.297,1.420,-0.083,-0.027,1.185,4.638172,-74.084505,0.18,3,1
1265,14223110,-0.275,-0.794,-9.771,0.981,0.264,0.910,184.339,1.412,-0.081,-0.028,0.910,4.638172,-74.084505,0.18,3,1
1266,14233108,-0.272,-0.758,-9.785,0.889,-0.102,0.635,184.359,1.400,-0.077,-0.028,0.635,4.638172,-74.084505,0.18,3,1
1267,14243094,-0.265,-0.746,-9.809,0.889,-0.102,0.452,184.372,1.386,-0.076,-0.027,0.452,4.638172,-74.084505,0.18,3,1
1268,14253098,-0.268,-0.734,-9.840,0.462,0.111,0.605,184.374,1.375,-0.075,-0.027,0.605,4.638172,-74.084505,0.18,3,1
1269,14266470,-0.249,-0.739,-9.826,-0.057,0.630,1.337,184.375,1.355,-0.075,-0.025,1.337,4.638172,-74.084505,0.18,3,1
1270,14273109,-0.249,-0.739,-9.826,-0.057,0.630,1.337,184.374,1.344,-0.075,-0.025,1.337,4.638172,-74.084505,0.18,3,1
1271,14283093,-0.265,-0.744,-9.886,-0.271,0.722,1.551,184.371,1.341,-0.076,-0.027,1.551,4.638172,-74.084505,0.18,3,1
1272,14293108,-0.265,-0.710,-9.912,-0.332,0.813,1.581,184.352,1.338,-0.072,-0.027,1.581,4.638172,-74.084505,0.18,3,1
1273,14303093,-0.272,-0.698,-9.924,0.065,0.569,1.520,184.333,1.337,-0.071,-0.028,1.520,4.638172,-74.084505,0.18,3,1
1274,14313096,-0.263,-0.710,-9.922,0.431,0.447,1.520,184.323,1.330,-0.072,-0.027,1.520,4.638172,-74.084505,0.18,3,1
1275,14323104,-0.244,-0.715,-9.927,0.614,0.233,1.490,184.319,1.313,-0.073,-0.025,1.490,4.638172,-74.084505,0.18,3,1
1276,14333106,-0.246,-0.734,-9.895,1.011,0.050,1.459,184.327,1.298,-0.075,-0.025,1.459,4.638172,-74.084505,0.18,3,1
1277,14343087,-0.275,-0.785,-9.907,1.194,0.020,1.459,184.359,1.295,-0.080,-0.028,1.459,4.638172,-74.084505,0.18,3,1
1278,14353106,-0.301,-0.792,-9.915,1.103,0.020,1.185,184.391,1.305,-0.081,-0.031,1.185,4.638172,-74.084505,0.18,3,1
1279,14363106,-0.277,-0.751,-9.922,0.950,0.020,0.971,184.400,1.303,-0.077,-0.028,0.971,4.638172,-74.084505,0.18,3,1
1280,14373106,-0.284,-0.698,-9.922,0.950,0.447,0.971,184.385,1.308,-0.071,-0.029,0.971,4.638172,-74.084505,0.18,3,1
1281,14383106,-0.272,-0.686,-9.874,1.133,0.874,1.124,184.370,1.313,-0.070,-0.028,1.124,4.638172,-74.084505,0.18,3,1
1282,14393107,-0.249,-0.734,-9.811,1.194,1.118,1.459,184.379,1.309,-0.075,-0.025,1.459,4.638172,-74.084505,0.18,3,1
1283,14403089,-0.198,-0.818,-9.737,0.950,0.966,1.887,184.426,1.282,-0.083,-0.020,1.887,4.638172,-74.084505,0.18,3,1
1284,14413106,-0.206,-0.862,-9.749,0.675,0.508,2.039,184.486,1.256,-0.088,-0.021,2.039,4.638172,-74.084505,0.18,3,1
1285,14423106,-0.222,-0.854,-9.761,0.126,-0.072,1.826,184.532,1.235,-0.087,-0.023,1.826,4.638172,-74.084505,0.18,3,1
1286,14433106,-0.253,-0.758,-9.807,-0.271,-0.621,1.551,184.526,1.223,-0.077,-0.026,1.551,4.638172,-74.084505,0.18,3,1
1287,14443086,-0.263,-0.609,-9.960,-0.210,-0.957,1.337,184.451,1.212,-0.062,-0.027,1.337,4.638172,-74.084505,0.18,3,1
1288,14453106,-0.296,-0.519,-10.056,0.279,-0.774,1.459,184.344,1.216,-0.053,-0.030,1.459,4.638172,-74.084505,0.18,3,1
1289,14463093,-0.320,-0.510,-10.023,1.408,-0.408,1.887,184.252,1.235,-0.052,-0.033,1.887,4.638172,-74.084505,0.18,3,1
1290,14473106,-0.353,-0.587,-9.953,2.323,0.050,2.344,184.212,1.272,-0.060,-0.036,2.344,4.638172,-74.084505,0.18,3,1
1291,14483106,-0.387,-0.748,-9.927,2.873,0.294,2.497,184.251,1.324,-0.076,-0.039,2.497,4.638172,-74.084505,0.18,3,1
1292,14493106,-0.408,-0.806,-9.883,2.995,0.416,1.948,184.316,1.383,-0.082,-0.042,1.948,4.638172,-74.084505,0.18,3,1
1293,14503086,-0.387,-0.859,-9.886,3.086,0.722,0.971,184.400,1.431,-0.088,-0.039,0.971,4.638172,-74.084505,0.18,3,1
1294,14513106,-0.334,-0.903,-9.876,3.025,1.301,0.086,184.496,1.457,-0.092,-0.034,0.086,4.638172,-74.084505,0.18,3,1
1295,14523104,-0.277,-0.813,-9.871,2.262,2.156,-0.097,184.539,1.464,-0.083,-0.028,-0.097,4.638172,-74.084505,0.18,3,1
1296,14533106,-0.220,-0.717,-9.871,1.133,2.797,0.544,184.525,1.451,-0.073,-0.022,0.544,4.638172,-74.084505,0.18,3,1
1297,14543086,-0.213,-0.734,-9.855,0.370,3.316,1.398,184.513,1.441,-0.075,-0.022,1.398,4.638172,-74.084505,0.18,3,1
1298,14553106,-0.158,-0.818,-9.773,-0.149,3.621,1.887,184.538,1.410,-0.083,-0.016,1.887,4.638172,-74.084505,0.18,3,1
1299,14582285,-0.132,-0.599,-9.852,0.584,0.630,2.009,184.477,1.301,-0.061,-0.013,2.009,4.638172,-74.084505,0.18,3,1
1300,14583615,-0.132,-0.599,-9.852,0.584,0.630,2.009,184.408,1.215,-0.061,-0.013,2.009,4.638172,-74.084505,0.18,3,1
1301,14584936,-0.198,-0.662,-9.910,2.049,-0.530,1.887,184.383,1.175,-0.067,-0.020,1.887,4.638172,-74.084505,0.18,3,1
1302,14593109,-0.198,-0.662,-9.910,2.049,-0.530,1.887,184.357,1.144,-0.067,-0.020,1.887,4.638172,-74.084505,0.18,3,1
1303,14603094,-0.258,-0.753,-9.963,3.483,-1.293,1.520,184.391,1.137,-0.077,-0.026,1.520,4.638172,-74.084505,0.18,3,1
1304,14613108,-0.284,-0.845,-9.929,4.460,-1.537,1.124,184.477,1.141,-0.086,-0.029,1.124,4.638172,-74.084505,0.18,3,1
1305,14623095,-0.296,-0.958,-9.903,4.398,-1.415,0.849,184.610,1.151,-0.098,-0.030,0.849,4.638172,-74.084505,0.18,3,1
1306,14633164,-0.289,-0.932,-9.893,3.422,-0.957,0.818,184.710,1.160,-0.095,-0.029,0.818,4.638172,-74.084505,0.18,3,1
1307,14643105,-0.282,-0.840,-9.912,2.415,-0.347,1.032,184.749,1.171,-0.086,-0.029,1.032,4.638172,-74.084505,0.18,3,1
1308,14653108,-0.256,-0.739,-9.915,1.621,0.233,1.307,184.729,1.173,-0.075,-0.026,1.307,4.638172,-74.084505,0.18,3,1
1309,14663095,-0.225,-0.628,-9.895,1.164,0.660,1.673,184.657,1.166,-0.064,-0.023,1.673,4.638172,-74.084505,0.18,3,1
1310,14673108,-0.187,-0.507,-9.907,1.255,0.599,1.978,184.536,1.140,-0.052,-0.019,1.978,4.638172,-74.084505,0.18,3,1
1311,14683101,-0.160,-0.421,-9.790,1.927,0.508,2.588,184.395,1.105,-0.043,-0.016,2.588,4.638172,-74.084505,0.18,3,1
1312,14693110,-0.179,-0.469,-9.658,3.178,0.355,3.138,184.302,1.081,-0.048,-0.018,3.138,4.638172,-74.084505,0.18,3,1
1313,14703124,-0.196,-0.681,-9.550,4.246,0.081,3.351,184.328,1.065,-0.069,-0.020,3.351,4.638172,-74.084505,0.18,3,1
1314,14713106,-0.237,-0.997,-9.482,4.582,-0.408,2.833,184.506,1.065,-0.102,-0.024,2.833,4.638172,-74.084505,0.18,3,1
1315,14723112,-0.282,-1.165,-9.418,4.032,-0.713,1.673,184.747,1.084,-0.119,-0.029,1.673,4.638172,-74.084505,0.18,3,1
1316,14733105,-0.280,-1.170,-9.442,2.445,-0.560,0.605,184.955,1.101,-0.119,-0.029,0.605,4.638172,-74.084505,0.18,3,1
1317,14743103,-0.241,-1.110,-9.550,0.279,0.081,0.605,185.093,1.104,-0.113,-0.025,0.605,4.638172,-74.084505,0.18,3,1
1318,14753100,-0.251,-0.977,-9.629,-1.766,0.935,1.368,185.136,1.118,-0.100,-0.026,1.368,4.638172,-74.084505,0.18,3,1
1319,14763097,-0.253,-0.852,-9.795,-3.078,1.759,2.222,185.101,1.138,-0.087,-0.026,2.222,4.638173,-74.084507,0.16,3,1
1320,14773117,-0.249,-0.773,-9.881,-3.383,2.217,2.894,185.026,1.158,-0.079,-0.025,2.894,4.638173,-74.084507,0.16,3,1
1321,14783113,-0.249,-0.739,-9.927,-2.712,2.369,3.107,184.947,1.177,-0.075,-0.025,3.107,4.638173,-74.084507,0.16,3,1
1322,14793108,-0.229,-0.809,-9.905,-1.644,2.156,3.199,184.915,1.184,-0.082,-0.023,3.199,4.638173,-74.084507,0.16,3,1
1323,14803104,-0.225,-0.862,-9.919,-0.759,1.668,3.168,184.917,1.184,-0.088,-0.023,3.168,4.638173,-74.084507,0.16,3,1
1324,14813118,-0.260,-0.932,-9.891,-0.027,0.783,2.680,184.958,1.192,-0.095,-0.027,2.680,4.638173,-74.084507,0.16,3,1
1325,14823113,-0.253,-0.951,-9.840,0.523,0.203,2.100,185.011,1.191,-0.097,-0.026,2.100,4.638173,-74.084507,0.16,3,1
1326,14833112,-0.246,-0.903,-9.843,0.584,0.111,1.887,185.039,1.186,-0.092,-0.025,1.887,4.638173,-74.084507,0.16,3,1
1327,14843121,-0.251,-0.886,-9.797,0.187,0.172,2.375,185.056,1.185,-0.090,-0.026,2.375,4.638173,-74.084507,0.16,3,1
1328,14853114,-0.301,-0.927,-9.730,-0.301,0.294,3.138,185.088,1.209,-0.095,-0.031,3.138,4.638173,-74.084507,0.16,3,1
1329,14863105,-0.332,-1.033,-9.699,-0.759,0.142,3.657,185.163,1.243,-0.105,-0.034,3.657,4.638173,-74.084507,0.16,3,1
1330,14873106,-0.353,-1.055,-9.718,-1.400,-0.041,3.229,185.234,1.283,-0.108,-0.036,3.229,4.638173,-74.084507,0.16,3,1
1331,14883100,-0.377,-0.970,-9.780,-1.644,-0.347,2.344,185.258,1.326,-0.099,-0.038,2.344,4.638173,-74.084507,0.16,3,1
1332,14893112,-0.406,-0.922,-9.869,-1.369,-0.438,1.490,185.257,1.376,-0.094,-0.041,1.490,4.638173,-74.084507,0.16,3,1
1333,14903102,-0.382,-0.917,-9.912,-1.217,-0.102,0.818,185.253,1.415,-0.094,-0.039,0.818,4.638173,-74.084507,0.16,3,1
1334,14919210,-0.330,-0.867,-9.886,-1.858,0.966,1.093,185.215,1.431,-0.088,-0.034,1.093,4.638173,-74.084507,0.16,3,1
1335,14923104,-0.330,-0.867,-9.886,-1.858,0.966,1.093,185.187,1.453,-0.088,-0.034,1.093,4.638173,-74.084507,0.16,3,1
1336,14933134,-0.342,-0.881,-9.874,-2.346,1.210,1.642,185.163,1.482,-0.090,-0.035,1.642,4.638173,-74.084507,0.16,3,1
1337,14943099,-0.284,-0.857,-9.843,-2.529,1.210,1.642,185.131,1.483,-0.087,-0.029,1.642,4.638173,-74.084507,0.16,3,1
1338,14953105,-0.253,-0.818,-9.843,-2.346,1.149,1.215,185.085,1.469,-0.083,-0.026,1.215,4.638173,-74.084507,0.16,3,1
1339,14963113,-0.218,-0.739,-9.811,-2.071,0.844,0.879,185.010,1.438,-0.075,-0.022,0.879,4.638173,-74.084507,0.16,3,1
1340,14973104,-0.201,-0.705,-9.763,-1.858,0.325,1.124,184.930,1.397,-0.072,-0.020,1.124,4.638173,-74.084507,0.16,3,1
1341,14983094,-0.227,-0.691,-9.787,-1.522,-0.316,1.551,184.852,1.365,-0.070,-0.023,1.551,4.638173,-74.084507,0.16,3,1
1342,14993110,-0.265,-0.727,-9.768,-1.125,-0.743,1.856,184.800,1.349,-0.074,-0.027,1.856,4.638173,-74.084507,0.16,3,1
1343,15003100,-0.334,-0.833,-9.739,-0.851,-0.957,1.856,184.804,1.364,-0.085,-0.034,1.856,4.638173,-74.084507,0.16,3,1
1344,15013109,-0.377,-0.941,-9.766,-0.759,-1.079,1.154,184.857,1.395,-0.096,-0.038,1.154,4.638173,-74.084507,0.16,3,1
1345,15023106,-0.394,-0.980,-9.831,-1.186,-0.743,0.239,184.915,1.434,-0.100,-0.040,0.239,4.638173,-74.084507,0.16,3,1
1346,15033106,-0.361,-0.920,-9.864,-1.919,-0.072,-0.555,184.935,1.460,-0.094,-0.037,-0.555,4.638173,-74.084507,0.16,3,1
1347,15043094,-0.315,-0.838,-9.900,-2.560,0.660,-0.860,184.909,1.470,-0.085,-0.032,-0.860,4.638173,-74.084507,0.16,3,1
1348,15053108,-0.275,-0.768,-9.936,-3.109,1.332,-0.738,184.848,1.468,-0.078,-0.028,-0.738,4.638173,-74.084507,0.16,3,1
1349,15063105,-0.227,-0.652,-9.984,-3.506,1.790,-0.097,184.735,1.448,-0.066,-0.023,-0.097,4.638173,-74.084507,0.16,3,1
1350,15073111,-0.210,-0.616,-9.967,-3.261,1.820,0.635,184.618,1.423,-0.063,-0.021,0.635,4.638173,-74.084507,0.16,3,1
1351,15083099,-0.203,-0.676,-9.953,-2.407,1.271,0.849,184.544,1.392,-0.069,-0.021,0.849,4.638173,-74.084507,0.16,3,1
1352,15093106,-0.196,-0.698,-9.912,-1.186,0.477,0.605,184.499,1.353,-0.071,-0.020,0.605,4.638173,-74.084507,0.16,3,1
1353,15103107,-0.215,-0.734,-9.874,-0.423,-0.316,0.361,184.481,1.318,-0.075,-0.022,0.361,4.638173,-74.084507,0.16,3,1
1354,15113101,-0.263,-0.744,-9.900,0.340,-1.140,0.178,184.475,1.299,-0.076,-0.027,0.178,4.638173,-74.084507,0.16,3,1
1355,15123102,-0.282,-0.777,-9.871,0.950,-1.659,0.086,184.491,1.286,-0.079,-0.029,0.086,4.638173,-74.084507,0.16,3,1
1356,15133159,-0.320,-0.845,-9.828,1.255,-1.689,-0.128,184.540,1.291,-0.086,-0.033,-0.128,4.638173,-74.084507,0.16,3,1
1357,15143114,-0.404,-0.879,-9.795,1.194,-1.323,-0.158,184.601,1.337,-0.090,-0.041,-0.158,4.638173,-74.084507,0.16,3,1
1358,15153115,-0.408,-0.985,-9.727,0.858,-0.865,-0.311,184.705,1.386,-0.100,-0.042,-0.311,4.638173,-74.084507,0.16,3,1
1359,15163099,-0.377,-1.038,-9.725,0.004,-0.377,-0.616,184.816,1.423,-0.106,-0.038,-0.616,4.638173,-74.084507,0.16,3,1
1360,15173098,-0.375,-0.987,-9.763,-1.247,0.142,-1.104,184.884,1.460,-0.101,-0.038,-1.104,4.638173,-74.084507,0.16,3,1
1361,15183099,-0.351,-0.920,-9.802,-2.285,0.660,-1.440,184.904,1.487,-0.094,-0.036,-1.440,4.638173,-74.084507,0.16,3,1
1362,15193116,-0.313,-0.852,-9.869,-2.865,0.966,-1.379,184.885,1.498,-0.087,-0.032,-1.379,4.638173,-74.084507,0.16,3,1
1363,15203109,-0.270,-0.787,-9.905,-3.200,1.057,-1.257,184.835,1.489,-0.080,-0.028,-1.257,4.638173,-74.084507,0.16,3,1
1364,15213113,-0.265,-0.719,-9.941,-3.353,1.027,-1.226,184.756,1.478,-0.073,-0.027,-1.226,4.638173,-74.084507,0.16,3,1
1365,15223090,-0.232,-0.700,-9.977,-2.834,0.691,-1.226,184.678,1.450,-0.071,-0.024,-1.226,4.638173,-74.084507,0.16,3,1
1366,15233097,-0.222,-0.671,-9.984,-2.163,-0.011,-1.257,184.600,1.413,-0.068,-0.023,-1.257,4.638173,-74.084507,0.16,3,1
1367,15243091,-0.225,-0.642,-10.037,-1.369,-0.713,-1.318,184.520,1.373,-0.065,-0.023,-1.318,4.638173,-74.084507,0.16,3,1
1368,15253105,-0.225,-0.659,-10.090,-0.576,-1.079,-1.196,184.460,1.332,-0.067,-0.023,-1.196,4.638173,-74.084507,0.16,3,1
1369,15300338,-0.227,-0.985,-9.780,0.340,-0.591,-0.860,184.623,1.200,-0.100,-0.023,-0.860,4.638173,-74.084507,0.16,3,1
1370,15301670,-0.227,-0.985,-9.780,0.340,-0.591,-0.860,184.776,1.107,-0.100,-0.023,-0.860,4.638173,-74.084507,0.16,3,1
1371,15302991,-0.227,-0.985,-9.780,0.340,-0.591,-0.860,184.910,1.049,-0.100,-0.023,-0.860,4.638173,-74.084507,0.16,3,1
1372,15304308,-0.234,-0.970,-9.847,-0.484,-0.682,-0.799,184.992,1.024,-0.099,-0.024,-0.799,4.638173,-74.084507,0.16,3,1
1373,15305629,-0.234,-0.970,-9.847,-0.484,-0.682,-0.799,185.061,1.024,-0.099,-0.024,-0.799,4.638173,-74.084507,0.16,3,1
1374,15313100,-0.234,-0.970,-9.847,-0.484,-0.682,-0.799,185.120,1.029,-0.099,-0.024,-0.799,4.638173,-74.084507,0.16,3,1
1375,15323094,-0.282,-0.830,-10.028,-0.973,-0.926,-0.952,185.079,1.055,-0.085,-0.029,-0.952,4.638173,-74.084507,0.16,3,1
1376,15333088,-0.289,-0.678,-10.184,-0.423,-0.987,-1.257,184.961,1.077,-0.069,-0.029,-1.257,4.638173,-74.084507,0.16,3,1
1377,15343102,-0.291,-0.551,-10.277,0.645,-0.713,-1.531,184.798,1.098,-0.056,-0.030,-1.531,4.638173,-74.084507,0.16,3,1
1378,15353095,-0.299,-0.476,-10.280,2.171,-0.438,-1.470,184.632,1.122,-0.049,-0.030,-1.470,4.638173,-74.084507,0.16,3,1
1379,15363095,-0.311,-0.462,-10.260,3.575,-0.102,-1.379,184.490,1.152,-0.047,-0.032,-1.379,4.638173,-74.084507,0.16,3,1
1380,15373089,-0.291,-0.488,-10.208,4.978,0.081,-1.379,184.390,1.171,-0.050,-0.030,-1.379,4.638173,-74.084507,0.16,3,1
1381,15383087,-0.301,-0.522,-10.083,6.169,0.355,-1.654,184.332,1.197,-0.053,-0.031,-1.654,4.638173,-74.084507,0.16,3,1
1382,15393089,-0.306,-0.592,-9.941,6.992,0.538,-1.867,184.324,1.226,-0.060,-0.031,-1.867,4.638173,-74.084507,0.16,3,1
1383,15403087,-0.303,-0.625,-9.828,7.145,0.508,-2.020,184.338,1.252,-0.064,-0.031,-2.020,4.638173,-74.084507,0.16,3,1
1384,15413101,-0.313,-0.691,-9.699,6.962,0.599,-2.081,184.385,1.283,-0.070,-0.032,-2.081,4.638173,-74.084507,0.16,3,1
1385,15423095,-0.325,-0.727,-9.598,6.382,0.722,-2.111,184.444,1.320,-0.074,-0.033,-2.111,4.638173,-74.084507,0.16,3,1
1386,15433104,-0.318,-0.717,-9.550,5.558,0.752,-2.111,184.488,1.350,-0.073,-0.032,-2.111,4.638173,-74.084507,0.16,3,1
1387,15443101,-0.315,-0.777,-9.485,4.917,0.844,-2.172,184.554,1.379,-0.079,-0.032,-2.172,4.638173,-74.084507,0.16,3,1
1388,15453093,-0.322,-0.758,-9.401,2.567,1.179,-2.416,184.587,1.413,-0.077,-0.033,-2.416,4.638173,-74.084507,0.16,3,1
1389,15463090,-0.339,-0.739,-9.422,1.652,1.027,-2.355,184.599,1.451,-0.075,-0.035,-2.355,4.638173,-74.084507,0.16,3,1
1390,15473089,-0.351,-0.782,-9.463,1.225,0.783,-2.355,184.625,1.488,-0.080,-0.036,-2.355,4.638173,-74.084507,0.16,3,1
1391,15483087,-0.377,-0.833,-9.509,0.797,0.508,-2.630,184.666,1.531,-0.085,-0.038,-2.630,4.638173,-74.084507,0.16,3,1
1392,15493101,-0.384,-0.917,-9.511,0.248,0.355,-3.057,184.739,1.572,-0.094,-0.039,-3.057,4.638173,-74.084507,0.16,3,1
1393,15503101,-0.377,-0.970,-9.586,-0.606,0.416,-3.546,184.819,1.605,-0.099,-0.038,-3.546,4.638173,-74.084507,0.16,3,1
1394,15513093,-0.351,-0.992,-9.672,-1.613,0.630,-4.003,184.889,1.625,-0.101,-0.036,-4.003,4.638173,-74.084507,0.16,3,1
1395,15523090,-0.318,-0.946,-9.749,-2.743,1.057,-4.370,184.920,1.630,-0.096,-0.032,-4.370,4.638173,-74.084507,0.16,3,1
1396,15533089,-0.277,-0.929,-9.785,-3.475,1.576,-4.339,184.932,1.621,-0.095,-0.028,-4.339,4.638173,-74.084507,0.16,3,1
1397,15543087,-0.227,-0.910,-9.833,-4.238,1.881,-4.095,184.925,1.593,-0.093,-0.023,-4.095,4.638173,-74.084507,0.16,3,1
1398,15553099,-0.198,-0.862,-9.869,-4.513,1.912,-3.851,184.893,1.554,-0.088,-0.020,-3.851,4.638173,-74.084507,0.16,3,1
1399,15597247,-0.122,-0.883,-10.020,-2.102,-0.286,-2.630,184.845,1.364,-0.090,-0.012,-2.630,4.638173,-74.084507,0.16,3,1
1400,15598589,-0.122,-0.883,-10.020,-2.102,-0.286,-2.630,184.816,1.208,-0.090,-0.012,-2.630,4.638173,-74.084507,0.16,3,1
1401,15599915,-0.122,-0.883,-10.020,-2.102,-0.286,-2.630,184.803,1.087,-0.090,-0.012,-2.630,4.638173,-74.084507,0.16,3,1
1402,15601234,-0.122,-0.883,-10.020,-2.102,-0.286,-2.630,184.803,1.001,-0.090,-0.012,-2.630,4.638173,-74.084507,0.16,3,1
1403,15603090,-0.167,-0.929,-10.068,-1.217,-0.652,-2.600,184.845,0.968,-0.095,-0.017,-2.600,4.638173,-74.084507,0.16,3,1
1404,15613107,-0.208,-1.038,-10.088,-0.454,-0.774,-2.966,184.947,0.959,-0.106,-0.021,-2.966,4.638173,-74.084507,0.16,3,1
1405,15623103,-0.175,-1.067,-10.112,-0.118,-0.530,-3.454,185.053,0.935,-0.109,-0.018,-3.454,4.638173,-74.084507,0.16,3,1
1406,15633147,-0.165,-1.028,-10.085,-0.332,-0.041,-3.485,185.125,0.912,-0.105,-0.017,-3.485,4.638173,-74.084507,0.16,3,1
1407,15643102,-0.153,-0.946,-10.044,-0.576,0.508,-2.996,185.148,0.891,-0.096,-0.016,-2.996,4.638173,-74.084507,0.16,3,1
1408,15653097,-0.125,-0.898,-10.071,-0.637,0.844,-2.111,185.143,0.860,-0.092,-0.013,-2.111,4.638173,-74.084507,0.16,3,1
1409,15663096,-0.125,-0.874,-10.030,-0.393,1.271,-1.562,185.130,0.836,-0.089,-0.013,-1.562,4.638173,-74.084507,0.16,3,1
1410,15673091,-0.110,-0.895,-9.965,0.096,1.240,-1.409,185.137,0.808,-0.091,-0.011,-1.409,4.638173,-74.084507,0.16,3,1
1411,15683107,-0.079,-0.881,-9.893,0.645,0.844,-1.623,185.144,0.764,-0.090,-0.008,-1.623,4.638173,-74.084507,0.16,3,1
1412,15693107,-0.065,-0.874,-9.833,1.072,0.447,-1.745,185.154,0.714,-0.089,-0.007,-1.745,4.638173,-74.084507,0.16,3,1
1413,15703114,-0.058,-0.835,-9.840,1.408,0.020,-1.806,185.147,0.661,-0.085,-0.006,-1.806,4.638173,-74.084507,0.16,3,1
1414,15713106,-0.060,-0.828,-9.821,1.316,-0.011,-1.623,185.138,0.613,-0.084,-0.006,-1.623,4.638173,-74.084507,0.16,3,1
1415,15723110,-0.070,-0.801,-9.809,1.133,0.203,-1.196,185.116,0.576,-0.082,-0.007,-1.196,4.638173,-74.084507,0.16,3,1
1416,15733116,-0.079,-0.804,-9.838,0.919,0.416,-0.830,185.095,0.548,-0.082,-0.008,-0.830,4.638173,-74.084507,0.16,3,1
1417,15743109,-0.074,-0.804,-9.787,0.584,0.722,-0.524,185.074,0.523,-0.082,-0.008,-0.524,4.638173,-74.084507,0.16,3,1
1418,15753114,-0.060,-0.780,-9.754,0.370,0.935,-0.189,185.043,0.496,-0.080,-0.006,-0.189,4.638173,-74.084507,0.16,3,1
1419,15763096,-0.053,-0.760,-9.747,0.034,0.966,0.178,185.002,0.468,-0.078,-0.005,0.178,4.638168,-74.084508,0.13,3,1
1420,15773121,-0.055,-0.748,-9.727,-0.149,0.844,0.452,184.959,0.442,-0.076,-0.006,0.452,4.638168,-74.084508,0.13,3,1
1421,15783103,-0.046,-0.746,-9.723,-0.149,0.416,0.666,184.918,0.410,-0.076,-0.005,0.666,4.638168,-74.084508,0.13,3,1
1422,15793102,-0.070,-0.700,-9.742,-0.454,-0.133,0.910,184.856,0.386,-0.071,-0.007,0.910,4.638168,-74.084508,0.13,3,1
1423,15803117,-0.125,-0.654,-9.797,-0.393,-0.621,1.337,184.777,0.384,-0.067,-0.013,1.337,4.638168,-74.084508,0.13,3,1
1424,15813112,-0.177,-0.753,-9.821,0.004,-1.079,1.581,184.752,0.401,-0.077,-0.018,1.581,4.638168,-74.084508,0.13,3,1
1425,15823098,-0.229,-0.850,-9.804,0.248,-1.232,1.398,184.775,0.440,-0.087,-0.023,1.398,4.638168,-74.084508,0.13,3,1
1426,15833104,-0.294,-0.847,-9.833,0.126,-1.171,1.093,184.792,0.504,-0.086,-0.030,1.093,4.638168,-74.084508,0.13,3,1
1427,15843110,-0.313,-0.903,-9.840,0.065,-0.957,0.818,184.833,0.574,-0.092,-0.032,0.818,4.638168,-74.084508,0.13,3,1
1428,15853121,-0.346,-0.963,-9.852,-0.210,-0.499,0.452,184.893,0.657,-0.098,-0.035,0.452,4.638168,-74.084508,0.13,3,1
1429,15863107,-0.342,-0.944,-9.893,-0.606,-0.194,-0.036,184.936,0.734,-0.096,-0.035,-0.036,4.638168,-74.084508,0.13,3,1
1430,15873104,-0.308,-0.874,-9.869,-1.034,0.203,-0.280,184.941,0.794,-0.089,-0.031,-0.280,4.638168,-74.084508,0.13,3,1
1431,15883104,-0.277,-0.845,-9.850,-1.247,0.538,-0.494,184.931,0.839,-0.086,-0.028,-0.494,4.638168,-74.084508,0.13,3,1
1432,15893111,-0.246,-0.838,-9.859,-0.942,0.691,-0.616,184.922,0.868,-0.085,-0.025,-0.616,4.638168,-74.084508,0.13,3,1
1433,15903101,-0.251,-0.850,-9.845,-0.881,0.905,-0.616,184.920,0.900,-0.087,-0.026,-0.616,4.638168,-74.084508,0.13,3,1
1434,15916826,-0.234,-0.871,-9.795,-0.820,0.813,-0.555,184.929,0.916,-0.089,-0.024,-0.555,4.638168,-74.084508,0.13,3,1
1435,15923104,-0.210,-0.900,-9.756,-0.820,0.722,-0.585,184.953,0.925,-0.092,-0.021,-0.585,4.638168,-74.084508,0.13,3,1
1436,15933115,-0.187,-0.927,-9.771,-1.156,0.752,-0.616,184.984,0.923,-0.095,-0.019,-0.616,4.638168,-74.084508,0.13,3,1
1437,15943102,-0.160,-0.874,-9.718,-1.888,0.691,-0.585,184.984,0.909,-0.089,-0.016,-0.585,4.638168,-74.084508,0.13,3,1
1438,15953114,-0.134,-0.782,-9.787,-2.285,0.508,-0.402,184.936,0.882,-0.080,-0.014,-0.402,4.638168,-74.084508,0.13,3,1
1439,15963098,-0.158,-0.710,-9.855,-2.315,0.111,0.178,184.856,0.863,-0.072,-0.016,0.178,4.638168,-74.084508,0.13,3,1
1440,15973101,-0.194,-0.746,-9.895,-1.888,-0.133,0.544,184.801,0.860,-0.076,-0.020,0.544,4.638168,-74.084508,0.13,3,1
1441,15983115,-0.244,-0.818,-9.912,-1.217,-0.438,0.544,184.789,0.876,-0.083,-0.025,0.544,4.638168,-74.084508,0.13,3,1
1442,15993111,-0.241,-0.900,-9.919,-0.728,-0.621,0.208,184.818,0.887,-0.092,-0.025,0.208,4.638168,-74.084508,0.13,3,1
1443,16003092,-0.256,-0.961,-9.905,-0.820,-0.804,-0.433,184.871,0.903,-0.098,-0.026,-0.433,4.638168,-74.084508,0.13,3,1
1444,16013098,-0.256,-0.891,-9.960,-1.217,-0.896,-1.013,184.883,0.916,-0.091,-0.026,-1.013,4.638168,-74.084508,0.13,3,1
1445,16023119,-0.249,-0.748,-10.047,-1.308,-0.804,-1.043,184.828,0.925,-0.076,-0.025,-1.043,4.638168,-74.084508,0.13,3,1
1446,16033111,-0.258,-0.712,-10.090,-0.942,-0.316,-0.768,184.764,0.941,-0.073,-0.026,-0.768,4.638168,-74.084508,0.13,3,1
1447,16043101,-0.258,-0.683,-10.054,-0.484,0.416,-0.402,184.697,0.964,-0.070,-0.026,-0.402,4.638168,-74.084508,0.13,3,1
1448,16053103,-0.227,-0.715,-9.946,-0.179,1.118,0.147,184.655,0.978,-0.073,-0.023,0.147,4.638168,-74.084508,0.13,3,1
1449,16063112,-0.213,-0.821,-9.850,0.157,1.210,0.483,184.670,0.987,-0.084,-0.022,0.483,4.638168,-74.084508,0.13,3,1
1450,16073105,-0.191,-0.905,-9.756,0.279,0.874,0.452,184.726,0.984,-0.092,-0.020,0.452,4.638168,-74.084508,0.13,3,1
1451,16083108,-0.191,-0.900,-9.715,0.248,0.264,0.178,184.777,0.975,-0.092,-0.020,0.178,4.638168,-74.084508,0.13,3,1
1452,16093108,-0.196,-0.869,-9.723,0.187,-0.377,-0.250,184.809,0.963,-0.089,-0.020,-0.250,4.638168,-74.084508,0.13,3,1
1453,16103106,-0.234,-0.886,-9.766,0.401,-1.110,-0.433,184.846,0.962,-0.090,-0.024,-0.433,4.638168,-74.084508,0.13,3,1
1454,16113114,-0.263,-0.905,-9.816,0.431,-1.232,-0.707,184.888,0.972,-0.092,-0.027,-0.707,4.638168,-74.084508,0.13,3,1
1455,16123101,-0.287,-0.840,-9.867,0.096,-1.171,-0.799,184.892,0.992,-0.086,-0.029,-0.799,4.638168,-74.084508,0.13,3,1
1456,16133119,-0.289,-0.826,-9.919,-0.210,-0.987,-0.830,184.885,1.013,-0.084,-0.029,-0.830,4.638168,-74.084508,0.13,3,1
1457,16143102,-0.277,-0.799,-9.951,-0.149,-0.713,-0.860,184.866,1.029,-0.081,-0.028,-0.860,4.638168,-74.084508,0.13,3,1
1458,16153103,-0.289,-0.816,-9.943,-0.027,-0.347,-0.952,184.857,1.052,-0.083,-0.029,-0.952,4.638168,-74.084508,0.13,3,1
1459,16163110,-0.232,-0.813,-9.886,0.004,0.050,-1.043,184.851,1.053,-0.083,-0.024,-1.043,4.638168,-74.084508,0.13,3,1
1460,16173115,-0.196,-0.811,-9.840,-0.301,0.264,-1.257,184.842,1.040,-0.083,-0.020,-1.257,4.638168,-74.084508,0.13,3,1
1461,16183098,-0.172,-0.768,-9.816,-0.820,0.355,-1.226,184.811,1.019,-0.078,-0.018,-1.226,4.638168,-74.084508,0.13,3,1
1462,16193112,-0.160,-0.712,-9.816,-0.942,0.294,-0.921,184.757,0.993,-0.073,-0.016,-0.921,4.638168,-74.084508,0.13,3,1
1463,16203101,-0.170,-0.715,-9.874,-0.851,0.020,-0.799,184.707,0.971,-0.073,-0.017,-0.799,4.638168,-74.084508,0.13,3,1
1464,16213119,-0.160,-0.712,-9.910,-0.393,-0.194,-0.921,184.662,0.944,-0.073,-0.016,-0.921,4.638168,-74.084508,0.13,3,1
1465,16223094,-0.165,-0.732,-9.871,0.034,-0.377,-0.860,184.635,0.920,-0.075,-0.017,-0.860,4.638168,-74.084508,0.13,3,1
1466,16233092,-0.179,-0.753,-9.802,0.431,-0.560,-0.585,184.625,0.903,-0.077,-0.018,-0.585,4.638168,-74.084508,0.13,3,1
1467,16243093,-0.201,-0.821,-9.783,0.462,-0.774,-0.250,184.648,0.894,-0.084,-0.020,-0.250,4.638168,-74.084508,0.13,3,1
1468,16256480,-0.237,-0.912,-9.754,0.431,-1.048,-0.097,184.714,0.891,-0.093,-0.024,-0.097,4.638168,-74.084508,0.13,3,1
1469,16263098,-0.260,-0.905,-9.771,0.370,-1.201,-0.341,184.768,0.908,-0.092,-0.027,-0.341,4.638168,-74.084508,0.13,3,1
1470,16273099,-0.315,-0.905,-9.795,0.126,-1.079,-0.707,184.814,0.948,-0.092,-0.032,-0.707,4.638168,-74.084508,0.13,3,1
1471,16283102,-0.334,-0.961,-9.843,-0.240,-0.713,-1.013,184.875,0.997,-0.098,-0.034,-1.013,4.638168,-74.084508,0.13,3,1
1472,16293101,-0.315,-0.963,-9.859,-0.728,-0.286,-1.287,184.928,1.037,-0.098,-0.032,-1.287,4.638168,-74.084508,0.13,3,1
1473,16303107,-0.275,-0.883,-9.910,-1.308,0.386,-1.715,184.934,1.061,-0.090,-0.028,-1.715,4.638168,-74.084508,0.13,3,1
1474,16313110,-0.237,-0.801,-9.905,-1.613,1.118,-1.623,184.900,1.074,-0.082,-0.024,-1.623,4.638168,-74.084508,0.13,3,1
1475,16323095,-0.208,-0.785,-9.895,-1.766,1.546,-1.196,184.861,1.076,-0.080,-0.021,-1.196,4.638168,-74.084508,0.13,3,1
1476,16333099,-0.187,-0.744,-9.886,-1.797,1.546,-0.891,184.806,1.069,-0.076,-0.019,-0.891,4.638168,-74.084508,0.13,3,1
1477,16343102,-0.167,-0.703,-9.847,-1.705,1.240,-0.524,184.739,1.052,-0.072,-0.017,-0.524,4.638168,-74.084508,0.13,3,1
1478,16353102,-0.158,-0.707,-9.852,-1.095,0.813,-0.585,184.685,1.027,-0.072,-0.016,-0.585,4.638168,-74.084508,0.13,3,1
1479,16363107,-0.125,-0.760,-9.795,-0.515,0.233,-0.799,184.667,0.985,-0.078,-0.013,-0.799,4.638168,-74.084508,0.13,3,1
1480,16373110,-0.141,-0.775,-9.739,-0.545,-0.255,-0.738,184.658,0.949,-0.079,-0.014,-0.738,4.638168,-74.084508,0.13,3,1
1481,16383095,-0.163,-0.734,-9.756,-0.851,-0.560,-0.311,184.627,0.923,-0.075,-0.017,-0.311,4.638168,-74.084508,0.13,3,1
1482,16393098,-0.175,-0.739,-9.785,-0.942,-0.804,0.178,184.600,0.901,-0.075,-0.018,0.178,4.638168,-74.084508,0.13,3,1
1483,16403098,-0.213,-0.782,-9.792,-1.003,-0.774,0.361,184.593,0.899,-0.080,-0.022,0.361,4.638168,-74.084508,0.13,3,1
1484,16413099,-0.239,-0.797,-9.795,-1.064,-0.469,0.361,184.592,0.911,-0.081,-0.024,0.361,4.638168,-74.084508,0.13,3,1
1485,16423102,-0.239,-0.852,-9.739,-1.156,-0.255,0.300,184.618,0.925,-0.087,-0.024,0.300,4.638168,-74.084508,0.13,3,1
1486,16433101,-0.196,-0.828,-9.670,-1.766,-0.133,0.086,184.627,0.920,-0.084,-0.020,0.086,4.638168,-74.084508,0.13,3,1
1487,16443102,-0.170,-0.813,-9.662,-2.529,0.050,0.147,184.623,0.906,-0.083,-0.017,0.147,4.638168,-74.084508,0.13,3,1
1488,16453101,-0.153,-0.765,-9.679,-2.926,-0.072,0.330,184.593,0.883,-0.078,-0.016,0.330,4.638168,-74.084508,0.13,3,1
1489,16463107,-0.175,-0.773,-9.713,-3.139,-0.469,0.574,184.566,0.869,-0.079,-0.018,0.574,4.638168,-74.084508,0.13,3,1
1490,16473110,-0.182,-0.821,-9.723,-3.383,-0.835,0.635,184.559,0.855,-0.084,-0.019,0.635,4.638168,-74.084508,0.13,3,1
1491,16483095,-0.194,-0.874,-9.778,-3.628,-1.110,0.269,184.572,0.844,-0.089,-0.020,0.269,4.638168,-74.084508,0.13,3,1
1492,16493101,-0.196,-0.862,-9.845,-3.872,-1.293,-0.158,184.575,0.833,-0.088,-0.020,-0.158,4.638168,-74.084508,0.13,3,1
1493,16503107,-0.208,-0.828,-9.900,-4.391,-1.354,-0.311,184.555,0.828,-0.084,-0.021,-0.311,4.638168,-74.084508,0.13,3,1
1494,16513110,-0.203,-0.758,-10.054,-4.604,-1.079,-0.402,184.499,0.821,-0.077,-0.021,-0.402,4.638168,-74.084508,0.13,3,1
1495,16523098,-0.189,-0.621,-10.100,-4.665,-0.530,-0.158,184.385,0.814,-0.063,-0.019,-0.158,4.638168,-74.084508,0.13,3,1
1496,16533098,-0.156,-0.548,-10.052,-4.360,-0.011,0.422,184.253,0.798,-0.056,-0.016,0.422,4.638168,-74.084508,0.13,3,1
1497,16543102,-0.110,-0.618,-10.006,-3.689,0.203,1.215,184.169,0.766,-0.063,-0.011,1.215,4.638168,-74.084508,0.13,3,1
1498,16553101,-0.115,-0.654,-9.970,-3.048,-0.041,1.673,184.114,0.736,-0.067,-0.012,1.673,4.638168,-74.084508,0.13,3,1
1499,16583260,-0.225,-0.895,-9.883,-1.247,-0.530,1.093,184.187,0.707,-0.091,-0.023,1.093,4.638168,-74.084508,0.13,3,1
1500,16584589,-0.225,-0.895,-9.883,-1.247,-0.530,1.093,184.264,0.706,-0.091,-0.023,1.093,4.638168,-74.084508,0.13,3,1
1501,16585914,-0.225,-0.895,-9.883,-1.247,-0.530,1.093,184.338,0.727,-0.091,-0.023,1.093,4.638168,-74.084508,0.13,3,1
1502,16593104,-0.237,-0.797,-9.915,-1.858,-0.774,0.696,184.349,0.755,-0.081,-0.024,0.696,4.638168,-74.084508,0.13,3,1
1503,16603088,-0.246,-0.654,-9.977,-2.224,-0.896,0.788,184.282,0.783,-0.067,-0.025,0.788,4.638168,-74.084508,0.13,3,1
1504,16613090,-0.265,-0.613,-10.052,-1.888,-0.591,1.093,184.202,0.819,-0.063,-0.027,1.093,4.638168,-74.084508,0.13,3,1
1505,16623094,-0.282,-0.553,-10.073,-1.125,-0.163,1.154,184.108,0.862,-0.056,-0.029,1.154,4.638168,-74.084508,0.13,3,1
1506,16633153,-0.256,-0.563,-10.025,-0.576,0.203,1.246,184.034,0.892,-0.057,-0.026,1.246,4.638168,-74.084508,0.13,3,1
1507,16643089,-0.253,-0.580,-9.958,0.004,0.203,1.368,183.981,0.919,-0.059,-0.026,1.368,4.638168,-74.084508,0.13,3,1
1508,16653092,-0.232,-0.635,-9.891,0.248,0.020,1.429,183.963,0.933,-0.065,-0.024,1.429,4.638168,-74.084508,0.13,3,1
1509,16663093,-0.241,-0.630,-9.893,0.248,-0.255,1.124,183.945,0.947,-0.064,-0.025,1.124,4.638168,-74.084508,0.13,3,1
1510,16673094,-0.227,-0.563,-9.905,0.370,-0.347,0.879,183.898,0.952,-0.057,-0.023,0.879,4.638168,-74.084508,0.13,3,1
1511,16683105,-0.225,-0.553,-9.903,0.431,-0.530,0.727,183.851,0.953,-0.056,-0.023,0.727,4.638168,-74.084508,0.13,3,1
1512,16693103,-0.239,-0.546,-9.898,0.462,-0.499,0.757,183.805,0.962,-0.056,-0.024,0.757,4.638168,-74.084508,0.13,3,1
1513,16703104,-0.246,-0.500,-9.859,0.309,-0.377,0.818,183.742,0.974,-0.051,-0.025,0.818,4.638168,-74.084508,0.13,3,1
1514,16713097,-0.234,-0.490,-9.821,0.401,-0.286,1.154,183.681,0.981,-0.050,-0.024,1.154,4.638168,-74.084508,0.13,3,1
1515,16723103,-0.260,-0.500,-9.835,0.889,-0.377,1.398,183.634,0.999,-0.051,-0.027,1.398,4.638168,-74.084508,0.13,3,1
1516,16733118,-0.275,-0.575,-9.756,1.133,-0.774,1.246,183.628,1.018,-0.059,-0.028,1.246,4.638168,-74.084508,0.13,3,1
1517,16743117,-0.260,-0.633,-9.735,1.133,-1.018,0.727,183.650,1.028,-0.065,-0.027,0.727,4.638168,-74.084508,0.13,3,1
1518,16753122,-0.246,-0.582,-9.747,1.164,-1.110,0.300,183.648,1.029,-0.059,-0.025,0.300,4.638168,-74.084508,0.13,3,1
1519,16763090,-0.256,-0.570,-9.725,0.675,-1.048,0.239,183.636,1.035,-0.058,-0.026,0.239,4.638163,-74.084512,0.15,3,1
1520,16773113,-0.258,-0.628,-9.708,0.126,-0.865,0.483,183.646,1.044,-0.064,-0.026,0.483,4.638163,-74.084512,0.15,3,1
1521,16783091,-0.246,-0.710,-9.744,-0.576,-0.530,0.574,183.686,1.049,-0.072,-0.025,0.574,4.638163,-74.084512,0.15,3,1
1522,16793111,-0.277,-0.705,-9.739,-1.278,-0.316,0.330,183.714,1.070,-0.072,-0.028,0.330,4.638163,-74.084512,0.15,3,1
1523,16803102,-0.260,-0.652,-9.823,-1.736,0.020,0.025,183.709,1.084,-0.066,-0.027,0.025,4.638163,-74.084512,0.15,3,1
1524,16813109,-0.215,-0.594,-9.845,-1.949,0.355,0.025,183.675,1.079,-0.061,-0.022,0.025,4.638163,-74.084512,0.15,3,1
1525,16823111,-0.194,-0.589,-9.835,-2.071,0.233,0.330,183.642,1.064,-0.060,-0.020,0.330,4.638163,-74.084512,0.15,3,1
1526,16833101,-0.184,-0.587,-9.843,-1.888,0.020,0.483,183.611,1.044,-0.060,-0.019,0.483,4.638163,-74.084512,0.15,3,1
1527,16843099,-0.208,-0.582,-9.881,-1.675,-0.286,0.605,183.582,1.033,-0.059,-0.021,0.605,4.638163,-74.084512,0.15,3,1
1528,16853111,-0.229,-0.611,-9.929,-1.369,-0.377,0.605,183.569,1.031,-0.062,-0.023,0.605,4.638163,-74.084512,0.15,3,1
1529,16863112,-0.237,-0.642,-9.977,-1.003,-0.499,0.361,183.573,1.031,-0.065,-0.024,0.361,4.638163,-74.084512,0.15,3,1
1530,16873099,-0.225,-0.587,-9.980,-0.881,-0.316,0.208,183.554,1.027,-0.060,-0.023,0.208,4.638163,-74.084512,0.15,3,1
1531,16883107,-0.234,-0.563,-9.963,-0.637,-0.102,0.452,183.528,1.030,-0.057,-0.024,0.452,4.638163,-74.084512,0.15,3,1
1532,16893102,-0.213,-0.657,-9.955,-0.454,0.020,0.940,183.547,1.024,-0.067,-0.022,0.940,4.638163,-74.084512,0.15,3,1
1533,16903108,-0.229,-0.691,-9.967,-0.454,0.203,1.093,183.579,1.028,-0.070,-0.023,1.093,4.638163,-74.084512,0.15,3,1
1534,16916784,-0.258,-0.676,-9.948,-0.637,0.416,0.849,183.602,1.041,-0.069,-0.026,0.849,4.638163,-74.084512,0.15,3,1
1535,16923101,-0.239,-0.594,-9.987,-0.484,0.538,0.605,183.586,1.051,-0.061,-0.024,0.605,4.638163,-74.084512,0.15,3,1
1536,16933114,-0.170,-0.560,-9.970,-0.179,0.874,0.452,183.561,1.033,-0.057,-0.017,0.452,4.638163,-74.084512,0.15,3,1
1537,16943107,-0.120,-0.515,-9.888,0.004,1.027,0.666,183.520,0.995,-0.052,-0.012,0.666,4.638163,-74.084512,0.15,3,1
1538,16953102,-0.117,-0.524,-9.840,0.187,0.813,1.398,183.490,0.958,-0.053,-0.012,1.398,4.638163,-74.084512,0.15,3,1
1539,16963103,-0.117,-0.589,-9.785,0.279,0.294,2.100,183.493,0.919,-0.060,-0.012,2.100,4.638163,-74.084512,0.15,3,1
1540,16973102,-0.163,-0.647,-9.759,0.279,-0.408,2.253,183.524,0.898,-0.066,-0.017,2.253,4.638163,-74.084512,0.15,3,1
1541,16983119,-0.194,-0.707,-9.811,0.340,-1.048,1.673,183.578,0.885,-0.072,-0.020,1.673,4.638163,-74.084512,0.15,3,1
1542,16993109,-0.232,-0.736,-9.874,0.370,-1.262,0.757,183.639,0.888,-0.075,-0.024,0.757,4.638163,-74.084512,0.15,3,1
1543,17003093,-0.234,-0.659,-9.946,-0.088,-1.018,0.361,183.654,0.894,-0.067,-0.024,0.361,4.638163,-74.084512,0.15,3,1
1544,17013109,-0.265,-0.527,-10.078,-0.606,-0.286,0.544,183.602,0.918,-0.054,-0.027,0.544,4.638163,-74.084512,0.15,3,1
1545,17023118,-0.249,-0.440,-10.100,-0.820,0.844,1.398,183.514,0.943,-0.045,-0.025,1.398,4.638163,-74.084512,0.15,3,1
1546,17033105,-0.260,-0.394,-10.059,-0.820,1.881,2.436,183.413,0.981,-0.040,-0.027,2.436,4.638163,-74.084512,0.15,3,1
1547,17043110,-0.272,-0.522,-9.963,0.157,2.492,2.833,183.387,1.028,-0.053,-0.028,2.833,4.638163,-74.084512,0.15,3,1
1548,17053096,-0.189,-0.669,-9.797,0.736,2.797,2.497,183.438,1.040,-0.068,-0.019,2.497,4.638163,-74.084512,0.15,3,1
1549,17063110,-0.167,-0.674,-9.672,0.919,2.003,1.948,183.493,1.034,-0.069,-0.017,1.948,4.638163,-74.084512,0.15,3,1
1550,17073100,-0.153,-0.698,-9.619,1.164,0.935,1.490,183.559,1.013,-0.071,-0.016,1.490,4.638163,-74.084512,0.15,3,1
1551,17083104,-0.179,-0.770,-9.665,0.919,0.050,1.459,183.648,0.996,-0.079,-0.018,1.459,4.638163,-74.084512,0.15,3,1
1552,17093103,-0.220,-0.751,-9.768,0.279,-0.408,1.398,183.712,0.994,-0.077,-0.022,1.398,4.638163,-74.084512,0.15,3,1
1553,17103122,-0.256,-0.681,-9.871,-0.301,-0.499,1.276,183.732,1.007,-0.069,-0.026,1.276,4.638163,-74.084512,0.15,3,1
1554,17113104,-0.265,-0.623,-9.967,-0.240,-0.041,1.246,183.723,1.025,-0.064,-0.027,1.246,4.638163,-74.084512,0.15,3,1
1555,17123111,-0.258,-0.611,-10.025,-0.210,0.813,1.246,183.707,1.047,-0.062,-0.026,1.246,4.638163,-74.084512,0.15,3,1
1556,17133105,-0.232,-0.609,-10.047,-0.027,1.790,1.307,183.693,1.064,-0.062,-0.024,1.307,4.638163,-74.084512,0.15,3,1
1557,17143115,-0.208,-0.606,-10.011,0.096,2.553,1.551,183.681,1.077,-0.062,-0.021,1.551,4.638163,-74.084512,0.15,3,1
1558,17153113,-0.184,-0.681,-10.025,0.187,2.644,1.826,183.703,1.079,-0.069,-0.019,1.826,4.638163,-74.084512,0.15,3,1
1559,17163120,-0.165,-0.628,-10.056,0.065,2.675,1.826,183.698,1.072,-0.064,-0.017,1.826,4.638163,-74.084512,0.15,3,1
1560,17173106,-0.163,-0.515,-10.080,0.553,2.644,1.826,183.648,1.065,-0.052,-0.017,1.826,4.638163,-74.084512,0.15,3,1
1561,17183111,-0.136,-0.512,-10.052,1.194,2.614,2.375,183.608,1.047,-0.052,-0.014,2.375,4.638163,-74.084512,0.15,3,1
1562,17193106,-0.136,-0.625,-10.001,1.591,2.339,2.924,183.625,1.028,-0.064,-0.014,2.924,4.638163,-74.084512,0.15,3,1
1563,17203118,-0.139,-0.592,-10.001,2.415,2.064,2.649,183.633,1.009,-0.060,-0.014,2.649,4.638163,-74.084512,0.15,3,1
1564,17213112,-0.117,-0.568,-9.951,2.934,1.546,2.497,183.637,0.977,-0.058,-0.012,2.497,4.638163,-74.084512,0.15,3,1
1565,17223100,-0.115,-0.618,-9.912,3.910,0.783,2.375,183.672,0.940,-0.063,-0.012,2.375,4.638163,-74.084512,0.15,3,1
1566,17233092,-0.120,-0.628,-9.876,4.612,0.142,2.405,183.716,0.902,-0.064,-0.012,2.405,4.638163,-74.084512,0.15,3,1
1567,17243089,-0.170,-0.703,-9.833,4.704,-0.530,2.497,183.793,0.883,-0.072,-0.017,2.497,4.638163,-74.084512,0.15,3,1
1568,17253100,-0.227,-0.758,-9.802,4.643,-0.987,2.344,183.888,0.887,-0.077,-0.023,2.344,4.638163,-74.084512,0.15,3,1
1569,17266427,-0.270,-0.816,-9.804,4.582,-1.140,1.887,184.018,0.900,-0.083,-0.028,1.887,4.638163,-74.084512,0.15,3,1
1570,17273088,-0.318,-0.797,-9.912,4.063,-0.926,1.368,184.105,0.944,-0.081,-0.032,1.368,4.638163,-74.084512,0.15,3,1
1571,17283087,-0.337,-0.722,-9.992,3.575,-0.194,0.910,184.145,0.998,-0.074,-0.034,0.910,4.638163,-74.084512,0.15,3,1
1572,17293100,-0.315,-0.618,-9.980,3.391,0.813,0.696,184.134,1.048,-0.063,-0.032,0.696,4.638163,-74.084512,0.15,3,1
1573,17303094,-0.289,-0.568,-9.984,3.330,1.973,0.940,184.101,1.093,-0.058,-0.029,0.940,4.638163,-74.084512,0.15,3,1
1574,17313108,-0.213,-0.519,-9.975,3.208,3.041,1.490,184.049,1.111,-0.053,-0.022,1.490,4.638163,-74.084512,0.15,3,1
1575,17323104,-0.139,-0.481,-9.900,3.117,3.987,2.100,183.984,1.104,-0.049,-0.014,2.100,4.638163,-74.084512,0.15,3,1
1576,17333093,-0.096,-0.476,-9.840,3.361,4.567,2.833,183.926,1.084,-0.049,-0.010,2.833,4.638163,-74.084512,0.15,3,1
1577,17343087,-0.063,-0.490,-9.761,3.636,4.933,3.840,183.883,1.054,-0.050,-0.006,3.840,4.638163,-74.084512,0.15,3,1
1578,17353100,-0.024,-0.534,-9.708,3.666,4.780,4.633,183.864,1.008,-0.054,-0.002,4.633,4.638163,-74.084512,0.15,3,1
1579,17363090,-0.008,-0.647,-9.492,3.330,3.956,5.457,183.902,0.950,-0.066,-0.001,5.457,4.638163,-74.084512,0.15,3,1
1580,17373105,-0.022,-0.821,-9.494,3.086,2.522,5.762,184.015,0.890,-0.084,-0.002,5.762,4.638163,-74.084512,0.15,3,1
1581,17383096,-0.110,-0.862,-9.478,2.873,1.118,5.274,184.136,0.863,-0.088,-0.011,5.274,4.638163,-74.084512,0.15,3,1
1582,17393088,-0.151,-0.924,-9.550,2.232,-0.041,4.755,184.268,0.845,-0.094,-0.015,4.755,4.638163,-74.084512,0.15,3,1
1583,17403105,-0.258,-0.908,-9.665,1.866,-0.835,3.901,184.374,0.869,-0.093,-0.026,3.901,4.638163,-74.084512,0.15,3,1
1584,17413093,-0.313,-0.842,-9.756,1.377,-0.926,3.321,184.434,0.914,-0.086,-0.032,3.321,4.638163,-74.084512,0.15,3,1
1585,17423087,-0.320,-0.835,-9.802,1.011,-0.438,3.046,184.481,0.962,-0.085,-0.033,3.046,4.638163,-74.084512,0.15,3,1
1586,17433095,-0.311,-0.845,-9.807,0.675,0.294,3.199,184.526,1.010,-0.086,-0.032,3.199,4.638163,-74.084512,0.15,3,1
1587,17443088,-0.272,-0.850,-9.773,0.187,1.057,3.351,184.566,1.044,-0.087,-0.028,3.351,4.638163,-74.084512,0.15,3,1
1588,17453100,-0.232,-0.838,-9.732,-0.179,1.484,3.657,184.596,1.061,-0.085,-0.024,3.657,4.638163,-74.084512,0.15,3,1
1589,17463094,-0.241,-0.939,-9.696,-0.545,1.423,3.870,184.667,1.082,-0.096,-0.025,3.870,4.638163,-74.084512,0.15,3,1
1590,17473108,-0.263,-1.014,-9.711,-0.789,1.057,3.565,184.763,1.107,-0.103,-0.027,3.565,4.638163,-74.084512,0.15,3,1
1591,17483103,-0.294,-1.043,-9.761,-1.156,0.599,2.741,184.859,1.139,-0.106,-0.030,2.741,4.638163,-74.084512,0.15,3,1
1592,17493090,-0.299,-1.043,-9.864,-1.644,0.447,1.764,184.939,1.168,-0.106,-0.030,1.764,4.638163,-74.084512,0.15,3,1
1593,17503105,-0.263,-0.951,-10.006,-2.132,0.722,0.879,184.961,1.179,-0.097,-0.027,0.879,4.638163,-74.084512,0.15,3,1
1594,17513096,-0.232,-0.782,-10.131,-2.437,1.240,0.391,184.902,1.181,-0.080,-0.024,0.391,4.638163,-74.084512,0.15,3,1
1595,17523091,-0.170,-0.611,-10.227,-2.163,2.003,0.544,184.773,1.161,-0.062,-0.017,0.544,4.638163,-74.084512,0.15,3,1
1596,17533090,-0.101,-0.519,-10.184,-1.217,2.858,1.154,184.624,1.122,-0.053,-0.010,1.154,4.638163,-74.084512,0.15,3,1
1597,17543087,-0.027,-0.546,-10.092,-0.423,3.224,2.009,184.508,1.057,-0.056,-0.003,2.009,4.638163,-74.084512,0.15,3,1
1598,17553098,0.057,-0.616,-9.960,0.401,3.102,2.802,184.442,0.960,-0.063,0.006,2.802,4.638163,-74.084512,0.15,3,1
1599,17582613,0.109,-0.809,-9.725,2.171,0.111,3.504,184.540,0.765,-0.082,0.011,3.504,4.638163,-74.084512,0.15,3,1
1600,17583942,0.109,-0.809,-9.725,2.171,0.111,3.504,184.610,0.597,-0.082,0.011,3.504,4.638163,-74.084512,0.15,3,1
1601,17585265,0.109,-0.809,-9.725,2.171,0.111,3.504,184.653,0.463,-0.082,0.011,3.504,4.638163,-74.084512,0.15,3,1
1602,17593107,0.085,-0.864,-9.699,2.201,-0.835,3.443,184.716,0.350,-0.088,0.009,3.443,4.638163,-74.084512,0.15,3,1
1603,17603104,0.016,-0.876,-9.701,1.713,-1.415,3.534,184.774,0.279,-0.089,0.002,3.534,4.638163,-74.084512,0.15,3,1
1604,17613096,-0.039,-0.859,-9.775,1.255,-1.781,3.870,184.811,0.238,-0.088,-0.004,3.870,4.638163,-74.084512,0.15,3,1
1605,17623089,-0.110,-0.823,-9.871,1.072,-1.934,4.023,184.822,0.233,-0.084,-0.011,4.023,4.638163,-74.084512,0.15,3,1
1606,17633149,-0.177,-0.833,-9.967,1.225,-1.476,4.023,184.834,0.263,-0.085,-0.018,4.023,4.638163,-74.084512,0.15,3,1
1607,17643105,-0.215,-0.847,-10.020,1.591,-0.652,3.687,184.853,0.316,-0.086,-0.022,3.687,4.638163,-74.084512,0.15,3,1
1608,17653097,-0.194,-0.838,-10.040,1.774,0.294,3.412,184.867,0.361,-0.085,-0.020,3.412,4.638163,-74.084512,0.15,3,1
1609,17663091,-0.163,-0.775,-9.970,1.743,1.240,3.138,184.854,0.398,-0.079,-0.017,3.138,4.638163,-74.084512,0.15,3,1
1610,17673108,-0.108,-0.797,-9.819,1.560,2.156,3.321,184.855,0.416,-0.081,-0.011,3.321,4.638163,-74.084512,0.15,3,1
1611,17683100,-0.058,-0.857,-9.747,0.981,2.522,3.870,184.882,0.413,-0.087,-0.006,3.870,4.638163,-74.084512,0.15,3,1
1612,17693108,-0.067,-0.857,-9.747,0.462,2.247,4.023,184.902,0.412,-0.087,-0.007,4.023,4.638163,-74.084512,0.15,3,1
1613,17703114,-0.072,-0.780,-9.843,-0.149,1.698,3.718,184.876,0.408,-0.080,-0.007,3.718,4.638163,-74.084512,0.15,3,1
1614,17713110,-0.079,-0.628,-9.953,0.279,1.454,3.596,184.784,0.405,-0.064,-0.008,3.596,4.638163,-74.084512,0.15,3,1
1615,17723102,-0.091,-0.616,-9.970,1.377,1.393,3.565,184.704,0.407,-0.063,-0.009,3.565,4.638163,-74.084512,0.15,3,1
1616,17733103,-0.086,-0.647,-9.891,2.262,1.515,3.962,184.655,0.407,-0.066,-0.009,3.962,4.638163,-74.084512,0.15,3,1
1617,17743094,-0.096,-0.758,-9.792,2.293,1.484,4.572,184.663,0.413,-0.077,-0.010,4.572,4.638163,-74.084512,0.15,3,1
1618,17753123,-0.127,-0.809,-9.739,1.927,1.088,5.121,184.691,0.428,-0.082,-0.013,5.121,4.638165,-74.084512,0.12,3,1
1619,17763113,-0.148,-0.842,-9.730,1.316,0.599,5.396,184.728,0.448,-0.086,-0.015,5.396,4.638165,-74.084512,0.12,3,1
1620,17773111,-0.198,-0.813,-9.732,0.797,0.081,5.305,184.743,0.483,-0.083,-0.020,5.305,4.638165,-74.084512,0.12,3,1
1621,17783097,-0.265,-0.773,-9.797,0.675,-0.438,5.152,184.736,0.541,-0.079,-0.027,5.152,4.638165,-74.084512,0.12,3,1
1622,17793109,-0.308,-0.773,-9.881,0.950,-0.682,4.847,184.728,0.610,-0.079,-0.031,4.847,4.638165,-74.084512,0.12,3,1
1623,17803111,-0.337,-0.787,-9.886,1.377,-0.621,4.450,184.732,0.687,-0.080,-0.034,4.450,4.638165,-74.084512,0.12,3,1
1624,17813103,-0.373,-0.842,-9.850,1.499,-0.499,4.145,184.762,0.775,-0.086,-0.038,4.145,4.638165,-74.084512,0.12,3,1
1625,17823105,-0.370,-0.881,-9.855,1.438,-0.347,3.870,184.806,0.857,-0.090,-0.038,3.870,4.638165,-74.084512,0.12,3,1
1626,17833107,-0.370,-0.948,-9.847,1.103,-0.102,3.504,184.874,0.935,-0.097,-0.038,3.504,4.638165,-74.084512,0.12,3,1
1627,17843107,-0.375,-0.893,-9.845,0.492,0.172,3.046,184.907,1.012,-0.091,-0.038,3.046,4.638165,-74.084512,0.12,3,1
1628,17853128,-0.370,-0.879,-9.876,-0.027,0.355,2.741,184.925,1.081,-0.090,-0.038,2.741,4.638165,-74.084512,0.12,3,1
1629,17863106,-0.380,-0.828,-9.895,-0.332,0.477,2.558,184.915,1.151,-0.084,-0.039,2.558,4.638165,-74.084512,0.12,3,1
1630,17873113,-0.353,-0.736,-9.895,-0.118,0.447,2.527,184.868,1.204,-0.075,-0.036,2.527,4.638165,-74.084512,0.12,3,1
1631,17883112,-0.315,-0.746,-9.859,0.584,0.111,2.497,184.836,1.233,-0.076,-0.032,2.497,4.638165,-74.084512,0.12,3,1
1632,17893112,-0.327,-0.895,-9.838,1.469,-0.194,2.161,184.882,1.262,-0.091,-0.033,2.161,4.638165,-74.084512,0.12,3,1
1633,17903104,-0.315,-1.011,-9.797,1.896,-0.591,1.429,184.981,1.281,-0.103,-0.032,1.429,4.638165,-74.084512,0.12,3,1
1634,17916661,-0.315,-0.989,-9.759,1.591,-0.682,0.788,185.071,1.290,-0.101,-0.032,0.788,4.638165,-74.084512,0.12,3,1
1635,17923101,-0.289,-0.973,-9.797,0.981,-0.377,0.422,185.131,1.297,-0.099,-0.029,0.422,4.638165,-74.084512,0.12,3,1
1636,17933101,-0.282,-0.944,-9.821,0.492,0.203,0.330,185.168,1.306,-0.096,-0.029,0.330,4.638165,-74.084512,0.12,3,1
1637,17943112,-0.244,-0.898,-9.840,-0.057,0.783,0.422,185.175,1.302,-0.092,-0.025,0.422,4.638165,-74.084512,0.12,3,1
1638,17953099,-0.175,-0.854,-9.831,-0.454,1.332,0.452,185.159,1.273,-0.087,-0.018,0.452,4.638165,-74.084512,0.12,3,1
1639,17963101,-0.170,-0.840,-9.862,-0.454,1.729,0.666,185.137,1.246,-0.086,-0.017,0.666,4.638165,-74.084512,0.12,3,1
1640,17973114,-0.132,-0.876,-9.869,-0.271,1.851,0.605,185.134,1.206,-0.089,-0.013,0.605,4.638165,-74.084512,0.12,3,1
1641,17983120,-0.184,-0.898,-9.927,0.034,2.003,0.178,185.142,1.194,-0.092,-0.019,0.178,4.638165,-74.084512,0.12,3,1
1642,17993106,-0.139,-0.958,-9.903,0.279,2.644,-0.585,185.178,1.168,-0.098,-0.014,-0.585,4.638165,-74.084512,0.12,3,1
1643,18003101,-0.046,-0.948,-9.876,-0.423,3.163,-0.982,185.203,1.108,-0.097,-0.005,-0.982,4.638165,-74.084512,0.12,3,1
1644,18013106,-0.008,-0.835,-9.912,-1.034,3.621,-0.585,185.168,1.040,-0.085,-0.001,-0.585,4.638165,-74.084512,0.12,3,1
1645,18023095,0.040,-0.799,-9.917,-1.613,4.262,0.269,185.114,0.962,-0.081,0.004,0.269,4.638165,-74.084512,0.12,3,1
1646,18033109,0.061,-0.739,-9.912,-1.675,4.567,1.215,185.038,0.883,-0.075,0.006,1.215,4.638165,-74.084512,0.12,3,1
1647,18043098,0.095,-0.744,-9.900,-1.644,4.414,2.039,184.970,0.794,-0.076,0.010,2.039,4.638165,-74.084512,0.12,3,1
1648,18053108,0.126,-0.760,-9.835,-1.339,3.743,2.375,184.920,0.692,-0.078,0.013,2.375,4.638165,-74.084512,0.12,3,1
1649,18063103,0.150,-0.763,-9.795,-0.576,2.522,2.436,184.883,0.575,-0.078,0.015,2.436,4.638165,-74.084512,0.12,3,1
1650,18073114,0.193,-0.732,-9.804,0.034,1.271,2.527,184.840,0.437,-0.075,0.020,2.527,4.638165,-74.084512,0.12,3,1
1651,18083106,0.173,-0.724,-9.831,0.675,-0.225,2.955,184.803,0.304,-0.074,0.018,2.955,4.638165,-74.084512,0.12,3,1
1652,18093113,0.123,-0.729,-9.876,1.011,-1.384,3.534,184.772,0.193,-0.074,0.013,3.534,4.638165,-74.084512,0.12,3,1
1653,18103106,0.054,-0.717,-9.910,1.103,-2.178,4.084,184.738,0.114,-0.073,0.006,4.084,4.638165,-74.084512,0.12,3,1
1654,18113097,-0.017,-0.695,-9.967,1.347,-2.819,4.511,184.697,0.066,-0.071,-0.002,4.511,4.638165,-74.084512,0.12,3,1
1655,18123115,-0.096,-0.688,-9.987,2.049,-3.154,4.603,184.663,0.054,-0.070,-0.010,4.603,4.638165,-74.084512,0.12,3,1
1656,18133160,-0.170,-0.732,-9.989,2.720,-3.002,4.450,184.656,0.076,-0.075,-0.017,4.450,4.638165,-74.084512,0.12,3,1
1657,18143099,-0.222,-0.813,-9.960,3.117,-2.696,4.053,184.690,0.123,-0.083,-0.023,4.053,4.638165,-74.084512,0.12,3,1
1658,18153108,-0.253,-0.852,-9.879,3.269,-2.086,3.504,184.742,0.186,-0.087,-0.026,3.504,4.638165,-74.084512,0.12,3,1
1659,18163116,-0.256,-0.838,-9.886,2.567,-1.140,3.077,184.778,0.255,-0.085,-0.026,3.077,4.638165,-74.084512,0.12,3,1
1660,18173110,-0.234,-0.852,-9.843,1.743,-0.133,2.894,184.811,0.318,-0.087,-0.024,2.894,4.638165,-74.084512,0.12,3,1
1661,18183106,-0.218,-0.823,-9.811,0.797,0.752,2.680,184.822,0.377,-0.084,-0.022,2.680,4.638165,-74.084512,0.12,3,1
1662,18193103,-0.198,-0.727,-9.823,0.004,1.179,2.741,184.781,0.428,-0.074,-0.020,2.741,4.638165,-74.084512,0.12,3,1
1663,18203098,-0.170,-0.669,-9.797,-0.057,1.454,2.680,184.717,0.465,-0.068,-0.017,2.680,4.638165,-74.084512,0.12,3,1
1664,18213115,-0.146,-0.683,-9.715,0.187,1.362,2.527,184.670,0.488,-0.070,-0.015,2.527,4.638165,-74.084512,0.12,3,1
1665,18223097,-0.148,-0.719,-9.655,0.340,0.844,2.405,184.646,0.505,-0.073,-0.015,2.405,4.638165,-74.084512,0.12,3,1
1666,18233101,-0.148,-0.746,-9.677,0.462,0.081,2.222,184.636,0.515,-0.076,-0.015,2.222,4.638165,-74.084512,0.12,3,1
1667,18243105,-0.184,-0.746,-9.701,0.431,-0.682,2.039,184.626,0.532,-0.076,-0.019,2.039,4.638165,-74.084512,0.12,3,1
1668,18253105,-0.232,-0.746,-9.756,0.370,-1.201,1.673,184.614,0.564,-0.076,-0.024,1.673,4.638165,-74.084512,0.12,3,1
1669,18269446,-0.280,-0.756,-9.790,0.401,-1.323,1.032,184.610,0.598,-0.077,-0.029,1.032,4.638165,-74.084512,0.12,3,1
1670,18273091,-0.282,-0.758,-9.797,0.340,-1.079,0.635,184.603,0.651,-0.077,-0.029,0.635,4.638165,-74.084512,0.12,3,1
1671,18283094,-0.308,-0.773,-9.795,0.034,-0.774,0.483,184.600,0.715,-0.079,-0.031,0.483,4.638165,-74.084512,0.12,3,1
1672,18293094,-0.315,-0.799,-9.785,-0.515,-0.255,0.300,184.604,0.782,-0.081,-0.032,0.300,4.638165,-74.084512,0.12,3,1
1673,18303098,-0.320,-0.801,-9.792,-0.973,0.203,0.025,184.605,0.849,-0.082,-0.033,0.025,4.638165,-74.084512,0.12,3,1
1674,18313097,-0.318,-0.821,-9.790,-1.186,0.355,-0.341,184.613,0.911,-0.084,-0.032,-0.341,4.638165,-74.084512,0.12,3,1
1675,18323106,-0.289,-0.835,-9.804,-1.217,0.508,-0.799,184.626,0.956,-0.085,-0.029,-0.799,4.638165,-74.084512,0.12,3,1
1676,18333088,-0.280,-0.850,-9.790,-1.522,0.660,-1.318,184.642,0.995,-0.087,-0.029,-1.318,4.638165,-74.084512,0.12,3,1
1677,18343095,-0.227,-0.908,-9.768,-1.949,0.722,-1.776,184.679,1.008,-0.093,-0.023,-1.776,4.638165,-74.084512,0.12,3,1
1678,18353097,-0.189,-0.895,-9.775,-2.407,0.660,-1.867,184.704,1.002,-0.091,-0.019,-1.867,4.638165,-74.084512,0.12,3,1
1679,18363085,-0.175,-0.821,-9.821,-2.865,0.630,-1.959,184.687,0.990,-0.084,-0.018,-1.959,4.638165,-74.084512,0.12,3,1
1680,18373108,-0.184,-0.736,-9.907,-2.956,0.447,-1.684,184.630,0.980,-0.075,-0.019,-1.684,4.638165,-74.084512,0.12,3,1
1681,18383095,-0.179,-0.710,-10.004,-2.315,0.691,-1.257,184.569,0.970,-0.072,-0.018,-1.257,4.638165,-74.084512,0.12,3,1
1682,18393097,-0.175,-0.777,-10.052,-1.644,1.149,-1.013,184.547,0.963,-0.079,-0.018,-1.013,4.638165,-74.084512,0.12,3,1
1683,18403102,-0.172,-0.756,-10.004,-1.247,1.271,-0.952,184.522,0.957,-0.077,-0.018,-0.952,4.638165,-74.084512,0.12,3,1
1684,18413104,-0.146,-0.775,-9.951,-0.820,1.546,-1.013,184.513,0.943,-0.079,-0.015,-1.013,4.638165,-74.084512,0.12,3,1
1685,18423091,-0.091,-0.785,-9.871,-0.606,1.698,-0.921,184.514,0.907,-0.080,-0.009,-0.921,4.638165,-74.084512,0.12,3,1
1686,18433094,-0.079,-0.809,-9.795,-0.454,1.454,-0.768,184.529,0.867,-0.082,-0.008,-0.768,4.638165,-74.084512,0.12,3,1
1687,18443097,-0.048,-0.939,-9.751,-0.271,0.874,-0.799,184.605,0.811,-0.096,-0.005,-0.799,4.638165,-74.084512,0.12,3,1
1688,18453100,-0.072,-1.004,-9.780,-0.667,0.233,-1.165,184.700,0.764,-0.102,-0.007,-1.165,4.638165,-74.084512,0.12,3,1
1689,18463106,-0.110,-0.968,-9.833,-1.064,-0.133,-1.837,184.765,0.733,-0.099,-0.011,-1.837,4.638165,-74.084512,0.12,3,1
1690,18473108,-0.077,-0.920,-9.900,-1.461,0.050,-2.447,184.797,0.692,-0.094,-0.008,-2.447,4.638165,-74.084512,0.12,3,1
1691,18483091,-0.024,-0.854,-9.905,-1.888,0.691,-2.508,184.794,0.637,-0.087,-0.002,-2.508,4.638165,-74.084512,0.12,3,1
1692,18493094,0.019,-0.799,-9.898,-2.498,1.576,-2.050,184.761,0.575,-0.081,0.002,-2.050,4.638165,-74.084512,0.12,3,1
1693,18503098,0.081,-0.717,-9.912,-3.261,2.186,-1.043,184.688,0.496,-0.073,0.008,-1.043,4.638165,-74.084512,0.12,3,1
1694,18513100,0.126,-0.650,-9.857,-3.902,2.217,0.117,184.585,0.403,-0.066,0.013,0.117,4.638165,-74.084512,0.12,3,1
1695,18523106,0.133,-0.548,-9.867,-3.506,1.820,1.124,184.450,0.310,-0.056,0.014,1.124,4.638165,-74.084512,0.12,3,1
1696,18533105,0.107,-0.529,-9.867,-2.224,1.088,1.581,184.327,0.229,-0.054,0.011,1.581,4.638165,-74.084512,0.12,3,1
1697,18543091,0.073,-0.662,-9.775,-0.637,0.111,1.520,184.291,0.160,-0.067,0.007,1.520,4.638165,-74.084512,0.12,3,1
1698,18553094,0.030,-0.862,-9.739,0.462,-1.079,1.154,184.358,0.105,-0.088,0.003,1.154,4.638165,-74.084512,0.12,3,1
1699,18591521,-0.177,-0.789,-9.893,-0.454,-1.750,0.025,184.376,0.053,-0.080,-0.018,0.025,4.638165,-74.084512,0.12,3,1
1700,18592856,-0.177,-0.789,-9.893,-0.454,-1.750,0.025,184.394,0.046,-0.080,-0.018,0.025,4.638165,-74.084512,0.12,3,1
1701,18594175,-0.177,-0.789,-9.893,-0.454,-1.750,0.025,184.411,0.072,-0.080,-0.018,0.025,4.638165,-74.084512,0.12,3,1
1702,18595496,-0.177,-0.789,-9.893,-0.454,-1.750,0.025,184.426,0.122,-0.080,-0.018,0.025,4.638165,-74.084512,0.12,3,1
1703,18603092,-0.179,-0.775,-9.888,-0.545,-1.140,-0.067,184.430,0.179,-0.079,-0.018,-0.067,4.638165,-74.084512,0.12,3,1
1704,18613096,-0.179,-0.792,-9.869,-0.332,-0.347,-0.341,184.445,0.236,-0.081,-0.018,-0.341,4.638165,-74.084512,0.12,3,1
1705,18623103,-0.153,-0.792,-9.850,-0.210,0.325,-0.677,184.461,0.278,-0.081,-0.016,-0.677,4.638165,-74.084512,0.12,3,1
1706,18633148,-0.110,-0.768,-9.811,-0.606,0.752,-0.799,184.461,0.298,-0.078,-0.011,-0.799,4.638165,-74.084512,0.12,3,1
1707,18643107,-0.094,-0.768,-9.807,-0.973,0.905,-0.707,184.457,0.308,-0.078,-0.010,-0.707,4.638165,-74.084512,0.12,3,1
1708,18653111,-0.060,-0.758,-9.814,-1.461,0.966,-0.616,184.444,0.301,-0.077,-0.006,-0.616,4.638165,-74.084512,0.12,3,1
1709,18663099,-0.039,-0.722,-9.826,-1.766,1.149,-0.555,184.412,0.286,-0.074,-0.004,-0.555,4.638165,-74.084512,0.12,3,1
1710,18673111,-0.024,-0.688,-9.831,-1.980,1.240,-0.280,184.364,0.267,-0.070,-0.002,-0.280,4.638165,-74.084512,0.12,3,1
1711,18683115,0.002,-0.659,-9.828,-1.980,1.210,0.178,184.307,0.236,-0.067,0.000,0.178,4.638165,-74.084512,0.12,3,1
1712,18693110,-0.005,-0.659,-9.840,-2.132,1.179,0.940,184.254,0.211,-0.067,-0.001,0.940,4.638165,-74.084512,0.12,3,1
1713,18703105,-0.017,-0.729,-9.775,-2.102,1.027,1.520,184.239,0.192,-0.074,-0.002,1.520,4.638165,-74.084512,0.12,3,1
1714,18713117,-0.070,-0.823,-9.727,-2.315,0.569,1.856,184.269,0.195,-0.084,-0.007,1.856,4.638165,-74.084512,0.12,3,1
1715,18723105,-0.105,-0.883,-9.763,-2.621,-0.102,1.734,184.321,0.208,-0.090,-0.011,1.734,4.638165,-74.084512,0.12,3,1
1716,18733110,-0.134,-0.871,-9.843,-2.865,-0.530,1.246,184.356,0.229,-0.089,-0.014,1.246,4.638165,-74.084512,0.12,3,1
1717,18743100,-0.167,-0.813,-9.912,-2.865,-0.652,0.696,184.360,0.261,-0.083,-0.017,0.696,4.638165,-74.084512,0.12,3,1
1718,18753111,-0.189,-0.732,-9.946,-2.651,-0.499,0.452,184.328,0.302,-0.075,-0.019,0.452,4.638168,-74.084510,0.11,3,1
1719,18763116,-0.213,-0.686,-9.958,-2.315,-0.133,0.574,184.280,0.353,-0.070,-0.022,0.574,4.638168,-74.084510,0.11,3,1
1720,18773122,-0.227,-0.688,-10.044,-2.041,0.416,0.849,184.238,0.410,-0.070,-0.023,0.849,4.638168,-74.084510,0.11,3,1
1721,18783104,-0.194,-0.736,-10.054,-1.766,1.362,0.849,184.222,0.457,-0.075,-0.020,0.849,4.638168,-74.084510,0.11,3,1
1722,18793100,-0.172,-0.717,-10.035,-1.583,2.156,0.696,184.201,0.498,-0.073,-0.018,0.696,4.638168,-74.084510,0.11,3,1
1723,18803121,-0.129,-0.717,-9.987,-1.278,2.797,0.727,184.186,0.524,-0.073,-0.013,0.727,4.638168,-74.084510,0.11,3,1
1724,18813116,-0.065,-0.736,-9.912,-1.339,3.102,0.574,184.182,0.522,-0.075,-0.007,0.574,4.638168,-74.084510,0.11,3,1
1725,18823102,0.011,-0.678,-9.862,-1.430,2.888,0.544,184.154,0.484,-0.069,0.001,0.544,4.638168,-74.084510,0.11,3,1
1726,18833096,0.078,-0.630,-9.766,-1.675,2.400,1.002,184.107,0.414,-0.064,0.008,1.002,4.638168,-74.084510,0.11,3,1
1727,18843100,0.095,-0.659,-9.775,-1.369,1.698,1.246,184.080,0.336,-0.067,0.010,1.246,4.638168,-74.084510,0.11,3,1
1728,18853099,0.066,-0.628,-9.749,-1.491,1.088,1.520,184.040,0.272,-0.064,0.007,1.520,4.638168,-74.084510,0.11,3,1
1729,18863111,0.054,-0.604,-9.747,-1.369,0.203,1.978,183.993,0.209,-0.062,0.006,1.978,4.638168,-74.084510,0.11,3,1
1730,18873115,0.021,-0.625,-9.749,-0.973,-0.652,2.192,183.963,0.158,-0.064,0.002,2.192,4.638168,-74.084510,0.11,3,1
1731,18883105,-0.001,-0.669,-9.802,-0.515,-1.232,2.070,183.958,0.115,-0.068,-0.000,2.070,4.638168,-74.084510,0.11,3,1
1732,18893112,0.004,-0.773,-9.667,-0.210,-1.720,1.948,184.007,0.069,-0.079,0.000,1.948,4.638168,-74.084510,0.11,3,1
1733,18903102,-0.043,-0.734,-9.684,-1.217,-2.422,1.642,184.025,0.042,-0.075,-0.004,1.642,4.638168,-74.084510,0.11,3,1
1734,18916716,-0.098,-0.635,-9.862,-1.156,-3.154,1.429,183.989,0.018,-0.065,-0.010,1.429,4.638168,-74.084510,0.11,3,1
1735,18923100,-0.179,-0.621,-10.049,-0.698,-3.368,1.246,183.951,0.046,-0.063,-0.018,1.246,4.638168,-74.084510,0.11,3,1
1736,18933116,-0.218,-0.698,-10.028,-0.240,-2.819,0.666,183.955,0.094,-0.071,-0.022,0.666,4.638168,-74.084510,0.11,3,1
1737,18943101,-0.213,-0.758,-9.963,0.218,-1.964,0.055,183.992,0.144,-0.077,-0.022,0.055,4.638168,-74.084510,0.11,3,1
1738,18953130,-0.158,-0.842,-9.948,0.767,-1.171,-0.616,184.069,0.173,-0.086,-0.016,-0.616,4.638168,-74.084510,0.11,3,1
1739,18963093,-0.115,-0.838,-9.883,-0.088,-0.347,-0.952,184.132,0.189,-0.085,-0.012,-0.952,4.638168,-74.084510,0.11,3,1
1740,18973098,-0.065,-0.785,-9.855,-1.095,0.142,-0.860,184.159,0.186,-0.080,-0.007,-0.860,4.638168,-74.084510,0.11,3,1
1741,18983117,-0.029,-0.710,-9.970,-1.797,0.264,-0.494,184.140,0.168,-0.072,-0.003,-0.494,4.638168,-74.084510,0.11,3,1
1742,18993114,-0.001,-0.589,-9.946,-1.675,0.233,-0.280,184.071,0.138,-0.060,-0.000,-0.280,4.638168,-74.084510,0.11,3,1
1743,19003098,-0.020,-0.592,-9.946,-0.789,-0.255,0.055,184.016,0.115,-0.060,-0.002,0.055,4.638168,-74.084510,0.11,3,1
1744,19013098,-0.036,-0.594,-9.929,-0.301,-0.743,0.391,183.972,0.096,-0.061,-0.004,0.391,4.638168,-74.084510,0.11,3,1
1745,19023102,-0.065,-0.640,-9.883,0.431,-1.384,0.513,183.959,0.086,-0.065,-0.007,0.513,4.638168,-74.084510,0.11,3,1
1746,19033103,-0.084,-0.748,-9.828,1.560,-1.995,0.208,184.008,0.079,-0.076,-0.009,0.208,4.638168,-74.084510,0.11,3,1
1747,19043105,-0.115,-0.854,-9.783,1.957,-2.483,-0.341,184.106,0.082,-0.087,-0.012,-0.341,4.638168,-74.084510,0.11,3,1
1748,19053103,-0.108,-0.821,-9.756,1.988,-3.002,-0.952,184.182,0.078,-0.084,-0.011,-0.952,4.638168,-74.084510,0.11,3,1
1749,19063092,-0.129,-0.751,-9.828,1.499,-3.459,-1.135,184.214,0.078,-0.077,-0.013,-1.135,4.638168,-74.084510,0.11,3,1
1750,19073108,-0.146,-0.727,-9.871,0.981,-3.551,-1.013,184.227,0.085,-0.074,-0.015,-1.013,4.638168,-74.084510,0.11,3,1
1751,19083119,-0.177,-0.700,-9.951,0.981,-3.520,-0.921,184.225,0.105,-0.071,-0.018,-0.921,4.638168,-74.084510,0.11,3,1
1752,19093111,-0.172,-0.642,-9.965,0.950,-3.154,-0.921,184.197,0.125,-0.065,-0.018,-0.921,4.638168,-74.084510,0.11,3,1
1753,19103105,-0.208,-0.630,-9.984,0.950,-2.666,-0.799,184.165,0.163,-0.064,-0.021,-0.799,4.638168,-74.084510,0.11,3,1
1754,19113106,-0.158,-0.664,-9.951,0.950,-2.117,-0.616,184.151,0.181,-0.068,-0.016,-0.616,4.638168,-74.084510,0.11,3,1
1755,19123101,-0.144,-0.686,-9.874,0.462,-1.872,-0.402,184.146,0.195,-0.070,-0.015,-0.402,4.638168,-74.084510,0.11,3,1
1756,19133144,-0.158,-0.553,-9.934,-0.057,-1.750,-0.189,184.076,0.215,-0.056,-0.016,-0.189,4.638168,-74.084510,0.11,3,1
1757,19143103,-0.108,-0.616,-9.874,0.370,-1.476,0.330,184.044,0.214,-0.063,-0.011,0.330,4.638168,-74.084510,0.11,3,1
1758,19153106,-0.096,-0.707,-9.833,0.584,-1.567,0.361,184.059,0.207,-0.072,-0.010,0.361,4.638168,-74.084510,0.11,3,1
1759,19163106,-0.110,-0.601,-9.835,0.645,-1.872,0.147,184.026,0.204,-0.061,-0.011,0.147,4.638168,-74.084510,0.11,3,1
1760,19173113,-0.098,-0.570,-9.792,0.981,-2.269,0.208,183.986,0.193,-0.058,-0.010,0.208,4.638168,-74.084510,0.11,3,1
1761,19183105,-0.115,-0.659,-9.780,1.530,-2.819,0.330,183.994,0.185,-0.067,-0.012,0.330,4.638168,-74.084510,0.11,3,1
1762,19193106,-0.120,-0.794,-9.672,1.713,-3.398,0.330,184.068,0.174,-0.081,-0.012,0.330,4.638168,-74.084510,0.11,3,1
1763,19203096,-0.153,-0.821,-9.679,1.499,-4.100,-0.128,184.145,0.174,-0.084,-0.016,-0.128,4.638168,-74.084510,0.11,3,1
1764,19213105,-0.170,-0.886,-9.660,1.286,-4.802,-0.677,184.245,0.174,-0.090,-0.017,-0.677,4.638168,-74.084510,0.11,3,1
1765,19223087,-0.203,-0.813,-9.684,0.950,-5.382,-1.196,184.300,0.184,-0.083,-0.021,-1.196,4.638168,-74.084510,0.11,3,1
1766,19233109,-0.251,-0.758,-9.768,0.614,-5.748,-1.562,184.320,0.211,-0.077,-0.026,-1.562,4.638168,-74.084510,0.11,3,1
1767,19243095,-0.284,-0.838,-9.823,0.767,-5.931,-1.898,184.374,0.247,-0.085,-0.029,-1.898,4.638168,-74.084510,0.11,3,1
1768,19256415,-0.270,-0.794,-9.850,0.584,-5.779,-2.447,184.405,0.255,-0.081,-0.028,-2.447,4.638168,-74.084510,0.11,3,1
1769,19263095,-0.277,-0.823,-9.905,0.462,-5.382,-2.935,184.440,0.292,-0.084,-0.028,-2.935,4.638168,-74.084510,0.11,3,1
1770,19273098,-0.284,-0.823,-9.917,-0.240,-4.924,-3.027,184.466,0.333,-0.084,-0.029,-3.027,4.638168,-74.084510,0.11,3,1
1771,19283102,-0.356,-0.654,-9.951,-1.003,-4.527,-2.722,184.406,0.406,-0.067,-0.036,-2.722,4.638168,-74.084510,0.11,3,1
1772,19293101,-0.327,-0.611,-9.977,-1.217,-3.490,-2.050,184.329,0.469,-0.062,-0.033,-2.050,4.638168,-74.084510,0.11,3,1
1773,19303107,-0.265,-0.553,-9.886,-0.301,-2.513,-1.745,184.243,0.510,-0.056,-0.027,-1.745,4.638168,-74.084510,0.11,3,1
1774,19313110,-0.234,-0.719,-9.857,1.896,-2.025,-2.142,184.259,0.538,-0.073,-0.024,-2.142,4.638168,-74.084510,0.11,3,1
1775,19323095,-0.234,-0.864,-9.778,0.828,-2.056,-2.294,184.332,0.565,-0.088,-0.024,-2.294,4.638168,-74.084510,0.11,3,1
1776,19333099,-0.244,-0.898,-9.766,-0.332,-3.002,-2.294,184.404,0.586,-0.092,-0.025,-2.294,4.638168,-74.084510,0.11,3,1
1777,19343103,-0.218,-0.818,-9.828,-0.637,-3.826,-2.508,184.430,0.584,-0.083,-0.022,-2.508,4.638168,-74.084510,0.11,3,1
1778,19353101,-0.241,-0.693,-9.867,-0.789,-3.765,-2.844,184.395,0.594,-0.071,-0.025,-2.844,4.638168,-74.084510,0.11,3,1
1779,19363107,-0.249,-0.597,-9.900,-0.545,-3.520,-2.935,184.321,0.608,-0.061,-0.025,-2.935,4.638168,-74.084510,0.11,3,1
1780,19373110,-0.256,-0.565,-9.869,0.004,-3.673,-2.447,184.245,0.623,-0.058,-0.026,-2.447,4.638168,-74.084510,0.11,3,1
1781,19383095,-0.265,-0.635,-9.823,0.828,-3.978,-1.959,184.215,0.639,-0.065,-0.027,-1.959,4.638168,-74.084510,0.11,3,1
1782,19393099,-0.296,-0.792,-9.797,1.255,-4.436,-1.898,184.261,0.664,-0.081,-0.030,-1.898,4.638168,-74.084510,0.11,3,1
1783,19403102,-0.387,-0.823,-9.792,1.774,-5.351,-2.569,184.323,0.718,-0.084,-0.039,-2.569,4.638168,-74.084510,0.11,3,1
1784,19413101,-0.587,-1.002,-9.598,2.567,-6.572,-3.576,184.476,0.852,-0.102,-0.060,-3.576,4.638168,-74.084510,0.11,3,1
1785,19423107,-0.458,-1.083,-9.761,4.765,-7.823,-5.651,184.667,0.901,-0.110,-0.047,-5.651,4.638168,-74.084510,0.11,3,1
1786,19433111,-0.332,-0.982,-9.994,4.673,-6.938,-8.886,184.787,0.895,-0.100,-0.034,-8.886,4.638168,-74.084510,0.11,3,1
1787,19443095,-0.406,-0.650,-9.907,2.567,-6.023,-10.687,184.735,0.933,-0.066,-0.041,-10.687,4.638168,-74.084510,0.11,3,1
1788,19453099,-0.542,-0.683,-9.855,1.682,-5.687,-9.252,184.696,1.032,-0.070,-0.055,-9.252,4.638168,-74.084510,0.11,3,1
1789,19463102,-0.480,-0.686,-9.960,1.927,-4.863,-7.788,184.660,1.101,-0.070,-0.049,-7.788,4.638168,-74.084510,0.11,3,1
1790,19473101,-0.327,-0.570,-10.018,1.469,-3.581,-6.811,184.570,1.109,-0.058,-0.033,-6.811,4.638168,-74.084510,0.11,3,1
1791,19483107,-0.332,-0.659,-9.900,0.492,-2.635,-5.590,184.521,1.130,-0.067,-0.034,-5.590,4.638168,-74.084510,0.11,3,1
1792,19493111,-0.380,-0.787,-9.783,-0.118,-2.147,-4.705,184.530,1.175,-0.080,-0.039,-4.705,4.638168,-74.084510,0.11,3,1
1793,19503095,-0.406,-0.753,-9.744,0.218,-2.300,-4.553,184.527,1.229,-0.077,-0.041,-4.553,4.638168,-74.084510,0.11,3,1
1794,19513099,-0.435,-0.840,-9.807,1.194,-2.819,-4.797,184.570,1.285,-0.086,-0.044,-4.797,4.638168,-74.084510,0.11,3,1
1795,19523102,-0.423,-0.961,-9.883,1.164,-2.574,-5.712,184.660,1.332,-0.098,-0.043,-5.712,4.638168,-74.084510,0.11,3,1
1796,19533101,-0.489,-0.867,-9.939,0.828,-2.086,-7.025,184.697,1.409,-0.088,-0.050,-7.025,4.638168,-74.084510,0.11,3,1
1797,19543107,-0.525,-0.780,-9.972,0.889,-1.232,-7.360,184.692,1.503,-0.080,-0.054,-7.360,4.638168,-74.084510,0.11,3,1
1798,19553110,-0.487,-0.739,-9.972,0.645,-0.011,-7.025,184.667,1.584,-0.075,-0.050,-7.025,4.638168,-74.084510,0.11,3,1
1799,19613696,-0.334,-0.683,-9.816,1.164,5.025,-2.294,184.683,1.794,-0.070,-0.034,-2.294,4.638168,-74.084510,0.11,3,1
1800,19615025,-0.334,-0.683,-9.816,1.164,5.025,-2.294,184.672,1.959,-0.070,-0.034,-2.294,4.638168,-74.084510,0.11,3,1
1801,19616348,-0.334,-0.683,-9.816,1.164,5.025,-2.294,184.643,2.077,-0.070,-0.034,-2.294,4.638168,-74.084510,0.11,3,1
1802,19617670,-0.334,-0.683,-9.816,1.164,5.025,-2.294,184.604,2.156,-0.070,-0.034,-2.294,4.638168,-74.084510,0.11,3,1
1803,19618991,-0.294,-0.813,-9.804,1.408,4.963,-2.508,184.663,2.169,-0.083,-0.030,-2.508,4.638168,-74.084510,0.11,3,1
1804,19620311,-0.294,-0.813,-9.804,1.408,4.963,-2.508,184.701,2.160,-0.083,-0.030,-2.508,4.638168,-74.084510,0.11,3,1
1805,19623096,-0.294,-0.813,-9.804,1.408,4.963,-2.508,184.722,2.137,-0.083,-0.030,-2.508,4.638168,-74.084510,0.11,3,1
1806,19633159,-0.227,-0.789,-9.775,0.736,4.506,-2.722,184.721,2.073,-0.080,-0.023,-2.722,4.638168,-74.084510,0.11,3,1
1807,19643093,-0.210,-0.734,-9.768,0.065,3.834,-2.050,184.682,2.005,-0.075,-0.021,-2.050,4.638168,-74.084510,0.11,3,1
1808,19653094,-0.265,-0.577,-9.730,0.004,3.499,-0.921,184.559,1.976,-0.059,-0.027,-0.921,4.638168,-74.084510,0.11,3,1
1809,19663095,-0.256,-0.543,-9.739,1.347,3.102,1.520,184.446,1.943,-0.055,-0.026,1.520,4.638168,-74.084510,0.11,3,1
1810,19673094,-0.177,-0.753,-9.888,0.828,3.377,4.206,184.449,1.872,-0.077,-0.018,4.206,4.638168,-74.084510,0.11,3,1
1811,19683107,-0.232,-0.859,-9.883,-1.675,3.956,5.366,184.484,1.844,-0.088,-0.024,5.366,4.638168,-74.084510,0.11,3,1
1812,19693101,-0.287,-0.775,-9.742,-2.315,4.353,5.152,184.472,1.852,-0.079,-0.029,5.152,4.638168,-74.084510,0.11,3,1
1813,19703102,-0.334,-0.842,-9.785,-1.705,4.323,4.786,184.499,1.883,-0.086,-0.034,4.786,4.638168,-74.084510,0.11,3,1
1814,19713116,-0.387,-0.886,-9.814,-1.186,4.292,4.175,184.547,1.936,-0.090,-0.039,4.175,4.638168,-74.084510,0.11,3,1
1815,19723099,-0.404,-0.915,-9.840,-1.308,4.567,3.687,184.602,1.994,-0.093,-0.041,3.687,4.638168,-74.084510,0.11,3,1
1816,19733097,-0.411,-0.908,-9.876,-2.193,5.086,3.534,184.639,2.055,-0.093,-0.042,3.534,4.638168,-74.084510,0.11,3,1
1817,19743097,-0.406,-0.908,-10.006,-2.285,5.879,2.955,184.666,2.113,-0.093,-0.041,2.955,4.638168,-74.084510,0.11,3,1
1818,19753115,-0.380,-0.876,-10.016,-3.231,6.398,2.314,184.667,2.158,-0.089,-0.039,2.314,4.638167,-74.084512,0.10,3,1
1819,19763103,-0.370,-0.775,-10.004,-3.902,6.489,1.764,184.616,2.197,-0.079,-0.038,1.764,4.638167,-74.084512,0.10,3,1
1820,19773096,-0.308,-0.705,-9.967,-4.024,6.856,1.459,184.537,2.209,-0.072,-0.031,1.459,4.638167,-74.084512,0.10,3,1
1821,19783090,-0.272,-0.741,-9.967,-3.658,7.161,1.337,184.485,2.207,-0.076,-0.028,1.337,4.638167,-74.084512,0.10,3,1
1822,19793102,-0.268,-0.688,-9.960,-3.689,7.496,1.215,184.413,2.206,-0.070,-0.027,1.215,4.638167,-74.084512,0.10,3,1
1823,19803111,-0.260,-0.703,-9.951,-3.475,7.802,1.185,184.355,2.205,-0.072,-0.027,1.185,4.638167,-74.084512,0.10,3,1
1824,19813099,-0.227,-0.760,-9.910,-3.231,8.015,1.429,184.332,2.192,-0.078,-0.023,1.429,4.638167,-74.084512,0.10,3,1
1825,19823092,-0.210,-0.782,-9.946,-3.658,8.015,1.307,184.315,2.172,-0.080,-0.021,1.307,4.638167,-74.084512,0.10,3,1
1826,19833098,-0.179,-0.768,-9.963,-4.177,8.107,1.215,184.287,2.141,-0.078,-0.018,1.215,4.638167,-74.084512,0.10,3,1
1827,19843090,-0.105,-0.746,-9.931,-3.719,8.046,1.276,184.257,2.079,-0.076,-0.011,1.276,4.638167,-74.084512,0.10,3,1
1828,19853121,-0.108,-0.698,-9.881,-3.353,7.771,1.246,184.213,2.021,-0.071,-0.011,1.246,4.638167,-74.084512,0.10,3,1
1829,19863091,-0.063,-0.801,-9.802,-3.048,7.283,1.520,184.225,1.943,-0.082,-0.006,1.520,4.638167,-74.084512,0.10,3,1
1830,19873099,-0.027,-0.823,-9.787,-2.956,6.337,1.856,184.246,1.846,-0.084,-0.003,1.856,4.638167,-74.084512,0.10,3,1
1831,19883102,-0.060,-0.852,-9.874,-2.895,4.872,2.039,184.276,1.758,-0.087,-0.006,2.039,4.638167,-74.084512,0.10,3,1
1832,19893104,-0.108,-0.886,-10.030,-2.987,3.712,1.826,184.311,1.686,-0.090,-0.011,1.826,4.638167,-74.084512,0.10,3,1
1833,19903089,-0.129,-0.835,-10.133,-2.834,3.285,1.368,184.320,1.625,-0.085,-0.013,1.368,4.638167,-74.084512,0.10,3,1
1834,19917242,-0.146,-0.756,-10.273,-2.956,3.438,1.032,184.278,1.581,-0.077,-0.015,1.032,4.638167,-74.084512,0.10,3,1
1835,19923097,-0.148,-0.710,-10.414,-3.506,4.414,1.154,184.220,1.543,-0.072,-0.015,1.154,4.638167,-74.084512,0.10,3,1
1836,19933123,-0.160,-0.582,-10.448,-4.299,5.879,1.398,184.103,1.528,-0.059,-0.016,1.398,4.638167,-74.084512,0.10,3,1
1837,19943116,-0.082,-0.502,-10.412,-4.818,7.313,1.673,183.958,1.493,-0.051,-0.008,1.673,4.638167,-74.084512,0.10,3,1
1838,19953096,-0.022,-0.440,-10.325,-4.726,8.046,2.009,183.800,1.443,-0.045,-0.002,2.009,4.638167,-74.084512,0.10,3,1
1839,19963097,0.038,-0.336,-10.251,-3.963,7.985,2.070,183.618,1.370,-0.034,0.004,2.070,4.638167,-74.084512,0.10,3,1
1840,19973100,0.142,-0.319,-10.092,-2.468,7.252,1.948,183.459,1.251,-0.033,0.015,1.948,4.638167,-74.084512,0.10,3,1
1841,19983117,0.219,-0.367,-9.864,-1.217,5.848,1.917,183.349,1.092,-0.037,0.022,1.917,4.638167,-74.084512,0.10,3,1
1842,19993097,0.278,-0.389,-9.737,-0.789,3.834,1.978,183.264,0.898,-0.040,0.028,1.978,4.638167,-74.084512,0.10,3,1
1843,20003092,0.371,-0.365,-9.583,-0.027,1.423,1.826,183.184,0.653,-0.037,0.038,1.826,4.638167,-74.084512,0.10,3,1
1844,20013115,0.367,-0.276,-9.703,0.950,-0.926,1.978,183.076,0.409,-0.028,0.037,1.978,4.638167,-74.084512,0.10,3,1
1845,20023093,0.414,-0.155,-9.691,1.652,-2.574,2.436,182.929,0.147,-0.016,0.042,2.436,4.638167,-74.084512,0.10,3,1
1846,20033119,0.395,-0.011,-9.624,2.903,-4.009,3.931,182.739,-0.101,-0.001,0.040,3.931,4.638167,-74.084512,0.10,3,1
1847,20043097,0.452,-0.189,-9.470,4.429,-5.016,6.067,182.661,-0.368,-0.019,0.046,6.067,4.638167,-74.084512,0.10,3,1
1848,20053102,0.448,-0.474,-9.288,4.551,-6.206,8.021,182.726,-0.627,-0.048,0.046,8.021,4.638167,-74.084512,0.10,3,1
1849,20063117,0.369,-0.647,-9.185,3.239,-7.884,9.211,182.859,-0.847,-0.066,0.038,9.211,4.638167,-74.084512,0.10,3,1
1850,20073105,0.331,-0.760,-9.201,1.896,-10.021,9.669,183.023,-1.051,-0.078,0.034,9.669,4.638167,-74.084512,0.10,3,1
1851,20083093,0.247,-0.746,-9.384,0.706,-12.126,9.546,183.149,-1.217,-0.076,0.025,9.546,4.638167,-74.084512,0.10,3,1
1852,20093115,0.102,-0.551,-9.602,0.309,-14.018,9.180,183.166,-1.319,-0.056,0.010,9.180,4.638167,-74.084512,0.10,3,1
1853,20103098,0.104,-0.505,-9.739,0.950,-15.392,9.119,183.163,-1.426,-0.051,0.011,9.119,4.638167,-74.084512,0.10,3,1
1854,20113122,0.045,-0.380,-9.915,1.408,-16.307,9.241,183.105,-1.506,-0.039,0.005,9.241,4.638167,-74.084512,0.10,3,1
1855,20123118,-0.010,-0.336,-9.898,3.025,-16.551,9.455,183.047,-1.558,-0.034,-0.001,9.455,4.638167,-74.084512,0.10,3,1
1856,20133105,-0.072,-0.481,-9.754,4.337,-16.368,9.852,183.073,-1.577,-0.049,-0.007,9.852,4.638167,-74.084512,0.10,3,1
1857,20143108,-0.103,-0.623,-9.646,4.734,-16.155,10.187,183.168,-1.577,-0.064,-0.011,10.187,4.638167,-74.084512,0.10,3,1
1858,20153115,-0.163,-0.775,-9.478,3.910,-15.972,10.554,183.323,-1.548,-0.079,-0.017,10.554,4.638167,-74.084512,0.10,3,1
1859,20163112,-0.256,-0.992,-9.362,3.147,-15.911,10.340,183.564,-1.476,-0.101,-0.026,10.340,4.638167,-74.084512,0.10,3,1
1860,20173109,-0.296,-1.175,-9.367,2.293,-15.941,9.485,183.863,-1.391,-0.120,-0.030,9.485,4.638167,-74.084512,0.10,3,1
1861,20183099,-0.325,-1.199,-9.463,0.126,-16.185,8.265,184.125,-1.303,-0.122,-0.033,8.265,4.638167,-74.084512,0.10,3,1
1862,20193112,-0.351,-1.129,-9.612,-1.797,-16.307,6.922,184.309,-1.214,-0.115,-0.036,6.922,4.638167,-74.084512,0.10,3,1
1863,20203094,-0.501,-0.881,-9.809,-3.109,-16.185,5.884,184.347,-1.065,-0.090,-0.051,5.884,4.638167,-74.084512,0.10,3,1
1864,20213096,-0.568,-0.773,-9.970,-3.322,-15.148,5.152,184.327,-0.893,-0.079,-0.058,5.152,4.638167,-74.084512,0.10,3,1
1865,20223097,-0.637,-0.650,-10.126,-2.987,-13.286,4.908,184.253,-0.690,-0.066,-0.065,4.908,4.638167,-74.084512,0.10,3,1
1866,20233092,-0.718,-0.490,-10.285,-1.827,-10.600,4.938,184.123,-0.448,-0.050,-0.073,4.938,4.638167,-74.084512,0.10,3,1
1867,20243094,-0.802,-0.423,-10.414,-0.301,-7.060,5.762,183.987,-0.160,-0.043,-0.082,5.762,4.638167,-74.084512,0.10,3,1
1868,20253109,-0.828,-0.493,-10.431,0.767,-3.429,7.227,183.899,0.150,-0.050,-0.084,7.227,4.638167,-74.084512,0.10,3,1
1869,20268846,-0.854,-0.623,-10.176,2.171,2.247,9.333,183.905,0.525,-0.064,-0.087,9.333,4.638167,-74.084512,0.10,3,1
1870,20273106,-0.854,-0.623,-10.176,2.171,2.247,9.333,183.897,0.866,-0.064,-0.087,9.333,4.638167,-74.084512,0.10,3,1
1871,20283105,-0.797,-0.710,-10.004,3.452,4.109,8.814,183.945,1.177,-0.072,-0.081,8.814,4.638167,-74.084512,0.10,3,1
1872,20293098,-0.816,-0.717,-9.972,4.917,4.994,7.349,184.007,1.480,-0.073,-0.083,7.349,4.638167,-74.084512,0.10,3,1
1873,20303093,-0.954,-0.505,-10.068,7.115,5.513,5.488,183.988,1.821,-0.051,-0.097,5.488,4.638167,-74.084512,0.10,3,1
1874,20313107,-0.828,-0.678,-9.992,10.471,6.154,3.748,184.080,2.088,-0.069,-0.084,3.748,4.638167,-74.084512,0.10,3,1
1875,20323104,-0.773,-0.760,-9.869,11.997,5.940,2.222,184.220,2.311,-0.078,-0.079,2.222,4.638167,-74.084512,0.10,3,1
1876,20333098,-0.795,-0.616,-10.088,12.669,5.543,1.337,184.284,2.515,-0.063,-0.081,1.337,4.638167,-74.084512,0.10,3,1
1877,20343095,-0.723,-0.654,-9.843,13.310,6.550,0.635,184.373,2.690,-0.067,-0.074,0.635,4.638167,-74.084512,0.10,3,1
1878,20353089,-1.054,0.009,-10.301,13.767,7.466,1.551,184.163,2.986,0.001,-0.108,1.551,4.638167,-74.084512,0.10,3,1
1879,20363087,-0.873,-0.269,-9.905,17.002,9.907,3.412,184.122,3.220,-0.027,-0.089,3.412,4.638167,-74.084512,0.10,3,1
1880,20373101,-1.126,-0.228,-10.294,19.383,11.067,5.793,184.084,3.539,-0.023,-0.115,5.793,4.638167,-74.084512,0.10,3,1
1881,20383104,-0.895,-0.809,-10.246,22.953,13.722,6.128,184.333,3.760,-0.082,-0.091,6.128,4.638167,-74.084512,0.10,3,1
1882,20393101,-0.883,-0.794,-10.203,23.228,16.713,4.999,184.560,3.989,-0.081,-0.090,4.999,4.638167,-74.084512,0.10,3,1
1883,20403104,-0.885,-0.801,-10.191,24.967,18.879,3.962,184.789,4.222,-0.082,-0.090,3.962,4.638167,-74.084512,0.10,3,1
1884,20413101,-0.785,-0.797,-10.116,26.676,20.833,3.626,185.017,4.414,-0.081,-0.080,3.626,4.638167,-74.084512,0.10,3,1
1885,20423104,-0.637,-0.859,-10.066,28.324,22.481,4.114,185.271,4.545,-0.088,-0.065,4.114,4.638167,-74.084512,0.10,3,1
1886,20433106,-0.420,-0.985,-9.946,29.484,23.243,4.908,185.576,4.580,-0.100,-0.043,4.908,4.638167,-74.084512,0.10,3,1
1887,20443103,-0.146,-1.296,-9.898,29.606,22.572,5.915,185.998,4.486,-0.132,-0.015,5.915,4.638167,-74.084512,0.10,3,1
1888,20453101,0.040,-1.607,-9.744,28.385,20.894,6.312,186.521,4.302,-0.164,0.004,6.312,4.638167,-74.084512,0.10,3,1
1889,20463099,-0.072,-1.573,-9.566,26.890,17.964,5.640,186.989,4.155,-0.160,-0.007,5.640,4.638167,-74.084512,0.10,3,1
1890,20473095,-0.060,-1.619,-9.434,25.730,15.278,4.847,187.440,3.989,-0.165,-0.006,4.847,4.638167,-74.084512,0.10,3,1
1891,20483095,0.069,-1.826,-9.264,24.449,12.868,3.412,187.954,3.754,-0.186,0.007,3.412,4.638167,-74.084512,0.10,3,1
1892,20493090,0.164,-1.894,-9.144,22.740,9.785,1.520,188.454,3.463,-0.193,0.017,1.520,4.638167,-74.084512,0.10,3,1
1893,20503088,0.286,-1.908,-9.141,20.847,6.337,-0.067,188.906,3.106,-0.195,0.029,-0.067,4.638167,-74.084512,0.10,3,1
1894,20513100,0.345,-1.857,-9.173,18.406,3.010,-1.013,189.275,2.718,-0.189,0.035,-1.013,4.638167,-74.084512,0.10,3,1
1895,20523098,0.364,-1.790,-9.309,15.659,-0.072,-0.768,189.546,2.324,-0.183,0.037,-0.768,4.638167,-74.084512,0.10,3,1
1896,20533090,0.336,-1.814,-9.372,12.943,-2.483,0.391,189.778,1.951,-0.185,0.034,0.391,4.638167,-74.084512,0.10,3,1
1897,20543087,0.250,-1.819,-9.415,9.892,-4.222,1.826,189.961,1.632,-0.185,0.025,1.826,4.638167,-74.084512,0.10,3,1
1898,20553100,0.257,-1.792,-9.403,6.992,-5.443,3.382,190.094,1.321,-0.183,0.026,3.382,4.638167,-74.084512,0.10,3,1
1899,20580719,0.126,-1.812,-9.542,-1.156,-7.121,6.159,190.132,0.917,-0.185,0.013,6.159,4.638167,-74.084512,0.10,3,1
1900,20582050,0.126,-1.812,-9.542,-1.156,-7.121,6.159,190.175,0.613,-0.185,0.013,6.159,4.638167,-74.084512,0.10,3,1
1901,20583372,0.126,-1.812,-9.542,-1.156,-7.121,6.159,190.218,0.410,-0.185,0.013,6.159,4.638167,-74.084512,0.10,3,1
1902,20593100,0.111,-1.809,-9.540,-2.956,-7.640,6.556,190.240,0.231,-0.184,0.011,6.556,4.638167,-74.084512,0.10,3,1
1903,20603097,0.076,-1.775,-9.588,-4.330,-8.342,6.556,190.225,0.080,-0.181,0.008,6.556,4.638167,-74.084512,0.10,3,1
1904,20613092,0.016,-1.703,-9.658,-5.184,-8.830,6.434,190.163,-0.034,-0.174,0.002,6.434,4.638167,-74.084512,0.10,3,1
1905,20623089,-0.053,-1.650,-9.703,-5.031,-9.288,6.006,190.079,-0.108,-0.168,-0.005,6.006,4.638167,-74.084512,0.10,3,1
1906,20633149,-0.117,-1.604,-9.778,-4.909,-9.685,5.305,189.976,-0.151,-0.164,-0.012,5.305,4.638167,-74.084512,0.10,3,1
1907,20643099,-0.160,-1.580,-9.809,-4.238,-9.838,4.419,189.875,-0.173,-0.161,-0.016,4.419,4.638167,-74.084512,0.10,3,1
1908,20653092,-0.170,-1.665,-9.958,-3.383,-9.593,3.626,189.817,-0.188,-0.170,-0.017,3.626,4.638167,-74.084512,0.10,3,1
1909,20663088,-0.234,-1.616,-9.936,-3.597,-8.586,2.772,189.742,-0.164,-0.165,-0.024,2.772,4.638167,-74.084512,0.10,3,1
1910,20673103,-0.265,-1.546,-9.900,-3.689,-7.610,2.131,189.644,-0.119,-0.158,-0.027,2.131,4.638167,-74.084512,0.10,3,1
1911,20683115,-0.244,-1.520,-9.898,-3.628,-6.420,1.887,189.542,-0.077,-0.155,-0.025,1.887,4.638167,-74.084512,0.10,3,1
1912,20693126,-0.215,-1.496,-9.718,-2.865,-5.596,1.337,189.458,-0.042,-0.153,-0.022,1.337,4.638167,-74.084512,0.10,3,1
1913,20703093,-0.227,-1.508,-9.662,-2.682,-5.168,1.032,189.391,-0.000,-0.154,-0.023,1.032,4.638167,-74.084512,0.10,3,1
1914,20713096,-0.201,-1.493,-9.720,-3.231,-5.046,1.520,189.314,0.027,-0.152,-0.020,1.520,4.638167,-74.084512,0.10,3,1
1915,20723094,-0.151,-1.522,-9.725,-4.665,-5.046,2.314,189.243,0.029,-0.155,-0.015,2.314,4.638167,-74.084512,0.10,3,1
1916,20733119,-0.144,-1.563,-9.720,-6.801,-4.772,3.290,189.176,0.030,-0.159,-0.015,3.290,4.638167,-74.084512,0.10,3,1
1917,20743106,-0.153,-1.460,-9.605,-9.029,-4.527,3.962,189.055,0.039,-0.149,-0.016,3.962,4.638167,-74.084512,0.10,3,1
1918,20753103,-0.170,-1.380,-9.506,-10.219,-4.955,4.908,188.903,0.051,-0.141,-0.017,4.908,4.638158,-74.084517,0.23,3,1
1919,20763103,-0.215,-1.250,-9.530,-11.318,-5.748,6.220,188.692,0.075,-0.127,-0.022,6.220,4.638158,-74.084517,0.23,3,1
1920,20773104,-0.275,-1.137,-9.629,-11.440,-6.633,7.593,188.439,0.116,-0.116,-0.028,7.593,4.638158,-74.084517,0.23,3,1
1921,20783114,-0.260,-1.209,-9.715,-10.891,-6.969,8.448,188.239,0.143,-0.123,-0.027,8.448,4.638158,-74.084517,0.23,3,1
1922,20793096,-0.251,-1.199,-9.696,-10.067,-6.999,8.295,188.058,0.163,-0.122,-0.026,8.295,4.638158,-74.084517,0.23,3,1
1923,20803107,-0.284,-1.105,-9.699,-8.846,-7.701,7.807,187.861,0.190,-0.113,-0.029,7.807,4.638158,-74.084517,0.23,3,1
1924,20813102,-0.351,-1.112,-9.768,-7.107,-8.556,7.319,187.694,0.237,-0.113,-0.036,7.319,4.638158,-74.084517,0.23,3,1
1925,20823111,-0.346,-1.115,-9.711,-5.520,-9.410,6.769,187.559,0.270,-0.114,-0.035,6.769,4.638158,-74.084517,0.23,3,1
1926,20833103,-0.401,-1.064,-9.737,-3.780,-10.692,6.464,187.426,0.314,-0.109,-0.041,6.464,4.638158,-74.084517,0.23,3,1
1927,20843106,-0.418,-1.163,-9.759,-2.315,-12.004,6.342,187.360,0.348,-0.119,-0.043,6.342,4.638158,-74.084517,0.23,3,1
1928,20853103,-0.489,-1.192,-9.790,-1.766,-12.889,5.884,187.315,0.404,-0.122,-0.050,5.884,4.638158,-74.084517,0.23,3,1
1929,20863108,-0.532,-1.245,-9.845,-0.515,-13.561,5.274,187.305,0.466,-0.127,-0.054,5.274,4.638158,-74.084517,0.23,3,1
1930,20873121,-0.587,-1.322,-9.943,0.096,-13.591,4.633,187.330,0.544,-0.135,-0.060,4.633,4.638158,-74.084517,0.23,3,1
1931,20883105,-0.573,-1.262,-9.955,-0.149,-12.798,4.053,187.324,0.618,-0.129,-0.058,4.053,4.638158,-74.084517,0.23,3,1
1932,20893109,-0.637,-1.173,-10.037,-0.179,-11.577,4.084,187.276,0.724,-0.120,-0.065,4.084,4.638158,-74.084517,0.23,3,1
1933,20903100,-0.647,-1.139,-10.035,-0.057,-10.112,4.969,187.217,0.839,-0.116,-0.066,4.969,4.638158,-74.084517,0.23,3,1
1934,20916852,-0.671,-1.137,-10.042,-0.271,-8.800,6.373,187.159,0.938,-0.116,-0.068,6.373,4.638158,-74.084517,0.23,3,1
1935,20923093,-0.718,-1.100,-10.042,-0.210,-7.823,7.532,187.089,1.095,-0.112,-0.073,7.532,4.638158,-74.084517,0.23,3,1
1936,20933106,-0.749,-1.110,-10.018,0.401,-6.877,8.265,187.037,1.261,-0.113,-0.076,8.265,4.638158,-74.084517,0.23,3,1
1937,20943092,-0.802,-1.161,-9.951,1.469,-6.145,8.448,187.024,1.447,-0.118,-0.082,8.448,4.638158,-74.084517,0.23,3,1
1938,20953108,-0.833,-1.243,-9.948,2.934,-5.474,8.234,187.062,1.636,-0.127,-0.085,8.234,4.638158,-74.084517,0.23,3,1
1939,20963097,-0.857,-1.392,-9.881,4.215,-4.863,7.624,187.178,1.829,-0.142,-0.087,7.624,4.638158,-74.084517,0.23,3,1
1940,20973101,-0.809,-1.503,-9.761,5.894,-4.619,5.945,187.357,1.991,-0.153,-0.082,5.945,4.638158,-74.084517,0.23,3,1
1941,20983098,-0.747,-1.585,-9.754,5.924,-4.772,3.870,187.560,2.112,-0.162,-0.076,3.870,4.638158,-74.084517,0.23,3,1
1942,20993099,-0.735,-1.505,-9.775,5.924,-5.382,2.039,187.710,2.212,-0.154,-0.075,2.039,4.638158,-74.084517,0.23,3,1
1943,21003109,-0.718,-1.394,-9.703,5.711,-5.779,1.093,187.802,2.295,-0.142,-0.073,1.093,4.638158,-74.084517,0.23,3,1
1944,21013116,-0.697,-1.416,-9.593,5.039,-6.206,1.002,187.898,2.362,-0.144,-0.071,1.002,4.638158,-74.084517,0.23,3,1
1945,21023100,-0.671,-1.573,-9.578,4.521,-6.908,1.185,188.053,2.405,-0.160,-0.068,1.185,4.638158,-74.084517,0.23,3,1
1946,21033104,-0.711,-1.785,-9.595,3.056,-7.640,0.910,188.276,2.455,-0.182,-0.073,0.910,4.638158,-74.084517,0.23,3,1
1947,21043106,-0.685,-1.853,-9.622,0.584,-8.525,0.239,188.486,2.480,-0.189,-0.070,0.239,4.638158,-74.084517,0.23,3,1
1948,21053125,-0.656,-1.775,-9.694,-2.346,-9.136,-0.707,188.613,2.482,-0.181,-0.067,-0.707,4.638158,-74.084517,0.23,3,1
1949,21063090,-0.685,-1.546,-9.727,-5.092,-9.471,-1.165,188.602,2.495,-0.158,-0.070,-1.165,4.638158,-74.084517,0.23,3,1
1950,21073108,-0.742,-1.284,-9.778,-7.168,-8.983,-0.799,188.454,2.535,-0.131,-0.076,-0.799,4.638158,-74.084517,0.23,3,1
1951,21083092,-0.816,-1.122,-9.823,-7.900,-8.159,0.635,188.236,2.613,-0.114,-0.083,0.635,4.638158,-74.084517,0.23,3,1
1952,21093107,-0.888,-1.197,-9.912,-8.114,-7.121,2.405,188.062,2.721,-0.122,-0.091,2.405,4.638158,-74.084517,0.23,3,1
1953,21103102,-0.921,-1.211,-9.982,-8.938,-6.023,3.687,187.895,2.843,-0.124,-0.094,3.687,4.638158,-74.084517,0.23,3,1
1954,21113104,-0.945,-1.112,-9.980,-10.036,-4.772,4.755,187.689,2.979,-0.113,-0.096,4.755,4.638158,-74.084517,0.23,3,1
1955,21123095,-0.995,-1.096,-9.919,-10.219,-3.276,5.884,187.492,3.142,-0.112,-0.101,5.884,4.638158,-74.084517,0.23,3,1
1956,21133111,-0.981,-1.223,-9.869,-9.853,-1.659,6.678,187.372,3.303,-0.125,-0.100,6.678,4.638158,-74.084517,0.23,3,1
1957,21143099,-0.940,-1.392,-9.761,-9.914,-0.652,6.556,187.341,3.446,-0.142,-0.096,6.556,4.638158,-74.084517,0.23,3,1
1958,21153096,-0.907,-1.496,-9.677,-10.555,-0.560,5.579,187.357,3.568,-0.153,-0.092,5.579,4.638158,-74.084517,0.23,3,1
1959,21163093,-0.871,-1.496,-9.641,-11.562,-0.987,4.419,187.366,3.662,-0.153,-0.089,4.419,4.638158,-74.084517,0.23,3,1
1960,21173105,-0.811,-1.428,-9.634,-12.722,-1.781,3.565,187.334,3.716,-0.146,-0.083,3.565,4.638158,-74.084517,0.23,3,1
1961,21183106,-0.776,-1.346,-9.723,-13.729,-3.063,3.168,187.253,3.735,-0.137,-0.079,3.168,4.638158,-74.084517,0.23,3,1
1962,21193106,-0.783,-1.185,-9.864,-14.461,-4.039,2.924,187.092,3.742,-0.121,-0.080,2.924,4.638158,-74.084517,0.23,3,1
1963,21203099,-0.802,-0.934,-9.900,-14.919,-4.436,3.229,186.827,3.754,-0.095,-0.082,3.229,4.638158,-74.084517,0.23,3,1
1964,21213108,-0.849,-0.727,-9.907,-14.706,-4.558,4.053,186.494,3.784,-0.074,-0.087,4.053,4.638158,-74.084517,0.23,3,1
1965,21223088,-0.871,-0.633,-9.912,-13.576,-4.436,5.305,186.155,3.823,-0.065,-0.089,5.305,4.638158,-74.084517,0.23,3,1
1966,21233093,-0.883,-0.580,-9.927,-12.050,-4.283,6.556,185.832,3.866,-0.059,-0.090,6.556,4.638158,-74.084517,0.23,3,1
1967,21243102,-0.930,-0.657,-10.028,-10.311,-3.887,7.685,185.580,3.925,-0.067,-0.095,7.685,4.638158,-74.084517,0.23,3,1
1968,21260507,-0.935,-0.551,-9.855,-7.717,-2.269,9.455,185.271,3.985,-0.056,-0.095,9.455,4.638158,-74.084517,0.23,3,1
1969,21263089,-0.935,-0.551,-9.855,-7.717,-2.269,9.455,185.038,4.064,-0.056,-0.095,9.455,4.638158,-74.084517,0.23,3,1
1970,21273095,-0.952,-0.705,-9.879,-5.428,-2.178,10.035,184.916,4.144,-0.072,-0.097,10.035,4.638158,-74.084517,0.23,3,1
1971,21283105,-0.997,-0.898,-9.919,-3.597,-1.720,9.852,184.906,4.238,-0.092,-0.102,9.852,4.638158,-74.084517,0.23,3,1
1972,21293094,-1.009,-0.958,-9.900,-2.193,-1.201,8.875,184.938,4.336,-0.098,-0.103,8.875,4.638158,-74.084517,0.23,3,1
1973,21303105,-1.054,-0.924,-9.843,-1.491,-0.774,7.776,184.960,4.452,-0.094,-0.108,7.776,4.638158,-74.084517,0.23,3,1
1974,21313108,-1.031,-0.908,-9.771,-1.125,-0.530,7.166,184.980,4.555,-0.093,-0.105,7.166,4.638158,-74.084517,0.23,3,1
1975,21323091,-1.016,-0.792,-9.694,-1.095,-0.133,7.044,184.949,4.650,-0.081,-0.104,7.044,4.638158,-74.084517,0.23,3,1
1976,21333094,-1.059,-0.724,-9.674,-0.667,0.142,7.471,184.895,4.760,-0.074,-0.108,7.471,4.638158,-74.084517,0.23,3,1
1977,21343097,-1.081,-0.787,-9.699,-0.332,0.599,8.326,184.875,4.875,-0.080,-0.110,8.326,4.638158,-74.084517,0.23,3,1
1978,21353094,-1.071,-0.864,-9.713,-0.362,1.301,8.845,184.891,4.981,-0.088,-0.109,8.845,4.638158,-74.084517,0.23,3,1
1979,21363104,-1.064,-0.951,-9.684,-0.484,2.156,8.784,184.945,5.085,-0.097,-0.109,8.784,4.638158,-74.084517,0.23,3,1
1980,21373102,-1.214,-0.854,-9.768,-1.217,3.071,8.814,184.941,5.253,-0.087,-0.124,8.814,4.638158,-74.084517,0.23,3,1
1981,21383104,-1.424,-0.809,-10.056,-2.651,4.963,10.889,184.893,5.500,-0.082,-0.145,10.889,4.638158,-74.084517,0.23,3,1
1982,21393108,-1.784,-0.625,-10.397,-5.947,9.633,14.673,184.730,5.900,-0.064,-0.182,14.673,4.638158,-74.084517,0.23,3,1
1983,21403096,-2.003,-0.715,-10.686,-8.724,17.781,19.678,184.583,6.412,-0.073,-0.204,19.678,4.638158,-74.084517,0.23,3,1
1984,21413102,-1.574,-1.404,-10.700,-14.126,27.882,23.615,184.678,6.802,-0.143,-0.161,23.615,4.638158,-74.084517,0.23,3,1
1985,21423100,-1.324,-1.761,-10.614,-21.419,36.336,24.042,184.847,7.142,-0.180,-0.135,24.042,4.638158,-74.084517,0.23,3,1
1986,21433094,-1.121,-1.850,-10.306,-26.638,42.561,22.242,185.013,7.444,-0.189,-0.114,22.242,4.638158,-74.084517,0.23,3,1
1987,21443105,-0.926,-1.768,-9.929,-30.605,45.338,19.037,185.123,7.682,-0.180,-0.094,19.037,4.638158,-74.084517,0.23,3,1
1988,21453100,-0.444,-1.677,-9.667,-33.962,44.392,15.070,185.175,7.689,-0.171,-0.045,15.070,4.638158,-74.084517,0.23,3,1
1989,21463096,0.116,-1.525,-9.377,-38.174,39.723,10.706,185.137,7.401,-0.155,0.012,10.706,4.638158,-74.084517,0.23,3,1
1990,21473108,-0.015,-0.768,-9.218,-38.357,31.544,5.427,184.757,7.119,-0.078,-0.002,5.427,4.638158,-74.084517,0.23,3,1
1991,21483097,-0.179,-0.059,-9.333,-34.481,23.091,1.856,184.106,6.859,-0.006,-0.018,1.856,4.638158,-74.084517,0.23,3,1
1992,21493103,-0.370,0.590,-9.307,-27.920,16.743,0.666,183.260,6.649,0.060,-0.038,0.666,4.638158,-74.084517,0.23,3,1
1993,21503091,-0.260,0.751,-9.314,-21.053,12.013,1.887,182.467,6.359,0.077,-0.027,1.887,4.638158,-74.084517,0.23,3,1
1994,21513100,-0.103,0.522,-9.463,-14.950,8.137,3.168,181.902,5.981,0.053,-0.011,3.168,4.638158,-74.084517,0.23,3,1
1995,21523105,-0.027,0.189,-9.631,-8.846,4.994,3.351,181.591,5.568,0.019,-0.003,3.351,4.638158,-74.084517,0.23,3,1
1996,21533104,0.045,-0.025,-9.687,-2.865,2.064,1.856,181.458,5.126,-0.003,0.005,1.856,4.638158,-74.084517,0.23,3,1
1997,21543091,0.045,0.011,-9.696,1.835,-1.048,-0.128,181.361,4.690,0.001,0.005,-0.128,4.638158,-74.084517,0.23,3,1
1998,21553094,-0.036,0.151,-9.723,4.795,-4.436,-1.165,181.237,4.292,0.015,-0.004,-1.165,4.638158,-74.084517,0.23,3,1
1999,21593201,-0.332,-0.204,-10.025,15.141,-10.936,2.924,181.792,3.614,-0.021,-0.034,2.924,4.638158,-74.084517,0.23,3,1
2000,21594537,-0.332,-0.204,-10.025,15.141,-10.936,2.924,182.165,3.086,-0.021,-0.034,2.924,4.638158,-74.084517,0.23,3,1
2001,21595864,-0.332,-0.204,-10.025,15.141,-10.936,2.924,182.377,2.706,-0.021,-0.034,2.924,4.638158,-74.084517,0.23,3,1
2002,21597188,-0.411,-0.372,-10.104,16.758,-11.058,2.955,182.567,2.507,-0.038,-0.042,2.955,4.638158,-74.084517,0.23,3,1
2003,21603095,-0.411,-0.372,-10.104,16.758,-11.058,2.955,182.677,2.375,-0.038,-0.042,2.955,4.638158,-74.084517,0.23,3,1
2004,21613101,-0.547,-0.408,-10.037,18.223,-10.997,2.436,182.812,2.329,-0.042,-0.056,2.436,4.638158,-74.084517,0.23,3,1
2005,21623090,-0.618,-0.408,-10.047,19.413,-10.845,1.581,182.948,2.324,-0.042,-0.063,1.581,4.638158,-74.084517,0.23,3,1
2006,21633151,-0.656,-0.367,-10.004,20.725,-10.753,0.544,183.065,2.338,-0.037,-0.067,0.544,4.638158,-74.084517,0.23,3,1
2007,21643097,-0.690,-0.384,-9.924,22.740,-10.539,-0.341,183.202,2.368,-0.039,-0.070,-0.341,4.638158,-74.084517,0.23,3,1
2008,21653099,-0.733,-0.469,-9.912,25.303,-10.112,-1.226,183.394,2.419,-0.048,-0.075,-1.226,4.638158,-74.084517,0.23,3,1
2009,21663102,-0.754,-0.548,-9.934,27.897,-9.380,-2.477,183.633,2.479,-0.056,-0.077,-2.477,4.638158,-74.084517,0.23,3,1
2010,21673101,-0.745,-0.546,-9.903,30.125,-8.495,-3.485,183.873,2.536,-0.056,-0.076,-3.485,4.638158,-74.084517,0.23,3,1
2011,21683122,-0.733,-0.613,-9.893,31.864,-7.732,-4.125,184.142,2.589,-0.063,-0.075,-4.125,4.638158,-74.084517,0.23,3,1
2012,21693114,-0.730,-0.666,-9.876,33.421,-6.725,-4.614,184.429,2.644,-0.068,-0.074,-4.614,4.638158,-74.084517,0.23,3,1
2013,21703108,-0.697,-0.671,-9.823,34.733,-6.023,-4.583,184.710,2.687,-0.068,-0.071,-4.583,4.638158,-74.084517,0.23,3,1
2014,21713099,-0.649,-0.623,-9.771,36.045,-5.596,-4.278,184.960,2.709,-0.064,-0.066,-4.278,4.638158,-74.084517,0.23,3,1
2015,21723098,-0.659,-0.748,-9.852,37.052,-5.107,-3.210,185.255,2.735,-0.076,-0.067,-3.210,4.638158,-74.084517,0.23,3,1
2016,21733138,-0.594,-0.806,-9.811,36.778,-4.131,-1.470,185.554,2.739,-0.082,-0.061,-1.470,4.638158,-74.084517,0.23,3,1
2017,21743094,-0.497,-0.801,-9.737,35.587,-3.246,1.337,185.818,2.709,-0.082,-0.051,1.337,4.638158,-74.084517,0.23,3,1
2018,21753098,-0.513,-1.011,-9.905,32.383,-2.300,6.830,186.119,2.692,-0.103,-0.052,6.830,4.638157,-74.084518,0.23,3,1
2019,21763123,-0.685,-0.989,-10.373,26.524,0.813,12.964,186.315,2.768,-0.101,-0.070,12.964,4.638157,-74.084518,0.23,3,1
2020,21773111,-0.816,-0.688,-10.657,19.291,7.008,18.915,186.291,2.943,-0.070,-0.083,18.915,4.638157,-74.084518,0.23,3,1
2021,21783101,-0.838,-0.541,-10.616,15.293,14.485,25.385,186.173,3.184,-0.055,-0.085,25.385,4.638157,-74.084518,0.23,3,1
2022,21793102,-0.835,-0.746,-10.455,14.683,20.741,30.298,186.149,3.467,-0.076,-0.085,30.298,4.638157,-74.084518,0.23,3,1
2023,21803113,-0.702,-1.067,-10.335,16.026,24.891,32.068,186.280,3.714,-0.109,-0.072,32.068,4.638157,-74.084518,0.23,3,1
2024,21813109,-0.635,-1.269,-10.008,18.345,26.417,31.061,186.524,3.935,-0.129,-0.065,31.061,4.638157,-74.084518,0.23,3,1
2025,21823109,-0.542,-1.493,-9.684,21.153,25.624,28.345,186.895,4.098,-0.152,-0.055,28.345,4.638157,-74.084518,0.23,3,1
2026,21833108,-0.520,-1.701,-9.550,22.984,23.671,25.080,187.356,4.224,-0.173,-0.053,25.080,4.638157,-74.084518,0.23,3,1
2027,21843092,-0.513,-1.838,-9.317,23.686,21.596,22.028,187.869,4.322,-0.187,-0.052,22.028,4.638157,-74.084518,0.23,3,1
2028,21853099,-0.499,-1.980,-9.199,24.113,19.032,19.190,188.423,4.385,-0.202,-0.051,19.190,4.638157,-74.084518,0.23,3,1
2029,21863102,-0.427,-2.070,-9.228,23.289,16.682,17.145,188.964,4.386,-0.211,-0.044,17.145,4.638157,-74.084518,0.23,3,1
2030,21873116,-0.284,-2.197,-9.170,21.153,14.577,15.436,189.508,4.303,-0.224,-0.029,15.436,4.638157,-74.084518,0.23,3,1
2031,21883107,-0.244,-2.311,-9.189,18.833,11.983,13.361,190.038,4.182,-0.236,-0.025,13.361,4.638157,-74.084518,0.23,3,1
2032,21893098,-0.222,-2.335,-9.206,16.453,8.992,10.828,190.514,4.033,-0.238,-0.023,10.828,4.638157,-74.084518,0.23,3,1
2033,21906934,-0.244,-2.205,-9.252,12.242,3.285,6.190,190.901,3.853,-0.225,-0.025,6.190,4.638157,-74.084518,0.23,3,1
2034,21913101,-0.244,-2.205,-9.252,12.242,3.285,6.190,191.213,3.681,-0.225,-0.025,6.190,4.638157,-74.084518,0.23,3,1
2035,21923098,-0.318,-2.137,-9.333,10.441,0.752,4.358,191.444,3.535,-0.218,-0.032,4.358,4.638157,-74.084518,0.23,3,1
2036,21933113,-0.330,-2.079,-9.432,9.159,-1.354,3.016,191.609,3.384,-0.212,-0.034,3.016,4.638157,-74.084518,0.23,3,1
2037,21943103,-0.315,-2.043,-9.511,8.213,-3.124,1.490,191.728,3.222,-0.208,-0.032,1.490,4.638157,-74.084518,0.23,3,1
2038,21953113,-0.399,-1.951,-9.550,7.328,-4.405,0.574,191.785,3.098,-0.199,-0.041,0.574,4.638157,-74.084518,0.23,3,1
2039,21963099,-0.451,-1.951,-9.581,6.718,-5.290,0.117,191.829,2.999,-0.199,-0.046,0.117,4.638157,-74.084518,0.23,3,1
2040,21973102,-0.513,-1.988,-9.595,6.046,-5.840,-0.707,191.879,2.930,-0.203,-0.052,-0.707,4.638157,-74.084518,0.23,3,1
2041,21983099,-0.578,-1.968,-9.600,5.497,-6.359,-1.776,191.910,2.890,-0.201,-0.059,-1.776,4.638157,-74.084518,0.23,3,1
2042,21993103,-0.635,-1.894,-9.718,5.345,-6.603,-2.966,191.895,2.874,-0.193,-0.065,-2.966,4.638157,-74.084518,0.23,3,1
2043,22003117,-0.632,-1.807,-9.778,5.711,-6.053,-3.668,191.841,2.862,-0.184,-0.064,-3.668,4.638157,-74.084518,0.23,3,1
2044,22013104,-0.623,-1.795,-9.891,6.748,-4.863,-4.186,191.787,2.855,-0.183,-0.064,-4.186,4.638157,-74.084518,0.23,3,1
2045,22023097,-0.616,-1.797,-9.970,6.779,-3.368,-4.217,191.732,2.856,-0.183,-0.063,-4.217,4.638157,-74.084518,0.23,3,1
2046,22033105,-0.573,-1.853,-9.972,6.687,-2.330,-3.881,191.705,2.849,-0.189,-0.058,-3.881,4.638157,-74.084518,0.23,3,1
2047,22043101,-0.530,-1.898,-10.044,6.901,-1.872,-4.156,191.694,2.826,-0.194,-0.054,-4.156,4.638157,-74.084518,0.23,3,1
2048,22053112,-0.487,-1.867,-10.025,7.237,-1.506,-4.644,191.677,2.790,-0.190,-0.050,-4.644,4.638157,-74.084518,0.23,3,1
2049,22063098,-0.468,-1.836,-9.955,8.030,-1.140,-4.980,191.660,2.753,-0.187,-0.048,-4.980,4.638157,-74.084518,0.23,3,1
2050,22073105,-0.439,-1.696,-9.821,9.403,-0.835,-5.133,191.607,2.713,-0.173,-0.045,-5.133,4.638157,-74.084518,0.23,3,1
2051,22083109,-0.373,-1.739,-9.653,11.173,-0.469,-4.919,191.606,2.653,-0.177,-0.038,-4.919,4.638157,-74.084518,0.23,3,1
2052,22093105,-0.342,-1.865,-9.497,11.936,-0.682,-3.912,191.681,2.583,-0.190,-0.035,-3.912,4.638157,-74.084518,0.23,3,1
2053,22103109,-0.334,-2.038,-9.427,12.333,-1.750,-2.905,191.838,2.506,-0.208,-0.034,-2.905,4.638157,-74.084518,0.23,3,1
2054,22113101,-0.430,-2.101,-9.391,12.394,-3.002,-3.240,192.014,2.467,-0.214,-0.044,-3.240,4.638157,-74.084518,0.23,3,1
2055,22123102,-0.625,-1.947,-9.437,13.249,-3.795,-4.766,192.112,2.513,-0.198,-0.064,-4.766,4.638157,-74.084518,0.23,3,1
2056,22133130,-0.888,-1.677,-9.694,15.995,-3.581,-6.994,192.087,2.667,-0.171,-0.091,-6.994,4.638157,-74.084518,0.23,3,1
2057,22143109,-1.002,-1.361,-9.898,21.183,-2.452,-10.076,191.960,2.863,-0.139,-0.102,-10.076,4.638157,-74.084518,0.23,3,1
2058,22153106,-0.520,-1.551,-9.917,28.782,-1.079,-13.220,191.994,2.847,-0.158,-0.053,-13.220,4.638157,-74.084518,0.23,3,1
2059,22163103,-0.189,-1.841,-9.989,33.695,-1.476,-14.349,192.189,2.682,-0.188,-0.019,-14.349,4.638157,-74.084518,0.23,3,1
2060,22173114,-0.203,-1.951,-9.907,36.595,-2.300,-12.914,192.450,2.529,-0.199,-0.021,-12.914,4.638157,-74.084518,0.23,3,1
2061,22183108,-0.311,-2.233,-9.869,36.320,-1.567,-9.527,192.811,2.440,-0.228,-0.032,-9.527,4.638157,-74.084518,0.23,3,1
2062,22193107,-0.377,-2.595,-9.797,33.238,-0.163,-6.353,193.276,2.401,-0.265,-0.038,-6.353,4.638157,-74.084518,0.23,3,1
2063,22203100,-0.394,-2.759,-9.689,28.568,0.935,-4.064,193.743,2.382,-0.281,-0.040,-4.064,4.638157,-74.084518,0.23,3,1
2064,22213097,-0.327,-2.810,-9.622,24.113,2.095,-2.203,194.162,2.347,-0.287,-0.033,-2.203,4.638157,-74.084518,0.23,3,1
2065,22223085,-0.213,-2.802,-9.473,20.237,3.041,-0.341,194.529,2.275,-0.286,-0.022,-0.341,4.638157,-74.084518,0.23,3,1
2066,22233109,-0.020,-2.590,-9.456,22.099,3.926,1.002,194.796,2.131,-0.264,-0.002,1.002,4.638157,-74.084518,0.23,3,1
2067,22246521,-0.113,-3.210,-9.293,9.831,0.996,7.471,195.255,2.008,-0.327,-0.011,7.471,4.638157,-74.084518,0.23,3,1
2068,22253096,-0.113,-3.210,-9.293,9.831,0.996,7.471,195.645,1.897,-0.327,-0.011,7.471,4.638157,-74.084518,0.23,3,1
2069,22263096,-0.153,-3.121,-9.127,6.474,1.088,4.175,195.959,1.815,-0.318,-0.016,4.175,4.638157,-74.084518,0.23,3,1
2070,22273096,-0.234,-3.130,-9.197,5.650,-0.347,3.077,196.234,1.763,-0.319,-0.024,3.077,4.638157,-74.084518,0.23,3,1
2071,22283096,-0.315,-3.024,-9.360,4.124,-1.903,1.581,196.405,1.736,-0.308,-0.032,1.581,4.638157,-74.084518,0.23,3,1
2072,22293096,-0.349,-2.771,-9.463,2.781,-2.269,-0.128,196.427,1.722,-0.283,-0.036,-0.128,4.638157,-74.084518,0.23,3,1
2073,22303097,-0.384,-2.648,-9.473,1.530,-2.056,-0.707,196.382,1.728,-0.270,-0.039,-0.707,4.638157,-74.084518,0.23,3,1
2074,22313096,-0.401,-2.629,-9.454,0.950,-1.323,-0.799,196.329,1.748,-0.268,-0.041,-0.799,4.638157,-74.084518,0.23,3,1
2075,22323097,-0.394,-2.605,-9.425,0.828,-0.682,-0.524,196.272,1.770,-0.266,-0.040,-0.524,4.638157,-74.084518,0.23,3,1
2076,22333096,-0.394,-2.725,-9.446,0.614,-0.530,-0.372,196.267,1.790,-0.278,-0.040,-0.372,4.638157,-74.084518,0.23,3,1
2077,22343097,-0.368,-2.810,-9.444,-0.851,-0.072,-0.982,196.285,1.801,-0.287,-0.038,-0.982,4.638157,-74.084518,0.23,3,1
2078,22353096,-0.368,-2.790,-9.466,-2.102,0.264,-1.562,196.280,1.814,-0.285,-0.038,-1.562,4.638157,-74.084518,0.23,3,1
2079,22363097,-0.330,-2.713,-9.533,-2.712,0.264,-2.294,196.228,1.808,-0.277,-0.034,-2.294,4.638157,-74.084518,0.23,3,1
2080,22373099,-0.291,-2.561,-9.499,-3.628,0.569,-2.935,196.110,1.790,-0.261,-0.030,-2.935,4.638157,-74.084518,0.23,3,1
2081,22383101,-0.237,-2.332,-9.386,-4.055,0.935,-2.508,195.910,1.754,-0.238,-0.024,-2.508,4.638157,-74.084518,0.23,3,1
2082,22393099,-0.158,-2.335,-9.288,-3.841,0.722,-1.013,195.740,1.683,-0.238,-0.016,-1.013,4.638157,-74.084518,0.23,3,1
2083,22403102,-0.156,-2.460,-9.211,-4.330,-0.133,0.574,195.643,1.610,-0.251,-0.016,0.574,4.638157,-74.084518,0.23,3,1
2084,22413099,-0.203,-2.547,-9.113,-5.001,-1.384,1.734,195.597,1.553,-0.260,-0.021,1.734,4.638157,-74.084518,0.23,3,1
2085,22423101,-0.206,-2.730,-9.168,-5.611,-3.154,1.978,195.624,1.484,-0.278,-0.021,1.978,4.638157,-74.084518,0.23,3,1
2086,22433099,-0.215,-2.880,-9.264,-6.740,-4.863,1.337,195.690,1.408,-0.294,-0.022,1.337,4.638157,-74.084518,0.23,3,1
2087,22443102,-0.270,-2.773,-9.365,-8.480,-6.359,0.422,195.676,1.347,-0.283,-0.028,0.422,4.638157,-74.084518,0.23,3,1
2088,22453099,-0.346,-2.653,-9.475,-9.640,-7.457,-0.433,195.588,1.314,-0.271,-0.035,-0.433,4.638157,-74.084518,0.23,3,1
2089,22463101,-0.432,-2.554,-9.670,-9.945,-8.312,-1.226,195.438,1.311,-0.260,-0.044,-1.226,4.638157,-74.084518,0.23,3,1
2090,22473099,-0.454,-2.438,-9.833,-9.640,-8.892,-1.776,195.236,1.309,-0.249,-0.046,-1.776,4.638157,-74.084518,0.23,3,1
2091,22483101,-0.475,-2.352,-9.922,-8.877,-8.708,-1.531,195.012,1.318,-0.240,-0.048,-1.531,4.638157,-74.084518,0.23,3,1
2092,22493099,-0.554,-2.390,-9.915,-8.083,-8.037,-0.860,194.828,1.365,-0.244,-0.056,-0.860,4.638157,-74.084518,0.23,3,1
2093,22503101,-0.630,-2.446,-9.857,-8.236,-6.908,-0.982,194.687,1.454,-0.249,-0.064,-0.982,4.638157,-74.084518,0.23,3,1
2094,22513099,-0.632,-2.544,-9.727,-7.900,-6.023,-1.684,194.614,1.547,-0.259,-0.064,-1.684,4.638157,-74.084518,0.23,3,1
2095,22523106,-0.623,-2.651,-9.612,-7.351,-6.175,-2.600,194.610,1.630,-0.270,-0.064,-2.600,4.638157,-74.084518,0.23,3,1
2096,22533103,-0.618,-2.648,-9.569,-8.022,-6.389,-3.607,194.605,1.704,-0.270,-0.063,-3.607,4.638157,-74.084518,0.23,3,1
2097,22543105,-0.537,-2.643,-9.314,-9.762,-6.877,-3.759,194.612,1.739,-0.270,-0.055,-3.759,4.638157,-74.084518,0.23,3,1
2098,22553108,-0.497,-2.769,-9.156,-11.532,-8.098,-3.668,194.677,1.743,-0.282,-0.051,-3.668,4.638157,-74.084518,0.23,3,1
2099,22582629,-0.332,-3.207,-9.062,-22.945,-17.070,-5.865,194.487,1.262,-0.327,-0.034,-5.865,4.638157,-74.084518,0.23,3,1
2100,22583965,-0.332,-3.207,-9.062,-22.945,-17.070,-5.865,194.513,0.973,-0.327,-0.034,-5.865,4.638157,-74.084518,0.23,3,1
2101,22585294,-0.332,-3.207,-9.062,-22.945,-17.070,-5.865,194.709,0.857,-0.327,-0.034,-5.865,4.638157,-74.084518,0.23,3,1
2102,22593101,-0.456,-3.053,-9.122,-26.424,-20.915,-7.940,194.805,0.814,-0.311,-0.046,-7.940,4.638157,-74.084518,0.23,3,1
2103,22603089,-0.580,-2.790,-9.297,-29.751,-23.876,-9.863,194.700,0.806,-0.285,-0.059,-9.863,4.638157,-74.084518,0.23,3,1
2104,22613095,-0.566,-2.487,-9.300,-32.162,-25.859,-11.480,194.432,0.771,-0.254,-0.058,-11.480,4.638157,-74.084518,0.23,3,1
2105,22623107,-0.628,-2.180,-9.235,-33.199,-28.057,-13.128,194.035,0.750,-0.222,-0.064,-13.128,4.638157,-74.084518,0.23,3,1
2106,22633163,-0.740,-2.000,-9.372,-33.779,-31.597,-14.074,193.564,0.747,-0.204,-0.075,-14.074,4.638157,-74.084518,0.23,3,1
2107,22643092,-0.737,-1.691,-9.276,-33.962,-35.289,-14.227,192.993,0.712,-0.172,-0.075,-14.227,4.638157,-74.084518,0.23,3,1
2108,22653102,-0.666,-1.665,-9.384,-32.772,-39.409,-14.318,192.458,0.600,-0.170,-0.068,-14.318,4.638157,-74.084518,0.23,3,1
2109,22663095,-0.563,-1.655,-9.511,-31.490,-43.468,-15.234,191.965,0.405,-0.169,-0.057,-15.234,4.638157,-74.084518,0.23,3,1
2110,22673143,-0.618,-1.522,-9.475,-29.751,-47.313,-16.302,191.468,0.215,-0.155,-0.063,-16.302,4.638157,-74.084518,0.23,3,1
2111,22683105,-0.842,-1.363,-9.470,-27.553,-50.731,-16.516,190.958,0.115,-0.139,-0.086,-16.516,4.638157,-74.084518,0.23,3,1
2112,22693107,-1.007,-1.293,-9.638,-25.265,-53.569,-16.729,190.468,0.063,-0.132,-0.103,-16.729,4.638157,-74.084518,0.23,3,1
2113,22703122,-1.076,-1.153,-9.739,-23.434,-54.851,-17.034,189.964,0.029,-0.118,-0.110,-17.034,4.638157,-74.084518,0.23,3,1
2114,22713111,-1.198,-1.018,-9.773,-20.870,-54.912,-16.577,189.461,0.050,-0.104,-0.122,-16.577,4.638157,-74.084518,0.23,3,1
2115,22723101,-1.336,-1.004,-9.727,-18.307,-54.485,-14.868,189.017,0.136,-0.102,-0.136,-14.868,4.638157,-74.084518,0.23,3,1
2116,22733104,-1.450,-1.093,-9.694,-16.140,-53.447,-12.884,188.671,0.276,-0.111,-0.148,-12.884,4.638157,-74.084518,0.23,3,1
2117,22743100,-1.543,-1.211,-9.682,-14.278,-52.684,-11.724,188.422,0.452,-0.124,-0.157,-11.724,4.638157,-74.084518,0.23,3,1
2118,22753124,-1.632,-1.185,-9.715,-12.447,-52.318,-11.328,188.196,0.653,-0.121,-0.166,-11.328,4.638157,-74.084518,0.23,3,1
2119,22763112,-1.703,-1.194,-9.711,-10.952,-51.677,-10.748,188.007,0.875,-0.122,-0.174,-10.748,4.638157,-74.084518,0.23,3,1
2120,22773104,-1.860,-1.144,-9.694,-9.731,-50.487,-10.137,187.821,1.162,-0.117,-0.190,-10.137,4.638157,-74.084518,0.23,3,1
2121,22783108,-2.013,-1.064,-9.658,-8.541,-48.839,-9.527,187.627,1.511,-0.109,-0.205,-9.527,4.638157,-74.084518,0.23,3,1
2122,22793113,-2.168,-1.088,-9.614,-7.320,-46.703,-8.398,187.472,1.924,-0.111,-0.221,-8.398,4.638157,-74.084518,0.23,3,1
2123,22803104,-2.297,-1.194,-9.653,-6.100,-44.170,-7.665,187.386,2.379,-0.122,-0.234,-7.665,4.638157,-74.084518,0.23,3,1
2124,22813105,-2.361,-1.341,-9.763,-4.726,-41.149,-7.757,187.378,2.840,-0.137,-0.241,-7.757,4.638157,-74.084518,0.23,3,1
2125,22823096,-2.416,-1.455,-9.780,-3.719,-38.158,-8.612,187.429,3.314,-0.148,-0.246,-8.612,4.638157,-74.084518,0.23,3,1
2126,22833111,-2.511,-1.368,-9.742,-3.536,-35.076,-9.069,187.443,3.824,-0.139,-0.256,-9.069,4.638157,-74.084518,0.23,3,1
2127,22843098,-2.478,-1.349,-9.679,-3.994,-31.444,-8.642,187.446,4.322,-0.138,-0.253,-8.642,4.638160,-74.084518,0.23,2,1
2128,22853125,-2.504,-1.351,-9.687,-5.398,-28.209,-7.025,187.436,4.822,-0.138,-0.255,-7.025,4.638160,-74.084518,0.23,2,1
2129,22863103,-2.604,-1.339,-9.715,-6.801,-24.974,-4.919,187.408,5.353,-0.137,-0.266,-4.919,4.638160,-74.084518,0.23,2,1
2130,22873104,-2.578,-1.317,-9.612,-8.816,-21.923,-2.874,187.359,5.872,-0.134,-0.263,-2.874,4.638160,-74.084518,0.23,2,1
2131,22883103,-2.545,-1.387,-9.490,-10.677,-20.488,-0.799,187.337,6.363,-0.141,-0.259,-0.799,4.638160,-74.084518,0.23,2,1
2132,22893110,-2.581,-1.515,-9.343,-11.715,-20.091,0.727,187.374,6.850,-0.154,-0.263,0.727,4.638160,-74.084518,0.23,2,1
2133,22909124,-2.728,-1.390,-9.261,-12.264,-20.976,0.086,187.291,7.280,-0.142,-0.278,0.086,4.638160,-74.084518,0.23,2,1
2134,22913097,-2.728,-1.390,-9.261,-12.264,-20.976,0.086,187.279,7.790,-0.142,-0.278,0.086,4.638160,-74.084518,0.23,2,1
2135,22923096,-2.652,-1.438,-9.336,-11.104,-22.045,-1.104,187.296,8.202,-0.147,-0.270,-1.104,4.638160,-74.084518,0.23,2,1
2136,22933111,-2.705,-1.390,-9.458,-9.731,-23.418,-1.898,187.292,8.576,-0.142,-0.276,-1.898,4.638160,-74.084518,0.23,2,1
2137,22943105,-2.781,-1.296,-9.598,-8.327,-23.876,-2.569,187.249,8.932,-0.132,-0.284,-2.569,4.638160,-74.084518,0.23,2,1
2138,22953110,-2.821,-1.214,-9.691,-7.168,-23.723,-2.874,187.178,9.267,-0.124,-0.288,-2.874,4.638160,-74.084518,0.23,2,1
2139,22963107,-2.845,-1.139,-9.715,-5.825,-23.448,-2.447,187.089,9.585,-0.116,-0.290,-2.447,4.638160,-74.084518,0.23,2,1
2140,22973099,-2.952,-1.064,-9.857,-3.963,-22.930,-1.745,186.983,9.910,-0.109,-0.301,-1.745,4.638160,-74.084518,0.23,2,1
2141,22983105,-3.007,-0.992,-9.871,-1.949,-21.556,-0.921,186.872,10.244,-0.101,-0.307,-0.921,4.638160,-74.084518,0.23,2,1
2142,22993100,-3.074,-1.014,-9.816,-0.301,-20.000,0.330,186.796,10.600,-0.103,-0.313,0.330,4.638160,-74.084518,0.23,2,1
2143,23003097,-3.127,-1.117,-9.754,1.103,-18.596,1.276,186.789,10.968,-0.114,-0.319,1.276,4.638160,-74.084518,0.23,2,1
2144,23013100,-3.227,-1.185,-9.739,2.323,-16.948,1.612,186.825,11.365,-0.121,-0.329,1.612,4.638160,-74.084518,0.23,2,1
2145,23023108,-3.253,-1.243,-9.773,3.636,-15.361,1.490,186.894,11.750,-0.127,-0.332,1.490,4.638160,-74.084518,0.23,2,1
2146,23033130,-3.291,-1.257,-9.785,4.856,-13.591,1.185,186.974,12.135,-0.128,-0.336,1.185,4.638160,-74.084518,0.23,2,1
2147,23043107,-3.351,-1.221,-9.831,5.497,-11.363,0.849,187.036,12.530,-0.124,-0.342,0.849,4.638160,-74.084518,0.23,2,1
2148,23053097,-3.327,-1.209,-9.768,6.169,-8.678,0.696,187.097,12.918,-0.123,-0.339,0.696,4.638160,-74.084518,0.23,2,1
2149,23063108,-3.386,-1.262,-9.715,7.054,-5.840,0.544,187.189,13.332,-0.129,-0.345,0.544,4.638160,-74.084518,0.23,2,1
2150,23073107,-3.413,-1.366,-9.694,7.725,-3.093,0.330,187.326,13.752,-0.139,-0.348,0.330,4.638160,-74.084518,0.23,2,1
2151,23083094,-3.382,-1.431,-9.658,7.877,-0.774,0.361,187.486,14.152,-0.146,-0.345,0.361,4.638160,-74.084518,0.23,2,1
2152,23093101,-3.348,-1.419,-9.574,7.420,1.118,0.727,187.630,14.538,-0.145,-0.341,0.727,4.638160,-74.084518,0.23,2,1
2153,23103098,-3.227,-1.501,-9.391,6.901,3.010,1.276,187.808,14.885,-0.153,-0.329,1.276,4.638160,-74.084518,0.23,2,1
2154,23113121,-3.069,-1.657,-9.228,6.291,4.078,1.246,188.051,15.168,-0.169,-0.313,1.246,4.638160,-74.084518,0.23,2,1
2155,23123112,-3.048,-1.708,-9.192,6.169,4.017,0.117,188.300,15.424,-0.174,-0.311,0.117,4.638160,-74.084518,0.23,2,1
2156,23133114,-3.091,-1.575,-9.062,5.680,3.743,-1.318,188.475,15.698,-0.161,-0.315,-1.318,4.638160,-74.084518,0.23,2,1
2157,23143098,-3.038,-1.544,-8.944,5.375,2.522,-1.592,188.629,15.934,-0.157,-0.310,-1.592,4.638160,-74.084518,0.23,2,1
2158,23153112,-2.986,-1.607,-8.872,5.436,0.844,-1.684,188.808,16.122,-0.164,-0.304,-1.684,4.638160,-74.084518,0.23,2,1
2159,23163102,-3.019,-1.631,-8.865,5.100,-0.743,-2.020,188.982,16.297,-0.166,-0.308,-2.020,4.638160,-74.084518,0.23,2,1
2160,23173107,-3.074,-1.609,-8.995,4.460,-2.208,-2.386,189.115,16.450,-0.164,-0.313,-2.386,4.638160,-74.084518,0.23,2,1
2161,23183103,-3.456,-1.428,-9.362,3.727,-3.093,-1.715,189.119,16.695,-0.146,-0.352,-1.715,4.638160,-74.084518,0.23,2,1
2162,23193108,-3.308,-1.720,-9.523,2.506,-1.872,-0.585,189.231,16.842,-0.175,-0.337,-0.585,4.638160,-74.084518,0.23,2,1
2163,23203103,-3.103,-1.816,-9.530,0.279,0.294,-1.013,189.356,16.912,-0.185,-0.316,-1.013,4.638160,-74.084518,0.23,2,1
2164,23213107,-3.153,-1.595,-9.492,-0.423,2.583,-2.233,189.370,17.028,-0.163,-0.321,-2.233,4.638160,-74.084518,0.23,2,1
2165,23223103,-3.241,-1.356,-9.422,-0.973,4.811,-2.386,189.274,17.206,-0.138,-0.330,-2.386,4.638160,-74.084518,0.23,2,1
2166,23233107,-3.136,-1.344,-9.362,-1.217,6.245,-1.196,189.181,17.350,-0.137,-0.320,-1.196,4.638160,-74.084518,0.23,2,1
2167,23246394,-2.864,-1.489,-9.223,-1.949,7.710,0.544,189.161,17.418,-0.152,-0.292,0.544,4.638160,-74.084518,0.23,2,1
2168,23253106,-2.864,-1.489,-9.223,-1.949,7.710,0.544,189.147,17.459,-0.152,-0.292,0.544,4.638160,-74.084518,0.23,2,1
2169,23263104,-2.807,-1.469,-9.204,-2.132,8.046,0.452,189.124,17.477,-0.150,-0.286,0.452,4.638160,-74.084518,0.23,2,1
2170,23273106,-2.809,-1.426,-9.192,-1.827,8.168,0.361,189.087,17.499,-0.145,-0.286,0.361,4.638160,-74.084518,0.23,2,1
2171,23283103,-2.883,-1.373,-9.105,-1.522,7.557,0.574,189.037,17.559,-0.140,-0.294,0.574,4.638160,-74.084518,0.23,2,1
2172,23293106,-2.879,-1.416,-9.249,-0.698,6.398,0.971,189.008,17.581,-0.144,-0.294,0.971,4.638160,-74.084518,0.23,2,1
2173,23303093,-2.859,-1.479,-9.403,0.096,6.123,1.032,189.007,17.570,-0.151,-0.292,1.032,4.638160,-74.084518,0.23,2,1
2174,23313108,-2.848,-1.426,-9.809,1.560,6.581,0.452,188.968,17.510,-0.145,-0.290,0.452,4.638160,-74.084518,0.23,2,1
2175,23323104,-2.762,-1.361,-9.502,4.856,7.802,0.788,188.953,17.468,-0.139,-0.282,0.788,4.638160,-74.084518,0.23,2,1
2176,23333106,-3.003,-1.409,-9.624,1.591,8.168,2.588,188.923,17.518,-0.144,-0.306,2.588,4.638160,-74.084518,0.23,2,1
2177,23343093,-2.929,-1.411,-9.658,-0.484,10.151,2.436,188.875,17.548,-0.144,-0.299,2.436,4.638160,-74.084518,0.23,2,1
2178,23353106,-2.926,-1.368,-9.470,0.065,12.135,2.283,188.829,17.616,-0.139,-0.298,2.283,4.638160,-74.084518,0.23,2,1
2179,23363085,-2.902,-1.445,-9.458,1.530,12.929,2.161,188.835,17.677,-0.147,-0.296,2.161,4.638160,-74.084518,0.23,2,1
2180,23373090,-2.852,-1.390,-9.348,1.988,14.241,1.520,188.828,17.739,-0.142,-0.291,1.520,4.638160,-74.084518,0.23,2,1
2181,23383103,-2.859,-1.354,-9.254,2.598,15.126,1.368,188.816,17.821,-0.138,-0.292,1.368,4.638160,-74.084518,0.23,2,1
2182,23393106,-2.817,-1.445,-9.235,3.727,15.553,1.154,188.860,17.882,-0.147,-0.287,1.154,4.638160,-74.084518,0.23,2,1
2183,23403104,-2.802,-1.631,-9.149,4.093,15.980,0.513,188.996,17.944,-0.166,-0.286,0.513,4.638160,-74.084518,0.23,2,1
2184,23413106,-2.755,-1.775,-9.177,3.636,15.400,-0.555,189.182,17.968,-0.181,-0.281,-0.555,4.638160,-74.084518,0.23,2,1
2185,23423104,-2.697,-1.836,-9.278,2.659,14.790,-1.989,189.364,17.946,-0.187,-0.275,-1.989,4.638160,-74.084518,0.23,2,1
2186,23433108,-2.755,-1.759,-9.401,1.011,15.004,-3.149,189.471,17.939,-0.179,-0.281,-3.149,4.638160,-74.084518,0.23,2,1
2187,23443104,-2.788,-1.563,-9.360,-0.454,15.675,-3.210,189.471,17.962,-0.159,-0.284,-3.210,4.638160,-74.084518,0.23,2,1
2188,23453106,-2.807,-1.621,-9.461,-1.125,16.285,-3.118,189.483,17.983,-0.165,-0.286,-3.118,4.638160,-74.084518,0.23,2,1
2189,23463104,-2.831,-1.556,-9.528,-2.407,17.262,-3.179,189.448,18.015,-0.159,-0.289,-3.179,4.638160,-74.084518,0.23,2,1
2190,23473108,-2.843,-1.433,-9.526,-3.200,18.544,-3.454,189.354,18.064,-0.146,-0.290,-3.454,4.638160,-74.084518,0.23,2,1
2191,23483104,-2.831,-1.327,-9.554,-2.743,19.978,-3.912,189.221,18.116,-0.135,-0.289,-3.912,4.638160,-74.084518,0.23,2,1
2192,23493108,-2.819,-1.288,-9.607,-2.010,21.443,-3.942,189.085,18.167,-0.131,-0.287,-3.942,4.638160,-74.084518,0.23,2,1
2193,23503104,-2.793,-1.276,-9.720,-1.400,23.305,-3.820,188.952,18.207,-0.130,-0.285,-3.820,4.638160,-74.084518,0.23,2,1
2194,23513108,-2.693,-1.204,-9.658,-0.362,25.532,-3.729,188.811,18.231,-0.123,-0.275,-3.729,4.638160,-74.084518,0.23,2,1
2195,23523104,-2.592,-1.168,-9.646,0.034,27.974,-2.935,188.669,18.235,-0.119,-0.264,-2.935,4.638160,-74.084518,0.23,2,1
2196,23533108,-2.530,-1.272,-9.598,0.370,29.866,-1.684,188.589,18.235,-0.130,-0.258,-1.684,4.638160,-74.084518,0.23,2,1
2197,23543104,-2.378,-1.467,-9.533,0.370,30.812,-0.707,188.608,18.182,-0.150,-0.242,-0.707,4.638160,-74.084518,0.23,2,1
2198,23553106,-2.316,-1.481,-9.521,-0.454,30.964,-0.219,188.625,18.108,-0.151,-0.236,-0.219,4.638160,-74.084518,0.23,2,1
2199,23581731,-2.173,-1.611,-9.276,-4.085,31.422,2.070,188.633,18.479,-0.164,-0.222,2.070,4.638160,-74.084518,0.23,2,1
2200,23583070,-2.173,-1.611,-9.276,-4.085,31.422,2.070,188.675,18.549,-0.164,-0.222,2.070,4.638160,-74.084518,0.23,2,1
2201,23584398,-2.173,-1.611,-9.276,-4.085,31.422,2.070,188.741,18.377,-0.164,-0.222,2.070,4.638160,-74.084518,0.23,2,1
2202,23593098,-2.185,-1.853,-9.261,-5.520,31.056,2.436,188.917,18.193,-0.189,-0.223,2.436,4.638160,-74.084518,0.23,2,1
2203,23603105,-2.189,-1.947,-9.281,-7.412,30.324,1.276,189.102,18.025,-0.198,-0.223,1.276,4.638160,-74.084518,0.23,2,1
2204,23613091,-2.163,-1.865,-9.314,-9.121,29.286,-0.860,189.207,17.854,-0.190,-0.221,-0.860,4.638160,-74.084518,0.23,2,1
2205,23623105,-2.113,-1.713,-9.422,-10.464,28.706,-2.813,189.205,17.666,-0.175,-0.215,-2.813,4.638160,-74.084518,0.23,2,1
2206,23633161,-2.025,-1.515,-9.552,-11.165,29.042,-4.064,189.090,17.451,-0.154,-0.206,-4.064,4.638160,-74.084518,0.23,2,1
2207,23643107,-1.822,-1.366,-9.619,-10.952,29.744,-4.339,188.911,17.168,-0.139,-0.186,-4.339,4.638160,-74.084518,0.23,2,1
2208,23653108,-1.653,-1.243,-9.691,-10.799,30.110,-3.729,188.686,16.833,-0.127,-0.169,-3.729,4.638160,-74.084518,0.23,2,1
2209,23663105,-1.589,-1.168,-9.766,-10.128,29.866,-2.691,188.447,16.493,-0.119,-0.162,-2.691,4.638160,-74.084518,0.23,2,1
2210,23673098,-1.596,-1.043,-9.725,-8.816,29.652,-1.806,188.185,16.189,-0.106,-0.163,-1.806,4.638160,-74.084518,0.23,2,1
2211,23683108,-1.570,-0.973,-9.643,-7.442,28.981,-0.982,187.929,15.900,-0.099,-0.160,-0.982,4.638160,-74.084518,0.23,2,1
2212,23693122,-1.481,-1.079,-9.641,-5.398,28.309,-0.524,187.761,15.589,-0.110,-0.151,-0.524,4.638160,-74.084518,0.23,2,1
2213,23703106,-1.446,-1.192,-9.670,-3.628,28.035,-0.616,187.673,15.283,-0.122,-0.147,-0.616,4.638160,-74.084518,0.23,2,1
2214,23713109,-1.424,-1.274,-9.670,-2.437,28.279,-1.074,187.641,14.994,-0.130,-0.145,-1.074,4.638160,-74.084518,0.23,2,1
2215,23723102,-1.350,-1.288,-9.679,-2.163,29.042,-1.470,187.619,14.703,-0.131,-0.138,-1.470,4.638160,-74.084518,0.23,2,1
2216,23733105,-1.274,-1.276,-9.739,-2.529,29.866,-1.470,187.587,14.405,-0.130,-0.130,-1.470,4.638160,-74.084518,0.23,2,1
2217,23743122,-1.240,-1.231,-9.730,-3.109,29.866,-0.952,187.532,14.118,-0.125,-0.126,-0.952,4.638160,-74.084518,0.23,2,1
2218,23753109,-1.219,-1.214,-9.670,-3.353,29.225,-0.463,187.475,13.841,-0.124,-0.124,-0.463,4.638072,-74.084282,0.88,2,1
2219,23763116,-1.176,-1.180,-9.610,-2.834,28.096,-0.372,187.416,13.560,-0.120,-0.120,-0.372,4.638072,-74.084282,0.88,2,1
2220,23773097,-1.128,-1.250,-9.566,-1.675,26.539,-0.768,187.405,13.268,-0.127,-0.115,-0.768,4.638072,-74.084282,0.88,2,1
2221,23783113,-1.043,-1.402,-9.554,-0.942,25.166,-1.562,187.472,12.946,-0.143,-0.106,-1.562,4.638072,-74.084282,0.88,2,1
2222,23793107,-1.076,-1.464,-9.569,-1.369,24.373,-2.416,187.557,12.656,-0.149,-0.110,-2.416,4.638072,-74.084282,0.88,2,1
2223,23803101,-1.136,-1.539,-9.631,-2.621,24.342,-2.783,187.653,12.411,-0.157,-0.116,-2.783,4.638072,-74.084282,0.88,2,1
2224,23813109,-1.205,-1.677,-9.684,-4.696,24.769,-2.966,187.779,12.215,-0.171,-0.123,-2.966,4.638072,-74.084282,0.88,2,1
2225,23823105,-1.190,-1.800,-9.641,-7.015,25.380,-3.912,187.932,12.035,-0.183,-0.121,-3.912,4.638072,-74.084282,0.88,2,1
2226,23833108,-1.178,-1.881,-9.658,-9.456,26.356,-5.895,188.085,11.871,-0.192,-0.120,-5.895,4.638072,-74.084282,0.88,2,1
2227,23843111,-1.145,-1.754,-9.617,-11.379,27.363,-8.367,188.155,11.718,-0.179,-0.117,-8.367,4.638072,-74.084282,0.88,2,1
2228,23853104,-1.097,-1.660,-9.607,-13.058,28.737,-10.412,188.164,11.569,-0.169,-0.112,-10.412,4.638072,-74.084282,0.88,2,1
2229,23863101,-1.052,-1.551,-9.422,-15.377,30.110,-11.633,188.117,11.433,-0.158,-0.107,-11.633,4.638072,-74.084282,0.88,2,1
2230,23873107,-0.950,-1.631,-9.355,-17.269,30.476,-12.518,188.096,11.268,-0.166,-0.097,-12.518,4.638072,-74.084282,0.88,3,1
2231,23883107,-0.845,-1.783,-9.362,-18.551,30.049,-14.746,188.134,11.061,-0.182,-0.086,-14.746,4.638072,-74.084282,0.88,3,1
2232,23893105,-0.778,-1.746,-9.454,-19.558,28.859,-18.347,188.135,10.826,-0.178,-0.079,-18.347,4.638072,-74.084282,0.88,3,1
2233,23910513,-0.580,-0.977,-9.578,-21.419,26.295,-23.229,187.614,10.635,-0.100,-0.059,-23.229,4.638072,-74.084282,0.88,3,1
2234,23913110,-0.580,-0.977,-9.578,-21.419,26.295,-23.229,187.278,10.294,-0.100,-0.059,-23.229,4.638072,-74.084282,0.88,3,1
2235,23923108,-0.547,-0.732,-9.641,-21.602,25.929,-22.497,186.849,9.962,-0.075,-0.056,-22.497,4.638072,-74.084282,0.88,3,1
2236,23933109,-0.499,-0.688,-9.554,-21.938,26.082,-20.849,186.435,9.642,-0.070,-0.051,-20.849,4.638072,-74.084282,0.88,3,1
2237,23943105,-0.442,-0.895,-9.446,-22.060,25.715,-19.628,186.155,9.320,-0.091,-0.045,-19.628,4.638072,-74.084282,0.88,3,1
2238,23953105,-0.489,-1.182,-9.418,-22.152,24.586,-20.269,186.033,9.038,-0.121,-0.050,-20.269,4.638072,-74.084282,0.88,3,1
2239,23963101,-0.380,-1.313,-9.365,-23.006,22.572,-22.741,185.976,8.710,-0.134,-0.039,-22.741,4.638072,-74.084282,0.88,3,1
2240,23973111,-0.198,-1.182,-9.434,-24.013,19.093,-26.159,185.848,8.291,-0.121,-0.020,-26.159,4.638072,-74.084282,0.88,3,1
2241,23983103,-0.115,-0.736,-9.581,-24.013,15.553,-29.089,185.517,7.833,-0.075,-0.012,-29.089,4.638072,-74.084282,0.88,3,1
2242,23993105,-0.074,-0.242,-9.754,-23.037,13.173,-29.669,184.991,7.371,-0.025,-0.008,-29.669,4.638072,-74.084282,0.88,3,1
2243,24003106,0.004,0.018,-9.843,-21.450,12.166,-27.685,184.403,6.900,0.002,0.000,-27.685,4.638072,-74.084282,0.88,3,1
2244,24013112,0.009,0.059,-9.857,-19.924,12.135,-24.267,183.856,6.463,0.006,0.001,-24.267,4.638072,-74.084282,0.88,3,1
2245,24023107,-0.003,-0.090,-9.847,-18.642,12.745,-20.849,183.431,6.072,-0.009,-0.000,-20.849,4.638072,-74.084282,0.88,3,1
2246,24033098,-0.003,-0.336,-9.795,-18.215,13.539,-18.133,183.153,5.719,-0.034,-0.000,-18.133,4.638072,-74.084282,0.88,3,1
2247,24043103,0.011,-0.527,-9.838,-18.520,13.722,-16.607,182.978,5.388,-0.054,0.001,-16.607,4.638072,-74.084282,0.88,3,1
2248,24053106,-0.027,-0.589,-9.951,-18.734,13.417,-16.638,182.840,5.097,-0.060,-0.003,-16.638,4.638072,-74.084282,0.88,3,1
2249,24063107,-0.024,-0.457,-10.030,-18.642,13.325,-17.187,182.653,4.826,-0.047,-0.002,-17.187,4.638072,-74.084282,0.88,3,1
2250,24073106,-0.001,-0.278,-10.064,-18.307,13.417,-17.095,182.405,4.567,-0.028,-0.000,-17.095,4.638072,-74.084282,0.88,3,1
2251,24083105,0.019,-0.201,-9.996,-17.757,13.417,-16.119,182.148,4.320,-0.021,0.002,-16.119,4.638072,-74.084282,0.88,3,1
2252,24093103,0.050,-0.351,-9.905,-16.720,12.562,-15.264,181.987,4.069,-0.036,0.005,-15.264,4.638072,-74.084282,0.88,3,1
2253,24103108,0.121,-0.543,-9.845,-15.133,10.701,-15.783,181.940,3.789,-0.055,0.012,-15.783,4.638072,-74.084282,0.88,3,1
2254,24113108,0.123,-0.604,-9.835,-13.912,9.053,-17.523,181.935,3.513,-0.062,0.013,-17.523,4.638072,-74.084282,0.88,3,1
2255,24123100,0.059,-0.469,-10.030,-13.668,8.198,-19.079,181.869,3.280,-0.048,0.006,-19.079,4.638072,-74.084282,0.88,3,1
2256,24133115,0.042,-0.114,-10.393,-14.614,8.931,-19.049,181.642,3.080,-0.012,0.004,-19.049,4.638072,-74.084282,0.88,3,1
2257,24143094,0.028,0.303,-10.604,-14.889,11.799,-17.095,181.257,2.927,0.031,0.003,-17.095,4.638072,-74.084282,0.88,3,1
2258,24153103,0.061,0.517,-10.503,-12.813,15.065,-13.952,180.830,2.803,0.053,0.006,-13.952,4.638072,-74.084282,0.88,3,1
2259,24163102,0.095,0.286,-10.345,-9.304,17.048,-11.633,180.562,2.691,0.029,0.010,-11.633,4.638072,-74.084282,0.88,3,1
2260,24173103,0.219,-0.071,-10.090,-5.703,17.018,-11.419,180.500,2.533,-0.007,0.022,-11.419,4.638072,-74.084282,0.88,3,1
2261,24183101,0.367,-0.392,-10.056,-0.423,14.851,-13.159,180.631,2.302,-0.040,0.037,-13.159,4.638072,-74.084282,0.88,3,1
2262,24193118,0.274,-0.835,-9.622,7.267,11.891,-16.088,181.033,2.097,-0.085,0.028,-16.088,4.638072,-74.084282,0.88,3,1
2263,24203090,0.054,-0.580,-9.653,0.279,9.694,-18.713,181.222,1.987,-0.059,0.006,-18.713,4.638072,-74.084282,0.88,3,1
2264,24213089,0.276,-0.524,-9.511,-2.590,9.083,-21.337,181.349,1.777,-0.053,0.028,-21.337,4.638072,-74.084282,0.88,3,1
2265,24223092,0.166,-0.587,-9.542,-3.445,8.229,-21.429,181.486,1.626,-0.060,0.017,-21.429,4.638072,-74.084282,0.88,3,1
2266,24236329,-0.537,1.356,-10.652,-11.440,10.579,-17.675,180.668,1.831,0.138,-0.055,-17.675,4.638072,-74.084282,0.88,3,1
2267,24243092,-0.537,1.356,-10.652,-11.440,10.579,-17.675,179.949,1.994,0.138,-0.055,-17.675,4.638072,-74.084282,0.88,3,1
2268,24253098,0.052,0.127,-10.854,-0.576,14.119,-13.922,179.898,1.933,0.013,0.005,-13.922,4.638072,-74.084282,0.88,3,1
2269,24263088,0.424,-0.281,-10.248,1.347,17.689,-15.783,180.043,1.748,-0.029,0.043,-15.783,4.638072,-74.084282,0.88,3,1
2270,24273094,0.019,-0.167,-9.963,0.797,17.201,-17.797,180.124,1.748,-0.017,0.002,-17.797,4.638072,-74.084282,0.88,3,1
2271,24283099,0.030,-0.283,-10.256,3.117,15.248,-18.286,180.268,1.725,-0.029,0.003,-18.286,4.638072,-74.084282,0.88,3,1
2272,24293100,0.076,-0.220,-10.573,2.293,16.102,-18.652,180.364,1.694,-0.022,0.008,-18.652,4.638072,-74.084282,0.88,3,1
2273,24303088,0.069,0.194,-10.486,2.751,17.933,-18.194,180.282,1.685,0.020,0.007,-18.194,4.638072,-74.084282,0.88,3,1
2274,24313094,-0.046,0.033,-10.030,9.159,18.086,-17.156,180.334,1.727,0.003,-0.005,-17.156,4.638072,-74.084282,0.88,3,1
2275,24323099,-0.079,-0.363,-9.850,6.230,16.377,-17.065,180.530,1.765,-0.037,-0.008,-17.065,4.638072,-74.084282,0.88,3,1
2276,24333100,0.050,-0.780,-9.706,8.976,13.569,-20.788,180.928,1.717,-0.080,0.005,-20.788,4.638072,-74.084282,0.88,3,1
2277,24343102,0.114,-0.963,-9.389,7.115,10.274,-24.847,181.375,1.611,-0.098,0.012,-24.847,4.638072,-74.084282,0.88,3,1
2278,24353103,0.288,-1.088,-9.165,6.443,6.367,-29.821,181.851,1.394,-0.111,0.029,-29.821,4.638072,-74.084282,0.88,3,1
2279,24363091,0.364,-1.081,-8.745,2.659,2.034,-33.026,182.277,1.108,-0.110,0.037,-33.026,4.638072,-74.084282,0.88,3,1
2280,24373107,0.362,-1.088,-8.543,-0.179,-3.826,-36.383,182.661,0.788,-0.111,0.037,-36.383,4.638072,-74.084282,0.88,3,1
2281,24383091,0.560,-1.505,-8.786,3.544,-11.638,-40.869,183.238,0.329,-0.154,0.057,-40.869,4.638072,-74.084282,0.88,3,1
2282,24393091,0.243,-1.192,-9.425,-4.177,-17.650,-46.087,183.507,0.012,-0.122,0.025,-46.087,4.638072,-74.084282,0.88,3,1
2283,24403095,0.076,-0.377,-9.439,-8.541,-21.770,-52.038,183.339,-0.241,-0.038,0.008,-52.038,4.638072,-74.084282,0.88,3,1
2284,24413098,-0.530,0.271,-11.286,-8.419,-25.463,-52.374,182.904,-0.269,0.028,-0.054,-52.374,4.638072,-74.084282,0.88,3,1
2285,24423087,-0.687,0.652,-12.067,-6.374,-19.237,-50.665,182.390,-0.193,0.067,-0.070,-50.665,4.638072,-74.084282,0.88,3,1
2286,24433094,-0.370,1.554,-11.735,-8.144,-10.051,-45.568,181.559,-0.151,0.158,-0.038,-45.568,4.638072,-74.084282,0.88,3,1
2287,24443098,-0.489,1.289,-11.598,-1.736,-2.544,-40.594,180.942,0.005,0.131,-0.050,-40.594,4.638072,-74.084282,0.88,3,1
2288,24453100,-0.389,0.708,-11.622,8.061,5.177,-39.373,180.681,0.183,0.072,-0.040,-39.373,4.638072,-74.084282,0.88,3,1
2289,24463100,-0.170,0.303,-11.351,14.897,12.105,-39.526,180.653,0.330,0.031,-0.017,-39.526,4.638072,-74.084282,0.88,3,1
2290,24473091,0.152,0.064,-10.837,23.289,16.255,-40.441,180.795,0.378,0.007,0.016,-40.441,4.638072,-74.084282,0.88,3,1
2291,24483099,0.450,0.136,-10.409,21.000,18.757,-39.648,180.874,0.317,0.014,0.046,-39.648,4.638072,-74.084282,0.88,3,1
2292,24493106,0.772,-0.015,-9.869,22.099,19.093,-40.045,181.021,0.111,-0.002,0.079,-40.045,4.638072,-74.084282,0.88,3,1
2293,24503092,1.096,0.848,-11.219,27.989,16.804,-39.190,180.875,-0.183,0.086,0.112,-39.190,4.638072,-74.084282,0.88,3,1
2294,24513095,0.824,1.884,-11.315,23.075,21.870,-32.995,180.301,-0.298,0.192,0.084,-32.995,4.638072,-74.084282,0.88,3,1
2295,24523088,1.099,0.828,-8.697,36.534,21.718,-27.899,180.202,-0.639,0.084,0.112,-27.899,4.638072,-74.084282,0.88,3,1
2296,24533094,1.635,-0.900,-8.414,48.618,12.501,-26.586,181.105,-1.327,-0.092,0.167,-26.586,4.638072,-74.084282,0.88,3,1
2297,24543100,1.549,-1.662,-8.964,43.156,5.971,-31.347,182.224,-1.924,-0.169,0.158,-31.347,4.638072,-74.084282,0.88,3,1
2298,24553103,1.294,-1.686,-8.716,36.442,-0.011,-35.986,183.230,-2.428,-0.172,0.132,-35.986,4.638072,-74.084282,0.88,3,1
2299,24592420,1.361,-1.245,-9.103,15.537,-15.544,-42.791,184.214,-3.601,-0.127,0.139,-42.791,4.638072,-74.084282,0.88,3,1
2300,24593760,1.397,-0.924,-9.216,11.692,-18.779,-43.920,184.697,-4.670,-0.094,0.142,-43.920,4.638072,-74.084282,0.88,3,1
2301,24595085,1.397,-0.924,-9.216,11.692,-18.779,-43.920,185.040,-5.479,-0.094,0.142,-43.920,4.638072,-74.084282,0.88,3,1
2302,24596412,1.397,-0.924,-9.216,11.692,-18.779,-43.920,185.253,-6.037,-0.094,0.142,-43.920,4.638072,-74.084282,0.88,3,1
2303,24603094,1.397,-0.924,-9.216,11.692,-18.779,-43.920,185.407,-6.468,-0.094,0.142,-43.920,4.638072,-74.084282,0.88,3,1
2304,24613096,1.428,-0.551,-9.290,9.464,-21.739,-44.561,185.309,-6.892,-0.056,0.146,-44.561,4.638072,-74.084282,0.88,3,1
2305,24623098,1.409,-0.257,-9.420,9.403,-24.700,-43.676,185.059,-7.280,-0.026,0.144,-43.676,4.638072,-74.084282,0.88,3,1
2306,24633149,1.285,-0.148,-9.696,8.518,-26.775,-41.723,184.772,-7.566,-0.015,0.131,-41.723,4.638072,-74.084282,0.88,3,1
2307,24643085,1.142,-0.042,-9.898,9.373,-27.507,-39.282,184.469,-7.750,-0.004,0.116,-39.282,4.638072,-74.084282,0.88,3,1
2308,24653089,1.075,-0.129,-9.862,10.258,-26.805,-36.444,184.251,-7.884,-0.013,0.110,-36.444,4.638072,-74.084282,0.88,3,1
2309,24663094,1.094,-0.423,-9.636,9.464,-25.371,-34.094,184.195,-8.017,-0.043,0.112,-34.094,4.638072,-74.084282,0.88,3,1
2310,24673092,1.106,-0.645,-9.521,6.748,-23.570,-31.957,184.233,-8.135,-0.066,0.113,-31.957,4.638072,-74.084282,0.88,3,1
2311,24683111,1.106,-0.719,-9.396,3.849,-22.167,-30.340,184.282,-8.239,-0.073,0.113,-30.340,4.638072,-74.084282,0.88,3,1
2312,24693119,1.101,-0.715,-9.360,1.103,-21.739,-29.272,184.302,-8.332,-0.073,0.112,-29.272,4.638072,-74.084282,0.88,3,1
2313,24703097,1.075,-0.563,-9.499,-1.034,-21.923,-28.662,184.222,-8.401,-0.057,0.110,-28.662,4.638072,-74.084282,0.88,3,1
2314,24713115,1.049,0.081,-9.701,-2.743,-21.831,-27.349,183.825,-8.442,0.008,0.107,-27.349,4.638072,-74.084282,0.88,3,1
2315,24723103,1.115,0.267,-9.987,-2.071,-21.099,-24.237,183.385,-8.491,0.027,0.114,-24.237,4.638072,-74.084282,0.88,3,1
2316,24733128,1.270,0.047,-9.802,3.391,-19.390,-21.124,183.130,-8.601,0.005,0.130,-21.124,4.638072,-74.084282,0.88,3,1
2317,24743119,1.225,-0.056,-9.622,4.582,-17.559,-17.767,182.955,-8.675,-0.006,0.125,-17.767,4.638072,-74.084282,0.88,3,1
2318,24753108,1.151,-0.435,-9.586,4.521,-17.253,-14.959,182.971,-8.709,-0.044,0.117,-14.959,4.638027,-74.084132,1.32,3,1
2319,24763101,1.089,-0.659,-9.795,3.269,-17.497,-13.433,183.072,-8.703,-0.067,0.111,-13.433,4.638027,-74.084132,1.32,3,1
2320,24773108,0.946,-0.551,-10.037,0.431,-16.735,-12.213,183.083,-8.617,-0.056,0.096,-12.213,4.638027,-74.084132,1.32,3,1
2321,24783098,0.879,-0.276,-10.037,0.126,-14.629,-10.717,182.969,-8.489,-0.028,0.090,-10.717,4.638027,-74.084132,1.32,3,1
2322,24793095,0.698,-0.020,-10.258,1.469,-11.821,-8.154,182.764,-8.260,-0.002,0.071,-8.154,4.638027,-74.084132,1.32,3,1
2323,24803100,0.684,-0.175,-10.037,4.612,-8.739,-5.590,182.672,-8.022,-0.018,0.070,-5.590,4.638027,-74.084132,1.32,3,1
2324,24813106,0.805,-0.435,-9.917,7.939,-7.366,-4.064,182.734,-7.846,-0.044,0.082,-4.064,4.638027,-74.084132,1.32,3,1
2325,24823090,0.875,-0.703,-10.085,10.014,-6.664,-3.515,182.925,-7.701,-0.072,0.089,-3.515,4.638027,-74.084132,1.32,3,1
2326,24833108,0.922,-0.845,-9.778,11.418,-7.030,-3.088,183.187,-7.604,-0.086,0.094,-3.088,4.638027,-74.084132,1.32,3,1
2327,24843095,0.851,-1.021,-9.749,12.852,-9.654,-2.874,183.521,-7.507,-0.104,0.087,-2.874,4.638027,-74.084132,1.32,3,1
2328,24853105,0.860,-1.050,-9.687,14.836,-13.042,-4.278,183.865,-7.455,-0.107,0.088,-4.278,4.638027,-74.084132,1.32,3,1
2329,24863101,0.751,-1.043,-9.759,17.430,-17.345,-5.682,184.199,-7.396,-0.106,0.077,-5.682,4.638027,-74.084132,1.32,3,1
2330,24873114,0.545,-1.161,-9.898,19.993,-22.014,-6.109,184.576,-7.289,-0.118,0.056,-6.109,4.638027,-74.084132,1.32,3,1
2331,24883099,0.352,-1.288,-10.095,21.153,-25.432,-6.170,184.980,-7.134,-0.131,0.036,-6.170,4.638027,-74.084132,1.32,3,1
2332,24893102,0.257,-1.387,-10.246,21.763,-27.019,-5.712,185.393,-6.962,-0.141,0.026,-5.712,4.638027,-74.084132,1.32,3,1
2333,24906817,0.023,-1.457,-10.558,20.237,-25.493,-4.614,185.844,-6.769,-0.149,0.002,-4.614,4.638027,-74.084132,1.32,3,1
2334,24913100,0.023,-1.457,-10.558,20.237,-25.493,-4.614,186.190,-6.500,-0.149,0.002,-4.614,4.638027,-74.084132,1.32,3,1
2335,24923105,-0.094,-1.392,-10.599,18.925,-22.960,-3.515,186.468,-6.182,-0.142,-0.010,-3.515,4.638027,-74.084132,1.32,3,1
2336,24933101,-0.208,-1.503,-10.681,17.338,-19.878,-1.745,186.750,-5.815,-0.153,-0.021,-1.745,4.638027,-74.084132,1.32,3,1
2337,24943103,-0.294,-1.407,-10.561,16.209,-16.338,-0.433,186.967,-5.408,-0.143,-0.030,-0.433,4.638027,-74.084132,1.32,3,1
2338,24953105,-0.322,-1.409,-10.450,15.934,-13.317,0.879,187.172,-4.992,-0.144,-0.033,0.879,4.638027,-74.084132,1.32,3,1
2339,24963113,-0.420,-1.474,-10.325,15.965,-10.753,2.009,187.395,-4.543,-0.150,-0.043,2.009,4.638027,-74.084132,1.32,3,1
2340,24973104,-0.353,-1.597,-10.107,15.995,-9.014,2.558,187.667,-4.138,-0.163,-0.036,2.558,4.638027,-74.084132,1.32,3,1
2341,24983101,-0.308,-1.689,-9.953,15.141,-8.159,3.260,187.961,-3.774,-0.172,-0.031,3.260,4.638027,-74.084132,1.32,3,1
2342,24993096,-0.380,-1.597,-10.054,13.889,-7.976,4.267,188.173,-3.408,-0.163,-0.039,4.267,4.638027,-74.084132,1.32,3,1
2343,25003119,-0.430,-1.561,-9.881,13.676,-8.037,5.335,188.364,-3.045,-0.159,-0.044,5.335,4.638027,-74.084132,1.32,3,1
2344,25013109,-0.454,-1.679,-9.631,13.615,-8.403,6.495,188.609,-2.699,-0.171,-0.046,6.495,4.638027,-74.084132,1.32,3,1
2345,25023091,-0.520,-1.727,-9.886,12.577,-9.136,6.891,188.828,-2.363,-0.176,-0.053,6.891,4.638027,-74.084132,1.32,3,1
2346,25033100,-0.544,-1.611,-10.064,11.753,-9.288,6.952,188.960,-2.047,-0.164,-0.055,6.952,4.638027,-74.084132,1.32,3,1
2347,25043100,-0.604,-1.527,-10.008,11.418,-8.220,7.593,189.046,-1.718,-0.156,-0.062,7.593,4.638027,-74.084132,1.32,3,1
2348,25053107,-0.663,-1.498,-10.047,11.784,-7.091,8.112,189.114,-1.379,-0.153,-0.068,8.112,4.638027,-74.084132,1.32,3,1
2349,25063102,-0.687,-1.489,-10.068,12.730,-6.267,8.326,189.181,-1.048,-0.152,-0.070,8.326,4.638027,-74.084132,1.32,3,1
2350,25073103,-0.692,-1.491,-9.980,13.950,-5.260,8.417,189.260,-0.730,-0.152,-0.071,8.417,4.638027,-74.084132,1.32,3,1
2351,25083103,-0.671,-1.570,-9.831,14.561,-3.673,8.875,189.383,-0.426,-0.160,-0.068,8.875,4.638027,-74.084132,1.32,3,1
2352,25093108,-0.616,-1.756,-9.636,13.706,-2.056,9.791,189.585,-0.150,-0.179,-0.063,9.791,4.638027,-74.084132,1.32,3,1
2353,25103115,-0.601,-1.980,-9.511,10.716,-0.835,10.950,189.853,0.112,-0.202,-0.061,10.950,4.638027,-74.084132,1.32,3,1
2354,25113113,-0.551,-2.139,-9.288,6.779,-0.011,11.439,190.157,0.344,-0.218,-0.056,11.439,4.638027,-74.084132,1.32,3,1
2355,25123102,-0.442,-2.270,-9.115,4.429,-0.133,9.760,190.493,0.510,-0.231,-0.045,9.760,4.638027,-74.084132,1.32,3,1
2356,25133120,-0.487,-1.971,-9.319,-0.942,-2.147,5.091,190.598,0.663,-0.201,-0.050,5.091,4.638027,-74.084132,1.32,3,1
2357,25143105,-0.494,-1.795,-9.504,-2.956,-2.300,3.687,190.580,0.802,-0.183,-0.050,3.687,4.638027,-74.084132,1.32,3,1
2358,25153097,-0.532,-1.621,-9.706,-3.689,-1.872,2.619,190.465,0.948,-0.165,-0.054,2.619,4.638027,-74.084132,1.32,3,1
2359,25163095,-0.635,-1.291,-9.996,-3.078,-0.835,1.154,190.202,1.131,-0.132,-0.065,1.154,4.638027,-74.084132,1.32,3,1
2360,25173105,-0.849,-0.688,-10.414,1.591,1.973,-1.898,189.729,1.407,-0.070,-0.087,-1.898,4.638027,-74.084132,1.32,3,1
2361,25183121,-0.661,-0.208,-10.498,10.349,7.069,-6.140,189.170,1.628,-0.021,-0.067,-6.140,4.638027,-74.084132,1.32,3,1
2362,25193112,-0.466,-0.290,-10.431,18.620,10.823,-5.621,188.766,1.787,-0.030,-0.047,-5.621,4.638027,-74.084132,1.32,3,1
2363,25203093,-0.260,-0.864,-10.162,23.716,12.806,-1.501,188.689,1.869,-0.088,-0.027,-1.501,4.638027,-74.084132,1.32,3,1
2364,25213094,-0.043,-1.479,-9.720,23.594,14.271,2.802,188.906,1.865,-0.151,-0.004,2.802,4.638027,-74.084132,1.32,3,1
2365,25223085,0.138,-2.036,-9.264,21.214,14.302,5.579,189.370,1.779,-0.208,0.014,5.579,4.638027,-74.084132,1.32,3,1
2366,25233099,0.266,-2.323,-8.887,17.063,13.295,5.732,189.933,1.627,-0.237,0.027,5.732,4.638027,-74.084132,1.32,3,1
2367,25246461,0.495,-2.487,-8.519,11.173,10.792,5.732,190.569,1.367,-0.254,0.051,5.732,4.638027,-74.084132,1.32,3,1
2368,25253104,0.374,-2.496,-8.514,3.452,6.642,6.983,191.053,1.121,-0.255,0.038,6.983,4.638027,-74.084132,1.32,3,1
2369,25263095,0.202,-2.205,-8.699,-3.445,2.522,6.983,191.270,0.945,-0.225,0.021,6.983,4.638027,-74.084132,1.32,3,1
2370,25273099,0.138,-1.744,-8.925,-7.381,-0.621,5.854,191.188,0.786,-0.178,0.014,5.854,4.638027,-74.084132,1.32,3,1
2371,25283091,0.030,-1.513,-9.240,-7.107,-3.642,4.511,190.978,0.665,-0.154,0.003,4.511,4.638027,-74.084132,1.32,3,1
2372,25293101,-0.129,-1.407,-9.588,-5.062,-5.596,3.016,190.731,0.608,-0.143,-0.013,3.016,4.638027,-74.084132,1.32,3,1
2373,25303091,-0.210,-1.284,-9.783,-2.987,-5.809,2.100,190.455,0.590,-0.131,-0.021,2.100,4.638027,-74.084132,1.32,3,1
2374,25313101,-0.234,-1.317,-9.802,-1.308,-4.527,2.527,190.230,0.594,-0.134,-0.024,2.527,4.638027,-74.084132,1.32,3,1
2375,25323097,-0.251,-1.361,-9.751,-0.545,-3.063,3.809,190.051,0.620,-0.139,-0.026,3.809,4.638027,-74.084132,1.32,3,1
2376,25333102,-0.225,-1.394,-9.610,-0.240,-2.269,5.121,189.913,0.641,-0.142,-0.023,5.121,4.638027,-74.084132,1.32,3,1
2377,25343097,-0.218,-1.476,-9.427,-0.149,-2.239,6.342,189.837,0.659,-0.151,-0.022,6.342,4.638027,-74.084132,1.32,3,1
2378,25353105,-0.175,-1.604,-9.410,0.279,-3.215,6.708,189.829,0.647,-0.164,-0.018,6.708,4.638027,-74.084132,1.32,3,1
2379,25363097,-0.210,-1.575,-9.406,0.584,-4.375,6.464,189.812,0.641,-0.161,-0.021,6.464,4.638027,-74.084132,1.32,3,1
2380,25373103,-0.237,-1.544,-9.406,0.492,-5.413,6.647,189.781,0.638,-0.157,-0.024,6.647,4.638027,-74.084132,1.32,3,1
2381,25383095,-0.232,-1.546,-9.410,0.248,-5.992,6.952,189.751,0.628,-0.158,-0.024,6.952,4.638027,-74.084132,1.32,3,1
2382,25393102,-0.225,-1.527,-9.381,-0.301,-6.175,7.502,189.712,0.615,-0.156,-0.023,7.502,4.638027,-74.084132,1.32,3,1
2383,25403096,-0.213,-1.561,-9.367,-1.491,-5.870,8.631,189.681,0.599,-0.159,-0.022,8.631,4.638027,-74.084132,1.32,3,1
2384,25413099,-0.201,-1.621,-9.365,-3.139,-5.321,9.943,189.665,0.585,-0.165,-0.020,9.943,4.638027,-74.084132,1.32,3,1
2385,25423097,-0.218,-1.674,-9.353,-4.513,-4.833,11.042,189.662,0.583,-0.171,-0.022,11.042,4.638027,-74.084132,1.32,3,1
2386,25433098,-0.256,-1.715,-9.406,-6.161,-4.894,11.957,189.659,0.598,-0.175,-0.026,11.957,4.638027,-74.084132,1.32,3,1
2387,25443096,-0.256,-1.744,-9.540,-7.747,-4.924,12.293,189.643,0.610,-0.178,-0.026,12.293,4.638027,-74.084132,1.32,3,1
2388,25453089,-0.222,-1.804,-9.643,-9.212,-5.107,12.507,189.633,0.604,-0.184,-0.023,12.507,4.638027,-74.084132,1.32,3,1
2389,25463096,-0.268,-1.689,-9.754,-10.677,-5.199,12.934,189.551,0.616,-0.172,-0.027,12.934,4.638027,-74.084132,1.32,3,1
2390,25473089,-0.306,-1.407,-9.677,-11.928,-4.405,13.392,189.345,0.653,-0.143,-0.031,13.392,4.638027,-74.084132,1.32,3,1
2391,25483086,-0.241,-1.274,-9.482,-11.898,-4.344,14.124,189.108,0.661,-0.130,-0.025,14.124,4.638027,-74.084132,1.32,3,1
2392,25493098,-0.136,-1.243,-9.418,-10.158,-6.053,14.124,188.895,0.605,-0.127,-0.014,14.124,4.638027,-74.084132,1.32,3,1
2393,25503101,-0.146,-1.233,-9.482,-7.870,-8.312,13.727,188.710,0.537,-0.126,-0.015,13.727,4.638027,-74.084132,1.32,3,1
2394,25513094,-0.229,-1.214,-9.574,-6.008,-10.326,14.033,188.544,0.493,-0.124,-0.023,14.033,4.638027,-74.084132,1.32,3,1
2395,25523096,-0.377,-1.240,-9.660,-4.635,-11.791,15.009,188.409,0.503,-0.126,-0.038,15.009,4.638027,-74.084132,1.32,3,1
2396,25533099,-0.528,-1.368,-9.744,-3.780,-12.279,16.382,188.344,0.574,-0.139,-0.054,16.382,4.638027,-74.084132,1.32,3,1
2397,25543097,-0.668,-1.570,-9.857,-3.231,-12.371,17.023,188.370,0.696,-0.160,-0.068,17.023,4.638027,-74.084132,1.32,3,1
2398,25553099,-0.842,-1.679,-10.061,-2.468,-11.882,16.413,188.434,0.882,-0.171,-0.086,16.413,4.638027,-74.084132,1.32,3,1
2399,25584002,-1.059,-1.341,-10.453,1.805,-4.375,11.988,188.393,1.148,-0.137,-0.108,11.988,4.638027,-74.084132,1.32,3,1
2400,25585339,-1.059,-1.341,-10.453,1.805,-4.375,11.988,188.334,1.458,-0.137,-0.108,11.988,4.638027,-74.084132,1.32,3,1
2401,25586673,-1.059,-1.341,-10.453,1.805,-4.375,11.988,188.266,1.781,-0.137,-0.108,11.988,4.638027,-74.084132,1.32,3,1
2402,25593105,-1.004,-1.358,-10.378,3.147,0.050,12.201,188.224,2.100,-0.139,-0.102,12.201,4.638027,-74.084132,1.32,3,1
2403,25603099,-0.923,-1.532,-10.253,3.910,3.865,12.995,188.286,2.385,-0.156,-0.094,12.995,4.638027,-74.084132,1.32,3,1
2404,25613102,-0.864,-1.713,-10.181,4.337,6.520,13.148,188.435,2.639,-0.175,-0.088,13.148,4.638027,-74.084132,1.32,3,1
2405,25623100,-0.828,-1.746,-10.095,4.337,8.198,12.507,188.593,2.870,-0.178,-0.084,12.507,4.638027,-74.084132,1.32,3,1
2406,25633161,-0.766,-1.672,-10.076,4.185,9.114,11.744,188.702,3.060,-0.170,-0.078,11.744,4.638027,-74.084132,1.32,3,1
2407,25643101,-0.678,-1.573,-10.097,4.704,9.999,11.255,188.760,3.202,-0.160,-0.069,11.255,4.638027,-74.084132,1.32,3,1
2408,25653100,-0.599,-1.530,-10.037,5.436,11.067,11.286,188.804,3.307,-0.156,-0.061,11.286,4.638027,-74.084132,1.32,3,1
2409,25663099,-0.501,-1.532,-9.943,6.260,11.983,11.622,188.860,3.370,-0.156,-0.051,11.622,4.638027,-74.084132,1.32,3,1
2410,25673096,-0.404,-1.532,-9.823,6.687,12.990,12.140,188.924,3.395,-0.156,-0.041,12.140,4.638027,-74.084132,1.32,3,1
2411,25683105,-0.203,-1.633,-9.593,6.046,13.661,13.392,189.040,3.336,-0.167,-0.021,13.392,4.638027,-74.084132,1.32,3,1
2412,25693120,-0.170,-1.778,-9.381,4.063,12.868,15.650,189.213,3.261,-0.181,-0.017,15.650,4.638027,-74.084132,1.32,3,1
2413,25703091,-0.117,-1.971,-9.240,1.530,10.640,17.664,189.451,3.148,-0.201,-0.012,17.664,4.638027,-74.084132,1.32,3,1
2414,25713099,-0.101,-2.000,-9.182,-1.125,7.222,18.397,189.664,3.005,-0.204,-0.010,18.397,4.638027,-74.084132,1.32,3,1
2415,25723095,-0.144,-1.862,-9.254,-2.987,3.468,18.336,189.772,2.860,-0.190,-0.015,18.336,4.638027,-74.084132,1.32,3,1
2416,25733112,-0.232,-1.621,-9.468,-4.024,0.477,18.244,189.733,2.738,-0.165,-0.024,18.244,4.638027,-74.084132,1.32,3,1
2417,25743113,-0.361,-1.385,-9.648,-3.567,-1.415,18.122,189.581,2.666,-0.141,-0.037,18.122,4.638027,-74.084132,1.32,3,1
2418,25753095,-0.432,-1.204,-9.691,-2.041,-1.659,18.122,189.371,2.629,-0.123,-0.044,18.122,4.637973,-74.083935,1.82,3,1
2419,25763115,-0.427,-1.231,-9.759,-0.088,-1.354,19.129,189.204,2.594,-0.125,-0.044,19.129,4.637973,-74.083935,1.82,3,1
2420,25773114,-0.454,-1.423,-9.799,1.042,-0.682,20.441,189.143,2.579,-0.145,-0.046,20.441,4.637973,-74.083935,1.82,3,1
2421,25783119,-0.501,-1.604,-9.785,1.133,-0.194,21.631,189.169,2.590,-0.164,-0.051,21.631,4.637973,-74.083935,1.82,3,1
2422,25793097,-0.547,-1.703,-9.751,0.248,-0.041,22.486,189.230,2.622,-0.174,-0.056,22.486,4.637973,-74.083935,1.82,3,1
2423,25803104,-0.573,-1.725,-9.766,-0.851,0.081,22.761,189.285,2.664,-0.176,-0.058,22.761,4.637973,-74.083935,1.82,3,1
2424,25813118,-0.618,-1.689,-9.915,-1.675,0.325,22.852,189.301,2.722,-0.172,-0.063,22.852,4.637973,-74.083935,1.82,3,1
2425,25823106,-0.666,-1.561,-9.984,-2.560,1.729,23.096,189.247,2.807,-0.159,-0.068,23.096,4.637973,-74.083935,1.82,3,1
2426,25833103,-0.752,-1.445,-9.980,-2.498,3.773,23.249,189.149,2.942,-0.147,-0.077,23.249,4.637973,-74.083935,1.82,3,1
2427,25843093,-0.783,-1.411,-9.953,-1.705,5.910,23.157,189.053,3.101,-0.144,-0.080,23.157,4.637973,-74.083935,1.82,3,1
2428,25853099,-0.742,-1.380,-9.895,-0.637,7.435,22.974,188.964,3.246,-0.141,-0.076,22.974,4.637973,-74.083935,1.82,3,1
2429,25863111,-0.714,-1.392,-9.869,0.370,7.649,23.401,188.898,3.371,-0.142,-0.073,23.401,4.637973,-74.083935,1.82,3,1
2430,25873114,-0.706,-1.469,-9.751,1.011,6.978,24.134,188.884,3.480,-0.150,-0.072,24.134,4.637973,-74.083935,1.82,3,1
2431,25883123,-0.723,-1.592,-9.626,1.133,5.940,24.409,188.935,3.582,-0.162,-0.074,24.409,4.637973,-74.083935,1.82,3,1
2432,25893095,-0.785,-1.677,-9.614,1.316,4.170,23.798,189.022,3.687,-0.171,-0.080,23.798,4.637973,-74.083935,1.82,3,1
2433,25903112,-0.816,-1.730,-9.622,1.713,2.308,21.845,189.130,3.780,-0.176,-0.083,21.845,4.637973,-74.083935,1.82,3,1
2434,25916664,-0.826,-1.698,-9.684,2.476,1.118,19.159,189.227,3.859,-0.173,-0.084,19.159,4.637973,-74.083935,1.82,3,1
2435,25923108,-0.878,-1.592,-9.843,3.666,0.722,17.115,189.260,3.947,-0.162,-0.090,17.115,4.637973,-74.083935,1.82,3,1
2436,25933114,-0.871,-1.556,-9.915,3.758,2.278,16.230,189.271,4.036,-0.159,-0.089,16.230,4.637973,-74.083935,1.82,3,1
2437,25943091,-0.866,-1.551,-9.924,2.720,5.116,16.871,189.268,4.141,-0.158,-0.088,16.871,4.637973,-74.083935,1.82,3,1
2438,25953105,-0.849,-1.619,-9.895,1.377,7.771,18.336,189.284,4.256,-0.165,-0.087,18.336,4.637973,-74.083935,1.82,3,1
2439,25963102,-0.828,-1.652,-9.771,0.401,9.236,18.702,189.314,4.371,-0.169,-0.084,18.702,4.637973,-74.083935,1.82,3,1
2440,25973102,-0.795,-1.643,-9.660,0.401,9.236,17.878,189.346,4.466,-0.168,-0.081,17.878,4.637973,-74.083935,1.82,3,1
2441,25983098,-0.780,-1.599,-9.588,1.286,7.954,16.291,189.370,4.538,-0.163,-0.080,16.291,4.637973,-74.083935,1.82,3,1
2442,25993093,-0.752,-1.626,-9.670,2.445,5.940,14.612,189.408,4.570,-0.166,-0.077,14.612,4.637973,-74.083935,1.82,3,1
2443,26003105,-0.728,-1.554,-9.747,3.452,4.780,12.842,189.415,4.576,-0.158,-0.074,12.842,4.637973,-74.083935,1.82,3,1
2444,26013103,-0.776,-1.407,-9.871,3.971,4.841,11.866,189.353,4.600,-0.143,-0.079,11.866,4.637973,-74.083935,1.82,3,1
2445,26023095,-0.752,-1.399,-9.826,4.307,6.154,12.354,189.299,4.626,-0.143,-0.077,12.354,4.637973,-74.083935,1.82,3,1
2446,26033111,-0.735,-1.491,-9.706,3.971,7.863,13.392,189.295,4.661,-0.152,-0.075,13.392,4.637973,-74.083935,1.82,3,1
2447,26043097,-0.737,-1.566,-9.571,3.300,8.717,14.002,189.327,4.707,-0.160,-0.075,14.002,4.637973,-74.083935,1.82,3,1
2448,26053112,-0.711,-1.585,-9.458,3.208,8.290,14.155,189.373,4.737,-0.162,-0.073,14.155,4.637973,-74.083935,1.82,3,1
2449,26063089,-0.728,-1.614,-9.374,3.513,6.917,13.727,189.438,4.762,-0.165,-0.074,13.727,4.637973,-74.083935,1.82,3,1
2450,26073095,-0.725,-1.621,-9.470,3.910,5.696,12.842,189.497,4.770,-0.165,-0.074,12.842,4.637973,-74.083935,1.82,3,1
2451,26083090,-0.754,-1.669,-9.482,4.917,5.086,12.293,189.582,4.784,-0.170,-0.077,12.293,4.637973,-74.083935,1.82,3,1
2452,26093118,-0.756,-1.891,-9.550,5.039,4.963,11.835,189.754,4.792,-0.193,-0.077,11.835,4.637973,-74.083935,1.82,3,1
2453,26103096,-0.752,-2.014,-9.564,3.300,5.604,11.439,189.950,4.803,-0.205,-0.077,11.439,4.637973,-74.083935,1.82,3,1
2454,26113094,-0.737,-2.111,-9.629,0.797,6.398,11.164,190.144,4.811,-0.215,-0.075,11.164,4.637973,-74.083935,1.82,3,1
2455,26123096,-0.685,-2.029,-9.689,-2.193,7.161,10.737,190.255,4.801,-0.207,-0.070,10.737,4.637973,-74.083935,1.82,3,1
2456,26133102,-0.690,-1.787,-9.797,-4.696,7.924,11.011,190.220,4.799,-0.182,-0.070,11.011,4.637973,-74.083935,1.82,3,1
2457,26143117,-0.692,-1.614,-9.843,-6.130,8.412,12.018,190.096,4.803,-0.165,-0.071,12.018,4.637973,-74.083935,1.82,3,1
2458,26153100,-0.718,-1.585,-9.900,-5.733,8.107,12.537,189.969,4.813,-0.162,-0.073,12.537,4.637973,-74.083935,1.82,3,1
2459,26163098,-0.716,-1.561,-9.977,-4.482,7.374,12.507,189.847,4.812,-0.159,-0.073,12.507,4.637973,-74.083935,1.82,3,1
2460,26173096,-0.725,-1.554,-10.054,-2.926,6.550,12.110,189.741,4.805,-0.158,-0.074,12.110,4.637973,-74.083935,1.82,3,1
2461,26183105,-0.752,-1.554,-10.128,-1.491,6.001,11.591,189.652,4.803,-0.158,-0.077,11.591,4.637973,-74.083935,1.82,3,1
2462,26193103,-0.742,-1.510,-10.157,-0.118,6.093,11.469,189.561,4.797,-0.154,-0.076,11.469,4.637973,-74.083935,1.82,3,1
2463,26203099,-0.683,-1.505,-10.083,0.797,6.795,11.683,189.489,4.775,-0.154,-0.070,11.683,4.637973,-74.083935,1.82,3,1
2464,26213094,-0.671,-1.546,-10.028,1.469,7.039,12.079,189.450,4.753,-0.158,-0.068,12.079,4.637973,-74.083935,1.82,3,1
2465,26223095,-0.673,-1.607,-9.975,1.774,6.795,12.232,189.445,4.732,-0.164,-0.069,12.232,4.637973,-74.083935,1.82,3,1
2466,26233109,-0.685,-1.660,-9.946,2.079,6.367,12.171,189.469,4.715,-0.169,-0.070,12.171,4.637973,-74.083935,1.82,3,1
2467,26243085,-0.725,-1.575,-9.992,2.445,5.757,11.835,189.454,4.711,-0.161,-0.074,11.835,4.637973,-74.083935,1.82,3,1
2468,26256276,-0.740,-1.450,-10.056,3.422,5.299,11.561,189.401,4.717,-0.148,-0.075,11.561,4.637973,-74.083935,1.82,3,1
2469,26263087,-0.733,-1.385,-10.059,4.887,5.177,11.378,189.326,4.708,-0.141,-0.075,11.378,4.637973,-74.083935,1.82,3,1
2470,26273107,-0.759,-1.411,-10.059,6.413,5.299,11.561,189.284,4.712,-0.144,-0.077,11.561,4.637973,-74.083935,1.82,3,1
2471,26283106,-0.745,-1.520,-9.996,7.603,5.910,11.927,189.306,4.716,-0.155,-0.076,11.927,4.637973,-74.083935,1.82,3,1
2472,26293101,-0.785,-1.655,-9.958,8.122,6.306,11.744,189.393,4.742,-0.169,-0.080,11.744,4.637973,-74.083935,1.82,3,1
2473,26303096,-0.718,-1.730,-9.855,8.274,6.917,10.859,189.515,4.746,-0.176,-0.073,10.859,4.637973,-74.083935,1.82,3,1
2474,26313091,-0.675,-1.705,-9.754,8.122,7.130,9.882,189.623,4.735,-0.174,-0.069,9.882,4.637973,-74.083935,1.82,3,1
2475,26323107,-0.630,-1.681,-9.766,7.786,6.947,9.424,189.708,4.704,-0.171,-0.064,9.424,4.637973,-74.083935,1.82,3,1
2476,26333099,-0.613,-1.650,-9.739,7.206,6.611,9.150,189.769,4.665,-0.168,-0.063,9.150,4.637973,-74.083935,1.82,3,1
2477,26343096,-0.618,-1.631,-9.706,6.962,6.337,9.089,189.818,4.630,-0.166,-0.063,9.089,4.637973,-74.083935,1.82,3,1
2478,26353107,-0.573,-1.645,-9.569,6.687,6.154,8.936,189.877,4.579,-0.168,-0.058,8.936,4.637973,-74.083935,1.82,3,1
2479,26363098,-0.566,-1.677,-9.578,6.260,5.879,8.478,189.940,4.526,-0.171,-0.058,8.478,4.637973,-74.083935,1.82,3,1
2480,26373091,-0.489,-1.742,-9.559,5.772,5.940,8.295,190.025,4.444,-0.178,-0.050,8.295,4.637973,-74.083935,1.82,3,1
2481,26383107,-0.466,-1.865,-9.574,4.887,6.276,7.990,190.149,4.359,-0.190,-0.047,7.990,4.637973,-74.083935,1.82,3,1
2482,26393101,-0.423,-1.966,-9.538,3.666,6.550,7.288,190.299,4.264,-0.200,-0.043,7.288,4.637973,-74.083935,1.82,3,1
2483,26403093,-0.370,-1.956,-9.562,2.384,6.398,6.098,190.420,4.152,-0.199,-0.038,6.098,4.637973,-74.083935,1.82,3,1
2484,26413107,-0.282,-1.850,-9.482,1.377,6.093,4.969,190.482,4.007,-0.189,-0.029,4.969,4.637973,-74.083935,1.82,3,1
2485,26423098,-0.260,-1.720,-9.350,0.096,5.482,4.694,190.480,3.859,-0.175,-0.027,4.694,4.637973,-74.083935,1.82,3,1
2486,26433107,-0.239,-1.725,-9.329,-0.728,4.170,5.243,190.475,3.701,-0.176,-0.024,5.243,4.637973,-74.083935,1.82,3,1
2487,26443098,-0.258,-1.761,-9.398,-1.339,2.247,5.488,190.475,3.545,-0.180,-0.026,5.488,4.637973,-74.083935,1.82,3,1
2488,26453091,-0.330,-1.768,-9.504,-1.613,0.264,5.152,190.467,3.414,-0.180,-0.034,5.152,4.637973,-74.083935,1.82,3,1
2489,26463107,-0.394,-1.785,-9.617,-1.461,-1.354,4.542,190.460,3.305,-0.182,-0.040,4.542,4.637973,-74.083935,1.82,3,1
2490,26473101,-0.446,-1.816,-9.780,-1.369,-2.422,3.901,190.454,3.214,-0.185,-0.046,3.901,4.637973,-74.083935,1.82,3,1
2491,26483097,-0.492,-1.739,-9.929,-1.400,-2.788,3.046,190.403,3.144,-0.177,-0.050,3.046,4.637973,-74.083935,1.82,3,1
2492,26493110,-0.511,-1.566,-9.946,-1.095,-2.239,2.466,190.284,3.093,-0.160,-0.052,2.466,4.637973,-74.083935,1.82,3,1
2493,26503107,-0.454,-1.438,-9.879,-0.484,-0.560,2.863,190.128,3.038,-0.147,-0.046,2.863,4.637973,-74.083935,1.82,3,1
2494,26513101,-0.435,-1.539,-9.821,0.340,1.301,3.901,190.040,2.997,-0.157,-0.044,3.901,4.637973,-74.083935,1.82,3,1
2495,26523093,-0.466,-1.775,-9.720,1.164,2.217,4.206,190.076,2.982,-0.181,-0.047,4.206,4.637973,-74.083935,1.82,3,1
2496,26533107,-0.435,-1.889,-9.631,2.079,2.247,3.504,190.175,2.957,-0.193,-0.044,3.504,4.637973,-74.083935,1.82,3,1
2497,26543098,-0.408,-1.935,-9.499,2.598,2.522,2.741,190.303,2.926,-0.197,-0.042,2.741,4.637973,-74.083935,1.82,3,1
2498,26553110,-0.377,-2.053,-9.449,2.354,2.766,2.466,190.476,2.887,-0.209,-0.038,2.466,4.637973,-74.083935,1.82,3,1
2499,26594960,-0.361,-2.217,-9.521,-3.261,2.156,1.154,190.606,2.847,-0.226,-0.037,1.154,4.637973,-74.083935,1.82,3,1
2500,26596295,-0.361,-2.217,-9.521,-3.261,2.156,1.154,190.772,2.796,-0.226,-0.037,1.154,4.637973,-74.083935,1.82,3,1
2501,26597619,-0.361,-2.217,-9.521,-3.261,2.156,1.154,190.952,2.742,-0.226,-0.037,1.154,4.637973,-74.083935,1.82,3,1
2502,26598937,-0.361,-2.217,-9.521,-3.261,2.156,1.154,191.132,2.689,-0.226,-0.037,1.154,4.637973,-74.083935,1.82,3,1
2503,26603105,-0.370,-2.147,-9.715,-4.848,1.484,0.971,191.222,2.635,-0.219,-0.038,0.971,4.637973,-74.083935,1.82,3,1
2504,26613094,-0.423,-2.000,-9.850,-6.008,0.905,1.063,191.194,2.609,-0.204,-0.043,1.063,4.637973,-74.083935,1.82,3,1
2505,26623087,-0.449,-1.807,-9.972,-6.313,0.294,1.215,191.054,2.593,-0.184,-0.046,1.215,4.637973,-74.083935,1.82,3,1
2506,26633150,-0.449,-1.657,-10.080,-5.855,-0.408,1.368,190.849,2.570,-0.169,-0.046,1.368,4.637973,-74.083935,1.82,3,1
2507,26643101,-0.446,-1.476,-10.167,-4.757,-0.957,1.764,190.581,2.542,-0.151,-0.046,1.764,4.637973,-74.083935,1.82,3,1
2508,26653095,-0.461,-1.315,-10.236,-3.231,-1.140,2.527,190.273,2.521,-0.134,-0.047,2.527,4.637973,-74.083935,1.82,3,1
2509,26663091,-0.528,-1.247,-10.179,-0.942,-1.079,3.473,189.989,2.535,-0.127,-0.054,3.473,4.637973,-74.083935,1.82,3,1
2510,26673106,-0.559,-1.296,-10.030,1.438,-0.957,4.175,189.786,2.566,-0.132,-0.057,4.175,4.637973,-74.083935,1.82,3,1
2511,26683102,-0.580,-1.416,-9.900,3.391,-0.804,4.511,189.684,2.608,-0.144,-0.059,4.511,4.637973,-74.083935,1.82,3,1
2512,26693113,-0.573,-1.585,-9.790,4.337,-0.286,4.572,189.686,2.650,-0.162,-0.058,4.572,4.637973,-74.083935,1.82,3,1
2513,26703111,-0.592,-1.773,-9.655,4.307,0.416,4.145,189.786,2.706,-0.181,-0.060,4.145,4.637973,-74.083935,1.82,3,1
2514,26713097,-0.611,-1.927,-9.562,3.666,0.752,2.985,189.950,2.771,-0.197,-0.062,2.985,4.637973,-74.083935,1.82,3,1
2515,26723106,-0.601,-1.951,-9.598,2.628,1.149,1.154,190.099,2.828,-0.199,-0.061,1.154,4.637973,-74.083935,1.82,3,1
2516,26733126,-0.549,-1.855,-9.626,1.133,2.034,-0.433,190.175,2.865,-0.189,-0.056,-0.433,4.637973,-74.083935,1.82,3,1
2517,26743107,-0.492,-1.715,-9.641,-0.362,3.377,-1.318,190.167,2.885,-0.175,-0.050,-1.318,4.637973,-74.083935,1.82,3,1
2518,26753110,-0.377,-1.573,-9.634,-1.278,4.597,-1.531,190.087,2.862,-0.160,-0.038,-1.531,4.637932,-74.083795,2.16,3,1
2519,26763107,-0.334,-1.491,-9.552,-1.552,5.391,-1.470,189.980,2.831,-0.152,-0.034,-1.470,4.637932,-74.083795,2.16,3,1
2520,26773108,-0.284,-1.426,-9.487,-1.552,5.543,-1.440,189.856,2.782,-0.145,-0.029,-1.440,4.637932,-74.083795,2.16,3,1
2521,26783101,-0.234,-1.443,-9.432,-1.461,5.208,-0.952,189.755,2.711,-0.147,-0.024,-0.952,4.637932,-74.083795,2.16,3,1
2522,26793099,-0.196,-1.563,-9.369,-1.430,4.139,-0.677,189.722,2.619,-0.159,-0.020,-0.677,4.637932,-74.083795,2.16,3,1
2523,26803111,-0.215,-1.650,-9.357,-1.613,2.308,-1.074,189.730,2.526,-0.168,-0.022,-1.074,4.637932,-74.083795,2.16,3,1
2524,26813103,-0.263,-1.660,-9.427,-2.102,0.569,-1.837,189.732,2.445,-0.169,-0.027,-1.837,4.637932,-74.083795,2.16,3,1
2525,26823111,-0.258,-1.650,-9.545,-2.529,-0.682,-2.294,189.717,2.356,-0.168,-0.026,-2.294,4.637932,-74.083795,2.16,3,1
2526,26833106,-0.294,-1.633,-9.610,-3.017,-1.354,-2.508,189.685,2.283,-0.167,-0.030,-2.508,4.637932,-74.083795,2.16,3,1
2527,26843103,-0.365,-1.549,-9.646,-3.567,-1.476,-2.416,189.611,2.246,-0.158,-0.037,-2.416,4.637932,-74.083795,2.16,3,1
2528,26853107,-0.315,-1.546,-9.658,-3.811,-1.293,-2.203,189.538,2.191,-0.158,-0.032,-2.203,4.637932,-74.083795,2.16,3,1
2529,26863109,-0.272,-1.558,-9.679,-4.177,-0.774,-1.898,189.471,2.125,-0.159,-0.028,-1.898,4.637932,-74.083795,2.16,3,1
2530,26873141,-0.270,-1.614,-9.677,-4.513,-0.408,-1.592,189.431,2.067,-0.165,-0.028,-1.592,4.637932,-74.083795,2.16,3,1
2531,26883104,-0.277,-1.677,-9.617,-4.635,-0.621,-1.562,189.425,2.015,-0.171,-0.028,-1.562,4.637932,-74.083795,2.16,3,1
2532,26893097,-0.249,-1.775,-9.674,-4.604,-1.079,-1.898,189.459,1.949,-0.181,-0.025,-1.898,4.637932,-74.083795,2.16,3,1
2533,26903101,-0.270,-1.819,-9.804,-4.696,-1.323,-2.569,189.498,1.894,-0.185,-0.028,-2.569,4.637932,-74.083795,2.16,3,1
2534,26916709,-0.265,-1.804,-9.891,-4.940,-1.201,-3.149,189.505,1.832,-0.184,-0.027,-3.149,4.637932,-74.083795,2.16,3,1
2535,26923094,-0.253,-1.732,-9.941,-4.726,-0.621,-3.515,189.493,1.783,-0.177,-0.026,-3.515,4.637932,-74.083795,2.16,3,1
2536,26933106,-0.253,-1.655,-9.999,-4.055,0.355,-3.485,189.450,1.746,-0.169,-0.026,-3.485,4.637932,-74.083795,2.16,3,1
2537,26943105,-0.215,-1.621,-10.001,-3.017,1.607,-3.210,189.405,1.708,-0.165,-0.022,-3.210,4.637932,-74.083795,2.16,3,1
2538,26953109,-0.177,-1.655,-9.939,-2.010,2.858,-2.630,189.393,1.667,-0.169,-0.018,-2.630,4.637932,-74.083795,2.16,3,1
2539,26963110,-0.113,-1.775,-9.847,-1.186,4.048,-1.989,189.448,1.613,-0.181,-0.011,-1.989,4.637932,-74.083795,2.16,3,1
2540,26973107,-0.072,-1.913,-9.756,-1.186,4.811,-1.531,189.566,1.553,-0.195,-0.007,-1.531,4.637932,-74.083795,2.16,3,1
2541,26983108,0.023,-1.985,-9.684,-2.010,4.750,-1.348,189.705,1.454,-0.202,0.002,-1.348,4.637932,-74.083795,2.16,3,1
2542,26993098,0.083,-1.980,-9.638,-3.048,3.895,-1.654,189.825,1.328,-0.202,0.008,-1.654,4.637932,-74.083795,2.16,3,1
2543,27003114,0.066,-1.867,-9.653,-3.963,2.431,-2.050,189.877,1.206,-0.190,0.007,-2.050,4.637932,-74.083795,2.16,3,1
2544,27013120,0.026,-1.742,-9.802,-4.391,0.996,-2.233,189.854,1.099,-0.178,0.003,-2.233,4.637932,-74.083795,2.16,3,1
2545,27023102,-0.043,-1.619,-9.970,-4.238,-0.041,-2.539,189.768,1.020,-0.165,-0.004,-2.539,4.637932,-74.083795,2.16,3,1
2546,27033105,-0.103,-1.448,-10.140,-3.292,-0.072,-2.569,189.614,0.973,-0.148,-0.011,-2.569,4.637932,-74.083795,2.16,3,1
2547,27043102,-0.127,-1.375,-10.198,-1.705,1.149,-2.264,189.452,0.950,-0.140,-0.013,-2.264,4.637932,-74.083795,2.16,3,1
2548,27053148,-0.086,-1.358,-10.116,-0.271,3.041,-1.501,189.313,0.930,-0.139,-0.009,-1.501,4.637932,-74.083795,2.16,3,1
2549,27063094,-0.048,-1.501,-10.044,0.523,4.963,-0.402,189.258,0.912,-0.153,-0.005,-0.402,4.637932,-74.083795,2.16,3,1
2550,27073098,-0.022,-1.705,-9.943,0.553,6.428,0.208,189.301,0.899,-0.174,-0.002,0.208,4.637932,-74.083795,2.16,3,1
2551,27083106,0.004,-1.739,-9.840,0.340,7.466,0.025,189.362,0.884,-0.177,0.000,0.025,4.637932,-74.083795,2.16,3,1
2552,27093116,0.035,-1.679,-9.785,-0.118,8.168,-0.006,189.391,0.864,-0.171,0.004,-0.006,4.637932,-74.083795,2.16,3,1
2553,27103102,0.109,-1.665,-9.646,-0.912,8.717,0.483,189.415,0.816,-0.170,0.011,0.483,4.637932,-74.083795,2.16,3,1
2554,27113107,0.219,-1.713,-9.533,-2.163,9.022,1.337,189.456,0.726,-0.175,0.022,1.337,4.637932,-74.083795,2.16,3,1
2555,27123105,0.286,-1.662,-9.430,-3.628,8.717,2.405,189.466,0.607,-0.169,0.029,2.405,4.637932,-74.083795,2.16,3,1
2556,27133172,0.297,-1.621,-9.348,-4.879,7.313,3.321,189.452,0.478,-0.165,0.030,3.321,4.637932,-74.083795,2.16,3,1
2557,27143110,0.271,-1.686,-9.391,-5.642,5.269,3.626,189.457,0.352,-0.172,0.028,3.626,4.637932,-74.083795,2.16,3,1
2558,27153098,0.214,-1.669,-9.586,-6.100,2.644,3.748,189.435,0.240,-0.170,0.022,3.748,4.637932,-74.083795,2.16,3,1
2559,27163105,0.104,-1.624,-9.857,-6.618,0.569,3.962,189.370,0.168,-0.166,0.011,3.962,4.637932,-74.083795,2.16,3,1
2560,27173098,0.007,-1.636,-10.109,-7.076,-0.469,4.206,189.293,0.135,-0.167,0.001,4.206,4.637932,-74.083795,2.16,3,1
2561,27183122,-0.032,-1.595,-10.306,-7.198,-0.804,4.389,189.191,0.117,-0.163,-0.003,4.389,4.637932,-74.083795,2.16,3,1
2562,27193110,-0.077,-1.373,-10.443,-6.618,-0.743,4.358,189.001,0.120,-0.140,-0.008,4.358,4.637932,-74.083795,2.16,3,1
2563,27203103,-0.139,-1.129,-10.443,-5.092,-0.377,4.603,188.740,0.152,-0.115,-0.014,4.603,4.637932,-74.083795,2.16,3,1
2564,27213113,-0.191,-1.064,-10.393,-2.560,0.020,5.579,188.498,0.207,-0.109,-0.020,5.579,4.637932,-74.083795,2.16,3,1
2565,27223103,-0.241,-1.117,-10.342,0.309,0.294,6.525,188.324,0.283,-0.114,-0.025,6.525,4.637932,-74.083795,2.16,3,1
2566,27233108,-0.289,-1.178,-10.186,2.781,0.477,6.861,188.220,0.376,-0.120,-0.029,6.861,4.637932,-74.083795,2.16,3,1
2567,27243103,-0.332,-1.267,-10.008,4.887,0.294,6.952,188.190,0.480,-0.129,-0.034,6.952,4.637932,-74.083795,2.16,3,1
2568,27256377,-0.380,-1.320,-9.821,6.443,-0.011,7.013,188.229,0.597,-0.135,-0.039,7.013,4.637932,-74.083795,2.16,3,1
2569,27263102,-0.415,-1.394,-9.655,7.054,-0.286,6.739,188.295,0.725,-0.142,-0.042,6.739,4.637932,-74.083795,2.16,3,1
2570,27273106,-0.466,-1.542,-9.542,6.901,-0.591,6.251,188.429,0.864,-0.157,-0.047,6.251,4.637932,-74.083795,2.16,3,1
2571,27283101,-0.520,-1.734,-9.458,6.535,-1.201,5.152,188.643,1.013,-0.177,-0.053,5.152,4.637932,-74.083795,2.16,3,1
2572,27293108,-0.518,-1.867,-9.487,5.497,-2.025,3.260,188.888,1.140,-0.190,-0.053,3.260,4.637932,-74.083795,2.16,3,1
2573,27303101,-0.516,-1.879,-9.699,3.727,-2.544,0.940,189.085,1.246,-0.192,-0.053,0.940,4.637932,-74.083795,2.16,3,1
2574,27313107,-0.599,-1.566,-9.763,1.774,-2.117,-0.860,189.105,1.385,-0.160,-0.061,-0.860,4.637932,-74.083795,2.16,3,1
2575,27323102,-0.594,-1.231,-9.893,1.164,-1.354,-1.409,188.963,1.516,-0.125,-0.061,-1.409,4.637932,-74.083795,2.16,3,1
2576,27333106,-0.551,-1.057,-9.948,1.957,0.050,-1.318,188.760,1.629,-0.108,-0.056,-1.318,4.637932,-74.083795,2.16,3,1
2577,27343101,-0.537,-0.985,-9.823,3.391,1.790,-1.165,188.560,1.747,-0.100,-0.055,-1.165,4.637932,-74.083795,2.16,3,1
2578,27353106,-0.482,-1.108,-9.735,5.009,3.224,-0.707,188.450,1.847,-0.113,-0.049,-0.707,4.637932,-74.083795,2.16,3,1
2579,27363103,-0.411,-1.325,-9.624,5.863,4.475,-0.830,188.459,1.919,-0.135,-0.042,-0.830,4.637932,-74.083795,2.16,3,1
2580,27373106,-0.322,-1.515,-9.439,5.589,5.421,-1.562,188.563,1.958,-0.154,-0.033,-1.562,4.637932,-74.083795,2.16,3,1
2581,27383102,-0.206,-1.645,-9.338,4.337,5.818,-2.416,188.714,1.944,-0.168,-0.021,-2.416,4.637932,-74.083795,2.16,3,1
2582,27393106,-0.115,-1.710,-9.257,2.171,5.818,-3.088,188.870,1.890,-0.174,-0.012,-3.088,4.637932,-74.083795,2.16,3,1
2583,27403103,-0.039,-1.669,-9.245,-0.271,5.482,-3.332,188.974,1.802,-0.170,-0.004,-3.332,4.637932,-74.083795,2.16,3,1
2584,27413107,0.002,-1.575,-9.276,-2.132,4.536,-3.820,189.007,1.692,-0.161,0.000,-3.820,4.637932,-74.083795,2.16,3,1
2585,27423101,0.014,-1.450,-9.386,-3.017,3.316,-4.492,188.964,1.574,-0.148,0.001,-4.492,4.637932,-74.083795,2.16,3,1
2586,27433106,0.045,-1.264,-9.518,-2.804,2.186,-4.858,188.833,1.441,-0.129,0.005,-4.858,4.637932,-74.083795,2.16,3,1
2587,27443104,0.071,-1.180,-9.602,-2.041,1.484,-4.309,188.676,1.299,-0.120,0.007,-4.309,4.637932,-74.083795,2.16,3,1
2588,27453106,0.076,-1.233,-9.622,-1.400,1.362,-2.783,188.560,1.166,-0.126,0.008,-2.783,4.637932,-74.083795,2.16,3,1
2589,27463103,0.076,-1.448,-9.588,-1.186,1.301,-1.074,188.552,1.041,-0.148,0.008,-1.074,4.637932,-74.083795,2.16,3,1
2590,27473106,0.092,-1.677,-9.583,-1.278,0.416,-0.341,188.647,0.911,-0.171,0.009,-0.341,4.637932,-74.083795,2.16,3,1
2591,27483101,0.047,-1.768,-9.602,-1.919,-0.987,-0.677,188.768,0.798,-0.180,0.005,-0.677,4.637932,-74.083795,2.16,3,1
2592,27493108,-0.022,-1.722,-9.677,-2.529,-2.361,-1.440,188.847,0.712,-0.176,-0.002,-1.440,4.637932,-74.083795,2.16,3,1
2593,27503101,-0.077,-1.619,-9.790,-2.834,-3.429,-2.020,188.864,0.647,-0.165,-0.008,-2.020,4.637932,-74.083795,2.16,3,1
2594,27513107,-0.110,-1.503,-9.912,-2.376,-3.795,-2.477,188.826,0.597,-0.153,-0.011,-2.477,4.637932,-74.083795,2.16,3,1
2595,27523103,-0.139,-1.484,-9.972,-1.461,-3.429,-2.691,188.786,0.567,-0.151,-0.014,-2.691,4.637932,-74.083795,2.16,3,1
2596,27533106,-0.153,-1.544,-10.008,-0.545,-2.452,-2.691,188.782,0.554,-0.157,-0.016,-2.691,4.637932,-74.083795,2.16,3,1
2597,27543103,-0.153,-1.636,-10.044,0.096,-1.171,-2.844,188.820,0.554,-0.167,-0.016,-2.844,4.637932,-74.083795,2.16,3,1
2598,27553108,-0.096,-1.636,-9.994,0.218,0.081,-3.149,188.860,0.541,-0.167,-0.010,-3.149,4.637932,-74.083795,2.16,3,1
2599,27582955,0.061,-1.298,-9.720,2.018,2.522,-2.874,188.812,0.493,-0.132,0.006,-2.874,4.637932,-74.083795,2.16,3,1
2600,27584285,0.061,-1.298,-9.720,2.018,2.522,-2.874,188.744,0.437,-0.132,0.006,-2.874,4.637932,-74.083795,2.16,3,1
2601,27585609,0.061,-1.298,-9.720,2.018,2.522,-2.874,188.667,0.378,-0.132,0.006,-2.874,4.637932,-74.083795,2.16,3,1
2602,27593105,0.095,-1.272,-9.607,3.117,3.071,-2.203,188.598,0.310,-0.130,0.010,-2.203,4.637932,-74.083795,2.16,3,1
2603,27603103,0.131,-1.399,-9.398,4.154,3.804,-1.287,188.627,0.237,-0.143,0.013,-1.287,4.637932,-74.083795,2.16,3,1
2604,27613104,0.204,-1.631,-9.144,4.002,4.475,-0.219,188.791,0.138,-0.166,0.021,-0.219,4.637932,-74.083795,2.16,3,1
2605,27623103,0.231,-2.016,-8.978,2.506,4.445,0.330,189.138,0.035,-0.206,0.024,0.330,4.637932,-74.083795,2.16,3,1
2606,27633158,0.228,-2.315,-9.012,-0.576,3.499,-0.372,189.569,-0.065,-0.236,0.023,-0.372,4.637932,-74.083795,2.16,3,1
2607,27643101,0.216,-2.303,-9.182,-4.421,2.003,-2.294,189.898,-0.161,-0.235,0.022,-2.294,4.637932,-74.083795,2.16,3,1
2608,27653106,0.185,-2.021,-9.506,-7.534,0.966,-4.217,190.000,-0.241,-0.206,0.019,-4.217,4.637932,-74.083795,2.16,3,1
2609,27663101,0.183,-1.638,-9.867,-9.395,1.179,-5.163,189.870,-0.308,-0.167,0.019,-5.163,4.637932,-74.083795,2.16,3,1
2610,27673106,0.219,-1.276,-10.140,-9.731,2.308,-4.919,189.568,-0.373,-0.130,0.022,-4.919,4.637932,-74.083795,2.16,3,1
2611,27683098,0.219,-1.011,-10.280,-8.266,4.201,-3.759,189.182,-0.414,-0.103,0.022,-3.759,4.637932,-74.083795,2.16,3,1
2612,27693105,0.262,-1.011,-10.244,-5.306,6.367,-2.081,188.856,-0.450,-0.103,0.027,-2.081,4.637932,-74.083795,2.16,3,1
2613,27703099,0.355,-1.233,-10.104,-2.621,8.168,-0.097,188.685,-0.510,-0.126,0.036,-0.097,4.637932,-74.083795,2.16,3,1
2614,27713097,0.400,-1.530,-9.977,-1.308,9.205,1.276,188.678,-0.575,-0.156,0.041,1.276,4.637932,-74.083795,2.16,3,1
2615,27723096,0.469,-1.751,-9.775,-1.430,9.236,2.161,188.781,-0.669,-0.179,0.048,2.161,4.637932,-74.083795,2.16,3,1
2616,27733114,0.524,-1.845,-9.696,-2.224,7.954,2.405,188.917,-0.793,-0.188,0.053,2.405,4.637932,-74.083795,2.16,3,1
2617,27743095,0.536,-1.800,-9.723,-2.773,5.940,2.253,189.015,-0.931,-0.183,0.055,2.253,4.637932,-74.083795,2.16,3,1
2618,27753094,0.512,-1.602,-9.816,-3.048,3.712,2.070,189.008,-1.066,-0.163,0.052,2.070,4.637895,-74.083688,2.48,3,1
2619,27763102,0.457,-1.349,-9.943,-2.498,2.125,2.405,188.888,-1.179,-0.138,0.047,2.405,4.637895,-74.083688,2.48,3,1
2620,27773107,0.421,-1.219,-10.025,-1.278,1.271,3.534,188.728,-1.274,-0.124,0.043,3.534,4.637895,-74.083688,2.48,3,1
2621,27783098,0.367,-1.214,-10.025,0.187,1.332,5.152,188.591,-1.338,-0.124,0.037,5.152,4.637895,-74.083688,2.48,3,1
2622,27793096,0.383,-1.354,-10.013,1.316,1.729,6.891,188.537,-1.400,-0.138,0.039,6.891,4.637895,-74.083688,2.48,3,1
2623,27803113,0.331,-1.448,-9.912,1.743,1.759,8.143,188.537,-1.435,-0.148,0.034,8.143,4.637895,-74.083688,2.48,3,1
2624,27813098,0.262,-1.493,-9.819,2.049,1.484,8.997,188.566,-1.441,-0.152,0.027,8.997,4.637895,-74.083688,2.48,3,1
2625,27823109,0.209,-1.561,-9.708,2.232,0.905,9.638,188.632,-1.429,-0.159,0.021,9.638,4.637895,-74.083688,2.48,3,1
2626,27833116,0.150,-1.607,-9.687,2.079,-0.072,9.852,188.714,-1.401,-0.164,0.015,9.852,4.637895,-74.083688,2.48,3,1
2627,27843109,0.090,-1.549,-9.706,1.560,-0.987,9.669,188.757,-1.357,-0.158,0.009,9.669,4.637895,-74.083688,2.48,3,1
2628,27853101,0.014,-1.484,-9.703,1.225,-1.628,9.577,188.765,-1.288,-0.151,0.001,9.577,4.637895,-74.083688,2.48,3,1
2629,27863096,-0.022,-1.505,-9.766,0.858,-1.842,9.821,188.775,-1.211,-0.154,-0.002,9.821,4.637895,-74.083688,2.48,3,1
2630,27873135,-0.058,-1.539,-9.828,0.309,-2.147,9.821,188.789,-1.126,-0.157,-0.006,9.821,4.637895,-74.083688,2.48,3,1
2631,27883099,-0.132,-1.522,-9.910,0.004,-2.544,9.302,188.787,-1.020,-0.155,-0.013,9.302,4.637895,-74.083688,2.48,3,1
2632,27893113,-0.194,-1.464,-9.970,-0.118,-3.002,8.722,188.755,-0.899,-0.149,-0.020,8.722,4.637895,-74.083688,2.48,3,1
2633,27903099,-0.232,-1.332,-10.056,-0.088,-3.185,8.326,188.663,-0.773,-0.136,-0.024,8.326,4.637895,-74.083688,2.48,3,1
2634,27918476,-0.272,-1.223,-10.095,0.523,-3.337,8.265,188.534,-0.658,-0.125,-0.028,8.265,4.637895,-74.083688,2.48,3,1
2635,27923092,-0.315,-1.115,-10.090,1.957,-3.765,8.051,188.379,-0.514,-0.114,-0.032,8.051,4.637895,-74.083688,2.48,3,1
2636,27933120,-0.389,-1.074,-9.996,4.032,-4.131,7.898,188.241,-0.351,-0.110,-0.040,7.898,4.637895,-74.083688,2.48,3,1
2637,27943094,-0.430,-1.185,-9.886,5.833,-4.314,7.868,188.187,-0.184,-0.121,-0.044,7.868,4.637895,-74.083688,2.48,3,1
2638,27953108,-0.466,-1.407,-9.780,7.023,-4.466,7.502,188.253,-0.014,-0.143,-0.047,7.502,4.637895,-74.083688,2.48,3,1
2639,27963116,-0.494,-1.590,-9.689,7.084,-4.314,6.495,188.403,0.158,-0.162,-0.050,6.495,4.637895,-74.083688,2.48,3,1
2640,27973103,-0.532,-1.665,-9.660,6.230,-3.948,4.969,188.568,0.337,-0.170,-0.054,4.969,4.637895,-74.083688,2.48,3,1
2641,27983108,-0.542,-1.624,-9.629,5.131,-3.093,3.412,188.695,0.515,-0.166,-0.055,3.412,4.637895,-74.083688,2.48,3,1
2642,27993098,-0.556,-1.556,-9.648,4.246,-1.781,1.826,188.772,0.697,-0.159,-0.057,1.826,4.637895,-74.083688,2.48,3,1
2643,28003110,-0.549,-1.469,-9.658,3.575,-0.102,0.574,188.797,0.877,-0.150,-0.056,0.574,4.637895,-74.083688,2.48,3,1
2644,28013104,-0.506,-1.445,-9.646,3.178,1.637,-0.463,188.807,1.040,-0.147,-0.052,-0.463,4.637895,-74.083688,2.48,3,1
2645,28023110,-0.408,-1.530,-9.535,2.628,3.468,-1.135,188.857,1.166,-0.156,-0.042,-1.135,4.637895,-74.083688,2.48,3,1
2646,28033095,-0.306,-1.662,-9.475,1.560,4.719,-1.531,188.957,1.247,-0.169,-0.031,-1.531,4.637895,-74.083688,2.48,3,1
2647,28043099,-0.218,-1.665,-9.463,-0.118,5.238,-2.233,189.036,1.286,-0.170,-0.022,-2.233,4.637895,-74.083688,2.48,3,1
2648,28053137,-0.156,-1.657,-9.432,-1.125,5.421,-3.088,189.098,1.297,-0.169,-0.016,-3.088,4.637895,-74.083688,2.48,3,1
2649,28063111,-0.086,-1.599,-9.468,-1.919,5.360,-3.942,189.120,1.273,-0.163,-0.009,-3.942,4.637895,-74.083688,2.48,3,1
2650,28073095,-0.003,-1.462,-9.526,-2.498,5.421,-4.278,189.068,1.215,-0.149,-0.000,-4.278,4.637895,-74.083688,2.48,3,1
2651,28083118,0.073,-1.370,-9.550,-2.468,5.421,-4.034,188.978,1.126,-0.140,0.007,-4.034,4.637895,-74.083688,2.48,3,1
2652,28093109,0.135,-1.361,-9.518,-2.376,5.482,-3.362,188.894,1.015,-0.139,0.014,-3.362,4.637895,-74.083688,2.48,3,1
2653,28103110,0.162,-1.382,-9.463,-2.376,5.574,-2.355,188.829,0.902,-0.141,0.016,-2.355,4.637895,-74.083688,2.48,3,1
2654,28113115,0.185,-1.585,-9.401,-2.743,5.208,-1.470,188.862,0.783,-0.162,0.019,-1.470,4.637895,-74.083688,2.48,3,1
2655,28123099,0.214,-1.867,-9.437,-3.689,4.139,-1.318,189.008,0.651,-0.190,0.022,-1.318,4.637895,-74.083688,2.48,3,1
2656,28133152,0.200,-1.944,-9.557,-5.001,2.553,-2.355,189.154,0.522,-0.198,0.020,-2.355,4.637895,-74.083688,2.48,3,1
2657,28143117,0.185,-1.824,-9.802,-6.283,1.210,-3.637,189.204,0.399,-0.186,0.019,-3.637,4.637895,-74.083688,2.48,3,1
2658,28153114,0.185,-1.520,-10.044,-6.679,0.569,-4.492,189.098,0.281,-0.155,0.019,-4.492,4.637895,-74.083688,2.48,3,1
2659,28163111,0.157,-1.233,-10.217,-5.764,0.874,-4.247,188.877,0.187,-0.126,0.016,-4.247,4.637895,-74.083688,2.48,3,1
2660,28173095,0.171,-1.117,-10.265,-3.811,2.186,-2.996,188.640,0.107,-0.114,0.017,-2.996,4.637895,-74.083688,2.48,3,1
2661,28183114,0.197,-1.264,-10.124,-1.949,3.621,-1.226,188.508,0.035,-0.129,0.020,-1.226,4.637895,-74.083688,2.48,3,1
2662,28193109,0.240,-1.592,-9.958,-0.728,4.139,0.086,188.547,-0.047,-0.162,0.024,0.086,4.637895,-74.083688,2.48,3,1
2663,28203105,0.319,-1.881,-9.859,-0.851,3.316,0.483,188.713,-0.165,-0.192,0.033,0.483,4.637895,-74.083688,2.48,3,1
2664,28213095,0.331,-1.884,-9.814,-1.858,1.271,-0.006,188.862,-0.299,-0.192,0.034,-0.006,4.637895,-74.083688,2.48,3,1
2665,28223093,0.307,-1.746,-9.852,-2.560,-1.262,-0.372,188.931,-0.436,-0.178,0.031,-0.372,4.637895,-74.083688,2.48,3,1
2666,28233103,0.252,-1.570,-10.008,-2.376,-3.551,-0.463,188.910,-0.557,-0.160,0.026,-0.463,4.637895,-74.083688,2.48,3,1
2667,28243098,0.214,-1.354,-10.215,-1.400,-5.382,-0.189,188.795,-0.669,-0.138,0.022,-0.189,4.637895,-74.083688,2.48,3,1
2668,28253090,0.114,-1.137,-10.287,0.248,-5.931,0.757,188.609,-0.734,-0.116,0.012,0.757,4.637895,-74.083688,2.48,3,1
2669,28266262,0.038,-1.052,-10.220,2.567,-5.565,2.344,188.430,-0.778,-0.107,0.004,2.344,4.637895,-74.083688,2.48,3,1
2670,28273105,0.021,-1.238,-10.037,4.948,-4.833,3.931,188.368,-0.785,-0.126,0.002,3.931,4.637895,-74.083688,2.48,3,1
2671,28283097,-0.032,-1.532,-9.888,6.657,-4.527,4.572,188.465,-0.765,-0.156,-0.003,4.572,4.637895,-74.083688,2.48,3,1
2672,28293088,-0.053,-1.761,-9.773,7.176,-4.802,3.901,188.669,-0.740,-0.180,-0.005,3.901,4.637895,-74.083688,2.48,3,1
2673,28303098,-0.077,-1.848,-9.677,6.809,-4.924,2.588,188.899,-0.707,-0.188,-0.008,2.588,4.637895,-74.083688,2.48,3,1
2674,28313105,-0.079,-1.751,-9.655,6.107,-4.833,1.154,189.064,-0.675,-0.179,-0.008,1.154,4.637895,-74.083688,2.48,3,1
2675,28323096,-0.098,-1.689,-9.662,5.100,-3.917,0.361,189.178,-0.628,-0.172,-0.010,0.361,4.637895,-74.083688,2.48,3,1
2676,28333100,-0.084,-1.636,-9.650,4.307,-2.422,-0.189,189.254,-0.578,-0.167,-0.009,-0.189,4.637895,-74.083688,2.48,3,1
2677,28343092,-0.041,-1.611,-9.626,3.727,-0.774,-0.646,189.309,-0.535,-0.164,-0.004,-0.646,4.637895,-74.083688,2.48,3,1
2678,28353105,-0.008,-1.626,-9.650,3.117,0.844,-1.165,189.359,-0.496,-0.166,-0.001,-1.165,4.637895,-74.083688,2.48,3,1
2679,28363097,0.057,-1.592,-9.655,2.537,2.125,-1.501,189.385,-0.477,-0.162,0.006,-1.501,4.637895,-74.083688,2.48,3,1
2680,28373101,0.097,-1.546,-9.588,1.805,3.224,-1.623,189.387,-0.468,-0.158,0.010,-1.623,4.637895,-74.083688,2.48,3,1
2681,28383092,0.150,-1.556,-9.552,1.316,3.834,-1.501,189.390,-0.478,-0.159,0.015,-1.501,4.637895,-74.083688,2.48,3,1
2682,28393101,0.204,-1.549,-9.530,1.042,3.682,-1.531,189.390,-0.513,-0.158,0.021,-1.531,4.637895,-74.083688,2.48,3,1
2683,28403091,0.240,-1.489,-9.557,0.675,3.285,-1.776,189.357,-0.566,-0.152,0.024,-1.776,4.637895,-74.083688,2.48,3,1
2684,28413101,0.252,-1.382,-9.588,0.706,2.766,-1.837,189.277,-0.624,-0.141,0.026,-1.837,4.637895,-74.083688,2.48,3,1
2685,28423096,0.226,-1.329,-9.650,0.736,2.492,-1.440,189.176,-0.669,-0.136,0.023,-1.440,4.637895,-74.083688,2.48,3,1
2686,28433100,0.207,-1.308,-9.655,1.103,2.522,-0.677,189.076,-0.700,-0.133,0.021,-0.677,4.637895,-74.083688,2.48,3,1
2687,28443091,0.204,-1.327,-9.619,1.255,2.583,0.269,188.996,-0.729,-0.135,0.021,0.269,4.637895,-74.083688,2.48,3,1
2688,28453099,0.209,-1.419,-9.545,1.042,2.705,1.154,188.966,-0.756,-0.145,0.021,1.154,4.637895,-74.083688,2.48,3,1
2689,28463092,0.181,-1.503,-9.473,0.370,2.461,1.703,188.975,-0.771,-0.153,0.018,1.703,4.637895,-74.083688,2.48,3,1
2690,28473098,0.169,-1.530,-9.394,-0.545,1.668,2.009,188.992,-0.788,-0.156,0.017,2.009,4.637895,-74.083688,2.48,3,1
2691,28483088,0.133,-1.592,-9.420,-1.583,0.752,2.161,189.025,-0.795,-0.162,0.014,2.161,4.637895,-74.083688,2.48,3,1
2692,28493097,0.081,-1.648,-9.514,-2.590,-0.530,1.887,189.064,-0.789,-0.168,0.008,1.887,4.637895,-74.083688,2.48,3,1
2693,28503088,0.009,-1.580,-9.660,-3.322,-1.781,1.246,189.053,-0.763,-0.161,0.001,1.246,4.637895,-74.083688,2.48,3,1
2694,28513099,-0.070,-1.428,-9.850,-3.414,-2.452,0.879,188.962,-0.710,-0.146,-0.007,0.879,4.637895,-74.083688,2.48,3,1
2695,28523091,-0.146,-1.320,-10.032,-2.926,-2.239,1.124,188.824,-0.627,-0.135,-0.015,1.124,4.637895,-74.083688,2.48,3,1
2696,28533105,-0.213,-1.315,-10.068,-1.949,-1.659,1.490,188.702,-0.516,-0.134,-0.022,1.490,4.637895,-74.083688,2.48,3,1
2697,28543096,-0.284,-1.390,-10.044,-0.393,-0.835,1.459,188.637,-0.375,-0.142,-0.029,1.459,4.637895,-74.083688,2.48,3,1
2698,28553105,-0.308,-1.486,-9.939,1.011,0.172,1.032,188.638,-0.223,-0.152,-0.031,1.032,4.637895,-74.083688,2.48,3,1
2699,28579930,-0.218,-1.763,-9.569,1.011,1.668,-1.074,188.821,-0.089,-0.180,-0.022,-1.074,4.637895,-74.083688,2.48,3,1
2700,28581260,-0.218,-1.763,-9.569,1.011,1.668,-1.074,188.984,0.036,-0.180,-0.022,-1.074,4.637895,-74.083688,2.48,3,1
2701,28583098,-0.218,-1.763,-9.569,1.011,1.668,-1.074,189.121,0.146,-0.180,-0.022,-1.074,4.637895,-74.083688,2.48,3,1
2702,28593091,-0.184,-1.828,-9.485,0.004,1.576,-1.562,189.275,0.228,-0.186,-0.019,-1.562,4.637895,-74.083688,2.48,3,1
2703,28603104,-0.158,-1.956,-9.506,-1.034,1.057,-2.508,189.464,0.283,-0.199,-0.016,-2.508,4.637895,-74.083688,2.48,3,1
2704,28613092,-0.189,-1.922,-9.636,-2.285,0.447,-4.003,189.594,0.342,-0.196,-0.019,-4.003,4.637895,-74.083688,2.48,3,1
2705,28623104,-0.182,-1.739,-9.747,-3.139,0.172,-5.377,189.610,0.389,-0.177,-0.019,-5.377,4.637895,-74.083688,2.48,3,1
2706,28633143,-0.134,-1.580,-9.905,-3.048,0.508,-6.384,189.540,0.411,-0.161,-0.014,-6.384,4.637895,-74.083688,2.48,3,1
2707,28643089,-0.063,-1.411,-9.980,-2.376,1.546,-6.597,189.401,0.408,-0.144,-0.006,-6.597,4.637895,-74.083688,2.48,3,1
2708,28653101,-0.010,-1.315,-9.958,-1.736,2.919,-5.987,189.237,0.394,-0.134,-0.001,-5.987,4.637895,-74.083688,2.48,3,1
2709,28663098,0.090,-1.361,-9.845,-0.606,3.926,-4.858,189.125,0.345,-0.139,0.009,-4.858,4.637895,-74.083688,2.48,3,1
2710,28673108,0.169,-1.578,-9.701,0.187,4.231,-4.003,189.138,0.267,-0.161,0.017,-4.003,4.637895,-74.083688,2.48,3,1
2711,28683113,0.197,-1.744,-9.646,0.340,3.438,-3.912,189.230,0.174,-0.178,0.020,-3.912,4.637895,-74.083688,2.48,3,1
2712,28693120,0.214,-1.792,-9.658,0.004,2.186,-4.522,189.332,0.070,-0.183,0.022,-4.522,4.637895,-74.083688,2.48,3,1
2713,28703097,0.252,-1.570,-9.670,-0.973,1.027,-5.010,189.316,-0.053,-0.160,0.026,-5.010,4.637895,-74.083688,2.48,3,1
2714,28713116,0.231,-1.264,-9.699,-2.529,0.905,-4.186,189.148,-0.159,-0.129,0.024,-4.186,4.637895,-74.083688,2.48,3,1
2715,28723108,0.150,-1.378,-9.773,-2.834,1.240,-2.355,189.037,-0.215,-0.140,0.015,-2.355,4.637895,-74.083688,2.48,3,1
2716,28733115,0.114,-1.768,-9.814,-1.827,0.752,-1.165,189.113,-0.255,-0.180,0.012,-1.165,4.637895,-74.083688,2.48,3,1
2717,28743102,0.078,-1.995,-9.857,-1.613,-0.408,-2.142,189.279,-0.287,-0.203,0.008,-2.142,4.637895,-74.083688,2.48,3,1
2718,28753100,0.016,-1.792,-10.061,-2.254,-1.262,-4.186,189.324,-0.297,-0.183,0.002,-4.186,4.637895,-74.083658,2.48,3,1
2719,28763099,-0.039,-1.431,-10.205,-2.437,-0.804,-5.102,189.200,-0.278,-0.146,-0.004,-5.102,4.637895,-74.083658,2.48,3,1
2720,28773101,-0.065,-1.310,-10.244,-1.583,0.874,-4.522,189.040,-0.234,-0.134,-0.007,-4.522,4.637895,-74.083658,2.48,3,1
2721,28783110,-0.072,-1.491,-10.145,0.034,2.980,-3.973,188.990,-0.171,-0.152,-0.007,-3.973,4.637895,-74.083658,2.48,3,1
2722,28793116,-0.003,-1.800,-10.056,1.286,4.384,-4.492,189.093,-0.129,-0.183,-0.000,-4.492,4.637895,-74.083658,2.48,3,1
2723,28803099,0.147,-1.841,-9.941,1.194,5.391,-5.621,189.212,-0.146,-0.188,0.015,-5.621,4.637895,-74.083658,2.48,3,1
2724,28813107,0.262,-1.563,-9.833,0.401,6.245,-6.140,189.204,-0.206,-0.159,0.027,-6.140,4.637895,-74.083658,2.48,3,1
2725,28823120,0.393,-1.252,-9.703,0.218,7.069,-5.194,189.067,-0.314,-0.128,0.040,-5.194,4.637895,-74.083658,2.48,3,1
2726,28833117,0.481,-1.240,-9.468,0.767,7.252,-3.424,188.953,-0.457,-0.126,0.049,-3.424,4.637895,-74.083658,2.48,3,1
2727,28843109,0.474,-1.419,-9.233,1.469,6.001,-1.898,188.952,-0.602,-0.145,0.048,-1.898,4.637895,-74.083658,2.48,3,1
2728,28853105,0.514,-1.679,-9.149,1.225,3.621,-1.318,189.075,-0.778,-0.171,0.052,-1.318,4.637895,-74.083658,2.48,3,1
2729,28863100,0.529,-1.804,-9.192,0.401,0.935,-1.989,189.236,-0.970,-0.184,0.054,-1.989,4.637895,-74.083658,2.48,3,1
2730,28873108,0.412,-1.696,-9.369,-1.064,-1.598,-2.996,189.306,-1.114,-0.173,0.042,-2.996,4.637895,-74.083658,2.48,3,1
2731,28883106,0.319,-1.573,-9.617,-2.102,-3.032,-3.576,189.288,-1.213,-0.160,0.033,-3.576,4.637895,-74.083658,2.48,3,1
2732,28893108,0.278,-1.380,-9.845,-2.437,-2.941,-3.790,189.167,-1.284,-0.141,0.028,-3.790,4.637895,-74.083658,2.48,3,1
2733,28903091,0.214,-1.264,-9.939,-1.980,-1.903,-3.454,189.004,-1.310,-0.129,0.022,-3.454,4.637895,-74.083658,2.48,3,1
2734,28916511,0.226,-1.279,-9.955,-1.400,-0.408,-2.569,188.858,-1.332,-0.130,0.023,-2.569,4.637895,-74.083658,2.48,3,1
2735,28923105,0.290,-1.387,-9.900,-1.217,1.088,-1.684,188.779,-1.361,-0.141,0.030,-1.684,4.637895,-74.083658,2.48,3,1
2736,28933100,0.352,-1.460,-9.763,-1.369,1.820,-1.226,188.747,-1.411,-0.149,0.036,-1.226,4.637895,-74.083658,2.48,3,1
2737,28943100,0.359,-1.501,-9.646,-1.644,1.729,-1.043,188.741,-1.462,-0.153,0.037,-1.043,4.637895,-74.083658,2.48,3,1
2738,28953104,0.359,-1.505,-9.638,-1.888,0.813,-1.104,188.736,-1.519,-0.154,0.037,-1.104,4.637895,-74.083658,2.48,3,1
2739,28963116,0.355,-1.450,-9.684,-2.041,-0.560,-1.287,188.702,-1.580,-0.148,0.036,-1.287,4.637895,-74.083658,2.48,3,1
2740,28973105,0.274,-1.375,-9.766,-1.705,-1.445,-1.409,188.635,-1.608,-0.140,0.028,-1.409,4.637895,-74.083658,2.48,3,1
2741,28983089,0.178,-1.358,-9.876,-0.851,-1.903,-1.318,188.567,-1.594,-0.139,0.018,-1.318,4.637895,-74.083658,2.48,3,1
2742,28993104,0.128,-1.368,-9.929,0.096,-1.567,-1.104,188.514,-1.556,-0.139,0.013,-1.104,4.637895,-74.083658,2.48,3,1
2743,29003118,0.076,-1.428,-9.879,1.164,-0.621,-0.646,188.505,-1.489,-0.146,0.008,-0.646,4.637895,-74.083658,2.48,3,1
2744,29013097,0.050,-1.587,-9.804,1.713,0.294,-0.463,188.575,-1.408,-0.162,0.005,-0.463,4.637895,-74.083658,2.48,3,1
2745,29023095,0.064,-1.718,-9.711,1.408,1.271,-0.860,188.701,-1.330,-0.175,0.007,-0.860,4.637895,-74.083658,2.48,3,1
2746,29033114,0.090,-1.790,-9.643,0.431,1.881,-1.592,188.846,-1.264,-0.183,0.009,-1.592,4.637895,-74.083658,2.48,3,1
2747,29043106,0.140,-1.715,-9.612,-0.912,1.820,-2.386,188.937,-1.227,-0.175,0.014,-2.386,4.637895,-74.083658,2.48,3,1
2748,29053114,0.154,-1.611,-9.629,-2.437,1.393,-2.966,188.959,-1.203,-0.164,0.016,-2.966,4.637895,-74.083658,2.48,3,1
2749,29063094,0.200,-1.467,-9.665,-3.048,0.599,-3.210,188.908,-1.209,-0.150,0.020,-3.210,4.637895,-74.083658,2.48,3,1
2750,29073107,0.197,-1.341,-9.723,-2.865,-0.499,-3.454,188.803,-1.222,-0.137,0.020,-3.454,4.637895,-74.083658,2.48,3,1
2751,29083094,0.176,-1.284,-9.845,-1.919,-1.567,-3.698,188.682,-1.234,-0.131,0.018,-3.698,4.637895,-74.083658,2.48,3,1
2752,29093108,0.150,-1.288,-9.943,-0.454,-2.147,-3.790,188.580,-1.239,-0.131,0.015,-3.790,4.637895,-74.083658,2.48,3,1
2753,29103089,0.114,-1.279,-9.963,0.492,-1.598,-3.576,188.490,-1.222,-0.130,0.012,-3.576,4.637895,-74.083658,2.48,3,1
2754,29113114,0.157,-1.354,-9.883,0.828,-0.286,-2.783,188.446,-1.213,-0.138,0.016,-2.783,4.637895,-74.083658,2.48,3,1
2755,29123102,0.226,-1.544,-9.771,0.828,0.966,-1.867,188.496,-1.225,-0.157,0.023,-1.867,4.637895,-74.083658,2.48,3,1
2756,29133111,0.274,-1.645,-9.653,0.004,1.881,-1.654,188.588,-1.250,-0.168,0.028,-1.654,4.637895,-74.083658,2.48,3,1
2757,29143114,0.314,-1.655,-9.557,-1.400,2.064,-1.654,188.671,-1.290,-0.169,0.032,-1.654,4.637895,-74.083658,2.48,3,1
2758,29153107,0.364,-1.595,-9.542,-2.437,1.423,-1.715,188.713,-1.357,-0.163,0.037,-1.715,4.637895,-74.083658,2.48,3,1
2759,29163106,0.371,-1.527,-9.559,-3.109,0.386,-1.806,188.713,-1.431,-0.156,0.038,-1.806,4.637895,-74.083658,2.48,3,1
2760,29173111,0.336,-1.414,-9.667,-2.865,-0.774,-1.989,188.659,-1.492,-0.144,0.034,-1.989,4.637895,-74.083658,2.48,3,1
2761,29183105,0.293,-1.363,-9.759,-2.010,-1.506,-1.867,188.588,-1.536,-0.139,0.030,-1.867,4.637895,-74.083658,2.48,3,1
2762,29193104,0.274,-1.435,-9.843,-1.034,-1.384,-1.409,188.558,-1.565,-0.146,0.028,-1.409,4.637895,-74.083658,2.48,3,1
2763,29203093,0.245,-1.551,-9.857,-0.393,-0.652,-0.952,188.586,-1.572,-0.158,0.025,-0.952,4.637895,-74.083658,2.48,3,1
2764,29213103,0.235,-1.638,-9.864,-0.271,0.325,-0.891,188.649,-1.566,-0.167,0.024,-0.891,4.637895,-74.083658,2.48,3,1
2765,29223095,0.216,-1.681,-9.895,-0.545,1.240,-1.104,188.722,-1.543,-0.171,0.022,-1.104,4.637895,-74.083658,2.48,3,1
2766,29233104,0.228,-1.619,-9.903,-1.003,2.400,-1.531,188.757,-1.516,-0.165,0.023,-1.531,4.637895,-74.083658,2.48,3,1
2767,29243095,0.247,-1.549,-9.881,-1.400,3.407,-1.837,188.758,-1.490,-0.158,0.025,-1.837,4.637895,-74.083658,2.48,3,1
2768,29261302,0.367,-1.416,-9.826,-1.430,4.170,-1.654,188.692,-1.495,-0.144,0.037,-1.654,4.637895,-74.083658,2.48,3,1
2769,29263101,0.367,-1.416,-9.826,-1.430,4.170,-1.654,188.642,-1.520,-0.144,0.037,-1.654,4.637895,-74.083658,2.48,3,1
2770,29273102,0.383,-1.382,-9.790,-1.186,3.895,-1.257,188.585,-1.553,-0.141,0.039,-1.257,4.637895,-74.083658,2.48,3,1
2771,29283101,0.417,-1.363,-9.799,-0.789,3.010,-0.982,188.526,-1.607,-0.139,0.042,-0.982,4.637895,-74.083658,2.48,3,1
2772,29293102,0.398,-1.303,-9.773,-0.271,2.339,-0.830,188.452,-1.654,-0.133,0.041,-0.830,4.637895,-74.083658,2.48,3,1
2773,29303101,0.400,-1.293,-9.742,0.431,1.637,-0.341,188.388,-1.705,-0.132,0.041,-0.341,4.637895,-74.083658,2.48,3,1
2774,29313102,0.405,-1.339,-9.737,0.706,1.179,0.178,188.353,-1.759,-0.137,0.041,0.178,4.637895,-74.083658,2.48,3,1
2775,29323101,0.390,-1.322,-9.718,0.858,0.905,0.422,188.316,-1.805,-0.135,0.040,0.422,4.637895,-74.083658,2.48,3,1
2776,29333102,0.379,-1.267,-9.658,0.919,0.691,0.849,188.261,-1.844,-0.129,0.039,0.849,4.637895,-74.083658,2.48,3,1
2777,29343101,0.367,-1.303,-9.566,1.011,0.508,1.612,188.232,-1.879,-0.133,0.037,1.612,4.637895,-74.083658,2.48,3,1
2778,29353102,0.324,-1.457,-9.466,0.706,0.203,2.192,188.281,-1.895,-0.149,0.033,2.192,4.637895,-74.083658,2.48,3,1
2779,29363101,0.290,-1.614,-9.475,-0.301,-0.286,2.070,188.387,-1.899,-0.165,0.030,2.070,4.637895,-74.083658,2.48,3,1
2780,29373102,0.250,-1.684,-9.588,-1.705,-1.018,1.368,188.494,-1.889,-0.172,0.025,1.368,4.637895,-74.083658,2.48,3,1
2781,29383102,0.207,-1.621,-9.687,-3.200,-1.842,0.361,188.543,-1.867,-0.165,0.021,0.361,4.637895,-74.083658,2.48,3,1
2782,29393102,0.152,-1.563,-9.763,-3.811,-2.880,-1.074,188.552,-1.831,-0.159,0.016,-1.074,4.637895,-74.083658,2.48,3,1
2783,29403098,0.142,-1.356,-9.929,-3.750,-3.673,-2.600,188.460,-1.801,-0.138,0.015,-2.600,4.637895,-74.083658,2.48,3,1
2784,29413105,0.097,-1.182,-10.073,-2.560,-3.826,-3.515,188.303,-1.754,-0.121,0.010,-3.515,4.637895,-74.083658,2.48,3,1
2785,29423098,0.052,-1.141,-10.215,-0.973,-2.880,-3.668,188.148,-1.681,-0.116,0.005,-3.668,4.637895,-74.083658,2.48,3,1
2786,29433102,0.069,-1.064,-10.188,0.279,-1.232,-3.271,187.985,-1.607,-0.109,0.007,-3.271,4.637895,-74.083658,2.48,3,1
2787,29443098,0.081,-1.057,-10.037,1.927,0.660,-2.477,187.853,-1.526,-0.108,0.008,-2.477,4.637895,-74.083658,2.48,3,1
2788,29453102,0.123,-1.272,-9.823,3.025,1.881,-1.745,187.846,-1.460,-0.130,0.013,-1.745,4.637895,-74.083658,2.48,3,1
2789,29463098,0.181,-1.525,-9.641,3.147,2.308,-1.837,187.964,-1.421,-0.155,0.018,-1.837,4.637895,-74.083658,2.48,3,1
2790,29473102,0.221,-1.713,-9.557,2.232,1.942,-2.416,188.154,-1.408,-0.175,0.023,-2.416,4.637895,-74.083658,2.48,3,1
2791,29483102,0.235,-1.684,-9.638,0.034,1.546,-3.118,188.290,-1.405,-0.172,0.024,-3.118,4.637895,-74.083658,2.48,3,1
2792,29493102,0.212,-1.464,-9.725,-1.583,1.546,-3.393,188.298,-1.391,-0.149,0.022,-3.393,4.637895,-74.083658,2.48,3,1
2793,29503098,0.178,-1.286,-9.768,-1.888,1.942,-3.362,188.222,-1.359,-0.131,0.018,-3.362,4.637895,-74.083658,2.48,3,1
2794,29513102,0.219,-1.219,-9.771,-1.308,2.492,-2.996,188.126,-1.343,-0.124,0.022,-2.996,4.637895,-74.083658,2.48,3,1
2795,29523098,0.262,-1.276,-9.735,-0.484,3.163,-2.203,188.073,-1.341,-0.130,0.027,-2.203,4.637895,-74.083658,2.48,3,1
2796,29533105,0.336,-1.351,-9.634,0.187,3.865,-1.348,188.070,-1.367,-0.138,0.034,-1.348,4.637895,-74.083658,2.48,3,1
2797,29543098,0.340,-1.455,-9.499,0.248,4.353,-0.402,188.122,-1.391,-0.148,0.035,-0.402,4.637895,-74.083658,2.48,3,1
2798,29553102,0.374,-1.652,-9.386,-0.057,4.139,0.422,188.266,-1.431,-0.169,0.038,0.422,4.637895,-74.083658,2.48,3,1
2799,29590530,0.362,-1.730,-9.814,-6.374,0.386,-0.982,188.213,-1.526,-0.176,0.037,-0.982,4.637895,-74.083658,2.48,3,1
2800,29591864,0.362,-1.730,-9.814,-6.374,0.386,-0.982,188.228,-1.608,-0.176,0.037,-0.982,4.637895,-74.083658,2.48,3,1
2801,29593183,0.362,-1.730,-9.814,-6.374,0.386,-0.982,188.292,-1.675,-0.176,0.037,-0.982,4.637895,-74.083658,2.48,3,1
2802,29594501,0.362,-1.730,-9.814,-6.374,0.386,-0.982,188.394,-1.725,-0.176,0.037,-0.982,4.637895,-74.083658,2.48,3,1
2803,29603097,0.364,-1.508,-10.011,-7.046,0.355,-0.799,188.348,-1.766,-0.154,0.037,-0.799,4.637895,-74.083658,2.48,3,1
2804,29613102,0.352,-1.308,-10.155,-6.862,0.660,0.208,188.195,-1.792,-0.133,0.036,0.208,4.637895,-74.083658,2.48,3,1
2805,29623097,0.348,-1.238,-10.181,-5.520,0.722,1.581,188.035,-1.812,-0.126,0.035,1.581,4.637895,-74.083658,2.48,3,1
2806,29633153,0.374,-1.315,-10.222,-3.811,0.355,2.619,187.941,-1.845,-0.134,0.038,2.619,4.637895,-74.083658,2.48,3,1
2807,29643096,0.350,-1.300,-10.217,-2.407,-0.408,3.199,187.863,-1.871,-0.133,0.036,3.199,4.637895,-74.083658,2.48,3,1
2808,29653101,0.278,-1.279,-10.164,-0.973,-1.598,3.412,187.798,-1.873,-0.130,0.028,3.412,4.637895,-74.083658,2.48,3,1
2809,29663095,0.240,-1.296,-10.143,0.736,-2.819,3.412,187.763,-1.868,-0.132,0.024,3.412,4.637895,-74.083658,2.48,3,1
2810,29673100,0.171,-1.320,-10.162,2.537,-3.581,3.016,187.759,-1.840,-0.135,0.017,3.016,4.637895,-74.083658,2.48,3,1
2811,29683115,0.095,-1.344,-10.136,3.910,-3.581,2.497,187.780,-1.781,-0.137,0.010,2.497,4.637895,-74.083658,2.48,3,1
2812,29693106,0.066,-1.358,-10.042,5.192,-3.093,1.734,187.823,-1.710,-0.139,0.007,1.734,4.637895,-74.083658,2.48,3,1
2813,29703093,0.057,-1.423,-9.922,5.802,-2.178,0.971,187.906,-1.633,-0.145,0.006,0.971,4.637895,-74.083658,2.48,3,1
2814,29713110,0.104,-1.498,-9.831,5.711,-0.926,0.147,188.020,-1.573,-0.153,0.011,0.147,4.637895,-74.083658,2.48,3,1
2815,29723110,0.164,-1.544,-9.699,4.978,0.416,-0.646,188.149,-1.534,-0.157,0.017,-0.646,4.637895,-74.083658,2.48,3,1
2816,29733110,0.226,-1.578,-9.614,3.819,1.576,-1.470,188.277,-1.517,-0.161,0.023,-1.470,4.637895,-74.083658,2.48,3,1
2817,29743090,0.274,-1.587,-9.571,2.476,2.186,-2.416,188.391,-1.518,-0.162,0.028,-2.416,4.637895,-74.083658,2.48,3,1
2818,29753096,0.317,-1.493,-9.566,1.225,2.217,-3.301,188.442,-1.538,-0.152,0.032,-3.301,4.637895,-74.083623,2.51,3,1
2819,29763098,0.410,-1.414,-9.622,0.431,2.034,-4.034,188.441,-1.600,-0.144,0.042,-4.034,4.637895,-74.083623,2.51,3,1
2820,29773126,0.426,-1.308,-9.682,-0.149,1.942,-4.217,188.384,-1.665,-0.133,0.043,-4.217,4.637895,-74.083623,2.51,3,1
2821,29783094,0.450,-1.180,-9.771,-0.423,1.576,-3.759,188.266,-1.738,-0.120,0.046,-3.759,4.637895,-74.083623,2.51,3,1
2822,29793110,0.441,-1.129,-9.807,-0.240,1.362,-2.996,188.135,-1.801,-0.115,0.045,-2.996,4.637895,-74.083623,2.51,3,1
2823,29803103,0.414,-1.093,-9.831,0.553,1.179,-1.928,188.004,-1.850,-0.111,0.042,-1.928,4.637895,-74.083623,2.51,3,1
2824,29813113,0.386,-1.122,-9.807,1.377,0.783,-0.799,187.905,-1.886,-0.114,0.039,-0.799,4.637895,-74.083623,2.51,3,1
2825,29823097,0.333,-1.221,-9.797,2.293,0.355,0.178,187.866,-1.900,-0.124,0.034,0.178,4.637895,-74.083623,2.51,3,1
2826,29833100,0.328,-1.368,-9.761,2.934,-0.255,0.666,187.904,-1.916,-0.139,0.033,0.666,4.637895,-74.083623,2.51,3,1
2827,29843108,0.247,-1.435,-9.749,3.147,-0.987,0.513,187.971,-1.902,-0.146,0.025,0.513,4.637895,-74.083623,2.51,3,1
2828,29853113,0.150,-1.431,-9.756,3.025,-1.354,0.147,188.029,-1.849,-0.146,0.015,0.147,4.637895,-74.083623,2.51,3,1
2829,29863097,0.152,-1.472,-9.807,2.964,-1.445,-0.189,188.097,-1.801,-0.150,0.016,-0.189,4.637895,-74.083623,2.51,3,1
2830,29873099,0.142,-1.448,-9.879,3.239,-1.018,-0.768,188.147,-1.749,-0.148,0.015,-0.768,4.637895,-74.083623,2.51,3,1
2831,29883094,0.128,-1.293,-9.811,3.483,0.203,-1.287,188.132,-1.683,-0.132,0.013,-1.287,4.637895,-74.083623,2.51,3,1
2832,29893098,0.195,-1.272,-9.701,4.002,2.003,-0.799,188.120,-1.636,-0.130,0.020,-0.799,4.637895,-74.083623,2.51,3,1
2833,29903113,0.331,-1.534,-9.511,4.124,3.834,0.300,188.239,-1.640,-0.156,0.034,0.300,4.637895,-74.083623,2.51,3,1
2834,29916617,0.448,-1.860,-9.343,2.812,5.025,0.818,188.513,-1.677,-0.190,0.046,0.818,4.637895,-74.083623,2.51,3,1
2835,29923109,0.560,-2.031,-9.259,0.218,5.147,0.757,188.818,-1.776,-0.207,0.057,0.757,4.637895,-74.083623,2.51,3,1
2836,29933104,0.681,-2.038,-9.309,-2.468,4.078,0.483,189.072,-1.932,-0.208,0.069,0.483,4.637895,-74.083623,2.51,3,1
2837,29943093,0.693,-1.843,-9.470,-4.116,2.156,-0.250,189.186,-2.094,-0.188,0.071,-0.250,4.637895,-74.083623,2.51,3,1
2838,29953095,0.686,-1.443,-9.737,-4.787,0.081,-0.555,189.085,-2.253,-0.147,0.070,-0.555,4.637895,-74.083623,2.51,3,1
2839,29963109,0.634,-1.096,-9.958,-3.414,-1.415,0.147,188.839,-2.385,-0.112,0.065,0.147,4.637895,-74.083623,2.51,3,1
2840,29973110,0.581,-0.939,-10.042,-0.759,-1.872,1.734,188.564,-2.487,-0.096,0.059,1.734,4.637895,-74.083623,2.51,3,1
2841,29983102,0.553,-1.091,-9.977,1.713,-1.659,3.809,188.403,-2.567,-0.111,0.056,3.809,4.637895,-74.083623,2.51,3,1
2842,29993105,0.555,-1.491,-9.847,3.178,-1.201,5.457,188.450,-2.639,-0.152,0.057,5.457,4.637895,-74.083623,2.51,3,1
2843,30003097,0.562,-1.838,-9.775,2.964,-1.079,5.884,188.648,-2.708,-0.187,0.057,5.884,4.637895,-74.083623,2.51,3,1
2844,30013099,0.534,-1.932,-9.797,1.225,-1.384,5.335,188.854,-2.762,-0.197,0.054,5.335,4.637895,-74.083623,2.51,3,1
2845,30023095,0.488,-1.771,-9.850,-0.484,-2.056,4.542,188.954,-2.797,-0.181,0.050,4.542,4.637895,-74.083623,2.51,3,1
2846,30033108,0.402,-1.491,-9.948,-1.247,-2.574,3.596,188.911,-2.795,-0.152,0.041,3.596,4.637895,-74.083623,2.51,3,1
2847,30043104,0.331,-1.296,-10.109,-0.667,-2.696,2.924,188.784,-2.762,-0.132,0.034,2.924,4.637895,-74.083623,2.51,3,1
2848,30053095,0.257,-1.151,-10.260,1.225,-2.300,2.436,188.615,-2.695,-0.117,0.026,2.436,4.637895,-74.083623,2.51,3,1
2849,30063098,0.240,-1.100,-10.282,3.391,-1.079,2.833,188.456,-2.614,-0.112,0.024,2.833,4.637895,-74.083623,2.51,3,1
2850,30073109,0.259,-1.170,-10.150,4.826,0.996,3.962,188.359,-2.530,-0.119,0.026,3.962,4.637895,-74.083623,2.51,3,1
2851,30083113,0.281,-1.317,-9.905,5.467,2.736,5.152,188.351,-2.447,-0.134,0.029,5.152,4.637895,-74.083623,2.51,3,1
2852,30093113,0.302,-1.457,-9.641,5.558,3.285,5.701,188.423,-2.379,-0.149,0.031,5.701,4.637895,-74.083623,2.51,3,1
2853,30103100,0.312,-1.575,-9.406,5.528,2.675,5.488,188.559,-2.329,-0.161,0.032,5.488,4.637895,-74.083623,2.51,3,1
2854,30113100,0.297,-1.626,-9.293,5.009,1.149,4.816,188.711,-2.292,-0.166,0.030,4.816,4.637895,-74.083623,2.51,3,1
2855,30123103,0.271,-1.657,-9.283,4.093,-0.652,3.962,188.859,-2.262,-0.169,0.028,3.962,4.637895,-74.083623,2.51,3,1
2856,30133175,0.212,-1.624,-9.360,2.873,-1.964,3.077,188.962,-2.219,-0.166,0.022,3.077,4.637895,-74.083623,2.51,3,1
2857,30143097,0.181,-1.551,-9.487,1.591,-2.300,2.527,189.003,-2.166,-0.158,0.018,2.527,4.637895,-74.083623,2.51,3,1
2858,30153099,0.138,-1.530,-9.557,0.553,-1.964,2.436,189.017,-2.094,-0.156,0.014,2.436,4.637895,-74.083623,2.51,3,1
2859,30163121,0.138,-1.554,-9.619,-0.301,-1.323,2.161,189.028,-2.022,-0.158,0.014,2.161,4.637895,-74.083623,2.51,3,1
2860,30173105,0.133,-1.558,-9.694,-0.881,-0.713,1.368,189.030,-1.947,-0.159,0.014,1.368,4.637895,-74.083623,2.51,3,1
2861,30183104,0.138,-1.435,-9.821,-1.003,-0.225,0.086,188.968,-1.874,-0.146,0.014,0.086,4.637895,-74.083623,2.51,3,1
2862,30193102,0.166,-1.281,-9.915,-0.667,0.447,-0.646,188.841,-1.813,-0.131,0.017,-0.646,4.637895,-74.083623,2.51,3,1
2863,30203094,0.204,-1.219,-9.934,-0.179,1.729,-0.524,188.700,-1.761,-0.124,0.021,-0.524,4.637895,-74.083623,2.51,3,1
2864,30213102,0.269,-1.269,-9.898,0.279,3.102,0.361,188.598,-1.729,-0.129,0.027,0.361,4.637895,-74.083623,2.51,3,1
2865,30223095,0.350,-1.414,-9.780,0.523,4.078,1.215,188.576,-1.727,-0.144,0.036,1.215,4.637895,-74.083623,2.51,3,1
2866,30233101,0.405,-1.491,-9.667,0.218,4.048,1.551,188.595,-1.752,-0.152,0.041,1.551,4.637895,-74.083623,2.51,3,1
2867,30243094,0.414,-1.525,-9.595,-0.210,3.529,1.734,188.628,-1.785,-0.155,0.042,1.734,4.637895,-74.083623,2.51,3,1
2868,30253104,0.417,-1.520,-9.586,-0.545,2.705,1.948,188.653,-1.825,-0.155,0.042,1.948,4.637895,-74.083623,2.51,3,1
2869,30266394,0.441,-1.616,-9.586,-1.461,1.668,2.314,188.710,-1.882,-0.165,0.045,2.314,4.637895,-74.083623,2.51,3,1
2870,30273101,0.414,-1.604,-9.600,-2.651,-0.072,2.466,188.747,-1.939,-0.164,0.042,2.466,4.637895,-74.083623,2.51,3,1
2871,30283094,0.376,-1.517,-9.706,-3.414,-1.781,2.466,188.728,-1.989,-0.155,0.038,2.466,4.637895,-74.083623,2.51,3,1
2872,30293102,0.333,-1.423,-9.809,-3.902,-3.551,2.649,188.658,-2.030,-0.145,0.034,2.649,4.637895,-74.083623,2.51,3,1
2873,30303094,0.193,-1.272,-9.960,-3.475,-5.077,2.802,188.521,-2.018,-0.130,0.020,2.802,4.637895,-74.083623,2.51,3,1
2874,30313101,0.131,-1.163,-10.112,-2.041,-6.084,3.046,188.352,-1.989,-0.119,0.013,3.046,4.637895,-74.083623,2.51,3,1
2875,30323094,0.104,-1.158,-10.080,-0.240,-6.359,3.504,188.213,-1.953,-0.118,0.011,3.504,4.637895,-74.083623,2.51,3,1
2876,30333102,0.133,-1.272,-10.018,1.347,-6.328,4.145,188.152,-1.933,-0.130,0.014,4.145,4.637895,-74.083623,2.51,3,1
2877,30343093,0.193,-1.394,-9.883,2.201,-6.389,4.847,188.165,-1.941,-0.142,0.020,4.847,4.637895,-74.083623,2.51,3,1
2878,30353101,0.264,-1.563,-9.687,2.445,-6.847,5.274,188.266,-1.987,-0.159,0.027,5.274,4.637895,-74.083623,2.51,3,1
2879,30363093,0.243,-1.734,-9.533,2.110,-8.312,4.816,188.444,-2.035,-0.177,0.025,4.816,4.637895,-74.083623,2.51,3,1
2880,30373099,0.204,-1.838,-9.454,1.042,-10.021,3.718,188.652,-2.078,-0.187,0.021,3.718,4.637895,-74.083623,2.51,3,1
2881,30383094,0.109,-1.674,-9.394,-0.789,-11.974,2.497,188.757,-2.092,-0.171,0.011,2.497,4.637895,-74.083623,2.51,3,1
2882,30393101,0.057,-1.660,-9.418,-1.736,-13.652,1.520,188.838,-2.098,-0.169,0.006,1.520,4.637895,-74.083623,2.51,3,1
2883,30403094,0.038,-1.631,-9.478,-2.712,-14.781,0.727,188.885,-2.104,-0.166,0.004,0.727,4.637895,-74.083623,2.51,3,1
2884,30413102,-0.055,-1.435,-9.662,-3.841,-15.239,0.452,188.818,-2.072,-0.146,-0.006,0.452,4.637895,-74.083623,2.51,3,1
2885,30423094,-0.156,-1.272,-9.845,-4.543,-14.202,0.940,188.667,-1.989,-0.130,-0.016,0.940,4.637895,-74.083623,2.51,3,1
2886,30433101,-0.234,-1.264,-9.980,-4.482,-12.126,1.673,188.517,-1.860,-0.129,-0.024,1.673,4.637895,-74.083623,2.51,3,1
2887,30443093,-0.325,-1.341,-9.972,-4.024,-9.380,1.948,188.416,-1.676,-0.137,-0.033,1.948,4.637895,-74.083623,2.51,3,1
2888,30453101,-0.394,-1.462,-9.919,-3.780,-6.725,1.673,188.380,-1.451,-0.149,-0.040,1.673,4.637895,-74.083623,2.51,3,1
2889,30463093,-0.399,-1.580,-9.929,-4.238,-4.100,1.185,188.393,-1.217,-0.161,-0.041,1.185,4.637895,-74.083623,2.51,3,1
2890,30473101,-0.361,-1.626,-9.903,-5.215,-1.476,0.208,188.418,-0.993,-0.166,-0.037,0.208,4.637895,-74.083623,2.51,3,1
2891,30483094,-0.330,-1.597,-9.826,-6.222,0.660,-0.860,188.424,-0.779,-0.163,-0.034,-0.860,4.637895,-74.083623,2.51,3,1
2892,30493100,-0.284,-1.486,-9.833,-7.046,1.881,-1.715,188.374,-0.589,-0.152,-0.029,-1.715,4.637895,-74.083623,2.51,3,1
2893,30503094,-0.194,-1.332,-9.807,-7.320,2.553,-2.539,188.259,-0.447,-0.136,-0.020,-2.539,4.637895,-74.083623,2.51,3,1
2894,30513101,-0.170,-1.247,-9.795,-6.466,2.858,-3.149,188.125,-0.324,-0.127,-0.017,-3.149,4.637895,-74.083623,2.51,3,1
2895,30523094,-0.153,-1.209,-9.809,-5.398,2.919,-3.729,187.993,-0.216,-0.123,-0.016,-3.729,4.637895,-74.083623,2.51,3,1
2896,30533101,-0.151,-1.221,-9.773,-4.207,2.736,-4.461,187.889,-0.120,-0.124,-0.015,-4.461,4.637895,-74.083623,2.51,3,1
2897,30543094,-0.141,-1.346,-9.785,-2.407,2.247,-5.529,187.864,-0.039,-0.137,-0.014,-5.529,4.637895,-74.083623,2.51,3,1
2898,30553101,-0.129,-1.404,-9.879,-1.400,2.156,-6.719,187.870,0.028,-0.143,-0.013,-6.719,4.637895,-74.083623,2.51,3,1
2899,30584913,-0.003,-1.291,-9.907,-0.820,5.269,-7.940,187.813,0.141,-0.132,-0.000,-7.940,4.637895,-74.083623,2.51,3,1
2900,30586241,-0.003,-1.291,-9.907,-0.820,5.269,-7.940,187.763,0.213,-0.132,-0.000,-7.940,4.637895,-74.083623,2.51,3,1
2901,30587565,0.085,-1.298,-9.857,-0.606,6.581,-7.726,187.734,0.217,-0.132,0.009,-7.726,4.637895,-74.083623,2.51,3,1
2902,30593104,0.085,-1.298,-9.857,-0.606,6.581,-7.726,187.709,0.201,-0.132,0.009,-7.726,4.637895,-74.083623,2.51,3,1
2903,30603099,0.209,-1.334,-9.835,-0.454,7.496,-7.513,187.708,0.134,-0.136,0.021,-7.513,4.637895,-74.083623,2.51,3,1
2904,30613103,0.321,-1.344,-9.821,-0.210,8.320,-7.635,187.715,0.026,-0.137,0.033,-7.635,4.637895,-74.083623,2.51,3,1
2905,30623095,0.491,-1.272,-9.862,-0.240,9.053,-7.696,187.683,-0.144,-0.130,0.050,-7.696,4.637895,-74.083623,2.51,3,1
2906,30633147,0.681,-1.096,-9.903,-0.027,9.877,-7.360,187.571,-0.380,-0.112,0.069,-7.360,4.637895,-74.083623,2.51,3,1
2907,30643094,0.867,-0.941,-9.814,0.279,10.090,-5.956,187.403,-0.682,-0.096,0.088,-5.956,4.637895,-74.083623,2.51,3,1
2908,30653104,0.960,-0.927,-9.670,1.194,9.236,-3.729,187.258,-1.014,-0.095,0.098,-3.729,4.637895,-74.083623,2.51,3,1
2909,30663095,1.008,-1.067,-9.586,2.445,7.069,-1.684,187.209,-1.361,-0.109,0.103,-1.684,4.637895,-74.083623,2.51,3,1
2910,30673114,1.041,-1.235,-9.478,4.002,3.743,-0.646,187.265,-1.727,-0.126,0.106,-0.646,4.637895,-74.083623,2.51,3,1
2911,30683118,0.946,-1.298,-9.391,4.856,-0.102,-0.097,187.359,-2.057,-0.132,0.096,-0.097,4.637895,-74.083623,2.51,3,1
2912,30693108,0.824,-1.435,-9.437,5.314,-3.765,0.483,187.512,-2.332,-0.146,0.084,0.483,4.637895,-74.083623,2.51,3,1
2913,30703106,0.693,-1.645,-9.521,5.467,-6.603,0.818,187.744,-2.545,-0.168,0.071,0.818,4.637895,-74.083623,2.51,3,1
2914,30713096,0.543,-1.718,-9.674,4.887,-8.190,0.635,187.972,-2.682,-0.175,0.055,0.635,4.637895,-74.083623,2.51,3,1
2915,30723109,0.414,-1.660,-9.759,4.734,-8.769,-0.006,188.149,-2.754,-0.169,0.042,-0.006,4.637895,-74.083623,2.51,3,1
2916,30733144,0.204,-1.648,-9.857,5.192,-8.678,-0.311,188.303,-2.724,-0.168,0.021,-0.311,4.637895,-74.083623,2.51,3,1
2917,30743093,0.166,-1.693,-9.915,5.680,-7.762,-0.250,188.465,-2.671,-0.173,0.017,-0.250,4.637895,-74.083623,2.51,3,1
2918,30753100,0.109,-1.739,-9.919,6.687,-6.389,-0.524,188.643,-2.585,-0.177,0.011,-0.524,4.637895,-74.083623,2.51,3,1
2919,30763100,0.083,-1.751,-9.857,7.664,-5.168,-1.165,188.826,-2.483,-0.179,0.008,-1.165,4.637895,-74.083623,2.51,3,1
2920,30773118,0.066,-1.674,-9.831,8.763,-4.283,-1.562,188.973,-2.373,-0.171,0.007,-1.562,4.637895,-74.083623,2.51,3,1
2921,30783115,0.078,-1.715,-9.775,10.899,-3.581,-1.654,189.151,-2.271,-0.175,0.008,-1.654,4.637895,-74.083623,2.51,3,1
2922,30793102,0.035,-1.891,-9.857,11.234,-3.063,-1.226,189.388,-2.153,-0.193,0.004,-1.226,4.637895,-74.083623,2.51,3,1
2923,30803103,-0.001,-2.057,-9.833,10.838,-2.574,-1.104,189.677,-2.024,-0.210,-0.000,-1.104,4.637895,-74.083623,2.51,3,1
2924,30813114,0.009,-2.142,-9.804,10.502,-2.239,-1.837,189.979,-1.906,-0.218,0.001,-1.837,4.637895,-74.083623,2.51,3,1
2925,30823105,-0.012,-2.106,-9.843,10.075,-2.056,-3.515,190.235,-1.786,-0.215,-0.001,-3.515,4.637895,-74.083623,2.51,3,1
2926,30833105,-0.039,-1.930,-9.876,9.648,-1.934,-4.980,190.389,-1.663,-0.197,-0.004,-4.980,4.637895,-74.083623,2.51,3,1
2927,30843099,-0.055,-1.727,-9.917,8.976,-1.323,-5.285,190.435,-1.537,-0.176,-0.006,-5.285,4.637890,-74.083597,2.51,2,1
2928,30853117,-0.020,-1.652,-9.941,8.488,-0.133,-4.827,190.440,-1.424,-0.169,-0.002,-4.827,4.637890,-74.083597,2.51,2,1
2929,30863107,0.016,-1.660,-9.941,8.183,1.362,-4.034,190.444,-1.322,-0.169,0.002,-4.034,4.637890,-74.083597,2.51,2,1
2930,30873117,0.038,-1.660,-9.903,8.061,2.888,-3.362,190.449,-1.223,-0.169,0.004,-3.362,4.637890,-74.083597,2.51,2,1
2931,30883110,0.061,-1.652,-9.799,7.694,4.078,-2.844,190.455,-1.132,-0.169,0.006,-2.844,4.637890,-74.083597,2.51,2,1
2932,30893112,0.016,-1.766,-9.797,6.870,4.384,-1.959,190.503,-1.024,-0.180,0.002,-1.959,4.637890,-74.083597,2.51,2,1
2933,30903116,0.114,-1.809,-9.699,5.436,4.628,-1.501,190.560,-0.966,-0.184,0.012,-1.501,4.637890,-74.083597,2.51,2,1
2934,30917550,0.111,-1.491,-9.823,4.948,3.560,-2.813,190.476,-0.911,-0.152,0.011,-2.813,4.637890,-74.083597,2.51,2,1
2935,30923098,0.111,-1.491,-9.823,4.948,3.560,-2.813,190.379,-0.870,-0.152,0.011,-2.813,4.637890,-74.083597,2.51,2,1
2936,30933111,0.164,-1.450,-9.867,5.314,2.919,-2.386,190.272,-0.861,-0.148,0.017,-2.386,4.637890,-74.083597,2.51,2,1
2937,30943099,0.245,-1.250,-9.835,5.467,2.644,-1.501,190.089,-0.892,-0.127,0.025,-1.501,4.637890,-74.083597,2.51,2,1
2938,30953124,0.297,-1.146,-9.735,6.260,2.247,0.147,189.887,-0.950,-0.117,0.030,0.147,4.637890,-74.083597,2.51,2,1
2939,30963106,0.319,-1.257,-9.552,7.115,1.332,2.558,189.769,-1.023,-0.128,0.033,2.558,4.637890,-74.083597,2.51,2,1
2940,30973111,0.345,-1.457,-9.329,7.298,-0.255,4.786,189.769,-1.121,-0.149,0.035,4.786,4.637890,-74.083597,2.51,2,1
2941,30983107,0.307,-1.693,-9.163,6.474,-2.117,6.281,189.885,-1.212,-0.173,0.031,6.281,4.637890,-74.083597,2.51,2,1
2942,30993105,0.190,-1.906,-9.185,4.856,-4.222,6.830,190.073,-1.259,-0.194,0.019,6.830,4.637890,-74.083597,2.51,2,1
2943,31003113,0.030,-2.045,-9.348,2.873,-6.359,6.128,190.276,-1.248,-0.209,0.003,6.128,4.637890,-74.083597,2.51,2,1
2944,31013111,-0.079,-2.016,-9.578,1.042,-7.823,4.481,190.411,-1.201,-0.206,-0.008,4.481,4.637890,-74.083597,2.51,2,1
2945,31023109,-0.129,-1.925,-9.883,-0.057,-8.190,2.619,190.459,-1.141,-0.196,-0.013,2.619,4.637890,-74.083597,2.51,2,1
2946,31033111,-0.184,-1.696,-10.112,-0.667,-7.121,1.154,190.383,-1.053,-0.173,-0.019,1.154,4.637890,-74.083597,2.51,2,1
2947,31043109,-0.210,-1.534,-10.205,-0.240,-5.138,0.727,190.242,-0.942,-0.156,-0.021,0.727,4.637890,-74.083597,2.51,2,1
2948,31053121,0.045,-1.833,-10.090,0.706,-3.337,1.490,190.254,-0.932,-0.187,0.005,1.490,4.637890,-74.083597,2.51,2,1
2949,31063106,-0.015,-2.098,-10.025,-0.637,-2.941,3.596,190.370,-0.894,-0.214,-0.002,3.596,4.637890,-74.083597,2.51,2,1
2950,31073108,-0.156,-1.831,-9.869,-2.804,-2.574,3.443,190.357,-0.794,-0.187,-0.016,3.443,4.637890,-74.083597,2.51,2,1
2951,31083103,-0.153,-1.568,-9.703,-2.560,-2.086,2.253,190.245,-0.696,-0.160,-0.016,2.253,4.637890,-74.083597,2.51,2,1
2952,31093115,-0.148,-1.626,-9.742,0.706,-2.941,1.337,190.194,-0.617,-0.166,-0.015,1.337,4.637890,-74.083597,2.51,2,1
2953,31103109,-0.222,-1.800,-9.809,2.964,-3.276,0.391,190.239,-0.514,-0.183,-0.023,0.391,4.637890,-74.083597,2.51,2,1
2954,31113111,-0.210,-2.036,-9.862,4.368,-3.032,-0.677,190.390,-0.424,-0.208,-0.021,-0.677,4.637890,-74.083597,2.51,2,1
2955,31123100,-0.208,-2.041,-9.883,4.765,-2.574,-2.477,190.533,-0.337,-0.208,-0.021,-2.477,4.637890,-74.083597,2.51,2,1
2956,31133111,-0.229,-1.848,-9.855,4.521,-1.354,-4.064,190.583,-0.236,-0.188,-0.023,-4.064,4.637890,-74.083597,2.51,2,1
2957,31143093,-0.148,-1.672,-9.744,5.039,0.203,-4.461,190.567,-0.162,-0.170,-0.015,-4.461,4.637890,-74.083597,2.51,2,1
2958,31153111,-0.122,-1.732,-9.629,5.497,1.790,-4.186,190.591,-0.090,-0.177,-0.012,-4.186,4.637890,-74.083597,2.51,2,1
2959,31163098,-0.060,-1.838,-9.547,5.467,3.102,-4.064,190.667,-0.040,-0.187,-0.006,-4.064,4.637890,-74.083597,2.51,2,1
2960,31173094,0.042,-1.937,-9.540,4.765,4.017,-3.912,190.775,-0.031,-0.198,0.004,-3.912,4.637890,-74.083597,2.51,2,1
2961,31183091,0.121,-2.065,-9.550,3.452,4.109,-3.912,190.917,-0.056,-0.211,0.012,-3.912,4.637890,-74.083597,2.51,2,1
2962,31193105,0.135,-2.065,-9.691,1.530,3.651,-4.583,191.018,-0.090,-0.211,0.014,-4.583,4.637890,-74.083597,2.51,2,1
2963,31203101,0.176,-1.812,-9.687,-0.576,3.651,-4.736,190.982,-0.139,-0.185,0.018,-4.736,4.637890,-74.083597,2.51,2,1
2964,31213096,0.123,-1.742,-9.701,-2.163,3.834,-3.790,190.902,-0.160,-0.178,0.013,-3.790,4.637890,-74.083597,2.51,2,1
2965,31223092,0.019,-1.727,-9.713,-3.109,3.987,-3.149,190.813,-0.131,-0.176,0.002,-3.149,4.637890,-74.083597,2.51,2,1
2966,31233105,-0.091,-1.715,-9.771,-3.963,4.384,-2.966,190.713,-0.053,-0.175,-0.009,-2.966,4.637890,-74.083597,2.51,2,1
2967,31243100,-0.151,-1.693,-9.804,-4.085,5.177,-3.454,190.607,0.054,-0.173,-0.015,-3.454,4.637890,-74.083597,2.51,2,1
2968,31256177,-0.198,-1.633,-9.903,-3.963,5.910,-4.705,190.465,0.193,-0.167,-0.020,-4.705,4.637890,-74.083597,2.51,2,1
2969,31263094,-0.196,-1.467,-9.975,-3.536,6.764,-5.712,190.271,0.315,-0.150,-0.020,-5.712,4.637890,-74.083597,2.51,2,1
2970,31273095,-0.213,-1.397,-9.989,-2.773,7.588,-6.140,190.068,0.443,-0.142,-0.022,-6.140,4.637890,-74.083597,2.51,2,1
2971,31283094,-0.136,-1.332,-9.922,-1.675,8.107,-6.689,189.867,0.532,-0.136,-0.014,-6.689,4.637890,-74.083597,2.51,2,1
2972,31293107,-0.120,-1.305,-9.819,-0.179,8.839,-6.811,189.689,0.614,-0.133,-0.012,-6.811,4.637890,-74.083597,2.51,2,1
2973,31303104,-0.043,-1.346,-9.711,0.706,9.419,-6.597,189.559,0.661,-0.137,-0.004,-6.597,4.637890,-74.083597,2.51,2,1
2974,31313099,-0.001,-1.448,-9.521,1.072,9.236,-6.475,189.500,0.684,-0.148,-0.000,-6.475,4.637890,-74.083597,2.51,2,1
2975,31323094,0.054,-1.604,-9.353,0.950,8.259,-6.750,189.528,0.671,-0.164,0.006,-6.750,4.637890,-74.083597,2.51,2,1
2976,31333106,0.078,-1.710,-9.278,0.279,6.825,-7.849,189.603,0.634,-0.174,0.008,-7.849,4.637890,-74.083597,2.51,2,1
2977,31343103,0.100,-1.674,-9.288,-1.217,5.208,-9.161,189.640,0.575,-0.171,0.010,-9.161,4.637890,-74.083597,2.51,2,1
2978,31353098,0.083,-1.628,-9.329,-3.170,3.987,-9.741,189.632,0.517,-0.166,0.008,-9.741,4.637890,-74.083597,2.51,2,1
2979,31363094,0.095,-1.592,-9.379,-5.031,3.346,-9.619,189.588,0.453,-0.162,0.010,-9.619,4.637890,-74.083597,2.51,2,1
2980,31373108,0.150,-1.493,-9.432,-6.832,3.041,-9.374,189.481,0.366,-0.152,0.015,-9.374,4.637890,-74.083597,2.51,2,1
2981,31383103,0.188,-1.404,-9.434,-8.236,2.675,-8.856,189.328,0.264,-0.143,0.019,-8.856,4.637890,-74.083597,2.51,2,1
2982,31393098,0.207,-1.390,-9.473,-9.823,1.546,-8.154,189.164,0.151,-0.142,0.021,-8.154,4.637890,-74.083597,2.51,2,1
2983,31403094,0.169,-1.313,-9.372,-10.586,-0.011,-7.665,188.976,0.049,-0.134,0.017,-7.665,4.637890,-74.083597,2.51,2,1
2984,31413107,0.162,-1.284,-9.329,-9.701,-2.117,-8.276,188.801,-0.062,-0.131,0.016,-8.276,4.637890,-74.083597,2.51,2,1
2985,31423104,0.100,-1.291,-9.396,-8.663,-4.161,-9.191,188.647,-0.154,-0.132,0.010,-9.191,4.637890,-74.083597,2.51,2,1
2986,31433097,0.040,-1.325,-9.518,-7.564,-5.931,-10.137,188.523,-0.227,-0.135,0.004,-10.137,4.637890,-74.083597,2.51,2,1
2987,31443100,0.007,-1.344,-9.715,-6.771,-6.908,-11.206,188.413,-0.289,-0.137,0.001,-11.206,4.637890,-74.083597,2.51,2,1
2988,31453098,-0.046,-1.356,-9.859,-6.832,-6.694,-11.724,188.306,-0.321,-0.138,-0.005,-11.724,4.637890,-74.083597,2.51,2,1
2989,31463103,-0.058,-1.354,-9.939,-7.290,-5.596,-11.724,188.198,-0.335,-0.138,-0.006,-11.724,4.637890,-74.083597,2.51,2,1
2990,31473107,-0.022,-1.349,-9.977,-7.870,-3.887,-11.267,188.089,-0.348,-0.138,-0.002,-11.267,4.637890,-74.083597,2.51,2,1
2991,31483092,-0.015,-1.486,-10.188,-8.571,-2.300,-10.717,188.027,-0.348,-0.152,-0.002,-10.717,4.637890,-74.083597,2.51,2,1
2992,31493095,0.059,-1.245,-10.056,-9.090,-1.079,-10.565,187.870,-0.369,-0.127,0.006,-10.565,4.637890,-74.083597,2.51,2,1
2993,31503100,0.102,-1.173,-10.186,-6.893,-1.354,-11.206,187.708,-0.409,-0.120,0.010,-11.206,4.637890,-74.083597,2.51,2,1
2994,31513104,0.057,-1.206,-10.397,-4.146,-1.537,-11.999,187.588,-0.428,-0.123,0.006,-11.999,4.637890,-74.083597,2.51,2,1
2995,31523103,0.033,-1.284,-10.443,-1.156,-0.957,-12.792,187.534,-0.430,-0.131,0.003,-12.792,4.637890,-74.083597,2.51,2,1
2996,31533107,0.081,-1.450,-10.491,1.499,-0.865,-13.555,187.575,-0.451,-0.148,0.008,-13.555,4.637890,-74.083597,2.51,2,1
2997,31543094,0.126,-1.525,-10.407,3.544,-0.591,-14.654,187.667,-0.486,-0.155,0.013,-14.654,4.637890,-74.083597,2.51,2,1
2998,31553098,0.081,-1.469,-10.270,5.406,0.172,-15.875,187.754,-0.494,-0.150,0.008,-15.875,4.637890,-74.083597,2.51,2,1
2999,31579832,0.133,-1.903,-9.643,7.084,3.865,-15.417,188.221,-0.456,-0.194,0.014,-15.417,4.637890,-74.083597,2.51,2,1
3000,31581160,0.133,-1.903,-9.643,7.084,3.865,-15.417,188.600,-0.442,-0.194,0.014,-15.417,4.637890,-74.083597,2.51,2,1
3001,31583103,0.133,-1.903,-9.643,7.084,3.865,-15.417,188.887,-0.447,-0.194,0.014,-15.417,4.637890,-74.083597,2.51,2,1
3002,31593101,0.183,-2.072,-9.394,5.863,4.872,-15.600,189.243,-0.469,-0.211,0.019,-15.600,4.637890,-74.083597,2.51,2,1
3003,31603102,0.281,-2.311,-9.237,3.636,5.055,-16.516,189.679,-0.537,-0.236,0.029,-16.516,4.637890,-74.083597,2.51,2,1
3004,31613101,0.462,-2.458,-9.180,0.858,4.597,-18.438,190.126,-0.692,-0.251,0.047,-18.438,4.637890,-74.083597,2.51,2,1
3005,31623102,0.562,-2.296,-9.223,-2.041,3.254,-20.849,190.423,-0.893,-0.234,0.057,-20.849,4.637890,-74.083597,2.51,2,1
3006,31633155,0.643,-1.906,-9.379,-3.902,1.607,-22.894,190.475,-1.129,-0.194,0.066,-22.894,4.637890,-74.083597,2.51,2,1
3007,31643092,0.715,-1.532,-9.523,-4.421,0.081,-23.138,190.329,-1.389,-0.156,0.073,-23.138,4.637890,-74.083597,2.51,2,1
3008,31653105,0.770,-1.281,-9.653,-3.719,-1.354,-21.765,190.076,-1.663,-0.131,0.078,-21.765,4.637890,-74.083597,2.51,2,1
3009,31663107,0.870,-1.209,-9.742,-2.132,-2.574,-19.781,189.821,-1.968,-0.123,0.089,-19.781,4.637890,-74.083597,2.51,2,1
3010,31673114,0.817,-1.257,-9.797,-0.057,-3.704,-17.767,189.625,-2.232,-0.128,0.083,-17.767,4.637890,-74.083597,2.51,2,1
3011,31683106,0.739,-1.363,-9.792,1.591,-4.405,-15.692,189.509,-2.445,-0.139,0.075,-15.692,4.637890,-74.083597,2.51,2,1
3012,31693111,0.753,-1.551,-9.739,2.171,-4.314,-13.799,189.495,-2.647,-0.158,0.077,-13.799,4.637890,-74.083597,2.51,2,1
3013,31703111,0.762,-1.802,-9.658,1.164,-3.734,-11.968,189.590,-2.834,-0.184,0.078,-11.968,4.637890,-74.083597,2.51,2,1
3014,31713111,0.758,-1.937,-9.581,-0.973,-3.246,-10.534,189.726,-3.001,-0.198,0.077,-10.534,4.637890,-74.083597,2.51,2,1
3015,31723106,0.791,-1.872,-9.446,-3.780,-2.910,-9.283,189.807,-3.172,-0.191,0.081,-9.283,4.637890,-74.083597,2.51,2,1
3016,31733113,0.844,-1.838,-9.314,-6.588,-2.880,-8.032,189.853,-3.358,-0.187,0.086,-8.032,4.637890,-74.083597,2.51,2,1
3017,31743115,0.903,-1.768,-9.261,-9.243,-2.941,-6.689,189.843,-3.561,-0.180,0.092,-6.689,4.637890,-74.083597,2.51,2,1
3018,31753111,0.972,-1.903,-9.225,-11.623,-2.727,-5.285,189.877,-3.779,-0.194,0.099,-5.285,4.637890,-74.083597,2.51,2,1
3019,31763101,0.965,-2.012,-9.309,-13.088,-4.100,-5.621,189.936,-3.984,-0.205,0.098,-5.621,4.637890,-74.083597,2.51,2,1
3020,31773116,0.889,-1.836,-9.454,-13.180,-6.877,-7.696,189.897,-4.160,-0.187,0.091,-7.696,4.637890,-74.083597,2.51,2,1
3021,31783109,0.753,-1.546,-9.723,-11.898,-9.624,-9.680,189.723,-4.278,-0.158,0.077,-9.680,4.637890,-74.083597,2.51,2,1
3022,31793110,0.629,-1.286,-10.037,-9.914,-11.455,-10.443,189.447,-4.342,-0.131,0.064,-10.443,4.637890,-74.083597,2.51,2,1
3023,31803107,0.555,-1.158,-10.277,-7.870,-11.394,-9.527,189.145,-4.363,-0.118,0.057,-9.527,4.637890,-74.083597,2.51,0,1
3024,31813106,0.452,-1.170,-10.313,-5.886,-10.143,-7.818,188.888,-4.327,-0.119,0.046,-7.818,4.637890,-74.083597,2.51,0,1
3025,31823107,0.376,-1.325,-10.215,-3.963,-8.525,-6.506,188.738,-4.248,-0.135,0.038,-6.506,4.637890,-74.083597,2.51,0,1
3026,31833133,0.371,-1.513,-10.073,-2.437,-6.816,-6.262,188.702,-4.159,-0.154,0.038,-6.262,4.637890,-74.083597,2.51,0,1
3027,31843099,0.367,-1.590,-9.919,-1.675,-5.657,-6.567,188.720,-4.066,-0.162,0.037,-6.567,4.637890,-74.083597,2.51,0,1
3028,31853111,0.424,-1.640,-9.737,-1.522,-4.894,-7.055,188.772,-4.001,-0.167,0.043,-7.055,4.637890,-74.083597,2.51,0,1
3029,31863096,0.481,-1.725,-9.619,-2.193,-4.405,-7.238,188.860,-3.964,-0.176,0.049,-7.238,4.637890,-74.083597,2.51,0,1
3030,31873124,0.450,-1.744,-9.576,-3.200,-4.253,-7.726,188.944,-3.916,-0.178,0.046,-7.726,4.637890,-74.083597,2.51,0,1
3031,31883106,0.398,-1.766,-9.593,-3.689,-4.466,-8.764,189.025,-3.849,-0.180,0.041,-8.764,4.637890,-74.083597,2.51,0,1
3032,31893098,0.460,-1.674,-9.658,-4.116,-4.619,-10.015,189.051,-3.815,-0.171,0.047,-10.015,4.637890,-74.083597,2.51,0,1
3033,31906559,0.543,-1.416,-9.701,-5.245,-3.490,-8.734,188.930,-3.825,-0.144,0.055,-8.734,4.637890,-74.083597,2.51,0,1
3034,31913101,0.543,-1.416,-9.701,-5.245,-3.490,-8.734,188.835,-3.819,-0.144,0.055,-8.734,4.637890,-74.083597,2.51,0,1
3035,31923116,0.541,-1.426,-9.650,-5.916,-2.941,-6.872,188.749,-3.809,-0.145,0.055,-6.872,4.637890,-74.083597,2.51,0,1
3036,31933110,0.507,-1.457,-9.648,-6.283,-2.819,-5.743,188.680,-3.783,-0.149,0.052,-5.743,4.637890,-74.083597,2.51,0,1
3037,31943103,0.405,-1.450,-9.742,-5.916,-3.276,-5.560,188.611,-3.715,-0.148,0.041,-5.560,4.637890,-74.083597,2.51,0,1
3038,31953110,0.348,-1.378,-9.783,-5.031,-3.276,-5.590,188.520,-3.627,-0.140,0.035,-5.590,4.637890,-74.083597,2.51,0,1
3039,31963105,0.340,-1.279,-9.852,-4.787,-2.361,-4.827,188.391,-3.533,-0.130,0.035,-4.827,4.637890,-74.083597,2.51,0,1
3040,31973111,0.262,-1.209,-9.891,-5.276,-0.621,-3.179,188.234,-3.395,-0.123,0.027,-3.179,4.637890,-74.083597,2.51,0,1
3041,31983113,0.185,-1.214,-9.924,-5.672,1.149,-1.654,188.087,-3.218,-0.124,0.019,-1.654,4.637890,-74.083597,2.51,0,1
3042,31993097,0.133,-1.149,-9.879,-5.398,2.736,-0.738,187.927,-3.017,-0.117,0.014,-0.738,4.637890,-74.083597,2.51,0,1
3043,32003091,0.150,-1.158,-9.857,-4.665,4.139,-0.463,187.792,-2.826,-0.118,0.015,-0.463,4.637890,-74.083597,2.51,0,1
3044,32013107,0.202,-1.052,-9.783,-3.628,5.360,-0.707,187.633,-2.662,-0.107,0.021,-0.707,4.637890,-74.083597,2.51,0,1
3045,32023108,0.266,-0.970,-9.658,-2.071,6.550,-0.677,187.470,-2.530,-0.099,0.027,-0.677,4.637890,-74.083597,2.51,0,1
3046,32033113,0.445,-1.108,-9.458,-0.545,8.076,-0.006,187.406,-2.479,-0.113,0.045,-0.006,4.637890,-74.083597,2.51,0,1
3047,32043121,0.610,-1.313,-9.312,0.126,9.297,1.093,187.456,-2.500,-0.134,0.062,1.093,4.637890,-74.083597,2.51,0,1
3048,32053118,0.784,-1.416,-9.175,-0.149,9.389,2.039,187.557,-2.603,-0.144,0.080,2.039,4.637890,-74.083597,2.51,0,1
3049,32063108,0.908,-1.450,-9.132,-1.064,8.595,2.894,187.661,-2.766,-0.148,0.093,2.894,4.637890,-74.083597,2.51,0,1
3050,32073112,0.989,-1.411,-8.904,-1.736,7.588,3.870,187.750,-2.975,-0.144,0.101,3.870,4.637890,-74.083597,2.51,0,1
3051,32083091,1.037,-1.462,-8.735,-2.468,6.245,5.366,187.862,-3.213,-0.149,0.106,5.366,4.637890,-74.083597,2.51,0,1
3052,32093104,1.030,-1.693,-8.625,-4.482,4.262,7.136,188.071,-3.451,-0.173,0.105,7.136,4.637890,-74.083597,2.51,0,1
3053,32103102,1.015,-2.111,-8.860,-7.320,1.271,7.837,188.412,-3.674,-0.215,0.104,7.837,4.637890,-74.083597,2.51,0,1
3054,32113095,0.965,-2.279,-9.297,-10.830,-2.056,6.678,188.723,-3.865,-0.232,0.098,6.678,4.637890,-74.083597,2.51,0,1
3055,32123093,0.875,-2.144,-9.737,-13.973,-5.107,4.664,188.879,-4.013,-0.219,0.089,4.664,4.637890,-74.083597,2.51,0,1
3056,32133104,0.753,-1.737,-10.133,-15.560,-7.610,2.955,188.802,-4.109,-0.177,0.077,2.955,4.637890,-74.083597,2.51,0,1
3057,32143100,0.605,-1.257,-10.462,-15.346,-9.380,2.100,188.513,-4.146,-0.128,0.062,2.100,4.637890,-74.083597,2.51,0,1
3058,32153096,0.464,-0.946,-10.818,-13.607,-9.624,2.192,188.121,-4.118,-0.096,0.047,2.192,4.637890,-74.083597,2.51,0,1
3059,32163098,0.374,-0.785,-10.923,-9.914,-8.373,2.894,187.725,-4.043,-0.080,0.038,2.894,4.637890,-74.083597,2.51,0,1
3060,32173097,0.359,-0.821,-10.859,-5.916,-6.664,3.870,187.412,-3.953,-0.084,0.037,3.870,4.637890,-74.083597,2.51,0,1
3061,32183098,0.390,-0.888,-10.659,-3.231,-4.894,4.938,187.182,-3.869,-0.091,0.040,4.938,4.637890,-74.083597,2.51,0,1
3062,32193094,0.474,-0.951,-10.405,-1.705,-3.856,6.190,187.018,-3.820,-0.097,0.048,6.190,4.637890,-74.083597,2.51,0,1
3063,32203092,0.569,-0.900,-10.049,-0.332,-4.131,6.800,186.872,-3.826,-0.092,0.058,6.800,4.637890,-74.083597,2.51,0,1
3064,32213106,0.612,-0.594,-9.588,2.659,-6.572,6.464,186.645,-3.886,-0.061,0.062,6.464,4.637890,-74.083597,2.51,0,1
3065,32223101,0.531,-0.609,-9.343,7.115,-11.180,5.884,186.489,-3.953,-0.062,0.054,5.884,4.637890,-74.083597,2.51,0,1
3066,32233097,0.400,-0.785,-9.134,9.739,-16.582,6.251,186.460,-4.008,-0.080,0.041,6.251,4.637890,-74.083597,2.51,0,1
3067,32243092,0.212,-1.052,-8.896,11.204,-21.984,6.281,186.587,-4.021,-0.107,0.022,6.281,4.637890,-74.083597,2.51,0,1
3068,32260790,-0.244,-1.192,-9.122,9.892,-29.857,3.626,186.819,-4.081,-0.122,-0.025,3.626,4.637890,-74.083597,2.51,0,1
3069,32263096,-0.244,-1.192,-9.122,9.892,-29.857,3.626,186.962,-3.922,-0.122,-0.025,3.626,4.637890,-74.083597,2.51,0,1
3070,32273095,-0.494,-1.120,-9.562,7.298,-29.216,3.718,187.008,-3.659,-0.114,-0.050,3.718,4.637890,-74.083597,2.51,0,1
3071,32283094,-0.711,-1.086,-9.893,3.971,-25.279,4.938,186.988,-3.294,-0.111,-0.073,4.938,4.637890,-74.083597,2.51,0,1
3072,32293095,-0.885,-1.161,-10.215,0.096,-19.084,6.495,186.951,-2.837,-0.118,-0.090,6.495,4.637890,-74.083597,2.51,0,1
3073,32303094,-0.990,-1.211,-10.385,-3.445,-11.760,7.288,186.897,-2.313,-0.124,-0.101,7.288,4.637890,-74.083597,2.51,0,1
3074,32313095,-0.981,-1.231,-10.268,-5.611,-5.016,7.013,186.842,-1.769,-0.125,-0.100,7.013,4.637890,-74.083597,2.51,0,1
3075,32323094,-0.907,-1.284,-10.193,-6.008,-0.408,5.182,186.814,-1.255,-0.131,-0.092,5.182,4.637890,-74.083597,2.51,0,1
3076,32333107,-0.840,-1.257,-10.246,-5.306,2.553,2.192,186.781,-0.785,-0.128,-0.086,2.192,4.637890,-74.083597,2.51,0,1
3077,32343104,-0.752,-1.165,-10.181,-3.994,4.902,-0.524,186.726,-0.366,-0.119,-0.077,-0.524,4.637890,-74.083597,2.51,0,1
3078,32353103,-0.516,-1.192,-10.020,-2.865,6.642,-1.898,186.705,-0.062,-0.122,-0.053,-1.898,4.637890,-74.083597,2.51,0,1
3079,32363104,-0.270,-1.259,-9.823,-2.346,7.649,-2.264,186.732,0.123,-0.128,-0.028,-2.264,4.637890,-74.083597,2.51,0,1
3080,32373098,-0.082,-1.334,-9.550,-2.682,7.313,-2.264,186.802,0.208,-0.136,-0.008,-2.264,4.637890,-74.083597,2.51,0,1
3081,32383094,0.007,-1.399,-9.437,-3.261,5.513,-2.111,186.899,0.229,-0.143,0.001,-2.111,4.637890,-74.083597,2.51,0,1
3082,32393107,0.045,-1.341,-9.442,-4.116,3.132,-2.172,186.954,0.209,-0.137,0.005,-2.172,4.637890,-74.083597,2.51,0,1
3083,32403103,0.014,-1.337,-9.602,-5.245,0.905,-1.684,186.982,0.184,-0.136,0.001,-1.684,4.637890,-74.083597,2.51,0,1
3084,32413098,-0.032,-1.346,-9.821,-6.435,-0.713,-1.196,186.987,0.167,-0.137,-0.003,-1.196,4.637890,-74.083597,2.51,0,1
3085,32423094,-0.132,-1.334,-10.049,-7.442,-1.872,-1.043,186.964,0.183,-0.136,-0.013,-1.043,4.637890,-74.083597,2.51,0,1
3086,32433095,-0.208,-1.274,-10.256,-7.320,-2.727,-1.654,186.907,0.221,-0.130,-0.021,-1.654,4.637890,-74.083597,2.51,0,1
3087,32443094,-0.294,-1.108,-10.532,-6.649,-3.002,-2.661,186.778,0.287,-0.113,-0.030,-2.661,4.637890,-74.083597,2.51,0,1
3088,32453095,-0.320,-0.891,-10.717,-5.123,-2.483,-3.515,186.577,0.362,-0.091,-0.033,-3.515,4.637890,-74.083597,2.51,0,1
3089,32463094,-0.222,-0.445,-10.700,-2.926,-1.445,-3.607,186.231,0.401,-0.045,-0.023,-3.607,4.637890,-74.083597,2.51,0,1
3090,32473107,-0.227,0.672,-11.296,-3.567,1.240,0.208,185.463,0.459,0.068,-0.023,0.208,4.637890,-74.083597,2.51,0,1
3091,32483103,-0.272,0.076,-10.248,4.185,5.116,6.342,185.053,0.577,0.008,-0.028,6.342,4.637890,-74.083597,2.51,0,1
3092,32493099,-0.051,-1.349,-10.059,11.845,3.682,7.502,185.362,0.578,-0.138,-0.005,7.502,4.637890,-74.083597,2.51,0,1
3093,32503100,-0.113,-1.450,-9.708,10.807,2.217,4.481,185.702,0.594,-0.148,-0.011,4.481,4.637890,-74.083597,2.51,0,1
3094,32513098,-0.201,-1.433,-9.165,9.251,-0.926,2.833,186.032,0.624,-0.146,-0.020,2.833,4.637890,-74.083597,2.51,0,1
3095,32523095,-0.208,-1.616,-9.367,7.969,-4.100,1.032,186.394,0.624,-0.165,-0.021,1.032,4.637890,-74.083597,2.51,0,1
3096,32533107,-0.280,-1.404,-9.218,4.795,-4.985,-0.952,186.613,0.650,-0.143,-0.029,-0.952,4.637890,-74.083597,2.51,0,1
3097,32543104,-0.294,-1.392,-9.319,3.758,-6.664,-2.661,186.793,0.665,-0.142,-0.030,-2.661,4.637890,-74.083597,2.51,0,1
3098,32553104,-0.456,-1.419,-9.792,2.354,-7.457,-4.247,186.927,0.736,-0.145,-0.046,-4.247,4.637890,-74.083597,2.51,0,1
3099,32619470,-0.129,-1.115,-9.831,-0.332,1.881,-3.729,186.870,0.781,-0.114,-0.013,-3.729,4.637890,-74.083597,2.51,0,1
3100,32620802,-0.129,-1.115,-9.831,-0.332,1.881,-3.729,186.812,0.814,-0.114,-0.013,-3.729,4.637890,-74.083597,2.51,0,1
3101,32622121,-0.129,-1.115,-9.831,-0.332,1.881,-3.729,186.759,0.837,-0.114,-0.013,-3.729,4.637890,-74.083597,2.51,0,1
3102,32623442,-0.129,-1.115,-9.831,-0.332,1.881,-3.729,186.714,0.850,-0.114,-0.013,-3.729,4.637890,-74.083597,2.51,0,1
3103,32624771,-0.129,-1.115,-9.831,-0.332,1.881,-3.729,186.676,0.857,-0.114,-0.013,-3.729,4.637890,-74.083597,2.51,0,1
3104,32626086,-0.165,-1.153,-9.850,-0.881,1.301,-3.912,186.662,0.873,-0.118,-0.017,-3.912,4.637890,-74.083597,2.51,0,1
3105,32627409,-0.165,-1.153,-9.850,-0.881,1.301,-3.912,186.655,0.885,-0.118,-0.017,-3.912,4.637890,-74.083597,2.51,0,1
3106,32633141,-0.165,-1.153,-9.850,-0.881,1.301,-3.912,186.652,0.894,-0.118,-0.017,-3.912,4.637890,-74.083597,2.51,0,1
3107,32643098,-0.206,-1.064,-9.929,-1.186,0.813,-4.522,186.585,0.922,-0.109,-0.021,-4.522,4.637890,-74.083597,2.51,0,1
3108,32653094,-0.182,-0.999,-10.040,-0.728,1.271,-4.888,186.487,0.934,-0.102,-0.019,-4.888,4.637890,-74.083597,2.51,0,1
3109,32663094,-0.187,-0.948,-9.987,-0.728,2.400,-4.583,186.378,0.958,-0.097,-0.019,-4.583,4.637890,-74.083597,2.51,0,1
3110,32673107,-0.098,-0.932,-9.874,-0.545,3.468,-4.309,186.281,0.943,-0.095,-0.010,-4.309,4.637890,-74.083597,2.51,0,1
3111,32683117,-0.012,-0.936,-9.713,-0.332,4.475,-3.851,186.209,0.893,-0.095,-0.001,-3.851,4.637890,-74.083597,2.51,0,1
3112,32693103,0.076,-1.028,-9.538,-0.698,4.994,-2.905,186.199,0.808,-0.105,0.008,-2.905,4.637890,-74.083597,2.51,0,1
3113,32703111,0.109,-1.185,-9.396,-1.430,4.567,-2.325,186.273,0.711,-0.121,0.011,-2.325,4.637890,-74.083597,2.51,0,1
3114,32713109,0.169,-1.228,-9.331,-2.468,3.346,-2.172,186.357,0.583,-0.125,0.017,-2.172,4.637890,-74.083597,2.51,0,1
3115,32723114,0.193,-1.255,-9.329,-3.994,2.095,-1.806,186.431,0.444,-0.128,0.020,-1.806,4.637890,-74.083597,2.51,0,1
3116,32733118,0.214,-1.192,-9.355,-5.794,0.538,-1.470,186.448,0.294,-0.122,0.022,-1.470,4.637890,-74.083597,2.51,0,1
3117,32743104,0.207,-1.062,-9.398,-7.351,-0.987,-0.830,186.382,0.147,-0.108,0.021,-0.830,4.637890,-74.083597,2.51,0,1
3118,32753111,0.221,-0.977,-9.422,-8.999,-1.964,0.635,186.264,-0.002,-0.100,0.023,0.635,4.637890,-74.083597,2.51,0,1
3119,32763105,0.274,-0.958,-9.403,-10.586,-2.727,2.833,186.132,-0.171,-0.098,0.028,2.833,4.637890,-74.083597,2.51,0,1
3120,32773124,0.314,-0.948,-9.324,-12.081,-3.520,5.488,185.996,-0.354,-0.097,0.032,5.488,4.637890,-74.083597,2.51,0,1
3121,32783111,0.359,-0.999,-9.247,-13.851,-4.619,8.417,185.884,-0.555,-0.102,0.037,8.417,4.637890,-74.083597,2.51,0,1
3122,32793101,0.355,-1.151,-9.173,-15.682,-6.298,10.615,185.840,-0.753,-0.117,0.036,10.615,4.637890,-74.083597,2.51,0,1
3123,32803106,0.286,-1.264,-9.216,-17.086,-8.769,11.561,185.839,-0.924,-0.129,0.029,11.561,4.637890,-74.083597,2.51,0,1
3124,32813114,0.109,-1.337,-9.324,-18.185,-11.363,11.286,185.854,-1.020,-0.136,0.011,11.286,4.637890,-74.083597,2.51,0,1
3125,32823106,-0.105,-1.322,-9.583,-17.971,-13.866,8.967,185.845,-1.031,-0.135,-0.011,8.967,4.637890,-74.083597,2.51,0,1
3126,32833112,-0.294,-1.269,-9.871,-17.269,-15.544,6.190,185.803,-0.974,-0.129,-0.030,6.190,4.637890,-74.083597,2.51,0,1
3127,32843094,-0.470,-1.134,-10.232,-16.201,-15.361,3.626,185.695,-0.849,-0.116,-0.048,3.626,4.637890,-74.083597,2.51,0,1
3128,32853119,-0.604,-0.936,-10.546,-14.797,-13.378,1.429,185.512,-0.665,-0.095,-0.062,1.429,4.637890,-74.083597,2.51,0,1
3129,32863106,-0.756,-0.736,-10.825,-12.661,-9.960,-0.036,185.272,-0.409,-0.075,-0.077,-0.036,4.637890,-74.083597,2.51,0,1
3130,32873100,-0.780,-0.625,-10.868,-10.158,-5.016,-0.524,185.028,-0.119,-0.064,-0.080,-0.524,4.637890,-74.083597,2.51,0,1
3131,32883107,-0.723,-0.736,-10.762,-8.022,0.599,-0.341,184.869,0.180,-0.075,-0.074,-0.341,4.637890,-74.083597,2.51,0,1
3132,32893108,-0.687,-0.862,-10.611,-6.924,5.757,-0.433,184.790,0.493,-0.088,-0.070,-0.433,4.637890,-74.083597,2.51,0,1
3133,32903115,-0.647,-0.965,-10.378,-6.679,9.999,-0.585,184.770,0.810,-0.098,-0.066,-0.585,4.637890,-74.083597,2.51,0,1
3134,32916652,-0.415,-1.144,-10.049,-8.297,15.553,-2.294,184.804,1.110,-0.117,-0.042,-2.294,4.637890,-74.083597,2.51,0,1
3135,32923109,-0.415,-1.144,-10.049,-8.297,15.553,-2.294,184.862,1.341,-0.117,-0.042,-2.294,4.637890,-74.083597,2.51,0,1
3136,32933112,-0.280,-1.059,-9.934,-9.548,16.865,-3.698,184.871,1.507,-0.108,-0.029,-3.698,4.637890,-74.083597,2.51,0,1
3137,32943108,-0.163,-0.847,-9.867,-10.433,17.262,-4.797,184.779,1.612,-0.086,-0.017,-4.797,4.637890,-74.083597,2.51,0,1
3138,32953125,-0.072,-0.623,-9.835,-9.914,16.438,-5.834,184.600,1.661,-0.064,-0.007,-5.834,4.637890,-74.083597,2.51,0,1
3139,32963109,-0.008,-0.430,-9.867,-8.510,15.156,-6.506,184.360,1.666,-0.044,-0.001,-6.506,4.637890,-74.083597,2.51,0,1
3140,32973112,0.054,-0.278,-9.871,-6.435,14.088,-6.231,184.091,1.633,-0.028,0.006,-6.231,4.637890,-74.083597,2.51,0,1
3141,32983099,0.081,-0.300,-9.840,-4.421,13.234,-5.163,183.871,1.583,-0.031,0.008,-5.163,4.637890,-74.083597,2.51,0,1
3142,32993111,0.109,-0.418,-9.720,-3.200,12.562,-3.637,183.734,1.517,-0.043,0.011,-3.637,4.637890,-74.083597,2.51,0,1
3143,33003095,0.123,-0.659,-9.622,-2.834,11.525,-2.539,183.724,1.440,-0.067,0.013,-2.539,4.637890,-74.083597,2.51,0,1
3144,33013100,0.171,-0.823,-9.523,-3.597,9.846,-2.386,183.786,1.331,-0.084,0.017,-2.386,4.637890,-74.083597,2.51,0,1
3145,33023105,0.190,-0.852,-9.557,-4.940,7.313,-2.813,183.842,1.199,-0.087,0.019,-2.813,4.637890,-74.083597,2.51,0,1
3146,33033121,0.142,-0.847,-9.766,-6.313,4.628,-3.271,183.871,1.076,-0.086,0.015,-3.271,4.637890,-74.083597,2.51,0,1
3147,33043115,0.162,-0.459,-9.735,-7.595,2.736,-3.698,183.713,0.935,-0.047,0.016,-3.698,4.637890,-74.083597,2.51,0,1
3148,33053112,0.140,-0.341,-9.821,-6.313,0.386,-3.576,183.524,0.794,-0.035,0.014,-3.576,4.637890,-74.083597,2.51,0,1
3149,33063108,0.102,-0.377,-10.035,-4.635,-1.598,-3.332,183.378,0.663,-0.038,0.010,-3.332,4.637890,-74.083597,2.51,0,1
3150,33073113,0.054,-0.281,-10.145,-2.895,-2.727,-3.454,183.215,0.553,-0.029,0.006,-3.454,4.637890,-74.083597,2.51,0,1
3151,33083092,0.019,-0.218,-10.212,-1.125,-2.819,-2.783,183.054,0.466,-0.022,0.002,-2.783,4.637890,-74.083597,2.51,0,1
3152,33093107,-0.012,-0.324,-10.244,0.340,-2.147,-1.440,182.964,0.405,-0.033,-0.001,-1.440,4.637890,-74.083597,2.51,0,1
3153,33103103,-0.041,-0.406,-10.198,1.042,-1.018,-0.280,182.923,0.371,-0.041,-0.004,-0.280,4.637890,-74.083597,2.51,0,1
3154,33113098,-0.082,-0.464,-10.131,1.805,-0.041,0.239,182.918,0.367,-0.047,-0.008,0.239,4.637890,-74.083597,2.51,0,1
3155,33123100,-0.105,-0.565,-10.071,2.567,0.630,0.422,182.965,0.380,-0.058,-0.011,0.422,4.637890,-74.083597,2.51,0,1
3156,33133108,-0.063,-0.662,-9.984,2.690,1.301,0.422,183.055,0.379,-0.067,-0.006,0.422,4.637890,-74.083597,2.51,0,1
3157,33143104,-0.010,-0.710,-9.895,2.445,1.942,0.300,183.159,0.362,-0.072,-0.001,0.300,4.637890,-74.083597,2.51,0,1
3158,33153098,0.073,-0.683,-9.835,1.927,2.492,0.422,183.241,0.314,-0.070,0.007,0.422,4.637890,-74.083597,2.51,0,1
3159,33163095,0.133,-0.768,-9.754,1.927,2.736,0.940,183.356,0.245,-0.078,0.014,0.940,4.637890,-74.083597,2.51,0,1
3160,33173107,0.159,-0.845,-9.648,1.621,2.278,1.063,183.498,0.164,-0.086,0.016,1.063,4.637890,-74.083597,2.51,0,1
3161,33183103,0.185,-0.719,-9.684,1.164,1.271,0.910,183.568,0.069,-0.073,0.019,0.910,4.637890,-74.083597,2.51,0,1
3162,33193098,0.116,-0.570,-9.694,1.377,0.264,0.971,183.567,0.003,-0.058,0.012,0.971,4.637890,-74.083597,2.51,0,1
3163,33203094,0.090,-0.599,-9.787,2.323,-0.682,1.429,183.585,-0.055,-0.061,0.009,1.429,4.637890,-74.083597,2.51,0,1
3164,33213107,0.104,-0.700,-9.910,2.842,-1.018,1.520,183.648,-0.117,-0.071,0.011,1.520,4.637890,-74.083597,2.51,0,1
3165,33223103,0.088,-0.662,-9.953,2.659,-0.804,1.337,183.686,-0.165,-0.067,0.009,1.337,4.637890,-74.083597,2.51,0,1
3166,33233098,0.085,-0.633,-9.967,2.537,-0.194,1.398,183.707,-0.202,-0.065,0.009,1.398,4.637890,-74.083597,2.51,0,1
3167,33243094,0.109,-0.652,-9.987,2.598,0.386,1.276,183.734,-0.242,-0.066,0.011,1.276,4.637890,-74.083597,2.51,0,1
3168,33256268,0.121,-0.570,-9.975,3.300,1.637,0.208,183.740,-0.272,-0.058,0.012,0.208,4.637890,-74.083597,2.51,0,1
3169,33263101,0.121,-0.570,-9.975,3.300,1.637,0.208,183.736,-0.300,-0.058,0.012,0.208,4.637890,-74.083597,2.51,0,1
3170,33273094,0.221,-0.618,-9.987,3.361,1.790,-0.067,183.753,-0.370,-0.063,0.023,-0.067,4.637890,-74.083597,2.51,0,1
3171,33283092,0.281,-0.498,-9.922,3.575,1.790,-0.128,183.720,-0.461,-0.051,0.029,-0.128,4.637890,-74.083597,2.51,0,1
3172,33293106,0.312,-0.466,-9.771,3.971,1.149,0.178,183.682,-0.567,-0.048,0.032,0.178,4.637890,-74.083597,2.51,0,1
3173,33303100,0.367,-0.507,-9.775,4.551,-0.347,0.361,183.671,-0.703,-0.052,0.037,0.361,4.637890,-74.083597,2.51,0,1
3174,33313097,0.307,-0.502,-9.771,5.131,-1.689,0.452,183.664,-0.814,-0.051,0.031,0.452,4.637890,-74.083597,2.51,0,1
3175,33323092,0.252,-0.437,-9.787,5.161,-2.391,0.849,183.628,-0.898,-0.045,0.026,0.849,4.637890,-74.083597,2.51,0,1
3176,33333105,0.202,-0.486,-9.713,5.131,-2.483,1.490,183.618,-0.954,-0.050,0.021,1.490,4.637890,-74.083597,2.51,0,1
3177,33343101,0.159,-0.635,-9.626,5.284,-2.452,1.826,183.680,-0.987,-0.065,0.016,1.826,4.637890,-74.083597,2.51,0,1
3178,33353097,0.169,-0.879,-9.811,4.704,-2.147,1.703,183.835,-1.018,-0.090,0.017,1.703,4.637890,-74.083597,2.51,0,1
3179,33363092,0.042,-0.780,-9.636,3.086,-1.506,0.940,183.926,-0.984,-0.080,0.004,0.940,4.637890,-74.083597,2.51,0,1
3180,33373105,-0.022,-0.748,-9.684,1.835,-1.293,0.757,183.982,-0.922,-0.076,-0.002,0.757,4.637890,-74.083597,2.51,0,1
3181,33383100,0.042,-0.765,-9.862,1.286,-0.591,0.452,184.030,-0.887,-0.078,0.004,0.452,4.637890,-74.083597,2.51,0,1
3182,33393094,-0.005,-0.640,-9.804,0.462,0.264,0.055,184.014,-0.825,-0.065,-0.001,0.055,4.637890,-74.083597,2.51,0,1
3183,33403092,0.035,-0.551,-9.835,0.340,0.935,0.086,183.956,-0.780,-0.056,0.004,0.086,4.637890,-74.083597,2.51,0,1
3184,33413106,0.038,-0.519,-9.857,0.736,1.576,0.452,183.893,-0.734,-0.053,0.004,0.452,4.637890,-74.083597,2.51,0,1
3185,33423101,0.069,-0.527,-9.761,1.469,2.064,1.124,183.846,-0.700,-0.054,0.007,1.124,4.637890,-74.083597,2.51,0,1
3186,33433097,0.071,-0.594,-9.756,2.049,2.034,1.887,183.839,-0.671,-0.061,0.007,1.887,4.637890,-74.083597,2.51,0,1
3187,33443092,0.011,-0.618,-9.797,2.415,1.759,2.344,183.845,-0.619,-0.063,0.001,2.344,4.637890,-74.083597,2.51,0,1
3188,33453105,-0.046,-0.666,-9.809,2.995,1.454,2.527,183.878,-0.549,-0.068,-0.005,2.527,4.637890,-74.083597,2.51,0,1
3189,33463101,-0.055,-0.736,-9.840,3.605,1.088,2.375,183.943,-0.484,-0.075,-0.006,2.375,4.637890,-74.083597,2.51,0,1
3190,33473097,-0.077,-0.775,-9.919,3.880,0.935,1.856,184.020,-0.415,-0.079,-0.008,1.856,4.637890,-74.083597,2.51,0,1
3191,33483092,-0.091,-0.888,-9.960,3.330,1.423,1.307,184.135,-0.342,-0.091,-0.009,1.307,4.637890,-74.083597,2.51,0,1
3192,33493106,-0.077,-0.977,-10.013,2.354,2.156,0.513,184.268,-0.273,-0.100,-0.008,0.513,4.637890,-74.083597,2.51,0,1
3193,33503100,-0.024,-0.977,-10.064,0.950,3.163,-0.189,184.376,-0.223,-0.100,-0.002,-0.189,4.637890,-74.083597,2.51,0,1
3194,33513096,0.059,-0.973,-10.028,-0.820,4.139,-0.555,184.459,-0.205,-0.099,0.006,-0.555,4.637890,-74.083597,2.51,0,1
3195,33523092,0.109,-0.859,-10.028,-1.949,4.445,-0.952,184.476,-0.206,-0.088,0.011,-0.952,4.637890,-74.083597,2.51,0,1
3196,33533106,0.154,-0.727,-10.032,-2.071,3.895,-1.104,184.433,-0.233,-0.074,0.016,-1.104,4.637890,-74.083597,2.51,0,1
3197,33543101,0.164,-0.536,-10.006,-1.095,3.163,-0.921,184.320,-0.268,-0.055,0.017,-0.921,4.637890,-74.083597,2.51,0,1
3198,33553097,0.190,-0.519,-9.955,0.401,2.431,-0.097,184.224,-0.320,-0.053,0.019,-0.097,4.637890,-74.083597,2.51,0,1
3199,33584138,0.085,-0.912,-9.763,3.605,-0.194,2.192,184.428,-0.374,-0.093,0.009,2.192,4.637890,-74.083597,2.51,0,1
3200,33585466,0.064,-0.939,-9.696,3.788,-1.628,1.887,184.610,-0.432,-0.096,0.007,1.887,4.637890,-74.083597,2.51,0,1
3201,33586793,0.064,-0.939,-9.696,3.788,-1.628,1.887,184.743,-0.462,-0.096,0.007,1.887,4.637890,-74.083597,2.51,0,1
3202,33593096,0.064,-0.939,-9.696,3.788,-1.628,1.887,184.850,-0.480,-0.096,0.007,1.887,4.637890,-74.083597,2.51,0,1
3203,33603093,0.030,-0.912,-9.619,4.063,-2.971,1.276,184.938,-0.491,-0.093,0.003,1.276,4.637890,-74.083597,2.51,0,1
3204,33613105,-0.005,-0.948,-9.631,3.910,-3.948,0.849,185.034,-0.494,-0.097,-0.001,0.849,4.637890,-74.083597,2.51,0,1
3205,33623102,-0.048,-0.968,-9.730,2.537,-4.039,0.788,185.113,-0.476,-0.099,-0.005,0.788,4.637890,-74.083597,2.51,0,1
3206,33633155,-0.094,-1.040,-9.823,0.675,-3.398,0.788,185.198,-0.434,-0.106,-0.010,0.788,4.637890,-74.083597,2.51,0,1
3207,33643089,-0.084,-1.071,-10.042,-1.034,-2.483,-0.219,185.263,-0.393,-0.109,-0.009,-0.219,4.637890,-74.083597,2.51,0,1
3208,33653105,-0.024,-0.864,-10.196,-2.407,-0.926,-1.470,185.209,-0.370,-0.088,-0.002,-1.470,4.637890,-74.083597,2.51,0,1
3209,33663112,0.038,-0.553,-10.371,-2.773,0.966,-2.050,185.012,-0.358,-0.056,0.004,-2.050,4.637890,-74.083597,2.51,0,1
3210,33673123,0.107,-0.298,-10.390,-2.071,2.919,-1.623,184.725,-0.361,-0.030,0.011,-1.623,4.637890,-74.083597,2.51,0,1
3211,33683094,0.200,-0.199,-10.359,-0.423,4.841,-0.250,184.436,-0.386,-0.020,0.020,-0.250,4.637890,-74.083597,2.51,0,1
3212,33693101,0.295,-0.151,-10.260,1.469,6.123,1.368,184.168,-0.440,-0.015,0.030,1.368,4.637890,-74.083597,2.51,0,1
3213,33703110,0.367,-0.201,-10.056,3.391,6.398,3.199,183.963,-0.521,-0.021,0.037,3.199,4.637890,-74.083597,2.51,0,1
3214,33713109,0.374,-0.300,-9.850,5.497,5.482,4.633,183.842,-0.610,-0.031,0.038,4.633,4.637890,-74.083597,2.51,0,1
3215,33723114,0.398,-0.495,-9.759,7.481,3.834,5.762,183.839,-0.720,-0.051,0.041,5.762,4.637890,-74.083597,2.51,0,1
3216,33733099,0.359,-0.666,-9.614,8.488,2.003,6.617,183.929,-0.822,-0.068,0.037,6.617,4.637890,-74.083597,2.51,0,1
3217,33743104,0.288,-0.867,-9.559,8.915,0.264,7.044,184.109,-0.900,-0.088,0.029,7.044,4.637890,-74.083597,2.51,0,1
3218,33753111,0.214,-1.071,-9.557,8.793,-1.384,6.556,184.369,-0.953,-0.109,0.022,6.556,4.637890,-74.083597,2.51,0,1
3219,33763105,0.142,-1.115,-9.598,8.091,-2.727,5.396,184.619,-0.981,-0.114,0.015,5.396,4.637890,-74.083597,2.51,0,1
3220,33773117,0.073,-1.009,-9.679,7.298,-3.459,4.328,184.790,-0.982,-0.103,0.007,4.328,4.637890,-74.083597,2.51,0,1
3221,33783113,0.014,-0.932,-9.754,6.504,-3.276,4.236,184.903,-0.954,-0.095,0.001,4.236,4.637890,-74.083597,2.51,0,1
3222,33793101,-0.043,-0.985,-9.756,6.230,-2.788,4.267,185.028,-0.898,-0.100,-0.004,4.267,4.637890,-74.083597,2.51,0,1
3223,33803113,-0.115,-1.069,-9.727,5.833,-2.147,3.962,185.179,-0.808,-0.109,-0.012,3.962,4.637890,-74.083597,2.51,0,1
3224,33813116,-0.201,-1.173,-9.706,5.284,-1.567,3.138,185.360,-0.681,-0.120,-0.020,3.138,4.637890,-74.083597,2.51,0,1
3225,33823104,-0.215,-1.255,-9.720,4.398,-0.987,1.856,185.555,-0.553,-0.128,-0.022,1.856,4.637890,-74.083597,2.51,0,1
3226,33833113,-0.182,-1.288,-9.773,2.934,0.233,0.635,185.734,-0.438,-0.131,-0.019,0.635,4.637890,-74.083597,2.51,0,1
3227,33843104,-0.163,-1.284,-9.775,0.950,1.759,-0.524,185.878,-0.327,-0.131,-0.017,-0.524,4.637890,-74.083597,2.51,0,0
3228,33853114,-0.122,-1.202,-9.759,-0.942,2.949,-1.379,185.958,-0.231,-0.123,-0.012,-1.379,4.637890,-74.083597,2.51,0,0
3229,33863102,-0.048,-1.023,-9.787,-2.193,3.743,-2.233,185.940,-0.168,-0.104,-0.005,-2.233,4.637890,-74.083597,2.51,0,0
3230,33873105,0.052,-0.756,-9.871,-2.041,4.078,-2.691,185.803,-0.152,-0.077,0.005,-2.691,4.637890,-74.083597,2.51,0,0
3231,33883101,0.083,-0.594,-9.895,-0.728,3.987,-2.447,185.617,-0.151,-0.061,0.008,-2.447,4.637890,-74.083597,2.51,0,0
3232,33893111,0.178,-0.681,-9.862,0.462,4.048,-1.592,185.496,-0.191,-0.069,0.018,-1.592,4.637890,-74.083597,2.51,0,0
3233,33903110,0.150,-0.792,-9.689,1.194,3.834,-0.524,185.445,-0.220,-0.081,0.015,-0.524,4.637890,-74.083597,2.51,0,0
3234,33916524,0.126,-1.043,-9.530,1.255,2.064,0.300,185.525,-0.250,-0.106,0.013,0.300,4.637890,-74.083597,2.51,0,0
3235,33923104,0.126,-1.043,-9.530,1.255,2.064,0.300,185.594,-0.281,-0.106,0.013,0.300,4.637890,-74.083597,2.51,0,0
3236,33933099,0.073,-1.146,-9.521,0.462,1.149,-0.280,185.699,-0.294,-0.117,0.007,-0.280,4.637890,-74.083597,2.51,0,0
3237,33943139,0.061,-1.276,-9.581,-0.545,0.477,-1.287,185.842,-0.306,-0.130,0.006,-1.287,4.637890,-74.083597,2.51,0,0
3238,33953104,0.054,-1.327,-9.679,-2.529,0.203,-2.569,185.972,-0.316,-0.135,0.006,-2.569,4.637890,-74.083597,2.51,0,0
3239,33963105,0.028,-1.298,-9.754,-4.574,0.142,-3.973,186.055,-0.313,-0.132,0.003,-3.973,4.637890,-74.083597,2.51,0,0
3240,33973103,0.076,-1.274,-9.785,-6.557,0.386,-5.407,186.101,-0.330,-0.130,0.008,-5.407,4.637890,-74.083597,2.51,0,0
3241,33983113,0.145,-1.214,-9.807,-8.358,0.477,-6.384,186.099,-0.376,-0.124,0.015,-6.384,4.637890,-74.083597,2.51,0,0
3242,33993103,0.197,-1.110,-9.845,-9.487,0.203,-7.299,186.039,-0.444,-0.113,0.020,-7.299,4.637890,-74.083597,2.51,0,0
3243,34003091,0.195,-1.004,-9.843,-9.853,-0.194,-8.123,185.933,-0.509,-0.102,0.020,-8.123,4.637890,-74.083597,2.51,0,0
3244,34013113,0.216,-0.869,-10.052,-9.212,-0.713,-8.642,185.774,-0.582,-0.089,0.022,-8.642,4.637890,-74.083597,2.51,0,0
3245,34023100,0.371,-0.459,-10.162,-1.888,-0.469,-8.154,185.514,-0.713,-0.047,0.038,-8.154,4.637890,-74.083597,2.51,0,0
3246,34033114,0.150,-0.445,-9.975,-1.613,-0.102,-4.461,185.274,-0.736,-0.045,0.015,-4.461,4.637890,-74.083597,2.51,0,0
3247,34043104,0.283,-0.510,-10.076,-3.689,0.538,-3.637,185.059,-0.809,-0.052,0.029,-3.637,4.637890,-74.083597,2.51,0,0
3248,34053097,0.266,-0.705,-9.843,-0.332,0.447,-1.684,184.984,-0.872,-0.072,0.027,-1.684,4.637890,-74.083597,2.51,0,0
3249,34063102,0.240,-0.956,-9.684,0.309,0.264,-0.341,185.038,-0.922,-0.097,0.024,-0.341,4.637890,-74.083597,2.51,0,0
3250,34073095,0.281,-1.313,-9.369,-1.583,-0.133,-0.128,185.250,-0.994,-0.134,0.029,-0.128,4.637890,-74.083597,2.51,0,0
3251,34083093,0.243,-1.522,-9.276,-4.391,-1.689,-1.135,185.522,-1.057,-0.155,0.025,-1.135,4.637890,-74.083597,2.51,0,0
3252,34093100,0.183,-1.411,-9.530,-6.405,-3.704,-3.668,185.686,-1.105,-0.144,0.019,-3.668,4.637890,-74.083597,2.51,0,0
3253,34103096,0.114,-1.093,-9.749,-7.747,-4.985,-5.926,185.670,-1.129,-0.111,0.012,-5.926,4.637890,-74.083597,2.51,0,0
3254,34113091,0.064,-0.794,-9.893,-8.724,-4.894,-6.780,185.509,-1.127,-0.081,0.007,-6.780,4.637890,-74.083597,2.51,0,0
3255,34123088,0.038,-0.613,-10.061,-8.846,-3.765,-6.780,185.275,-1.103,-0.063,0.004,-6.780,4.637890,-74.083597,2.51,0,0
3256,34133102,0.030,-0.592,-10.140,-8.510,-1.872,-6.018,185.050,-1.060,-0.060,0.003,-6.018,4.637890,-74.083597,2.51,0,0
3257,34143098,0.054,-0.654,-10.210,-8.266,0.386,-5.163,184.870,-1.010,-0.067,0.006,-5.163,4.637890,-74.083597,2.51,0,0
3258,34153104,0.104,-0.678,-10.316,-7.961,2.492,-5.041,184.713,-0.965,-0.069,0.011,-5.041,4.637890,-74.083597,2.51,0,0
3259,34163088,0.119,-0.558,-10.345,-7.595,4.597,-4.736,184.521,-0.910,-0.057,0.012,-4.736,4.637890,-74.083597,2.51,0,0
3260,34173097,0.166,-0.442,-10.417,-7.412,6.642,-4.064,184.294,-0.860,-0.045,0.017,-4.064,4.637890,-74.083597,2.51,0,0
3261,34183097,0.216,-0.187,-10.517,-6.252,8.381,-3.607,183.988,-0.817,-0.019,0.022,-3.607,4.637890,-74.083597,2.51,0,0
3262,34193091,0.255,0.105,-10.635,-3.292,9.968,-2.477,183.611,-0.779,0.011,0.026,-2.477,4.637890,-74.083597,2.51,0,0
3263,34203094,0.321,0.279,-10.796,0.736,11.433,-0.372,183.231,-0.755,0.028,0.033,-0.372,4.637890,-74.083597,2.51,0,0
3264,34213100,0.326,0.298,-10.818,5.924,13.112,1.795,182.920,-0.718,0.030,0.033,1.795,4.637890,-74.083597,2.51,0,0
3265,34223096,0.364,0.209,-10.654,11.295,15.004,4.572,182.718,-0.685,0.021,0.037,4.572,4.637890,-74.083597,2.51,0,0
3266,34233091,0.407,-0.189,-10.469,15.598,17.109,7.319,182.734,-0.656,-0.019,0.042,7.319,4.637890,-74.083597,2.51,0,0
3267,34243093,0.460,-0.654,-10.068,17.430,18.971,9.150,182.972,-0.641,-0.067,0.047,9.150,4.637890,-74.083597,2.51,0,0
3268,34256124,0.510,-1.505,-9.194,16.178,16.774,8.509,183.659,-0.648,-0.154,0.052,8.509,4.637890,-74.083597,2.51,0,0
3269,34263091,0.510,-1.505,-9.194,16.178,16.774,8.509,184.248,-0.697,-0.154,0.052,8.509,4.637890,-74.083597,2.51,0,0
3270,34273099,0.607,-1.527,-8.992,13.737,13.417,6.098,184.794,-0.826,-0.156,0.062,6.098,4.637890,-74.083597,2.51,0,0
3271,34283094,0.700,-1.440,-9.096,9.556,10.182,3.473,185.208,-1.015,-0.147,0.071,3.473,4.637890,-74.083597,2.51,0,0
3272,34293101,0.619,-1.363,-8.856,6.870,7.100,1.734,185.546,-1.188,-0.139,0.063,1.734,4.637890,-74.083597,2.51,0,0
3273,34303091,0.612,-1.337,-8.973,4.612,3.377,0.849,185.816,-1.374,-0.136,0.062,0.849,4.637890,-74.083597,2.51,0,0
3274,34313096,0.603,-1.178,-9.137,2.110,0.203,-0.768,185.954,-1.566,-0.120,0.061,-0.768,4.637890,-74.083597,2.51,0,0
3275,34323091,0.510,-1.067,-9.242,-0.118,-2.666,-1.989,186.003,-1.722,-0.109,0.052,-1.989,4.637890,-74.083597,2.51,0,0
3276,34333096,0.448,-0.973,-9.406,-1.400,-4.711,-2.935,185.984,-1.853,-0.099,0.046,-2.935,4.637890,-74.083597,2.51,0,0
3277,34343091,0.436,-0.828,-9.581,-2.743,-5.657,-3.362,185.881,-1.974,-0.084,0.044,-3.362,4.637890,-74.083597,2.51,0,0
3278,34353101,0.359,-0.712,-9.735,-3.719,-5.657,-2.966,185.718,-2.048,-0.073,0.037,-2.966,4.637890,-74.083597,2.51,0,0
3279,34363094,0.238,-0.715,-9.833,-4.085,-4.955,-2.050,185.562,-2.055,-0.073,0.024,-2.050,4.637890,-74.083597,2.51,0,0
3280,34373099,0.226,-0.729,-9.650,-3.139,-4.436,-1.654,185.440,-2.052,-0.074,0.023,-1.654,4.637890,-74.083597,2.51,0,0
3281,34383091,0.388,-0.674,-9.799,-4.787,-3.917,-1.196,185.282,-2.116,-0.069,0.040,-1.196,4.637890,-74.083597,2.51,0,0
3282,34393099,0.328,-0.645,-9.653,-5.215,-3.337,-1.257,185.124,-2.146,-0.066,0.033,-1.257,4.637890,-74.083597,2.51,0,0
3283,34403090,0.348,-0.630,-9.655,-4.482,-4.131,-0.799,184.977,-2.189,-0.064,0.035,-0.799,4.637890,-74.083597,2.51,0,0
3284,34413096,0.374,-0.630,-9.593,-3.017,-4.955,-0.921,184.858,-2.249,-0.064,0.038,-0.921,4.637890,-74.083597,2.51,0,0
3285,34423091,0.300,-0.785,-9.751,-2.315,-6.114,-1.318,184.818,-2.279,-0.080,0.031,-1.318,4.637890,-74.083597,2.51,0,0
3286,34433099,0.266,-0.753,-9.744,-2.224,-6.908,-2.294,184.769,-2.300,-0.077,0.027,-2.294,4.637890,-74.083597,2.51,0,0
3287,34443091,0.221,-0.773,-9.703,-2.041,-7.457,-2.752,184.735,-2.304,-0.079,0.023,-2.752,4.637890,-74.083597,2.51,0,0
3288,34453096,0.185,-0.867,-9.775,-2.193,-7.854,-3.088,184.741,-2.295,-0.088,0.019,-3.088,4.637890,-74.083597,2.51,0,0
3289,34463091,0.166,-0.842,-9.984,-3.811,-7.732,-3.576,184.714,-2.275,-0.086,0.017,-3.576,4.637890,-74.083597,2.51,0,0
3290,34473101,0.138,-0.674,-10.028,-5.123,-6.816,-3.637,184.601,-2.236,-0.069,0.014,-3.637,4.637890,-74.083597,2.51,0,0
3291,34483094,0.126,-0.587,-10.037,-5.154,-5.626,-3.210,184.459,-2.184,-0.060,0.013,-3.210,4.637890,-74.083597,2.51,0,0
3292,34493098,0.123,-0.551,-10.054,-4.635,-4.497,-2.691,184.317,-2.123,-0.056,0.013,-2.691,4.637890,-74.083597,2.51,0,0
3293,34503091,0.185,-0.582,-10.001,-3.963,-3.490,-2.264,184.206,-2.086,-0.059,0.019,-2.264,4.637890,-74.083597,2.51,0,0
3294,34513098,0.226,-0.683,-9.934,-3.445,-2.635,-1.959,184.155,-2.062,-0.070,0.023,-1.959,4.637890,-74.083597,2.51,0,0
3295,34523091,0.235,-0.722,-10.018,-3.353,-2.483,-2.050,184.123,-2.041,-0.074,0.024,-2.050,4.637890,-74.083597,2.51,0,0
3296,34533099,0.247,-0.582,-10.104,-3.078,-2.727,-2.539,184.033,-2.029,-0.059,0.025,-2.539,4.637890,-74.083597,2.51,0,0
3297,34543091,0.264,-0.363,-10.128,-2.102,-2.635,-2.172,183.863,-2.024,-0.037,0.027,-2.172,4.637890,-74.083597,2.51,0,0
3298,34553099,0.283,-0.281,-10.186,-0.179,-2.300,-1.013,183.689,-2.023,-0.029,0.029,-1.013,4.637890,-74.083597,2.51,0,0
3299,34579798,0.283,-0.821,-9.977,3.636,-0.225,2.772,183.867,-2.024,-0.084,0.029,2.772,4.637890,-74.083597,2.51,0,0
3300,34581114,0.283,-0.821,-9.977,3.636,-0.225,2.772,184.003,-2.012,-0.084,0.029,2.772,4.637890,-74.083597,2.51,0,0
3301,34583090,0.283,-0.821,-9.977,3.636,-0.225,2.772,184.097,-1.992,-0.084,0.029,2.772,4.637890,-74.083597,2.51,0,0
3302,34593094,0.288,-1.011,-9.814,3.086,-0.255,2.558,184.278,-1.978,-0.103,0.029,2.558,4.637890,-74.083597,2.51,0,0
3303,34603093,0.259,-1.067,-9.660,1.835,-0.560,1.642,184.465,-1.957,-0.109,0.026,1.642,4.637890,-74.083597,2.51,0,0
3304,34613099,0.255,-1.151,-9.535,0.553,-1.354,0.422,184.670,-1.944,-0.117,0.026,0.422,4.637890,-74.083597,2.51,0,0
3305,34623092,0.314,-1.178,-9.466,-1.095,-2.757,-1.135,184.859,-1.976,-0.120,0.032,-1.135,4.637890,-74.083597,2.51,0,0
3306,34633149,0.271,-1.074,-9.480,-3.109,-4.405,-2.600,184.961,-2.000,-0.110,0.028,-2.600,4.637890,-74.083597,2.51,0,0
3307,34643091,0.195,-0.895,-9.607,-4.391,-5.931,-3.820,184.951,-1.998,-0.091,0.020,-3.820,4.637890,-74.083597,2.51,0,0
3308,34653099,0.092,-0.705,-9.586,-4.787,-7.183,-4.644,184.850,-1.961,-0.072,0.009,-4.644,4.637890,-74.083597,2.51,0,0
3309,34663094,0.004,-0.722,-9.689,-4.391,-7.823,-5.285,184.764,-1.891,-0.074,0.000,-5.285,4.637890,-74.083597,2.51,0,0
3310,34673117,0.128,-0.910,-9.766,-3.383,-7.671,-6.018,184.778,-1.883,-0.093,0.013,-6.018,4.637890,-74.083597,2.51,0,0
3311,34683100,-0.022,-0.647,-9.850,-5.276,-6.359,-5.895,184.651,-1.796,-0.066,-0.002,-5.895,4.637890,-74.083597,2.51,0,0
3312,34693106,-0.043,-0.490,-10.061,-6.954,-4.558,-4.888,184.444,-1.690,-0.050,-0.004,-4.888,4.637890,-74.083597,2.51,0,0
3313,34703104,-0.051,-0.510,-10.064,-7.503,-2.269,-3.759,184.256,-1.568,-0.052,-0.005,-3.759,4.637890,-74.083597,2.51,0,0
3314,34713118,-0.063,-0.599,-10.080,-6.924,-0.377,-3.576,184.127,-1.433,-0.061,-0.006,-3.576,4.637890,-74.083597,2.51,0,0
3315,34723098,-0.029,-0.676,-10.128,-6.008,0.630,-4.156,184.049,-1.315,-0.069,-0.003,-4.156,4.637890,-74.083597,2.51,0,0
3316,34733107,0.050,-0.683,-10.152,-5.184,1.423,-4.980,183.987,-1.233,-0.070,0.005,-4.980,4.637890,-74.083597,2.51,0,0
3317,34743098,0.154,-0.618,-10.097,-4.391,1.851,-5.651,183.911,-1.199,-0.063,0.016,-5.651,4.637890,-74.083597,2.51,0,0
3318,34753107,0.252,-0.469,-10.018,-3.689,1.759,-5.590,183.784,-1.212,-0.048,0.026,-5.590,4.637890,-74.083597,2.51,0,0
3319,34763106,0.326,-0.411,-9.919,-2.498,1.362,-4.522,183.653,-1.262,-0.042,0.033,-4.522,4.637890,-74.083597,2.51,0,0
3320,34773107,0.381,-0.401,-9.828,-1.369,0.660,-3.332,183.541,-1.340,-0.041,0.039,-3.332,4.637890,-74.083597,2.51,0,0
3321,34783104,0.393,-0.447,-9.689,-0.210,-0.133,-2.142,183.472,-1.427,-0.046,0.040,-2.142,4.637890,-74.083597,2.51,0,0
3322,34793103,0.317,-0.548,-9.636,0.401,-1.110,-0.891,183.460,-1.483,-0.056,0.032,-0.891,4.637890,-74.083597,2.51,0,0
3323,34803108,0.338,-0.775,-9.641,0.523,-1.842,-0.250,183.553,-1.551,-0.079,0.034,-0.250,4.637890,-74.083597,2.51,0,0
3324,34813099,0.305,-0.869,-9.638,-0.789,-2.300,-0.097,183.670,-1.602,-0.089,0.031,-0.097,4.637890,-74.083597,2.51,0,0
3325,34823102,0.276,-0.867,-9.732,-4.024,-2.788,-0.524,183.742,-1.640,-0.088,0.028,-0.524,4.637890,-74.083597,2.51,0,0
3326,34833105,0.200,-0.763,-9.809,-4.360,-3.276,-1.226,183.757,-1.645,-0.078,0.020,-1.226,4.637890,-74.083597,2.51,0,0
3327,34843101,0.178,-0.587,-10.104,-4.604,-3.551,-1.745,183.683,-1.640,-0.060,0.018,-1.745,4.637890,-74.083597,2.51,0,0
3328,34853109,0.181,-0.237,-10.431,-3.261,-3.124,-1.806,183.472,-1.630,-0.024,0.018,-1.806,4.637890,-74.083597,2.51,0,0
3329,34863103,0.064,0.057,-10.546,-0.728,-1.415,-0.677,183.178,-1.556,0.006,0.007,-0.677,4.637890,-74.083597,2.51,0,0
3330,34873097,0.073,0.025,-10.489,2.445,1.301,1.093,182.949,-1.467,0.003,0.007,1.093,4.637890,-74.083597,2.51,0,0
3331,34883106,0.152,0.018,-10.510,6.016,3.651,3.077,182.773,-1.395,0.002,0.016,3.077,4.637890,-74.083597,2.51,0,0
3332,34893097,0.147,-0.114,-10.431,8.549,5.757,5.549,182.689,-1.308,-0.012,0.015,5.549,4.637890,-74.083597,2.51,0,0
3333,34903098,0.190,-0.254,-10.369,10.288,7.680,7.502,182.687,-1.228,-0.026,0.019,7.502,4.637890,-74.083597,2.51,0,0
3334,34919950,0.224,-0.510,-10.138,11.509,8.900,8.692,182.882,-1.112,-0.052,0.023,8.692,4.637890,-74.083597,2.51,0,0
3335,34923100,0.224,-0.900,-9.855,11.204,9.053,8.661,183.172,-1.053,-0.092,0.023,8.661,4.637890,-74.083597,2.51,0,0
3336,34933113,0.259,-1.358,-9.797,8.244,7.985,7.319,183.622,-1.026,-0.139,0.026,7.319,4.637890,-74.083597,2.51,0,0
3337,34943112,0.228,-1.416,-9.506,3.575,6.154,4.664,184.037,-1.006,-0.144,0.023,4.664,4.637890,-74.083597,2.51,0,0
3338,34953112,0.221,-1.240,-9.367,0.614,3.926,1.917,184.318,-1.007,-0.126,0.023,1.917,4.637890,-74.083597,2.51,0,0
3339,34963100,0.271,-0.924,-9.586,-1.095,2.583,0.055,184.402,-1.041,-0.094,0.028,0.055,4.637890,-74.083597,2.51,0,0
3340,34973095,0.197,-0.570,-9.761,-2.529,2.400,-0.006,184.298,-1.039,-0.058,0.020,-0.006,4.637890,-74.083597,2.51,0,0
3341,34983107,0.090,-0.399,-9.766,-2.224,2.858,0.940,184.127,-0.984,-0.041,0.009,0.940,4.637890,-74.083597,2.51,0,0
3342,34993099,0.071,-0.459,-9.739,-0.698,3.316,1.490,184.012,-0.920,-0.047,0.007,1.490,4.637890,-74.083597,2.51,0,0
3343,35003105,0.064,-0.650,-9.759,1.042,3.621,1.520,184.007,-0.856,-0.066,0.007,1.520,4.637890,-74.083597,2.51,0,0
3344,35013107,0.109,-0.857,-9.739,1.774,3.621,0.849,184.103,-0.816,-0.087,0.011,0.849,4.637890,-74.083597,2.51,0,0
3345,35023100,0.116,-0.994,-9.660,1.164,3.499,-0.311,184.252,-0.785,-0.101,0.012,-0.311,4.637890,-74.083597,2.51,0,0
3346,35033110,0.076,-1.156,-9.744,-1.186,3.224,-1.562,184.435,-0.740,-0.118,0.008,-1.562,4.637890,-74.083597,2.51,0,0
3347,35043105,0.069,-1.108,-9.797,-3.994,3.163,-3.179,184.554,-0.695,-0.113,0.007,-3.179,4.637890,-74.083597,2.51,0,0
3348,35053107,0.109,-0.867,-9.763,-5.245,3.193,-4.858,184.547,-0.672,-0.088,0.011,-4.858,4.637890,-74.083597,2.51,0,0
3349,35063102,0.100,-0.785,-9.795,-5.123,2.980,-5.987,184.504,-0.648,-0.080,0.010,-5.987,4.637890,-74.083597,2.51,0,0
3350,35073097,0.138,-0.828,-9.802,-5.520,2.858,-6.658,184.479,-0.645,-0.084,0.014,-6.658,4.637890,-74.083597,2.51,0,0
3351,35083093,0.219,-0.763,-9.713,-5.825,2.492,-7.543,184.428,-0.681,-0.078,0.022,-7.543,4.637890,-74.083597,2.51,0,0
3352,35093102,0.286,-0.700,-9.783,-5.459,1.668,-8.093,184.353,-0.752,-0.071,0.029,-8.093,4.637890,-74.083597,2.51,0,0
3353,35103096,0.376,-0.664,-9.886,-4.909,1.057,-8.398,184.270,-0.862,-0.068,0.038,-8.398,4.637890,-74.083597,2.51,0,0
3354,35113100,0.345,-0.613,-9.689,-4.146,0.416,-8.703,184.184,-0.959,-0.063,0.035,-8.703,4.637890,-74.083597,2.51,0,0
3355,35123096,0.326,-0.782,-9.694,-2.498,-1.232,-8.978,184.195,-1.055,-0.080,0.033,-8.978,4.637890,-74.083597,2.51,0,0
3356,35133096,0.264,-1.168,-9.768,-2.712,-2.757,-9.405,184.372,-1.128,-0.119,0.027,-9.405,4.637890,-74.083597,2.51,0,0
3357,35143094,0.269,-1.115,-9.737,-4.116,-4.070,-10.931,184.500,-1.211,-0.114,0.027,-10.931,4.637890,-74.083597,2.51,0,0
3358,35153091,0.221,-0.864,-9.847,-4.330,-5.504,-14.257,184.501,-1.278,-0.088,0.023,-14.257,4.637890,-74.083597,2.51,0,0
3359,35163093,0.140,-0.618,-9.953,-3.200,-6.542,-15.783,184.401,-1.313,-0.063,0.014,-15.783,4.637890,-74.083597,2.51,0,0
3360,35173091,0.142,-0.517,-10.047,-1.034,-7.152,-15.966,184.282,-1.352,-0.053,0.015,-15.966,4.637890,-74.083597,2.51,0,0
3361,35183094,0.128,-0.474,-10.145,0.767,-6.938,-15.722,184.167,-1.379,-0.048,0.013,-15.722,4.637890,-74.083597,2.51,0,0
3362,35193104,0.133,-0.401,-10.239,0.919,-5.840,-14.501,184.031,-1.395,-0.041,0.014,-14.501,4.637890,-74.083597,2.51,0,0
3363,35203087,0.173,-0.351,-10.421,0.614,-3.948,-12.823,183.877,-1.409,-0.036,0.018,-12.823,4.637890,-74.083597,2.51,0,0
3364,35213100,0.102,-0.187,-10.671,0.736,-0.682,-10.931,183.666,-1.360,-0.019,0.010,-10.931,4.637890,-74.083597,2.51,0,0
3365,35223096,0.076,0.001,-10.801,1.133,3.743,-8.093,183.398,-1.264,0.000,0.008,-8.093,4.637890,-74.083597,2.51,0,0
3366,35233100,0.111,0.079,-10.710,3.178,8.381,-5.071,183.137,-1.146,0.008,0.011,-5.071,4.637890,-74.083597,2.51,0,0
3367,35243093,0.135,-0.216,-10.333,7.389,11.372,-3.027,183.058,-1.022,-0.022,0.014,-3.027,4.637890,-74.083597,2.51,0,0
3368,35256219,0.407,-0.534,-10.028,12.150,11.128,-3.515,183.206,-1.003,-0.054,0.042,-3.515,4.637890,-74.083597,2.51,0,0
3369,35263090,1.006,1.192,-11.404,15.110,11.006,-4.370,182.633,-1.224,0.122,0.103,-4.370,4.637890,-74.083597,2.51,0,0
3370,35273101,0.596,2.219,-11.015,26.219,17.598,3.901,181.790,-1.212,0.226,0.061,3.901,4.637890,-74.083597,2.51,0,0
3371,35283094,0.328,-0.011,-8.623,47.123,15.980,11.744,182.093,-1.151,-0.001,0.033,11.744,4.637890,-74.083597,2.51,0,0
3372,35293095,0.622,-1.587,-9.338,50.480,5.726,9.882,183.142,-1.310,-0.162,0.063,9.882,4.637890,-74.083597,2.51,0,0
3373,35303091,0.829,-1.619,-9.891,46.299,0.233,3.138,184.045,-1.582,-0.165,0.085,3.138,4.637890,-74.083597,2.51,0,0
3374,35313099,0.739,-1.252,-9.617,42.088,-2.269,1.520,184.694,-1.828,-0.128,0.075,1.520,4.637890,-74.083597,2.51,0,0
3375,35323091,-0.001,-0.069,-8.757,39.677,-3.734,5.671,184.735,-1.733,-0.007,-0.000,5.671,4.637890,-74.083597,2.51,0,0
3376,35333099,0.460,-1.272,-9.528,49.351,-7.610,12.842,185.412,-1.891,-0.130,0.047,12.842,4.637890,-74.083597,2.51,0,0
3377,35343096,1.139,-2.489,-10.474,43.766,-4.314,10.309,186.428,-2.260,-0.254,0.116,10.309,4.637890,-74.083597,2.51,0,0
3378,35353095,0.882,-1.819,-9.759,28.202,1.271,6.159,187.006,-2.476,-0.185,0.090,6.159,4.637890,-74.083597,2.51,0,0
3379,35363091,0.648,-1.575,-8.774,21.305,1.240,8.600,187.447,-2.604,-0.161,0.066,8.600,4.637890,-74.083597,2.51,0,0
3380,35373096,0.610,-1.768,-8.524,20.390,-3.185,9.669,187.963,-2.752,-0.180,0.062,9.669,4.637890,-74.083597,2.51,0,0
3381,35383091,0.677,-1.821,-8.687,19.962,-8.037,7.990,188.445,-2.961,-0.186,0.069,7.990,4.637890,-74.083597,2.51,0,0
3382,35393099,0.805,-2.026,-8.889,17.735,-11.547,6.952,188.947,-3.239,-0.207,0.082,6.952,4.637890,-74.083597,2.51,0,0
3383,35403096,0.715,-2.072,-8.875,13.065,-13.957,6.678,189.390,-3.474,-0.211,0.073,6.678,4.637890,-74.083597,2.51,0,0
3384,35413090,0.696,-2.045,-8.892,8.213,-15.880,7.441,189.739,-3.700,-0.209,0.071,7.441,4.637890,-74.083597,2.51,0,0
3385,35423085,0.617,-2.137,-9.069,4.032,-17.375,7.166,190.047,-3.879,-0.218,0.063,7.166,4.637890,-74.083597,2.51,0,0
3386,35433096,0.417,-1.925,-9.137,0.858,-19.481,5.549,190.198,-3.969,-0.196,0.042,5.549,4.637890,-74.083597,2.51,0,0
3387,35443091,0.264,-1.746,-9.468,-0.728,-21.770,4.145,190.212,-3.999,-0.178,0.027,4.145,4.637890,-74.083597,2.51,0,0
3388,35453101,0.104,-1.554,-9.787,-1.247,-22.319,3.290,190.111,-3.957,-0.158,0.011,3.290,4.637890,-74.083597,2.51,0,0
3389,35463094,-0.036,-1.257,-10.080,-1.736,-20.976,3.504,189.868,-3.845,-0.128,-0.004,3.504,4.637890,-74.083597,2.51,0,0
3390,35473099,-0.194,-1.071,-10.381,-1.919,-17.314,5.243,189.548,-3.642,-0.109,-0.020,5.243,4.637890,-74.083597,2.51,0,0
3391,35483094,-0.265,-1.168,-10.503,-1.339,-12.157,7.471,189.293,-3.377,-0.119,-0.027,7.471,4.637890,-74.083597,2.51,0,0
3392,35493089,-0.308,-1.419,-10.633,-0.027,-7.152,8.112,189.165,-3.071,-0.145,-0.031,8.112,4.637890,-74.083597,2.51,0,0
3393,35503085,-0.346,-1.286,-10.638,1.103,-2.605,7.593,189.003,-2.731,-0.131,-0.035,7.593,4.637890,-74.083597,2.51,0,0
3394,35513096,-0.015,-1.361,-11.680,3.636,2.675,7.441,188.858,-2.503,-0.139,-0.002,7.441,4.637890,-74.083597,2.51,0,0
3395,35523091,-0.012,-0.973,-10.405,11.967,11.586,5.640,188.702,-2.210,-0.099,-0.001,5.640,4.637890,-74.083597,2.51,0,0
3396,35533099,0.014,0.018,-9.127,5.863,13.386,10.859,188.085,-1.935,0.002,0.001,10.859,4.637890,-74.083597,2.51,0,0
3397,35543094,0.231,-1.392,-9.490,7.969,10.701,15.436,188.179,-1.805,-0.142,0.024,15.436,4.637890,-74.083597,2.51,0,0
3398,35553103,0.472,-2.258,-9.211,10.990,7.893,15.162,188.709,-1.822,-0.230,0.048,15.162,4.637890,-74.083597,2.51,0,0
3399,35591551,0.138,-1.795,-9.458,3.391,-4.741,9.485,189.018,-1.936,-0.183,0.014,9.485,4.637890,-74.083597,2.51,0,0
3400,35592873,-0.020,-1.655,-9.903,2.354,-5.168,9.455,189.131,-1.903,-0.169,-0.002,9.455,4.637890,-74.083597,2.51,0,0
3401,35594183,-0.020,-1.655,-9.903,2.354,-5.168,9.455,189.214,-1.819,-0.169,-0.002,9.455,4.637890,-74.083597,2.51,0,0
3402,35595492,-0.020,-1.655,-9.903,2.354,-5.168,9.455,189.269,-1.700,-0.169,-0.002,9.455,4.637890,-74.083597,2.51,0,0
3403,35603086,-0.139,-1.696,-10.181,1.652,-3.429,10.615,189.303,-1.507,-0.173,-0.014,10.615,4.637890,-74.083597,2.51,0,0
3404,35613099,-0.234,-1.850,-10.119,1.072,-1.018,10.645,189.411,-1.269,-0.189,-0.024,10.645,4.637890,-74.083597,2.51,0,0
3405,35623095,-0.284,-1.889,-9.912,0.981,0.538,8.875,189.544,-1.017,-0.193,-0.029,8.875,4.637890,-74.083597,2.51,0,0
3406,35633156,-0.396,-1.759,-9.406,1.347,1.423,7.471,189.649,-0.719,-0.179,-0.040,7.471,4.637890,-74.083597,2.51,0,0
3407,35643096,-0.342,-1.918,-9.115,1.286,0.966,6.800,189.853,-0.479,-0.196,-0.035,6.800,4.637890,-74.083597,2.51,0,0
3408,35653099,-0.105,-2.301,-9.398,0.828,0.996,4.877,190.190,-0.387,-0.235,-0.011,4.877,4.637890,-74.083597,2.51,0,0
3409,35663091,-0.129,-2.383,-9.463,-3.383,1.546,2.833,190.488,-0.288,-0.243,-0.013,2.833,4.637890,-74.083597,2.51,0,0
3410,35673096,-0.082,-2.113,-9.271,-7.931,0.783,0.757,190.609,-0.227,-0.215,-0.008,0.757,4.637890,-74.083597,2.51,0,0
3411,35683109,-0.034,-1.710,-9.403,-9.640,-1.903,-1.226,190.498,-0.220,-0.174,-0.003,-1.226,4.637890,-74.083597,2.51,0,0
3412,35693108,-0.008,-1.308,-9.715,-9.365,-3.490,-2.172,190.186,-0.240,-0.133,-0.001,-2.172,4.637890,-74.083597,2.51,0,0
3413,35703105,-0.015,-1.028,-9.888,-8.449,-3.551,-1.196,189.770,-0.257,-0.105,-0.002,-1.196,4.637890,-74.083597,2.51,0,0
3414,35713104,-0.065,-1.045,-10.004,-6.496,-3.002,0.544,189.410,-0.245,-0.107,-0.007,0.544,4.637890,-74.083597,2.51,0,0
3415,35723100,-0.020,-1.144,-9.965,-4.696,-1.842,2.161,189.143,-0.244,-0.117,-0.002,2.161,4.637890,-74.083597,2.51,0,0
3416,35733104,0.004,-1.197,-9.713,-3.261,-1.415,3.229,188.948,-0.250,-0.122,0.000,3.229,4.637890,-74.083597,2.51,0,0
3417,35743113,0.009,-1.288,-9.413,-1.797,-2.239,3.809,188.843,-0.266,-0.131,0.001,3.809,4.637890,-74.083597,2.51,0,0
3418,35753097,-0.001,-1.554,-9.237,-1.339,-3.673,4.145,188.887,-0.289,-0.158,-0.000,4.145,4.637890,-74.083597,2.51,0,0
3419,35763102,-0.113,-1.857,-9.161,-2.376,-5.382,3.687,189.066,-0.272,-0.189,-0.011,3.687,4.637870,-74.083588,0.13,0,1
3420,35773113,-0.206,-2.012,-9.043,-4.452,-7.366,2.100,189.295,-0.231,-0.205,-0.021,2.100,4.637870,-74.083588,0.13,0,1
3421,35783119,-0.287,-2.045,-9.194,-7.351,-9.166,-0.280,189.479,-0.173,-0.209,-0.029,-0.280,4.637870,-74.083588,0.13,0,1
3422,35793097,-0.420,-2.021,-9.389,-10.555,-9.563,-2.813,189.589,-0.065,-0.206,-0.043,-2.813,4.637870,-74.083588,0.13,0,1
3423,35803098,-0.504,-1.831,-9.528,-14.187,-8.586,-4.797,189.559,0.080,-0.187,-0.051,-4.797,4.637870,-74.083588,0.13,0,1
3424,35813114,-0.523,-1.643,-9.648,-16.964,-6.664,-5.987,189.412,0.237,-0.168,-0.053,-5.987,4.637870,-74.083588,0.13,0,1
3425,35823095,-0.547,-1.558,-9.809,-18.856,-4.589,-7.269,189.210,0.409,-0.159,-0.056,-7.269,4.637870,-74.083588,0.13,0,1
3426,35833121,-0.532,-1.435,-10.076,-19.741,-2.727,-8.917,188.944,0.572,-0.146,-0.054,-8.917,4.637870,-74.083588,0.13,0,1
3427,35843109,-0.468,-1.064,-10.438,-19.649,-0.865,-10.320,188.524,0.706,-0.109,-0.048,-10.320,4.637870,-74.083588,0.13,0,1
3428,35853118,-0.370,-0.637,-10.522,-17.940,1.668,-10.168,187.972,0.812,-0.065,-0.038,-10.168,4.637870,-74.083588,0.13,0,1
3429,35863120,-0.215,-0.517,-10.349,-14.187,4.109,-8.489,187.451,0.869,-0.053,-0.022,-8.489,4.637870,-74.083588,0.13,0,1
3430,35873117,-0.082,-0.710,-10.080,-9.823,5.482,-6.628,187.100,0.879,-0.072,-0.008,-6.628,4.637870,-74.083588,0.13,3,1
3431,35883098,-0.020,-1.050,-9.855,-6.740,5.543,-5.224,186.961,0.862,-0.107,-0.002,-5.224,4.637870,-74.083588,0.13,3,1
3432,35893095,-0.005,-1.397,-9.727,-5.794,4.750,-4.949,187.001,0.833,-0.142,-0.001,-4.949,4.637870,-74.083588,0.13,3,1
3433,35908866,0.021,-1.515,-9.607,-6.466,3.590,-5.621,187.065,0.794,-0.154,0.002,-5.621,4.637870,-74.083588,0.13,3,1
3434,35913101,-0.020,-1.460,-9.545,-7.931,2.064,-6.597,187.122,0.750,-0.149,-0.002,-6.597,4.637870,-74.083588,0.13,3,1
3435,35923102,-0.053,-1.414,-9.598,-9.334,0.508,-7.726,187.136,0.710,-0.144,-0.005,-7.726,4.637870,-74.083588,0.13,3,1
3436,35933113,-0.003,-1.308,-9.783,-10.372,-0.530,-8.795,187.079,0.641,-0.133,-0.000,-8.795,4.637870,-74.083588,0.13,3,1
3437,35943099,0.040,-1.014,-9.867,-10.708,-1.567,-9.283,186.887,0.549,-0.103,0.004,-9.283,4.637870,-74.083588,0.13,3,1
3438,35953099,0.026,-0.705,-9.980,-9.792,-2.574,-9.252,186.577,0.462,-0.072,0.003,-9.252,4.637870,-74.083588,0.13,3,1
3439,35963113,-0.027,-0.686,-10.136,-7.351,-3.124,-8.489,186.301,0.399,-0.070,-0.003,-8.489,4.637870,-74.083588,0.13,3,1
3440,35973098,-0.113,-0.693,-10.244,-4.726,-3.246,-7.940,186.070,0.377,-0.071,-0.011,-7.940,4.637870,-74.083588,0.13,3,1
3441,35983101,-0.210,-0.746,-10.210,-2.682,-2.452,-7.360,185.901,0.406,-0.076,-0.021,-7.360,4.637870,-74.083588,0.13,3,1
3442,35993093,-0.218,-0.982,-10.016,-1.125,-1.415,-6.994,185.868,0.448,-0.100,-0.022,-6.994,4.637870,-74.083588,0.13,3,1
3443,36003093,-0.148,-1.132,-9.783,-0.881,-0.896,-7.086,185.918,0.462,-0.115,-0.015,-7.086,4.637870,-74.083588,0.13,3,1
3444,36013121,-0.177,-1.093,-9.689,-1.797,-0.926,-7.757,185.942,0.488,-0.111,-0.018,-7.757,4.637870,-74.083588,0.13,3,1
3445,36023094,-0.187,-0.888,-9.823,-2.773,-1.048,-8.032,185.858,0.514,-0.091,-0.019,-8.032,4.637870,-74.083588,0.13,3,1
3446,36033097,-0.194,-0.678,-10.071,-2.804,-0.316,-7.543,185.680,0.546,-0.069,-0.020,-7.543,4.637870,-74.083588,0.13,3,1
3447,36043118,-0.234,-0.589,-10.136,-1.858,1.301,-6.414,185.483,0.608,-0.060,-0.024,-6.414,4.637870,-74.083588,0.13,3,1
3448,36053117,-0.213,-0.669,-9.965,-0.057,2.919,-5.407,185.358,0.672,-0.068,-0.022,-5.407,4.637870,-74.083588,0.13,3,1
3449,36063112,-0.163,-0.859,-9.811,1.988,3.895,-5.071,185.351,0.720,-0.088,-0.017,-5.071,4.637870,-74.083588,0.13,3,1
3450,36073093,-0.134,-1.137,-9.807,2.628,4.506,-5.224,185.472,0.756,-0.116,-0.014,-5.224,4.637870,-74.083588,0.13,3,1
3451,36083096,-0.082,-1.202,-9.730,1.774,5.025,-5.560,185.610,0.772,-0.123,-0.008,-5.560,4.637870,-74.083588,0.13,3,1
3452,36093107,-0.005,-1.214,-9.936,0.706,5.635,-5.865,185.721,0.757,-0.124,-0.001,-5.865,4.637870,-74.083588,0.13,3,1
3453,36103109,-0.074,-1.047,-9.838,0.462,6.032,-5.651,185.753,0.779,-0.107,-0.008,-5.651,4.637870,-74.083588,0.13,3,1
3454,36113093,0.016,-1.079,-9.883,0.370,6.184,-5.163,185.794,0.760,-0.110,0.002,-5.163,4.637870,-74.083588,0.13,3,1
3455,36123097,0.095,-1.083,-9.797,0.706,6.306,-4.919,185.841,0.708,-0.110,0.010,-4.919,4.637870,-74.083588,0.13,3,1
3456,36133155,0.131,-1.096,-9.715,0.828,5.910,-4.400,185.895,0.640,-0.112,0.013,-4.400,4.637870,-74.083588,0.13,3,1
3457,36143110,0.095,-1.083,-9.602,0.797,5.360,-3.485,185.945,0.588,-0.110,0.010,-3.485,4.637870,-74.083588,0.13,3,1
3458,36153101,0.059,-1.206,-9.614,1.164,5.116,-2.569,186.049,0.554,-0.123,0.006,-2.569,4.637870,-74.083588,0.13,3,1
3459,36163092,0.033,-1.493,-9.826,0.981,5.086,-2.874,186.257,0.535,-0.152,0.003,-2.874,4.637870,-74.083588,0.13,3,1
3460,36173099,-0.053,-1.525,-9.965,-0.332,5.696,-4.034,186.442,0.560,-0.155,-0.005,-4.034,4.637870,-74.083588,0.13,3,1
3461,36183093,-0.072,-1.414,-10.037,-1.430,6.398,-4.919,186.550,0.598,-0.144,-0.007,-4.919,4.637870,-74.083588,0.13,3,1
3462,36193118,-0.043,-1.300,-10.030,-2.163,7.405,-5.407,186.595,0.629,-0.133,-0.004,-5.407,4.637870,-74.083588,0.13,3,1
3463,36203103,-0.041,-1.223,-9.903,-1.766,8.107,-5.621,186.614,0.665,-0.125,-0.004,-5.621,4.637870,-74.083588,0.13,3,1
3464,36213089,0.023,-1.332,-9.881,-0.667,8.259,-6.018,186.691,0.670,-0.136,0.002,-6.018,4.637870,-74.083588,0.13,3,1
3465,36223095,0.126,-1.457,-9.799,-0.118,8.229,-6.994,186.826,0.630,-0.149,0.013,-6.994,4.637870,-74.083588,0.13,3,1
3466,36233099,0.255,-1.448,-9.653,-0.728,7.832,-7.971,186.950,0.530,-0.148,0.026,-7.971,4.637870,-74.083588,0.13,3,1
3467,36243104,0.319,-1.397,-9.607,-1.644,6.825,-8.795,187.037,0.400,-0.142,0.033,-8.795,4.637870,-74.083588,0.13,3,1
3468,36256093,0.331,-1.286,-9.684,-2.498,5.848,-9.435,187.050,0.274,-0.131,0.034,-9.435,4.637870,-74.083588,0.13,3,1
3469,36263095,0.314,-1.156,-9.859,-3.017,5.391,-9.466,186.996,0.152,-0.118,0.032,-9.466,4.637870,-74.083588,0.13,3,1
3470,36273098,0.321,-0.956,-9.917,-3.567,5.513,-8.581,186.849,0.038,-0.097,0.033,-8.581,4.637870,-74.083588,0.13,3,1
3471,36283087,0.398,-0.944,-9.785,-3.292,5.818,-7.238,186.716,-0.100,-0.096,0.041,-7.238,4.637870,-74.083588,0.13,3,1
3472,36293090,0.474,-0.987,-9.530,-2.834,5.177,-6.201,186.630,-0.273,-0.101,0.048,-6.201,4.637870,-74.083588,0.13,3,1
3473,36303097,0.524,-1.108,-9.317,-2.560,3.529,-5.804,186.619,-0.476,-0.113,0.053,-5.804,4.637870,-74.083588,0.13,3,1
3474,36313101,0.510,-1.226,-9.319,-2.773,1.179,-6.018,186.662,-0.677,-0.125,0.052,-6.018,4.637870,-74.083588,0.13,3,1
3475,36323089,0.460,-1.329,-9.485,-3.536,-0.743,-6.536,186.732,-0.853,-0.136,0.047,-6.536,4.637870,-74.083588,0.13,3,1
3476,36333098,0.367,-1.392,-9.619,-5.184,-1.445,-6.719,186.801,-0.977,-0.142,0.037,-6.719,4.637870,-74.083588,0.13,3,1
3477,36343087,0.350,-1.351,-9.624,-7.412,-1.293,-6.536,186.825,-1.083,-0.138,0.036,-6.536,4.637870,-74.083588,0.13,3,1
3478,36353110,0.350,-1.428,-9.617,-9.182,-1.048,-6.231,186.866,-1.178,-0.146,0.036,-6.231,4.637870,-74.083588,0.13,3,1
3479,36363098,0.362,-1.522,-9.711,-10.769,-1.232,-6.750,186.924,-1.271,-0.155,0.037,-6.750,4.637870,-74.083588,0.13,3,1
3480,36373102,0.369,-1.303,-9.727,-12.234,-1.750,-7.513,186.867,-1.365,-0.133,0.038,-7.513,4.637870,-74.083588,0.13,3,1
3481,36383095,0.343,-1.074,-9.807,-12.722,-2.330,-7.604,186.703,-1.445,-0.110,0.035,-7.604,4.637870,-74.083588,0.13,3,1
3482,36393101,0.293,-0.963,-10.085,-11.959,-2.208,-7.299,186.499,-1.492,-0.098,0.030,-7.299,4.637870,-74.083588,0.13,3,1
3483,36403089,0.202,-0.879,-10.373,-10.616,-1.384,-6.750,186.276,-1.486,-0.090,0.021,-6.750,4.637870,-74.083588,0.13,3,1
3484,36413098,0.128,-0.744,-10.553,-8.633,0.294,-5.987,186.026,-1.433,-0.076,0.013,-5.987,4.637870,-74.083588,0.13,3,1
3485,36423090,0.128,-0.678,-10.556,-5.977,2.797,-5.071,185.793,-1.361,-0.069,0.013,-5.071,4.637870,-74.083588,0.13,3,1
3486,36433098,0.178,-0.777,-10.525,-3.445,5.818,-3.515,185.643,-1.288,-0.079,0.018,-3.515,4.637870,-74.083588,0.13,3,1
3487,36443090,0.243,-1.047,-10.510,-2.071,9.175,-1.776,185.628,-1.216,-0.107,0.025,-1.776,4.637870,-74.083588,0.13,3,1
3488,36453098,0.269,-1.313,-10.316,-2.285,12.074,-0.585,185.733,-1.135,-0.134,0.027,-0.585,4.637870,-74.083588,0.13,3,1
3489,36463089,0.410,-1.402,-9.955,-3.139,12.990,-0.463,185.879,-1.116,-0.143,0.042,-0.463,4.637870,-74.083588,0.13,3,1
3490,36473098,0.557,-1.407,-9.674,-3.780,11.921,-1.104,186.028,-1.181,-0.143,0.057,-1.104,4.637870,-74.083588,0.13,3,1
3491,36483089,0.679,-1.392,-9.492,-4.726,9.205,-1.715,186.163,-1.325,-0.142,0.069,-1.715,4.637870,-74.083588,0.13,3,1
3492,36493099,0.770,-1.366,-9.516,-5.672,5.421,-2.447,186.265,-1.533,-0.139,0.078,-2.447,4.637870,-74.083588,0.13,3,1
3493,36503087,0.712,-1.156,-9.718,-6.100,1.515,-3.393,186.250,-1.731,-0.118,0.073,-3.393,4.637870,-74.083588,0.13,3,1
3494,36513090,0.581,-0.862,-10.037,-5.520,-1.506,-3.668,186.098,-1.875,-0.088,0.059,-3.668,4.637870,-74.083588,0.13,3,1
3495,36523098,0.510,-0.657,-10.273,-3.689,-2.574,-2.905,185.879,-1.983,-0.067,0.052,-2.905,4.637870,-74.083588,0.13,3,1
3496,36533102,0.402,-0.662,-10.429,-1.644,-1.842,-1.318,185.694,-2.027,-0.067,0.041,-1.318,4.637870,-74.083588,0.13,3,1
3497,36543089,0.307,-0.787,-10.515,-0.118,-0.438,0.330,185.587,-2.015,-0.080,0.031,0.330,4.637870,-74.083588,0.13,3,1
3498,36553098,0.274,-0.854,-10.544,0.858,0.905,1.093,185.523,-1.976,-0.087,0.028,1.093,4.637870,-74.083588,0.13,3,1
3499,36581406,0.410,-0.823,-10.179,3.056,2.644,2.131,185.529,-1.965,-0.084,0.042,2.131,4.637870,-74.083588,0.13,3,1
3500,36582739,0.410,-0.823,-10.179,3.056,2.644,2.131,185.505,-1.969,-0.084,0.042,2.131,4.637870,-74.083588,0.13,3,1
3501,36584063,0.410,-0.823,-10.179,3.056,2.644,2.131,185.460,-1.982,-0.084,0.042,2.131,4.637870,-74.083588,0.13,3,1
3502,36593098,0.457,-0.850,-10.044,3.422,2.095,2.741,185.439,-2.027,-0.087,0.047,2.741,4.637870,-74.083588,0.13,3,1
3503,36603086,0.460,-1.004,-9.992,3.361,0.874,3.107,185.496,-2.080,-0.102,0.047,3.107,4.637870,-74.083588,0.13,3,1
3504,36613088,0.438,-1.045,-10.028,3.300,-0.926,2.497,185.565,-2.133,-0.107,0.045,2.497,4.637870,-74.083588,0.13,3,1
3505,36623096,0.362,-0.908,-10.102,3.056,-2.574,1.795,185.559,-2.160,-0.093,0.037,1.795,4.637870,-74.083588,0.13,3,1
3506,36633149,0.300,-0.703,-10.162,2.995,-3.337,1.856,185.458,-2.163,-0.072,0.031,1.856,4.637870,-74.083588,0.13,3,1
3507,36643104,0.173,-0.587,-10.265,3.544,-3.459,2.894,185.316,-2.109,-0.060,0.018,2.894,4.637870,-74.083588,0.13,3,1
3508,36653089,0.021,-0.693,-10.369,4.765,-3.368,3.748,185.241,-1.991,-0.071,0.002,3.748,4.637870,-74.083588,0.13,3,1
3509,36663092,-0.105,-0.833,-10.496,6.291,-3.124,3.412,185.245,-1.827,-0.085,-0.011,3.412,4.637870,-74.083588,0.13,3,1
3510,36673099,-0.184,-0.854,-10.645,7.908,-2.239,2.222,185.267,-1.636,-0.087,-0.019,2.222,4.637870,-74.083588,0.13,3,1
3511,36683111,-0.208,-0.799,-10.700,9.434,-0.347,1.368,185.277,-1.434,-0.081,-0.021,1.368,4.637870,-74.083588,0.13,3,1
3512,36693107,-0.160,-0.780,-10.630,10.685,2.217,1.124,185.292,-1.244,-0.080,-0.016,1.124,4.637870,-74.083588,0.13,3,1
3513,36703110,-0.113,-0.811,-10.525,11.601,4.689,1.154,185.332,-1.067,-0.083,-0.011,1.154,4.637870,-74.083588,0.13,3,1
3514,36713097,0.021,-0.794,-10.373,12.577,6.764,1.185,185.375,-0.941,-0.081,0.002,1.185,4.637870,-74.083588,0.13,3,1
3515,36723094,0.202,-0.722,-10.164,13.798,7.741,1.368,185.402,-0.895,-0.074,0.021,1.368,4.637870,-74.083588,0.13,3,1
3516,36733114,0.364,-0.698,-9.989,15.110,7.557,1.795,185.434,-0.927,-0.071,0.037,1.795,4.637870,-74.083588,0.13,3,1
3517,36743098,0.414,-0.818,-9.831,16.697,6.123,2.527,185.537,-0.995,-0.083,0.042,2.527,4.637870,-74.083588,0.13,3,1
3518,36753097,0.424,-1.004,-9.660,17.582,3.224,3.046,185.731,-1.092,-0.102,0.043,3.046,4.637870,-74.083588,0.13,3,1
3519,36763104,0.288,-1.202,-9.658,18.009,-0.713,2.558,186.003,-1.155,-0.123,0.029,2.558,4.637867,-74.083593,0.14,3,1
3520,36773109,0.059,-1.303,-9.807,18.650,-4.772,0.635,186.297,-1.147,-0.133,0.006,0.635,4.637867,-74.083593,0.14,3,1
3521,36783107,-0.144,-1.245,-10.040,19.749,-7.030,-1.898,186.540,-1.072,-0.127,-0.015,-1.898,4.637867,-74.083593,0.14,3,1
3522,36793094,-0.241,-1.083,-10.160,20.451,-6.816,-3.729,186.695,-0.960,-0.110,-0.025,-3.729,4.637867,-74.083593,0.14,3,1
3523,36803109,-0.251,-1.100,-10.145,21.183,-4.375,-4.553,186.854,-0.829,-0.112,-0.026,-4.553,4.637867,-74.083593,0.14,3,1
3524,36813114,-0.139,-1.259,-9.898,21.641,-1.048,-5.041,187.085,-0.725,-0.128,-0.014,-5.041,4.637867,-74.083593,0.14,3,1
3525,36823124,0.023,-1.385,-9.530,20.695,1.546,-5.651,187.368,-0.676,-0.141,0.002,-5.651,4.637867,-74.083593,0.14,3,1
3526,36833114,0.226,-1.435,-9.105,18.894,2.797,-6.536,187.666,-0.716,-0.146,0.023,-6.536,4.637867,-74.083593,0.14,3,1
3527,36843109,0.495,-1.722,-9.300,16.636,2.827,-7.604,188.037,-0.875,-0.176,0.051,-7.604,4.637867,-74.083593,0.14,3,1
3528,36853103,0.445,-1.611,-9.069,14.286,2.492,-8.978,188.326,-1.007,-0.164,0.045,-8.978,4.637867,-74.083593,0.14,3,1
3529,36863112,0.534,-1.530,-8.759,11.051,0.233,-7.757,188.550,-1.200,-0.156,0.054,-7.757,4.637867,-74.083593,0.14,3,1
3530,36873117,0.743,-1.660,-8.942,8.183,-1.781,-7.116,188.777,-1.493,-0.169,0.076,-7.116,4.637867,-74.083593,0.14,3,1
3531,36883106,0.483,-1.665,-8.959,5.314,-4.497,-7.025,188.961,-1.663,-0.170,0.049,-7.025,4.637867,-74.083593,0.14,3,1
3532,36893097,0.300,-1.734,-9.175,4.032,-8.495,-8.032,189.133,-1.765,-0.177,0.031,-8.032,4.637867,-74.083593,0.14,3,1
3533,36903089,0.147,-1.681,-9.598,3.819,-11.974,-10.382,189.231,-1.818,-0.171,0.015,-10.382,4.637867,-74.083593,0.14,3,1
3534,36916583,0.011,-1.489,-9.946,4.337,-13.530,-12.762,189.230,-1.862,-0.152,0.001,-12.762,4.637867,-74.083593,0.14,3,1
3535,36923103,0.009,-1.464,-10.222,5.497,-12.920,-14.166,189.199,-1.851,-0.149,0.001,-14.166,4.637867,-74.083593,0.14,3,1
3536,36933114,0.071,-1.387,-10.357,5.589,-10.295,-14.623,189.130,-1.843,-0.141,0.007,-14.623,4.637867,-74.083593,0.14,3,1
3537,36943115,0.219,-1.149,-10.275,5.314,-6.236,-14.257,188.967,-1.862,-0.117,0.022,-14.257,4.637867,-74.083593,0.14,3,1
3538,36953115,0.450,-0.905,-9.992,5.863,-2.727,-12.853,188.730,-1.952,-0.092,0.046,-12.853,4.637867,-74.083593,0.14,3,1
3539,36963101,0.650,-0.835,-9.684,7.237,-0.621,-10.931,188.505,-2.113,-0.085,0.066,-10.931,4.637867,-74.083593,0.14,3,1
3540,36973095,0.743,-0.883,-9.446,8.427,-0.011,-8.825,188.340,-2.306,-0.090,0.076,-8.825,4.637867,-74.083593,0.14,3,1
3541,36983099,0.832,-0.910,-9.245,9.709,-0.804,-7.025,188.222,-2.540,-0.093,0.085,-7.025,4.637867,-74.083593,0.14,3,1
3542,36993114,0.937,-0.920,-9.060,10.899,-2.300,-5.102,188.137,-2.828,-0.094,0.095,-5.102,4.637867,-74.083593,0.14,3,1
3543,37003120,1.015,-1.018,-8.834,11.784,-3.978,-2.661,188.127,-3.158,-0.104,0.104,-2.661,4.637867,-74.083593,0.14,3,1
3544,37013118,1.030,-1.267,-8.685,11.784,-5.748,-0.036,188.250,-3.493,-0.129,0.105,-0.036,4.637867,-74.083593,0.14,3,1
3545,37023111,1.056,-1.609,-8.702,10.777,-7.213,2.222,188.522,-3.824,-0.164,0.108,2.222,4.637867,-74.083593,0.14,3,1
3546,37033099,1.003,-1.877,-8.735,8.457,-8.312,3.657,188.877,-4.109,-0.191,0.102,3.657,4.637867,-74.083593,0.14,3,1
3547,37043109,0.987,-1.915,-8.788,5.375,-9.166,4.145,189.189,-4.369,-0.195,0.101,4.145,4.637867,-74.083593,0.14,3,1
3548,37053109,0.944,-1.730,-8.928,2.751,-9.380,4.908,189.351,-4.586,-0.176,0.096,4.908,4.637867,-74.083593,0.14,3,1
3549,37063097,0.968,-1.554,-9.062,0.889,-8.220,6.769,189.389,-4.781,-0.158,0.099,6.769,4.637867,-74.083593,0.14,3,1
3550,37073114,1.053,-1.498,-9.062,-0.851,-6.420,9.577,189.383,-4.986,-0.153,0.107,9.577,4.637867,-74.083593,0.14,3,1
3551,37083092,1.170,-1.440,-8.966,-2.651,-5.443,12.690,189.340,-5.227,-0.147,0.119,12.690,4.637867,-74.083593,0.14,3,1
3552,37093116,1.223,-1.370,-8.815,-4.238,-6.175,15.772,189.263,-5.492,-0.140,0.125,15.772,4.637867,-74.083593,0.14,3,1
3553,37103102,1.246,-1.344,-8.824,-5.245,-8.373,18.610,189.170,-5.768,-0.137,0.127,18.610,4.637867,-74.083593,0.14,3,1
3554,37113110,1.165,-1.233,-8.913,-5.825,-11.424,21.082,189.018,-6.008,-0.126,0.119,21.082,4.637867,-74.083593,0.14,3,1
3555,37123115,1.032,-1.173,-8.992,-5.764,-14.354,23.554,188.845,-6.189,-0.120,0.105,23.554,4.637867,-74.083593,0.14,3,1
3556,37133155,0.848,-1.259,-9.144,-5.306,-17.162,25.568,188.720,-6.287,-0.128,0.087,25.568,4.637867,-74.083593,0.14,3,1
3557,37143106,0.641,-1.390,-9.271,-4.665,-19.603,26.301,188.663,-6.298,-0.142,0.065,26.301,4.637867,-74.083593,0.14,3,1
3558,37153095,0.457,-1.385,-9.331,-4.726,-21.404,26.423,188.604,-6.238,-0.141,0.047,26.423,4.637867,-74.083593,0.14,3,1
3559,37163095,0.293,-1.501,-9.535,-5.337,-22.624,25.934,188.581,-6.115,-0.153,0.030,25.934,4.637867,-74.083593,0.14,3,1
3560,37173102,0.131,-1.549,-9.802,-6.405,-23.265,24.805,188.554,-5.932,-0.158,0.013,24.805,4.637867,-74.083593,0.14,3,1
3561,37183118,-0.010,-1.407,-10.116,-7.656,-22.960,23.188,188.435,-5.698,-0.143,-0.001,23.188,4.637867,-74.083593,0.14,3,1
3562,37193115,-0.132,-0.936,-10.328,-7.717,-21.617,21.631,188.117,-5.419,-0.095,-0.013,21.631,4.637867,-74.083593,0.14,3,1
3563,37203102,-0.344,-0.464,-10.371,-6.100,-19.573,21.540,187.637,-5.052,-0.047,-0.035,21.540,4.637867,-74.083593,0.14,3,1
3564,37213101,-0.451,-0.411,-10.212,-3.200,-17.375,22.455,187.202,-4.645,-0.042,-0.046,22.455,4.637867,-74.083593,0.14,3,1
3565,37223098,-0.444,-0.695,-10.116,0.065,-16.002,22.638,186.954,-4.257,-0.071,-0.045,22.638,4.637867,-74.083593,0.14,3,1
3566,37233097,-0.573,-0.934,-10.085,2.903,-15.026,20.624,186.854,-3.835,-0.095,-0.058,20.624,4.637867,-74.083593,0.14,3,1
3567,37243096,-0.752,-1.083,-10.073,4.856,-13.439,17.664,186.846,-3.353,-0.110,-0.077,17.664,4.637867,-74.083593,0.14,3,1
3568,37256270,-0.845,-1.163,-10.097,6.199,-10.112,15.375,186.900,-2.856,-0.119,-0.086,15.375,4.637867,-74.083593,0.14,3,1
3569,37263101,-0.814,-1.308,-9.967,6.504,-4.558,14.521,187.005,-2.327,-0.133,-0.083,14.521,4.637867,-74.083593,0.14,3,1
3570,37273095,-0.783,-1.566,-9.679,5.039,1.576,14.521,187.222,-1.788,-0.160,-0.080,14.521,4.637867,-74.083593,0.14,3,1
3571,37283090,-0.742,-1.980,-9.550,2.476,6.672,13.880,187.593,-1.261,-0.202,-0.076,13.880,4.637867,-74.083593,0.14,3,1
3572,37293106,-0.642,-2.224,-9.341,-1.980,9.419,11.866,188.023,-0.791,-0.227,-0.065,11.866,4.637867,-74.083593,0.14,3,1
3573,37303101,-0.506,-2.101,-9.228,-7.076,9.114,8.631,188.328,-0.419,-0.214,-0.052,8.631,4.637867,-74.083593,0.14,3,1
3574,37313109,-0.432,-1.732,-9.249,-10.830,6.672,5.030,188.404,-0.132,-0.177,-0.044,5.030,4.637867,-74.083593,0.14,3,1
3575,37323101,-0.477,-1.129,-9.413,-12.905,2.797,2.405,188.166,0.117,-0.115,-0.049,2.405,4.637867,-74.083593,0.14,3,1
3576,37333098,-0.575,-0.688,-9.840,-11.867,-0.896,1.185,187.738,0.346,-0.070,-0.059,1.185,4.637867,-74.083593,0.14,3,1
3577,37343093,-0.740,-0.435,-10.229,-8.999,-2.849,1.154,187.249,0.601,-0.044,-0.075,1.154,4.637867,-74.083593,0.14,3,1
3578,37353106,-0.859,-0.408,-10.623,-4.726,-2.727,1.764,186.819,0.875,-0.042,-0.088,1.764,4.637867,-74.083593,0.14,3,1
3579,37363095,-0.990,-0.493,-10.803,-0.637,-0.347,2.680,186.492,1.197,-0.050,-0.101,2.680,4.637867,-74.083593,0.14,3,1
3580,37373100,-1.054,-0.642,-10.731,3.361,3.743,3.809,186.289,1.560,-0.065,-0.108,3.809,4.637867,-74.083593,0.14,3,1
3581,37383095,-1.057,-1.011,-10.491,6.687,8.595,4.969,186.292,1.949,-0.103,-0.108,4.969,4.637867,-74.083593,0.14,3,1
3582,37393106,-1.007,-1.467,-10.071,8.000,12.868,5.518,186.519,2.343,-0.150,-0.103,5.518,4.637867,-74.083593,0.14,3,1
3583,37403101,-0.847,-1.862,-9.660,7.847,15.523,4.999,186.928,2.675,-0.190,-0.086,4.999,4.637867,-74.083593,0.14,3,1
3584,37413095,-0.697,-2.031,-9.185,5.985,16.621,3.779,187.407,2.939,-0.207,-0.071,3.779,4.637867,-74.083593,0.14,3,1
3585,37423090,-0.566,-2.238,-8.868,2.903,15.584,2.344,187.951,3.121,-0.228,-0.058,2.344,4.637867,-74.083593,0.14,3,1
3586,37433106,-0.511,-2.438,-8.832,-0.545,13.081,0.300,188.519,3.239,-0.249,-0.052,0.300,4.637867,-74.083593,0.14,3,1
3587,37443095,-0.482,-2.511,-8.940,-4.848,10.304,-2.050,189.022,3.305,-0.256,-0.049,-2.050,4.637867,-74.083593,0.14,3,1
3588,37453106,-0.475,-2.366,-9.050,-9.151,7.954,-4.339,189.369,3.340,-0.241,-0.048,-4.339,4.637867,-74.083593,0.14,3,1
3589,37463095,-0.415,-2.219,-9.201,-12.783,6.062,-6.109,189.572,3.324,-0.226,-0.042,-6.109,4.637867,-74.083593,0.14,3,1
3590,37473101,-0.437,-2.106,-9.430,-15.529,4.811,-7.726,189.660,3.304,-0.215,-0.045,-7.726,4.637867,-74.083593,0.14,3,1
3591,37483093,-0.415,-2.007,-9.665,-17.361,4.139,-9.069,189.659,3.266,-0.205,-0.042,-9.069,4.637867,-74.083593,0.14,3,1
3592,37493106,-0.327,-1.877,-9.819,-18.062,3.804,-10.229,189.582,3.186,-0.191,-0.033,-10.229,4.637867,-74.083593,0.14,3,1
3593,37503104,-0.249,-1.746,-9.977,-18.429,3.926,-11.083,189.439,3.078,-0.178,-0.025,-11.083,4.637867,-74.083593,0.14,3,1
3594,37513100,-0.218,-1.638,-10.145,-18.734,4.628,-11.236,189.247,2.970,-0.167,-0.022,-11.236,4.637867,-74.083593,0.14,3,1
3595,37523101,-0.191,-1.563,-10.268,-18.581,5.269,-11.267,189.032,2.864,-0.159,-0.020,-11.267,4.637867,-74.083593,0.14,3,1
3596,37533100,-0.120,-1.479,-10.297,-17.788,4.963,-11.511,188.803,2.733,-0.151,-0.012,-11.511,4.637867,-74.083593,0.14,3,1
3597,37543095,0.035,-1.291,-10.236,-16.140,4.170,-11.694,188.532,2.539,-0.132,0.004,-11.694,4.637867,-74.083593,0.14,3,1
3598,37553091,0.221,-1.127,-10.104,-14.278,3.010,-10.992,188.237,2.270,-0.115,0.023,-10.992,4.637867,-74.083593,0.14,3,1
3599,37594603,0.202,-0.818,-10.412,-8.205,-1.750,-3.973,187.586,1.854,-0.083,0.021,-3.973,4.637867,-74.083593,0.14,3,1
3600,37595942,0.202,-0.818,-10.412,-8.205,-1.750,-3.973,187.033,1.472,-0.083,0.021,-3.973,4.637867,-74.083593,0.14,3,1
3601,37597265,0.202,-0.818,-10.412,-8.205,-1.750,-3.973,186.592,1.142,-0.083,0.021,-3.973,4.637867,-74.083593,0.14,3,1
3602,37598587,0.202,-0.818,-10.412,-8.205,-1.750,-3.973,186.264,0.873,-0.083,0.021,-3.973,4.637867,-74.083593,0.14,3,1
3603,37603094,0.131,-0.818,-10.371,-5.642,-2.086,-1.776,186.042,0.688,-0.083,0.013,-1.776,4.637867,-74.083593,0.14,3,1
3604,37613105,0.030,-0.920,-10.345,-2.895,-2.239,0.055,185.926,0.578,-0.094,0.003,0.055,4.637867,-74.083593,0.14,3,1
3605,37623096,0.019,-0.999,-10.349,-1.003,-2.086,1.246,185.880,0.488,-0.102,0.002,1.246,4.637867,-74.083593,0.14,3,1
3606,37633100,-0.012,-0.999,-10.285,-0.027,-1.537,2.131,185.851,0.427,-0.102,-0.001,2.131,4.637867,-74.083593,0.14,3,1
3607,37643093,-0.043,-1.050,-10.179,0.797,-0.621,3.168,185.863,0.396,-0.107,-0.004,3.168,4.637867,-74.083593,0.14,3,1
3608,37653106,-0.065,-1.149,-10.066,1.438,-0.011,3.687,185.933,0.385,-0.117,-0.007,3.687,4.637867,-74.083593,0.14,3,1
3609,37663095,-0.065,-1.298,-9.963,1.957,0.416,3.321,186.077,0.378,-0.132,-0.007,3.321,4.637867,-74.083593,0.14,3,1
3610,37673101,-0.022,-1.308,-9.749,2.232,0.355,2.680,186.228,0.352,-0.133,-0.002,2.680,4.637867,-74.083593,0.14,3,1
3611,37683109,0.030,-1.392,-9.622,1.347,-0.133,2.131,186.406,0.298,-0.142,0.003,2.131,4.637867,-74.083593,0.14,3,1
3612,37693115,0.042,-1.382,-9.646,-0.728,-0.560,1.795,186.543,0.239,-0.141,0.004,1.795,4.637867,-74.083593,0.14,3,1
3613,37703099,-0.020,-1.325,-9.754,-3.078,-0.560,1.429,186.611,0.215,-0.135,-0.002,1.429,4.637867,-74.083593,0.14,3,1
3614,37713111,0.004,-1.091,-9.840,-4.848,-0.713,0.788,186.545,0.180,-0.111,0.000,0.788,4.637867,-74.083593,0.14,3,1
3615,37723108,-0.029,-0.782,-9.917,-5.245,-0.743,0.483,186.337,0.163,-0.080,-0.003,0.483,4.637867,-74.083593,0.14,3,1
3616,37733143,-0.041,-0.662,-10.073,-4.085,0.020,0.879,186.097,0.160,-0.067,-0.004,0.879,4.637867,-74.083593,0.14,3,1
3617,37743095,-0.034,-0.553,-10.169,-2.498,1.668,1.734,185.841,0.168,-0.056,-0.003,1.734,4.637867,-74.083593,0.14,3,1
3618,37753097,0.021,-0.442,-10.078,-1.095,3.895,3.138,185.572,0.173,-0.045,0.002,3.138,4.637867,-74.083593,0.14,3,1
3619,37763105,0.076,-0.464,-9.850,0.279,5.543,5.366,185.352,0.167,-0.047,0.008,5.366,4.637857,-74.083600,0.14,3,1
3620,37773110,0.038,-0.719,-9.708,1.713,5.848,7.105,185.282,0.182,-0.073,0.004,7.105,4.637857,-74.083600,0.14,3,1
3621,37783107,-0.001,-0.977,-9.643,2.567,5.269,7.258,185.346,0.207,-0.100,-0.000,7.258,4.637857,-74.083600,0.14,3,1
3622,37793094,-0.027,-1.086,-9.530,2.476,4.445,6.403,185.459,0.235,-0.111,-0.003,6.403,4.637857,-74.083600,0.14,3,1
3623,37803109,-0.024,-1.035,-9.530,1.927,3.651,5.732,185.535,0.253,-0.106,-0.002,5.732,4.637857,-74.083600,0.14,3,1
3624,37813107,-0.048,-1.076,-9.602,0.950,3.773,5.549,185.611,0.281,-0.110,-0.005,5.549,4.637857,-74.083600,0.14,3,1
3625,37823118,-0.041,-1.091,-9.590,-0.271,4.567,5.549,185.677,0.311,-0.111,-0.004,5.549,4.637857,-74.083600,0.14,3,1
3626,37833112,0.011,-0.975,-9.444,-1.308,5.025,5.854,185.683,0.319,-0.099,0.001,5.854,4.637857,-74.083600,0.14,3,1
3627,37843102,0.011,-1.081,-9.425,-1.766,4.780,6.037,185.734,0.325,-0.110,0.001,6.037,4.637857,-74.083600,0.14,3,1
3628,37853111,-0.041,-1.185,-9.518,-2.468,4.292,5.671,185.816,0.349,-0.121,-0.004,5.671,4.637857,-74.083600,0.14,3,1
3629,37863112,-0.043,-1.100,-9.583,-3.506,4.231,5.396,185.841,0.372,-0.112,-0.004,5.396,4.637857,-74.083600,0.14,3,1
3630,37873111,-0.020,-0.999,-9.545,-4.421,4.506,5.640,185.812,0.385,-0.102,-0.002,5.640,4.637857,-74.083600,0.14,3,1
3631,37883094,0.004,-0.997,-9.494,-5.154,4.628,6.525,185.779,0.387,-0.102,0.000,6.525,4.637857,-74.083600,0.14,3,1
3632,37893100,-0.051,-1.120,-9.586,-6.008,4.231,6.830,185.793,0.410,-0.114,-0.005,6.830,4.637857,-74.083600,0.14,3,1
3633,37903107,-0.120,-1.146,-9.691,-6.588,3.773,6.556,185.806,0.458,-0.117,-0.012,6.556,4.637857,-74.083600,0.14,3,1
3634,37916619,-0.129,-1.062,-9.662,-6.862,3.529,6.220,185.758,0.513,-0.108,-0.013,6.220,4.637857,-74.083600,0.14,3,1
3635,37923108,-0.096,-1.091,-9.641,-6.924,3.499,6.098,185.750,0.541,-0.111,-0.010,6.098,4.637857,-74.083600,0.14,3,1
3636,37933112,-0.053,-1.226,-9.771,-7.717,3.346,5.701,185.789,0.544,-0.125,-0.005,5.701,4.637857,-74.083600,0.14,3,1
3637,37943113,-0.048,-1.173,-9.895,-8.999,3.316,5.152,185.782,0.545,-0.120,-0.005,5.152,4.637857,-74.083600,0.14,3,1
3638,37953120,-0.079,-0.886,-10.047,-10.036,3.163,4.877,185.633,0.558,-0.090,-0.008,4.877,4.637857,-74.083600,0.14,3,1
3639,37963108,-0.010,-0.628,-10.248,-9.456,3.377,5.243,185.383,0.541,-0.064,-0.001,5.243,4.637857,-74.083600,0.14,3,1
3640,37973113,0.016,-0.365,-10.481,-6.985,3.926,6.159,185.058,0.519,-0.037,0.002,6.159,4.637857,-74.083600,0.14,3,1
3641,37983092,0.011,-0.141,-10.640,-3.536,5.177,7.380,184.696,0.513,-0.014,0.001,7.380,4.637857,-74.083600,0.14,3,1
3642,37993108,0.126,0.011,-10.503,1.164,7.039,9.424,184.343,0.477,0.001,0.013,9.424,4.637857,-74.083600,0.14,3,1
3643,38003120,0.162,0.013,-10.167,5.894,8.504,12.201,184.059,0.440,0.001,0.016,12.201,4.637857,-74.083600,0.14,3,1
3644,38013113,0.147,-0.466,-9.900,9.770,8.504,15.223,184.046,0.410,-0.048,0.015,15.223,4.637857,-74.083600,0.14,3,1
3645,38023106,0.197,-1.064,-9.706,10.777,7.588,17.573,184.316,0.351,-0.109,0.020,17.573,4.637857,-74.083600,0.14,3,1
3646,38033113,0.240,-1.445,-9.451,8.274,5.635,18.274,184.728,0.256,-0.147,0.024,18.274,4.637857,-74.083600,0.14,3,1
3647,38043110,0.247,-1.691,-9.264,3.819,1.820,18.030,185.195,0.129,-0.172,0.025,18.030,4.637857,-74.083600,0.14,3,1
3648,38053115,0.154,-1.732,-9.360,-1.308,-3.032,17.176,185.588,0.010,-0.177,0.016,17.176,4.637857,-74.083600,0.14,3,1
3649,38063103,0.021,-1.421,-9.674,-5.459,-8.006,15.528,185.751,-0.083,-0.145,0.002,15.528,4.637857,-74.083600,0.14,3,1
3650,38073104,-0.222,-0.893,-10.102,-6.985,-11.455,14.277,185.634,-0.096,-0.091,-0.023,14.277,4.637857,-74.083600,0.14,3,1
3651,38083108,-0.513,-0.435,-10.561,-5.733,-12.157,14.338,185.332,0.002,-0.044,-0.052,14.338,4.637857,-74.083600,0.14,3,1
3652,38093133,-0.644,-0.310,-10.825,-2.651,-10.173,15.650,185.026,0.158,-0.032,-0.066,15.650,4.637857,-74.083600,0.14,3,1
3653,38103114,-0.747,-0.447,-10.856,1.225,-6.725,17.084,184.835,0.375,-0.046,-0.076,17.084,4.637857,-74.083600,0.14,3,1
3654,38113115,-0.797,-0.678,-10.698,4.734,-3.398,17.817,184.788,0.630,-0.069,-0.081,17.817,4.637857,-74.083600,0.14,3,1
3655,38123103,-0.854,-0.922,-10.606,7.023,-0.469,17.542,184.867,0.919,-0.094,-0.087,17.542,4.637857,-74.083600,0.14,3,1
3656,38133175,-0.835,-1.052,-10.541,8.030,2.217,16.443,185.006,1.204,-0.107,-0.085,16.443,4.637857,-74.083600,0.14,3,1
3657,38143097,-0.828,-1.083,-10.614,8.854,4.872,14.887,185.152,1.487,-0.110,-0.084,14.887,4.637857,-74.083600,0.14,3,1
3658,38153112,-0.830,-0.975,-10.782,10.136,8.015,12.873,185.248,1.773,-0.099,-0.085,12.873,4.637857,-74.083600,0.14,3,1
3659,38163111,-0.716,-0.736,-10.753,12.242,11.830,11.316,185.261,2.029,-0.075,-0.073,11.316,4.637857,-74.083600,0.14,3,1
3660,38173110,-0.568,-0.664,-10.541,14.988,15.614,10.981,185.274,2.244,-0.068,-0.058,10.981,4.637857,-74.083600,0.14,3,1
3661,38183116,-0.396,-0.816,-10.335,17.704,18.757,11.255,185.381,2.405,-0.083,-0.040,11.255,4.637857,-74.083600,0.14,3,1
3662,38193113,-0.146,-0.961,-9.917,19.383,20.985,11.378,185.573,2.470,-0.098,-0.015,11.378,4.637857,-74.083600,0.14,3,1
3663,38203101,0.119,-1.122,-9.329,20.359,21.321,11.408,185.860,2.415,-0.114,0.012,11.408,4.637857,-74.083600,0.14,3,1
3664,38213104,0.362,-1.404,-8.791,20.512,19.185,11.225,186.296,2.222,-0.143,0.037,11.225,4.637857,-74.083600,0.14,3,1
3665,38223092,0.548,-1.730,-8.409,19.383,14.760,9.852,186.883,1.901,-0.176,0.056,9.852,4.637857,-74.083600,0.14,3,1
3666,38233106,0.715,-2.238,-8.452,15.415,8.656,7.380,187.633,1.470,-0.228,0.073,7.380,4.637857,-74.083600,0.14,3,1
3667,38243104,0.731,-2.250,-8.536,12.272,1.912,2.375,188.292,1.005,-0.229,0.075,2.375,4.637857,-74.083600,0.14,3,1
3668,38253104,0.491,-2.031,-8.639,8.671,-4.955,-0.921,188.751,0.632,-0.207,0.050,-0.921,4.637857,-74.083600,0.14,3,1
3669,38266337,0.534,-1.778,-8.980,3.239,-8.312,-2.905,188.983,0.209,-0.181,0.054,-2.905,4.637857,-74.083600,0.14,3,1
3670,38273105,0.491,-1.445,-9.278,-1.278,-10.021,-3.301,188.963,-0.142,-0.147,0.050,-3.301,4.637857,-74.083600,0.14,3,1
3671,38283103,0.281,-1.149,-9.571,-3.780,-10.204,-2.966,188.765,-0.364,-0.117,0.029,-2.966,4.637857,-74.083600,0.14,3,1
3672,38293095,0.164,-0.929,-9.723,-5.123,-8.922,-2.203,188.463,-0.503,-0.095,0.017,-2.203,4.637857,-74.083600,0.14,3,1
3673,38303093,0.140,-0.773,-9.694,-5.001,-7.335,-0.982,188.117,-0.605,-0.079,0.014,-0.982,4.637857,-74.083600,0.14,3,1
3674,38313105,0.138,-0.828,-9.699,-3.994,-6.206,0.330,187.832,-0.688,-0.084,0.014,0.330,4.637857,-74.083600,0.14,3,1
3675,38323103,0.216,-0.975,-9.679,-3.231,-4.589,1.429,187.644,-0.785,-0.099,0.022,1.429,4.637857,-74.083600,0.14,3,1
3676,38333095,0.255,-1.137,-9.499,-3.567,-3.307,2.558,187.549,-0.882,-0.116,0.026,2.558,4.637857,-74.083600,0.14,3,1
3677,38343093,0.255,-1.185,-9.228,-5.031,-3.490,3.260,187.486,-0.977,-0.121,0.026,3.260,4.637857,-74.083600,0.14,3,1
3678,38353105,0.262,-1.279,-9.336,-7.320,-5.535,3.992,187.443,-1.085,-0.130,0.027,3.992,4.637857,-74.083600,0.14,3,1
3679,38363102,0.247,-1.313,-9.703,-10.280,-6.786,3.992,187.370,-1.185,-0.134,0.025,3.992,4.637857,-74.083600,0.14,3,1
3680,38373096,0.235,-1.055,-9.658,-12.447,-6.908,4.084,187.169,-1.274,-0.108,0.024,4.084,4.637857,-74.083600,0.14,3,1
3681,38383093,0.188,-0.932,-9.509,-12.417,-7.457,5.213,186.935,-1.341,-0.095,0.019,5.213,4.637857,-74.083600,0.14,3,1
3682,38393105,0.154,-0.970,-9.434,-11.532,-8.434,6.342,186.748,-1.398,-0.099,0.016,6.342,4.637857,-74.083600,0.14,3,1
3683,38403102,0.054,-1.035,-9.420,-11.440,-9.410,6.983,186.607,-1.413,-0.106,0.006,6.983,4.637857,-74.083600,0.14,3,1
3684,38413095,-0.010,-1.149,-9.499,-11.684,-10.051,7.502,186.522,-1.403,-0.117,-0.001,7.502,4.637857,-74.083600,0.14,3,1
3685,38423092,-0.079,-1.327,-9.547,-12.752,-10.173,7.563,186.512,-1.363,-0.135,-0.008,7.563,4.637857,-74.083600,0.14,3,1
3686,38433105,-0.134,-1.397,-9.545,-14.858,-10.326,7.013,186.514,-1.303,-0.142,-0.014,7.013,4.637857,-74.083600,0.14,3,1
3687,38443102,-0.141,-1.361,-9.574,-16.811,-10.509,6.312,186.480,-1.247,-0.139,-0.014,6.312,4.637857,-74.083600,0.14,3,1
3688,38453101,-0.213,-1.286,-9.595,-18.764,-11.241,5.488,186.396,-1.169,-0.131,-0.022,5.488,4.637857,-74.083600,0.14,3,1
3689,38463103,-0.330,-1.231,-9.804,-19.863,-12.218,4.450,186.272,-1.056,-0.125,-0.034,4.450,4.637857,-74.083600,0.14,3,1
3690,38473102,-0.392,-1.057,-10.071,-20.229,-12.432,3.382,186.065,-0.931,-0.108,-0.040,3.382,4.637857,-74.083600,0.14,3,1
3691,38483102,-0.413,-0.869,-10.385,-19.924,-11.699,2.833,185.784,-0.804,-0.089,-0.042,2.833,4.637857,-74.083600,0.14,3,1
3692,38493101,-0.592,-0.194,-11.473,-16.506,-9.410,2.619,185.265,-0.614,-0.020,-0.060,2.619,4.637857,-74.083600,0.14,3,1
3693,38503102,-0.566,-0.100,-11.224,-9.060,-4.833,3.412,184.819,-0.401,-0.010,-0.058,3.412,4.637857,-74.083600,0.14,3,1
3694,38513095,-0.482,-0.597,-10.369,-6.161,-0.804,5.305,184.647,-0.184,-0.061,-0.049,5.305,4.637857,-74.083600,0.14,3,1
3695,38523093,-0.468,-0.601,-10.364,-3.780,2.125,5.823,184.512,0.037,-0.061,-0.048,5.823,4.637857,-74.083600,0.14,3,1
3696,38533104,-0.361,-0.541,-10.587,-1.339,5.086,6.647,184.380,0.221,-0.055,-0.037,6.647,4.637857,-74.083600,0.14,3,1
3697,38543102,-0.327,-0.611,-10.438,0.340,8.168,7.990,184.306,0.408,-0.062,-0.033,7.990,4.637857,-74.083600,0.14,3,1
3698,38553095,-0.258,-0.765,-9.881,2.812,9.724,8.509,184.342,0.571,-0.078,-0.026,8.509,4.637857,-74.083600,0.14,3,1
3699,38584904,0.061,-1.141,-9.617,3.300,6.550,8.570,184.654,0.651,-0.116,0.006,8.570,4.637857,-74.083600,0.14,3,1
3700,38586231,0.061,-1.141,-9.617,3.300,6.550,8.570,184.922,0.673,-0.116,0.006,8.570,4.637857,-74.083600,0.14,3,1
3701,38587552,0.061,-1.141,-9.617,3.300,6.550,8.570,185.138,0.651,-0.116,0.006,8.570,4.637857,-74.083600,0.14,3,1
3702,38593098,0.092,-1.204,-9.641,1.805,5.360,8.539,185.334,0.583,-0.123,0.009,8.539,4.637857,-74.083600,0.14,3,1
3703,38603094,0.123,-1.134,-9.725,-0.454,4.811,8.875,185.447,0.503,-0.116,0.013,8.875,4.637857,-74.083600,0.14,3,1
3704,38613106,0.154,-1.086,-9.749,-2.987,4.536,9.760,185.499,0.415,-0.111,0.016,9.760,4.637857,-74.083600,0.14,3,1
3705,38623104,0.138,-0.973,-9.751,-4.452,4.231,10.340,185.476,0.341,-0.099,0.014,10.340,4.637857,-74.083600,0.14,3,1
3706,38633112,0.109,-0.833,-9.706,-5.154,3.895,11.011,185.382,0.286,-0.085,0.011,11.011,4.637857,-74.083600,0.14,3,1
3707,38643094,0.057,-0.794,-9.679,-5.276,3.102,11.439,185.278,0.255,-0.081,0.006,11.439,4.637857,-74.083600,0.14,3,1
3708,38653095,-0.005,-0.751,-9.735,-4.635,1.851,11.500,185.166,0.244,-0.077,-0.001,11.500,4.637857,-74.083600,0.14,3,1
3709,38663094,-0.034,-0.789,-9.807,-3.597,0.599,11.530,185.089,0.237,-0.080,-0.003,11.530,4.637857,-74.083600,0.14,3,1
3710,38673107,-0.117,-0.864,-9.898,-3.170,-0.225,11.469,185.053,0.261,-0.088,-0.012,11.469,4.637857,-74.083600,0.14,3,1
3711,38683111,-0.148,-0.898,-10.073,-3.109,-0.286,11.164,185.029,0.295,-0.092,-0.015,11.164,4.637857,-74.083600,0.14,3,1
3712,38693114,-0.184,-0.777,-10.162,-3.383,0.660,11.072,184.947,0.350,-0.079,-0.019,11.072,4.637857,-74.083600,0.14,3,1
3713,38703111,-0.191,-0.732,-10.080,-3.445,2.156,11.835,184.854,0.419,-0.075,-0.020,11.835,4.637857,-74.083600,0.14,3,1
3714,38713113,-0.177,-0.746,-9.963,-3.109,3.254,12.690,184.782,0.486,-0.076,-0.018,12.690,4.637857,-74.083600,0.14,3,1
3715,38723105,-0.160,-0.859,-9.855,-2.498,3.529,13.025,184.776,0.544,-0.088,-0.016,13.025,4.637857,-74.083600,0.14,3,1
3716,38733116,-0.110,-1.002,-9.754,-2.224,2.797,12.446,184.841,0.569,-0.102,-0.011,12.446,4.637857,-74.083600,0.14,3,1
3717,38743112,-0.151,-1.011,-9.720,-2.315,1.759,11.316,184.906,0.600,-0.103,-0.015,11.316,4.637857,-74.083600,0.14,3,1
3718,38753113,-0.175,-0.963,-9.735,-2.956,0.783,10.431,184.937,0.631,-0.098,-0.018,10.431,4.637857,-74.083600,0.14,3,1
3719,38763100,-0.208,-1.018,-9.773,-3.414,0.020,9.821,184.985,0.667,-0.104,-0.021,9.821,4.637852,-74.083608,0.16,3,1
3720,38773107,-0.260,-1.047,-9.857,-3.841,-0.316,8.784,185.034,0.719,-0.107,-0.027,8.784,4.637852,-74.083608,0.16,3,1
3721,38783109,-0.291,-1.035,-9.931,-4.177,-0.225,7.471,185.067,0.781,-0.106,-0.030,7.471,4.637852,-74.083608,0.16,3,1
3722,38793120,-0.260,-1.004,-10.008,-4.482,0.172,6.312,185.078,0.828,-0.102,-0.027,6.312,4.637852,-74.083608,0.16,3,1
3723,38803115,-0.232,-0.927,-9.992,-4.787,0.691,5.427,185.052,0.863,-0.095,-0.024,5.427,4.637852,-74.083608,0.16,3,1
3724,38813103,-0.256,-0.924,-10.121,-5.215,1.393,4.938,185.018,0.911,-0.094,-0.026,4.938,4.637852,-74.083608,0.16,3,1
3725,38823103,-0.229,-0.801,-10.001,-5.367,2.736,4.694,184.936,0.958,-0.082,-0.023,4.694,4.637852,-74.083608,0.16,3,1
3726,38833109,-0.153,-0.850,-10.006,-4.665,3.621,4.358,184.888,0.976,-0.087,-0.016,4.358,4.637852,-74.083608,0.16,3,1
3727,38843114,-0.134,-0.881,-10.054,-4.665,4.201,3.962,184.856,0.989,-0.090,-0.014,3.962,4.637852,-74.083608,0.16,3,1
3728,38853110,-0.027,-0.789,-9.955,-4.818,4.933,3.809,184.788,0.962,-0.080,-0.003,3.809,4.637852,-74.083608,0.16,3,1
3729,38863108,0.085,-0.729,-9.862,-5.123,5.330,4.206,184.699,0.891,-0.074,0.009,4.206,4.637852,-74.083608,0.16,3,1
3730,38873105,0.085,-0.693,-9.850,-5.062,4.567,4.755,184.602,0.818,-0.071,0.009,4.755,4.637852,-74.083608,0.16,3,1
3731,38883100,0.102,-0.609,-9.751,-4.848,3.407,5.091,184.480,0.732,-0.062,0.010,5.091,4.637852,-74.083608,0.16,3,1
3732,38893104,0.119,-0.541,-9.674,-3.811,1.301,5.060,184.348,0.626,-0.055,0.012,5.060,4.637852,-74.083608,0.16,3,1
3733,38903109,0.054,-0.527,-9.732,-1.705,-1.903,4.572,184.238,0.527,-0.054,0.006,4.572,4.637852,-74.083608,0.16,3,1
3734,38916496,-0.067,-0.536,-9.852,0.523,-4.589,3.992,184.159,0.447,-0.055,-0.007,3.992,4.637852,-74.083608,0.16,3,1
3735,38923102,-0.134,-0.546,-10.004,2.812,-6.236,3.138,184.105,0.406,-0.056,-0.014,3.138,4.637852,-74.083608,0.16,3,1
3736,38933110,-0.172,-0.589,-10.217,4.490,-6.420,2.772,184.085,0.380,-0.060,-0.018,2.772,4.637852,-74.083608,0.16,3,1
3737,38943102,-0.172,-0.616,-10.241,5.222,-4.985,3.260,184.085,0.370,-0.063,-0.018,3.260,4.637852,-74.083608,0.16,3,1
3738,38953099,-0.196,-0.669,-10.174,4.704,-3.276,4.481,184.105,0.387,-0.068,-0.020,4.481,4.637852,-74.083608,0.16,3,1
3739,38963098,-0.206,-0.710,-10.052,4.154,-2.239,5.518,184.139,0.418,-0.072,-0.021,5.518,4.637852,-74.083608,0.16,3,1
3740,38973098,-0.189,-0.809,-9.895,4.032,-1.964,5.762,184.219,0.442,-0.082,-0.019,5.762,4.637852,-74.083608,0.16,3,1
3741,38983122,-0.158,-0.854,-9.828,3.727,-2.300,5.335,184.312,0.448,-0.087,-0.016,5.335,4.637852,-74.083608,0.16,3,1
3742,38993101,-0.172,-0.869,-9.811,3.300,-2.849,4.542,184.401,0.455,-0.089,-0.018,4.542,4.637852,-74.083608,0.16,3,1
3743,39003106,-0.210,-0.903,-9.862,3.056,-3.704,3.687,184.494,0.471,-0.092,-0.021,3.687,4.637852,-74.083608,0.16,3,1
3744,39013113,-0.194,-0.874,-9.903,2.995,-4.527,2.375,184.565,0.469,-0.089,-0.020,2.375,4.637852,-74.083608,0.16,3,1
3745,39023102,-0.222,-0.748,-9.967,2.842,-5.046,1.093,184.572,0.475,-0.076,-0.023,1.093,4.637852,-74.083608,0.16,3,1
3746,39033099,-0.260,-0.611,-9.953,3.239,-4.863,0.239,184.522,0.499,-0.062,-0.027,0.239,4.637852,-74.083608,0.16,3,1
3747,39043098,-0.287,-0.662,-9.915,3.788,-4.283,0.055,184.504,0.539,-0.067,-0.029,0.055,4.637852,-74.083608,0.16,3,1
3748,39053112,-0.258,-0.785,-9.795,4.063,-3.948,-0.463,184.549,0.567,-0.080,-0.026,-0.463,4.637852,-74.083608,0.16,3,1
3749,39063092,-0.258,-0.840,-9.687,3.910,-4.131,-1.379,184.617,0.593,-0.086,-0.026,-1.379,4.637852,-74.083608,0.16,3,1
3750,39073106,-0.215,-0.939,-9.650,3.636,-4.650,-2.508,184.724,0.593,-0.096,-0.022,-2.508,4.637852,-74.083608,0.16,3,1
3751,39083106,-0.151,-0.973,-9.559,2.995,-5.565,-3.759,184.836,0.556,-0.099,-0.015,-3.759,4.637852,-74.083608,0.16,3,1
3752,39093106,-0.136,-0.924,-9.451,1.774,-6.511,-4.736,184.911,0.507,-0.094,-0.014,-4.736,4.637852,-74.083608,0.16,3,1
3753,39103099,-0.101,-0.840,-9.554,0.462,-7.549,-5.346,184.925,0.435,-0.086,-0.010,-5.346,4.637852,-74.083608,0.16,3,1
3754,39113110,-0.105,-0.647,-9.723,-1.064,-7.793,-5.316,184.831,0.369,-0.066,-0.011,-5.316,4.637852,-74.083608,0.16,3,1
3755,39123096,-0.160,-0.355,-9.840,-1.736,-7.060,-4.400,184.606,0.337,-0.036,-0.016,-4.400,4.637852,-74.083608,0.16,3,1
3756,39133157,-0.222,-0.264,-9.900,-1.644,-5.870,-2.416,184.357,0.347,-0.027,-0.023,-2.416,4.637852,-74.083608,0.16,3,1
3757,39143102,-0.306,-0.394,-9.879,-0.576,-4.436,-0.494,184.194,0.405,-0.040,-0.031,-0.494,4.637852,-74.083608,0.16,3,1
3758,39153102,-0.325,-0.621,-9.845,0.675,-3.368,0.178,184.157,0.478,-0.063,-0.033,0.178,4.637852,-74.083608,0.16,3,1
3759,39163123,-0.373,-0.758,-9.790,1.530,-2.880,-0.433,184.193,0.572,-0.077,-0.038,-0.433,4.637852,-74.083608,0.16,3,1
3760,39173109,-0.356,-0.891,-9.742,1.682,-2.910,-1.409,184.288,0.652,-0.091,-0.036,-1.409,4.637852,-74.083608,0.16,3,1
3761,39183094,-0.358,-0.903,-9.682,1.225,-3.246,-2.508,184.380,0.724,-0.092,-0.037,-2.508,4.637852,-74.083608,0.16,3,1
3762,39193122,-0.365,-0.883,-9.602,0.858,-4.222,-3.546,184.456,0.786,-0.090,-0.037,-3.546,4.637852,-74.083608,0.16,3,1
3763,39203107,-0.339,-0.917,-9.418,0.767,-5.809,-4.553,184.548,0.821,-0.094,-0.035,-4.553,4.637852,-74.083608,0.16,3,1
3764,39213106,-0.318,-1.091,-9.223,1.286,-8.586,-6.231,184.729,0.819,-0.111,-0.032,-6.231,4.637852,-74.083608,0.16,3,1
3765,39223101,-0.325,-1.257,-9.182,1.743,-12.645,-8.917,184.980,0.784,-0.128,-0.033,-8.917,4.637852,-74.083608,0.16,3,1
3766,39233105,-0.363,-1.238,-9.129,0.981,-16.857,-11.663,185.200,0.732,-0.126,-0.037,-11.663,4.637852,-74.083608,0.16,3,1
3767,39243097,-0.384,-1.161,-9.314,-0.606,-21.007,-13.403,185.341,0.652,-0.118,-0.039,-13.403,4.637852,-74.083608,0.16,3,1
3768,39256237,-0.427,-0.847,-9.490,-2.651,-23.418,-14.105,185.292,0.507,-0.086,-0.044,-14.105,4.637852,-74.083608,0.16,3,1
3769,39263106,-0.528,-0.635,-9.725,-3.811,-24.639,-13.433,185.137,0.472,-0.065,-0.054,-13.433,4.637852,-74.083608,0.16,3,1
3770,39273106,-0.690,-0.541,-10.232,-5.367,-23.845,-11.541,184.925,0.505,-0.055,-0.070,-11.541,4.637852,-74.083608,0.16,3,1
3771,39283100,-0.754,-0.314,-10.342,-5.672,-20.732,-9.497,184.628,0.588,-0.032,-0.077,-9.497,4.637852,-74.083608,0.16,3,1
3772,39293107,-0.838,-0.264,-10.424,-4.146,-17.284,-7.299,184.346,0.729,-0.027,-0.085,-7.299,4.637852,-74.083608,0.16,3,1
3773,39303100,-0.866,-0.392,-10.385,-0.667,-13.896,-6.109,184.172,0.903,-0.040,-0.088,-6.109,4.637852,-74.083608,0.16,3,1
3774,39313107,-0.880,-0.640,-10.405,1.652,-10.662,-5.987,184.139,1.098,-0.065,-0.090,-5.987,4.637852,-74.083608,0.16,3,1
3775,39323103,-0.892,-0.703,-10.349,1.530,-7.427,-5.529,184.134,1.315,-0.072,-0.091,-5.529,4.637852,-74.083608,0.16,3,1
3776,39333107,-0.873,-0.842,-10.246,1.042,-4.375,-4.705,184.188,1.538,-0.086,-0.089,-4.705,4.637852,-74.083608,0.16,3,1
3777,39343105,-0.773,-0.879,-10.035,-0.027,-1.232,-4.125,184.252,1.737,-0.090,-0.079,-4.125,4.637852,-74.083608,0.16,3,1
3778,39353107,-0.609,-0.917,-9.747,-0.667,0.966,-3.576,184.333,1.877,-0.094,-0.062,-3.576,4.637852,-74.083608,0.16,3,1
3779,39363103,-0.501,-0.927,-9.569,-1.705,1.301,-3.271,184.410,1.966,-0.095,-0.051,-3.271,4.637852,-74.083608,0.16,3,1
3780,39373106,-0.454,-0.893,-9.605,-3.261,0.233,-3.057,184.450,2.016,-0.091,-0.046,-3.057,4.637852,-74.083608,0.16,3,1
3781,39383103,-0.399,-0.811,-9.535,-3.322,-1.720,-3.088,184.452,2.020,-0.083,-0.041,-3.088,4.637852,-74.083608,0.16,3,1
3782,39393106,-0.435,-0.792,-9.614,-2.651,-4.131,-3.729,184.448,2.017,-0.081,-0.044,-3.729,4.637852,-74.083608,0.16,3,1
3783,39403103,-0.504,-0.705,-9.766,-2.560,-6.114,-3.820,184.402,2.023,-0.072,-0.051,-3.820,4.637852,-74.083608,0.16,3,1
3784,39413107,-0.539,-0.642,-9.980,-2.834,-6.908,-3.240,184.322,2.033,-0.065,-0.055,-3.240,4.637852,-74.083608,0.16,3,1
3785,39423103,-0.594,-0.604,-10.054,-2.468,-6.389,-2.539,184.232,2.069,-0.062,-0.061,-2.539,4.637852,-74.083608,0.16,3,1
3786,39433107,-0.685,-0.570,-10.160,-2.346,-5.382,-1.837,184.134,2.147,-0.058,-0.070,-1.837,4.637852,-74.083608,0.16,3,1
3787,39443105,-0.752,-0.584,-10.126,-1.919,-4.131,-1.165,184.054,2.261,-0.060,-0.077,-1.165,4.637852,-74.083608,0.16,3,1
3788,39453106,-0.776,-0.572,-10.047,-0.942,-2.910,-0.891,183.986,2.390,-0.058,-0.079,-0.891,4.637852,-74.083608,0.16,3,1
3789,39463103,-0.780,-0.642,-9.963,0.034,-2.025,-0.616,183.964,2.522,-0.065,-0.080,-0.616,4.637852,-74.083608,0.16,3,1
3790,39473106,-0.759,-0.715,-9.977,0.492,-1.171,-0.585,183.980,2.642,-0.073,-0.077,-0.585,4.637852,-74.083608,0.16,3,1
3791,39483103,-0.704,-0.681,-9.977,0.248,0.203,-0.402,183.978,2.742,-0.069,-0.072,-0.402,4.637852,-74.083608,0.16,3,1
3792,39493106,-0.678,-0.678,-9.864,0.004,1.759,0.361,183.976,2.841,-0.069,-0.069,0.361,4.637852,-74.083608,0.16,3,1
3793,39503103,-0.659,-0.765,-9.727,-0.179,2.797,1.154,184.015,2.937,-0.078,-0.067,1.154,4.637852,-74.083608,0.16,3,1
3794,39513107,-0.637,-0.908,-9.634,-0.545,2.919,1.032,184.115,3.019,-0.093,-0.065,1.032,4.637852,-74.083608,0.16,3,1
3795,39523103,-0.623,-0.944,-9.641,-0.851,2.217,0.178,184.221,3.083,-0.096,-0.064,0.178,4.637852,-74.083608,0.16,3,1
3796,39533107,-0.604,-0.854,-9.638,-1.247,1.332,-0.616,184.275,3.125,-0.087,-0.062,-0.616,4.637852,-74.083608,0.16,3,1
3797,39543103,-0.661,-0.719,-9.723,-1.705,0.569,-0.830,184.258,3.180,-0.073,-0.067,-0.830,4.637852,-74.083608,0.16,3,1
3798,39553107,-0.694,-0.727,-9.723,-1.583,0.233,-0.555,184.245,3.243,-0.074,-0.071,-0.555,4.637852,-74.083608,0.16,3,1
3799,39580037,-0.771,-0.871,-9.674,-1.156,-0.865,-1.684,184.297,3.312,-0.089,-0.079,-1.684,4.637852,-74.083608,0.16,3,1
3800,39581366,-0.771,-0.871,-9.674,-1.156,-0.865,-1.684,184.355,3.392,-0.089,-0.079,-1.684,4.637852,-74.083608,0.16,3,1
3801,39583105,-0.771,-0.871,-9.674,-1.156,-0.865,-1.684,184.414,3.475,-0.089,-0.079,-1.684,4.637852,-74.083608,0.16,3,1
3802,39593104,-0.752,-0.980,-9.540,-1.400,-1.659,-2.477,184.525,3.538,-0.100,-0.077,-2.477,4.637852,-74.083608,0.16,3,1
3803,39603104,-0.711,-1.074,-9.413,-2.224,-3.124,-3.393,184.672,3.565,-0.110,-0.073,-3.393,4.637852,-74.083608,0.16,3,1
3804,39613104,-0.683,-1.006,-9.319,-3.231,-5.077,-4.644,184.766,3.560,-0.103,-0.070,-4.644,4.637852,-74.083608,0.16,3,1
3805,39623102,-0.714,-1.047,-9.504,-4.085,-7.518,-5.926,184.854,3.541,-0.107,-0.073,-5.926,4.637852,-74.083608,0.16,3,1
3806,39633110,-0.725,-0.965,-9.674,-5.764,-9.044,-6.964,184.871,3.509,-0.098,-0.074,-6.964,4.637852,-74.083608,0.16,3,1
3807,39643097,-0.706,-0.765,-9.660,-6.649,-9.990,-7.696,184.783,3.463,-0.078,-0.072,-7.696,4.637852,-74.083608,0.16,3,1
3808,39653109,-0.716,-0.519,-9.749,-6.496,-10.906,-7.849,184.587,3.413,-0.053,-0.073,-7.849,4.637852,-74.083608,0.16,3,1
3809,39663097,-0.706,-0.370,-9.893,-5.367,-11.211,-7.330,184.346,3.355,-0.038,-0.072,-7.330,4.637852,-74.083608,0.16,3,1
3810,39673102,-0.752,-0.266,-10.018,-4.848,-10.570,-6.018,184.080,3.323,-0.027,-0.077,-6.018,4.637852,-74.083608,0.16,3,1
3811,39683114,-0.761,-0.290,-10.042,-3.963,-9.502,-3.851,183.855,3.307,-0.030,-0.078,-3.851,4.637852,-74.083608,0.16,3,1
3812,39693105,-0.818,-0.389,-10.119,-3.841,-7.793,-1.959,183.692,3.330,-0.040,-0.083,-1.959,4.637852,-74.083608,0.16,3,1
3813,39703098,-0.930,-0.331,-10.066,-3.933,-5.474,-0.311,183.517,3.424,-0.034,-0.095,-0.311,4.637852,-74.083608,0.16,3,1
3814,39713099,-0.973,-0.404,-10.104,-3.078,-3.520,1.093,183.394,3.545,-0.041,-0.099,1.093,4.637852,-74.083608,0.16,3,1
3815,39723108,-0.985,-0.512,-10.085,-2.651,-1.445,1.978,183.333,3.681,-0.052,-0.100,1.978,4.637852,-74.083608,0.16,3,1
3816,39733120,-0.990,-0.493,-9.816,-2.254,0.111,2.558,183.278,3.835,-0.050,-0.101,2.558,4.637852,-74.083608,0.16,3,1
3817,39743101,-1.045,-0.100,-9.816,-2.682,0.416,4.053,183.047,4.004,-0.010,-0.107,4.053,4.637852,-74.083608,0.16,3,1
3818,39753109,-0.725,-0.953,-10.124,1.133,0.386,4.786,183.238,4.006,-0.097,-0.074,4.786,4.637852,-74.083608,0.16,3,1
3819,39763117,-0.716,-1.233,-10.121,0.126,2.034,2.527,183.525,4.019,-0.126,-0.073,2.527,4.637848,-74.083617,0.19,3,1
3820,39773107,-0.828,-1.028,-9.845,-2.315,2.644,0.452,183.692,4.095,-0.105,-0.084,0.452,4.637848,-74.083617,0.19,3,1
3821,39783099,-0.766,-0.785,-10.008,-3.811,1.912,-0.433,183.718,4.126,-0.080,-0.078,-0.433,4.637848,-74.083617,0.19,3,1
3822,39793104,-0.783,-0.531,-10.100,-4.421,2.125,-0.585,183.625,4.161,-0.054,-0.080,-0.585,4.637848,-74.083617,0.19,3,1
3823,39803109,-0.823,-0.329,-10.133,-4.024,3.193,0.117,183.453,4.221,-0.034,-0.084,0.117,4.637848,-74.083617,0.19,3,1
3824,39813102,-0.811,-0.319,-10.116,-2.712,4.292,1.734,183.304,4.281,-0.033,-0.083,1.734,4.637848,-74.083617,0.19,3,1
3825,39823113,-0.811,-0.483,-10.083,-1.430,5.269,2.955,183.249,4.346,-0.049,-0.083,2.955,4.637848,-74.083617,0.19,3,1
3826,39833100,-0.840,-0.710,-10.028,-0.820,5.940,3.779,183.304,4.427,-0.072,-0.086,3.779,4.637848,-74.083617,0.19,3,1
3827,39843100,-0.859,-0.842,-9.975,-0.820,6.154,3.748,183.414,4.513,-0.086,-0.088,3.748,4.637848,-74.083617,0.19,3,1
3828,39853111,-0.885,-0.854,-9.984,-1.186,6.367,2.955,183.517,4.606,-0.087,-0.090,2.955,4.637848,-74.083617,0.19,3,1
3829,39863111,-0.885,-0.830,-10.061,-1.522,6.489,1.917,183.596,4.690,-0.085,-0.090,1.917,4.637848,-74.083617,0.19,3,1
3830,39873100,-0.895,-0.688,-10.104,-1.430,6.703,0.971,183.607,4.772,-0.070,-0.091,0.971,4.637848,-74.083617,0.19,3,1
3831,39883108,-0.892,-0.553,-10.148,-1.034,7.405,0.635,183.561,4.852,-0.056,-0.091,0.635,4.637848,-74.083617,0.19,3,1
3832,39893094,-0.873,-0.486,-10.167,-0.454,8.504,1.032,183.495,4.928,-0.050,-0.089,1.032,4.637848,-74.083617,0.19,3,1
3833,39903102,-0.816,-0.490,-10.121,0.340,9.633,1.612,183.444,4.985,-0.050,-0.083,1.612,4.637848,-74.083617,0.19,3,1
3834,39916604,-0.778,-0.541,-9.996,1.011,10.762,2.222,183.432,5.067,-0.055,-0.079,2.222,4.637848,-74.083617,0.19,3,1
3835,39923105,-0.725,-0.606,-9.905,1.377,11.250,2.527,183.451,5.095,-0.062,-0.074,2.527,4.637848,-74.083617,0.19,3,1
3836,39933114,-0.656,-0.652,-9.826,1.499,11.036,2.619,183.493,5.090,-0.066,-0.067,2.619,4.637848,-74.083617,0.19,3,1
3837,39943108,-0.573,-0.635,-9.739,1.377,10.609,2.497,183.525,5.047,-0.065,-0.058,2.497,4.637848,-74.083617,0.19,3,1
3838,39953113,-0.542,-0.601,-9.662,1.347,9.938,2.558,183.542,4.989,-0.061,-0.055,2.558,4.637848,-74.083617,0.19,3,1
3839,39963105,-0.530,-0.676,-9.662,1.103,8.931,2.649,183.589,4.921,-0.069,-0.054,2.649,4.637848,-74.083617,0.19,3,1
3840,39973108,-0.499,-0.669,-9.643,0.553,8.046,2.527,183.624,4.837,-0.068,-0.051,2.527,4.637848,-74.083617,0.19,3,1
3841,39983109,-0.494,-0.647,-9.574,0.248,6.856,2.405,183.646,4.748,-0.066,-0.050,2.405,4.637848,-74.083617,0.19,3,1
3842,39993098,-0.463,-0.698,-9.614,-0.057,5.513,2.192,183.686,4.638,-0.071,-0.047,2.192,4.637848,-74.083617,0.19,3,1
3843,40003112,-0.435,-0.707,-9.631,-0.942,4.017,1.826,183.718,4.510,-0.072,-0.044,1.826,4.637848,-74.083617,0.19,3,1
3844,40013105,-0.456,-0.635,-9.696,-1.766,2.522,1.612,183.705,4.386,-0.065,-0.046,1.612,4.637848,-74.083617,0.19,3,1
3845,40023110,-0.492,-0.568,-9.723,-2.132,1.546,1.642,183.659,4.278,-0.058,-0.050,1.642,4.637848,-74.083617,0.19,3,1
3846,40033100,-0.518,-0.519,-9.831,-2.102,0.722,1.551,183.592,4.181,-0.053,-0.053,1.551,4.637848,-74.083617,0.19,3,1
3847,40043104,-0.525,-0.454,-9.852,-1.430,0.050,1.520,183.507,4.087,-0.046,-0.054,1.520,4.637848,-74.083617,0.19,3,1
3848,40053109,-0.537,-0.481,-9.859,-0.881,-0.286,1.642,183.446,4.003,-0.049,-0.055,1.642,4.637848,-74.083617,0.19,3,1
3849,40063102,-0.563,-0.478,-9.855,-0.484,-0.560,1.703,183.391,3.934,-0.049,-0.057,1.703,4.637848,-74.083617,0.19,3,1
3850,40073108,-0.582,-0.531,-9.804,-0.240,-0.682,1.826,183.368,3.879,-0.054,-0.059,1.826,4.637848,-74.083617,0.19,3,1
3851,40083101,-0.606,-0.666,-9.819,-0.179,-0.987,1.551,183.407,3.835,-0.068,-0.062,1.551,4.637848,-74.083617,0.19,3,1
3852,40093134,-0.611,-0.681,-9.864,-0.240,-1.171,0.574,183.448,3.794,-0.069,-0.062,0.574,4.637848,-74.083617,0.19,3,1
3853,40103104,-0.597,-0.568,-9.879,-0.545,-0.957,-0.189,183.432,3.751,-0.058,-0.061,-0.189,4.637848,-74.083617,0.19,3,1
3854,40113099,-0.594,-0.469,-9.941,-0.973,-0.225,-0.189,183.368,3.716,-0.048,-0.061,-0.189,4.637848,-74.083617,0.19,3,1
3855,40123121,-0.590,-0.425,-9.967,-1.217,1.118,0.605,183.287,3.694,-0.043,-0.060,0.605,4.637848,-74.083617,0.19,3,1
3856,40133158,-0.582,-0.437,-9.917,-1.095,2.369,1.337,183.220,3.682,-0.045,-0.059,1.337,4.637848,-74.083617,0.19,3,1
3857,40143096,-0.570,-0.493,-9.840,-0.545,3.163,1.703,183.189,3.676,-0.050,-0.058,1.703,4.637848,-74.083617,0.19,3,1
3858,40153114,-0.518,-0.628,-9.749,-0.210,3.132,1.337,183.226,3.648,-0.064,-0.053,1.337,4.637848,-74.083617,0.19,3,1
3859,40163105,-0.437,-0.693,-9.660,-0.515,2.522,0.605,183.290,3.583,-0.071,-0.045,0.605,4.637848,-74.083617,0.19,3,1
3860,40173112,-0.387,-0.635,-9.650,-1.034,1.362,-0.189,183.318,3.489,-0.065,-0.039,-0.189,4.637848,-74.083617,0.19,3,1
3861,40183116,-0.396,-0.488,-9.682,-1.369,0.142,-0.585,183.273,3.396,-0.050,-0.040,-0.585,4.637848,-74.083617,0.19,3,1
3862,40193108,-0.399,-0.435,-9.732,-1.613,-0.896,-0.097,183.205,3.299,-0.044,-0.041,-0.097,4.637848,-74.083617,0.19,3,1
3863,40203107,-0.444,-0.515,-9.732,-1.522,-1.598,0.635,183.179,3.224,-0.052,-0.045,0.635,4.637848,-74.083617,0.19,3,1
3864,40213104,-0.494,-0.575,-9.787,-1.552,-2.178,0.727,183.179,3.171,-0.059,-0.050,0.727,4.637848,-74.083617,0.19,3,1
3865,40223088,-0.544,-0.575,-9.900,-1.644,-2.605,0.422,183.176,3.137,-0.059,-0.055,0.422,4.637848,-74.083617,0.19,3,1
3866,40233106,-0.594,-0.556,-9.972,-1.797,-2.635,0.239,183.162,3.125,-0.057,-0.061,0.239,4.637848,-74.083617,0.19,3,1
3867,40243100,-0.628,-0.527,-10.023,-1.949,-2.117,0.117,183.133,3.133,-0.054,-0.064,0.117,4.637848,-74.083617,0.19,3,1
3868,40261548,-0.635,-0.462,-10.061,-1.919,-0.499,0.178,183.062,3.149,-0.047,-0.065,0.178,4.637848,-74.083617,0.19,3,1
3869,40263093,-0.635,-0.462,-10.061,-1.919,-0.499,0.178,183.011,3.173,-0.047,-0.065,0.178,4.637848,-74.083617,0.19,3,1
3870,40273092,-0.587,-0.435,-10.023,-1.522,0.172,0.422,182.956,3.181,-0.044,-0.060,0.422,4.637848,-74.083617,0.19,3,1
3871,40283089,-0.575,-0.411,-9.967,-0.820,0.264,0.727,182.902,3.185,-0.042,-0.059,0.727,4.637848,-74.083617,0.19,3,1
3872,40293103,-0.599,-0.442,-9.855,0.034,0.050,1.032,182.878,3.201,-0.045,-0.061,1.032,4.637848,-74.083617,0.19,3,1
3873,40303098,-0.587,-0.546,-9.802,0.370,-0.438,1.185,182.907,3.207,-0.056,-0.060,1.185,4.637848,-74.083617,0.19,3,1
3874,40313090,-0.604,-0.659,-9.792,0.462,-0.987,1.093,182.986,3.215,-0.067,-0.062,1.093,4.637848,-74.083617,0.19,3,1
3875,40323085,-0.635,-0.717,-9.780,0.065,-1.476,0.757,183.081,3.231,-0.073,-0.065,0.757,4.637848,-74.083617,0.19,3,1
3876,40333098,-0.652,-0.712,-9.828,-0.637,-1.750,0.300,183.159,3.250,-0.073,-0.066,0.300,4.637848,-74.083617,0.19,3,1
3877,40343091,-0.659,-0.654,-9.903,-1.339,-1.659,-0.402,183.196,3.270,-0.067,-0.067,-0.402,4.637848,-74.083617,0.19,3,1
3878,40353090,-0.683,-0.531,-9.948,-1.736,-1.201,-0.738,183.170,3.301,-0.054,-0.070,-0.738,4.637848,-74.083617,0.19,3,1
3879,40363085,-0.654,-0.447,-9.972,-1.644,-0.530,-0.677,183.110,3.323,-0.046,-0.067,-0.677,4.637848,-74.083617,0.19,3,1
3880,40373101,-0.594,-0.466,-9.915,-1.522,0.081,-0.402,183.065,3.324,-0.048,-0.061,-0.402,4.637848,-74.083617,0.19,3,1
3881,40383097,-0.549,-0.481,-9.859,-1.430,0.355,-0.158,183.032,3.309,-0.049,-0.056,-0.158,4.637848,-74.083617,0.19,3,1
3882,40393090,-0.525,-0.454,-9.795,-1.278,0.081,0.055,182.993,3.284,-0.046,-0.054,0.055,4.637848,-74.083617,0.19,3,1
3883,40403088,-0.499,-0.466,-9.751,-1.156,-0.530,0.147,182.964,3.244,-0.048,-0.051,0.147,4.637848,-74.083617,0.19,3,1
3884,40413103,-0.494,-0.553,-9.735,-1.308,-1.201,0.147,182.975,3.199,-0.056,-0.050,0.147,4.637848,-74.083617,0.19,3,1
3885,40423095,-0.482,-0.637,-9.763,-1.949,-1.903,0.086,183.016,3.145,-0.065,-0.049,0.086,4.637848,-74.083617,0.19,3,1
3886,40433092,-0.485,-0.556,-9.811,-2.651,-2.483,-0.189,183.010,3.090,-0.057,-0.049,-0.189,4.637848,-74.083617,0.19,3,1
3887,40443087,-0.532,-0.433,-9.821,-3.200,-2.910,-0.158,182.944,3.056,-0.044,-0.054,-0.158,4.637848,-74.083617,0.19,3,1
3888,40453103,-0.561,-0.392,-9.819,-2.895,-3.276,0.147,182.868,3.034,-0.040,-0.057,0.147,4.637848,-74.083617,0.19,3,1
3889,40463098,-0.587,-0.377,-9.809,-2.132,-3.704,0.391,182.799,3.022,-0.038,-0.060,0.391,4.637848,-74.083617,0.19,3,1
3890,40473089,-0.601,-0.401,-9.735,-1.583,-4.283,0.696,182.752,3.014,-0.041,-0.061,0.696,4.637848,-74.083617,0.19,3,1
3891,40483085,-0.621,-0.536,-9.718,-0.942,-5.016,0.513,182.775,3.009,-0.055,-0.063,0.513,4.637848,-74.083617,0.19,3,1
3892,40493101,-0.642,-0.640,-9.679,-0.637,-5.809,-0.372,182.848,3.007,-0.065,-0.065,-0.372,4.637848,-74.083617,0.19,3,1
3893,40503097,-0.666,-0.654,-9.660,-0.973,-6.633,-1.287,182.918,3.009,-0.067,-0.068,-1.287,4.637848,-74.083617,0.19,3,1
3894,40513090,-0.635,-0.628,-9.646,-1.949,-7.244,-1.959,182.963,2.991,-0.064,-0.065,-1.959,4.637848,-74.083617,0.19,3,1
3895,40523087,-0.611,-0.597,-9.624,-2.834,-7.610,-2.477,182.982,2.962,-0.061,-0.062,-2.477,4.637848,-74.083617,0.19,3,1
3896,40533103,-0.616,-0.601,-9.696,-3.902,-7.762,-2.722,182.991,2.934,-0.061,-0.063,-2.722,4.637848,-74.083617,0.19,3,1
3897,40543098,-0.661,-0.575,-9.747,-5.154,-7.671,-2.844,182.974,2.927,-0.059,-0.067,-2.844,4.637848,-74.083617,0.19,3,1
3898,40553092,-0.690,-0.425,-9.869,-5.977,-7.335,-3.088,182.881,2.933,-0.043,-0.070,-3.088,4.637848,-74.083617,0.19,3,1
3899,40590811,-0.823,-0.175,-10.345,-5.276,-1.872,-0.402,182.531,2.988,-0.018,-0.084,-0.402,4.637848,-74.083617,0.19,3,1
3900,40592137,-0.823,-0.175,-10.345,-5.276,-1.872,-0.402,182.242,3.072,-0.018,-0.084,-0.402,4.637848,-74.083617,0.19,3,1
3901,40593460,-0.823,-0.175,-10.345,-5.276,-1.872,-0.402,182.020,3.171,-0.018,-0.084,-0.402,4.637848,-74.083617,0.19,3,1
3902,40594786,-0.823,-0.175,-10.345,-5.276,-1.872,-0.402,181.864,3.277,-0.018,-0.084,-0.402,4.637848,-74.083617,0.19,3,1
3903,40603099,-0.799,-0.218,-10.306,-4.177,-0.041,0.574,181.766,3.378,-0.022,-0.082,0.574,4.637848,-74.083617,0.19,3,1
3904,40613093,-0.761,-0.278,-10.200,-2.865,1.332,1.093,181.722,3.463,-0.028,-0.078,1.093,4.637848,-74.083617,0.19,3,1
3905,40623090,-0.711,-0.324,-10.131,-1.980,2.247,1.490,181.715,3.525,-0.033,-0.073,1.490,4.637848,-74.083617,0.19,3,1
3906,40633148,-0.716,-0.392,-10.018,-1.156,2.705,1.826,181.751,3.591,-0.040,-0.073,1.826,4.637848,-74.083617,0.19,3,1
3907,40643085,-0.761,-0.469,-9.960,-0.667,3.041,2.161,181.826,3.678,-0.048,-0.078,2.161,4.637848,-74.083617,0.19,3,1
3908,40653098,-0.768,-0.531,-9.898,-0.789,3.132,2.192,181.925,3.763,-0.054,-0.078,2.192,4.637848,-74.083617,0.19,3,1
3909,40663094,-0.716,-0.599,-9.867,-1.156,2.675,2.131,182.043,3.811,-0.061,-0.073,2.131,4.637848,-74.083617,0.19,3,1
3910,40673100,-0.678,-0.587,-9.819,-1.613,1.698,1.581,182.142,3.830,-0.060,-0.069,1.581,4.637848,-74.083617,0.19,3,1
3911,40683105,-0.675,-0.500,-9.895,-1.919,0.905,1.154,182.186,3.837,-0.051,-0.069,1.154,4.637848,-74.083617,0.19,3,1
3912,40693115,-0.697,-0.399,-9.994,-1.827,0.691,1.063,182.178,3.848,-0.041,-0.071,1.063,4.637848,-74.083617,0.19,3,1
3913,40703115,-0.632,-0.326,-9.977,-1.919,1.088,1.520,182.138,3.833,-0.033,-0.064,1.520,4.637848,-74.083617,0.19,3,1
3914,40713108,-0.590,-0.339,-9.943,-2.254,1.484,2.436,182.103,3.805,-0.035,-0.060,2.436,4.637848,-74.083617,0.19,3,1
3915,40723100,-0.551,-0.348,-9.910,-2.560,1.240,3.229,182.074,3.760,-0.036,-0.056,3.229,4.637848,-74.083617,0.19,3,1
3916,40733103,-0.585,-0.261,-9.862,-2.224,0.538,3.992,182.011,3.729,-0.027,-0.060,3.992,4.637848,-74.083617,0.19,3,1
3917,40743093,-0.597,-0.235,-9.807,-1.400,-0.713,4.542,181.950,3.696,-0.024,-0.061,4.542,4.637848,-74.083617,0.19,3,1
3918,40753104,-0.597,-0.312,-9.799,-0.240,-2.483,4.816,181.939,3.649,-0.032,-0.061,4.816,4.637848,-74.083617,0.19,3,1
3919,40763091,-0.673,-0.353,-9.823,0.706,-4.222,4.725,181.956,3.624,-0.036,-0.069,4.725,4.637848,-74.083617,0.19,3,1
3920,40773104,-0.759,-0.380,-9.898,1.560,-5.626,4.358,181.990,3.623,-0.039,-0.077,4.358,4.637848,-74.083617,0.19,3,1
3921,40783110,-0.885,-0.416,-10.001,2.079,-6.114,3.809,182.040,3.670,-0.042,-0.090,3.809,4.637848,-74.083617,0.19,3,1
3922,40793107,-0.981,-0.401,-10.066,2.567,-5.748,3.138,182.084,3.755,-0.041,-0.100,3.138,4.637848,-74.083617,0.19,3,1
3923,40803102,-1.064,-0.421,-10.080,2.903,-4.497,2.405,182.136,3.881,-0.043,-0.109,2.405,4.637848,-74.083617,0.19,3,1
3924,40813104,-1.076,-0.462,-10.090,2.720,-2.605,1.642,182.199,4.019,-0.047,-0.110,1.642,4.637848,-74.083617,0.19,3,1
3925,40823112,-1.038,-0.459,-10.076,2.171,-0.682,0.696,182.252,4.148,-0.047,-0.106,0.696,4.637848,-74.083617,0.19,3,1
3926,40833125,-1.012,-0.387,-9.996,1.682,0.844,-0.250,182.266,4.273,-0.039,-0.103,-0.250,4.637848,-74.083617,0.19,3,1
3927,40843101,-0.988,-0.288,-9.898,1.835,1.790,-1.013,182.238,4.392,-0.029,-0.101,-1.013,4.637820,-74.083632,0.19,2,1
3928,40853099,-0.952,-0.283,-9.826,2.293,2.125,-1.745,182.215,4.492,-0.029,-0.097,-1.745,4.637820,-74.083632,0.19,2,1
3929,40863101,-0.919,-0.341,-9.759,2.537,1.942,-2.508,182.224,4.570,-0.035,-0.094,-2.508,4.637820,-74.083632,0.19,2,1
3930,40873104,-0.938,-0.430,-9.754,2.354,1.149,-3.271,182.270,4.644,-0.044,-0.096,-3.271,4.637820,-74.083632,0.19,2,1
3931,40883108,-0.971,-0.423,-9.807,1.805,0.386,-4.278,182.303,4.717,-0.043,-0.099,-4.278,4.637820,-74.083632,0.19,2,1
3932,40893109,-1.023,-0.355,-9.886,1.164,0.142,-5.255,182.296,4.803,-0.036,-0.104,-5.255,4.637820,-74.083632,0.19,2,1
3933,40903098,-1.047,-0.286,-9.936,0.523,0.264,-5.865,182.253,4.891,-0.029,-0.107,-5.865,4.637820,-74.083632,0.19,2,1
3934,40916668,-1.078,-0.276,-9.987,-0.027,0.569,-6.140,182.202,4.988,-0.028,-0.110,-6.140,4.637820,-74.083632,0.19,2,1
3935,40923102,-1.062,-0.302,-10.032,-0.789,0.630,-6.445,182.158,5.069,-0.031,-0.108,-6.445,4.637820,-74.083632,0.19,2,1
3936,40933107,-1.102,-0.206,-10.042,-0.881,0.264,-6.994,182.075,5.157,-0.021,-0.112,-6.994,4.637820,-74.083632,0.19,2,1
3937,40943106,-1.214,-0.307,-10.080,-0.179,-0.438,-7.788,182.049,5.279,-0.031,-0.124,-7.788,4.637820,-74.083632,0.19,2,1
3938,40953103,-1.214,-0.536,-10.345,0.401,-0.804,-9.161,182.125,5.373,-0.055,-0.124,-9.161,4.637820,-74.083632,0.19,2,1
3939,40963110,-1.217,-0.517,-10.645,0.706,-0.194,-10.778,182.183,5.453,-0.053,-0.124,-10.778,4.637820,-74.083632,0.19,2,1
3940,40973107,-1.178,-0.199,-10.734,1.530,2.125,-11.816,182.112,5.528,-0.020,-0.120,-11.816,4.637820,-74.083632,0.19,2,1
3941,40983103,-0.990,0.013,-10.520,3.391,5.116,-10.961,181.976,5.557,0.001,-0.101,-10.961,4.637820,-74.083632,0.19,2,1
3942,40993107,-0.799,-0.112,-10.330,6.138,7.618,-8.764,181.930,5.534,-0.011,-0.082,-8.764,4.637820,-74.083632,0.19,2,1
3943,41003095,-0.804,-0.230,-9.992,8.000,8.870,-6.628,181.958,5.537,-0.023,-0.082,-6.628,4.637820,-74.083632,0.19,2,1
3944,41013117,-0.666,-0.478,-9.605,9.861,8.229,-5.010,182.119,5.486,-0.049,-0.068,-5.010,4.637820,-74.083632,0.19,2,1
3945,41023111,-0.566,-0.712,-9.345,11.173,6.123,-5.041,182.395,5.380,-0.073,-0.058,-5.041,4.637820,-74.083632,0.19,2,1
3946,41033105,-0.587,-0.830,-9.218,11.021,3.193,-5.529,182.709,5.269,-0.085,-0.060,-5.529,4.637820,-74.083632,0.19,2,1
3947,41043103,-0.637,-0.903,-9.192,9.617,0.508,-5.895,183.021,5.165,-0.092,-0.065,-5.895,4.637820,-74.083632,0.19,2,1
3948,41053105,-0.699,-0.912,-9.259,7.725,-1.323,-6.658,183.293,5.080,-0.093,-0.071,-6.658,4.637820,-74.083632,0.19,2,1
3949,41063115,-0.787,-0.806,-9.422,6.046,-2.269,-7.818,183.472,5.027,-0.082,-0.080,-7.818,4.637820,-74.083632,0.19,2,1
3950,41073107,-0.885,-0.676,-9.605,4.673,-1.934,-8.856,183.559,5.020,-0.069,-0.090,-8.856,4.637820,-74.083632,0.19,2,1
3951,41083106,-0.866,-0.621,-9.706,3.819,-0.255,-9.435,183.603,5.016,-0.063,-0.088,-9.435,4.637820,-74.083632,0.19,2,1
3952,41093114,-0.790,-0.625,-9.687,3.147,2.064,-9.710,183.641,5.000,-0.064,-0.081,-9.710,4.637820,-74.083632,0.19,2,1
3953,41103109,-0.730,-0.751,-9.749,2.232,4.658,-9.924,183.721,4.981,-0.077,-0.074,-9.924,4.637820,-74.083632,0.19,2,1
3954,41113111,-0.573,-0.879,-9.691,0.553,7.527,-10.229,183.839,4.920,-0.090,-0.058,-10.229,4.637820,-74.083632,0.19,2,1
3955,41123111,-0.468,-0.992,-9.653,-1.736,9.755,-10.931,183.979,4.839,-0.101,-0.048,-10.931,4.637820,-74.083632,0.19,2,1
3956,41133128,-0.346,-1.045,-9.713,-4.238,11.189,-11.633,184.106,4.721,-0.107,-0.035,-11.633,4.637820,-74.083632,0.19,2,1
3957,41143104,-0.208,-0.946,-9.742,-7.015,12.013,-12.029,184.153,4.558,-0.096,-0.021,-12.029,4.637820,-74.083632,0.19,2,1
3958,41153098,-0.120,-0.794,-9.771,-9.670,12.318,-12.243,184.102,4.370,-0.081,-0.012,-12.243,4.637820,-74.083632,0.19,2,1
3959,41163092,-0.074,-0.625,-9.754,-11.043,11.464,-12.335,183.969,4.169,-0.064,-0.008,-12.335,4.637820,-74.083632,0.19,2,1
3960,41173109,0.038,-0.466,-9.701,-11.043,10.029,-12.304,183.775,3.919,-0.048,0.004,-12.304,4.637820,-74.083632,0.19,2,1
3961,41183095,0.126,-0.404,-9.677,-10.006,8.229,-12.029,183.578,3.633,-0.041,0.013,-12.029,4.637820,-74.083632,0.19,2,1
3962,41193093,0.133,-0.394,-9.634,-9.273,6.489,-11.267,183.400,3.348,-0.040,0.014,-11.267,4.637820,-74.083632,0.19,2,1
3963,41203095,0.209,-0.401,-9.595,-9.273,5.147,-9.954,183.239,3.037,-0.041,0.021,-9.954,4.637820,-74.083632,0.19,2,1
3964,41213093,0.209,-0.416,-9.502,-9.304,3.743,-8.734,183.098,2.737,-0.042,0.021,-8.734,4.637820,-74.083632,0.19,2,1
3965,41223105,0.185,-0.401,-9.451,-9.548,2.003,-7.299,182.960,2.453,-0.041,0.019,-7.299,4.637820,-74.083632,0.19,2,1
3966,41233099,0.140,-0.392,-9.514,-10.433,0.142,-5.712,182.819,2.196,-0.040,0.014,-5.712,4.637820,-74.083632,0.19,2,1
3967,41243099,0.064,-0.435,-9.502,-11.165,-2.025,-4.339,182.702,1.972,-0.044,0.007,-4.339,4.637820,-74.083632,0.19,2,1
3968,41258421,-0.055,-0.273,-9.814,-11.440,-5.351,-2.966,182.456,1.755,-0.028,-0.006,-2.966,4.637820,-74.083632,0.19,2,1
3969,41263087,-0.055,-0.273,-9.814,-11.440,-5.351,-2.966,182.284,1.585,-0.028,-0.006,-2.966,4.637820,-74.083632,0.19,2,1
3970,41273092,-0.213,-0.054,-9.737,-11.318,-6.145,-1.867,182.027,1.495,-0.006,-0.022,-1.867,4.637820,-74.083632,0.19,2,1
3971,41283093,-0.280,-0.138,-9.715,-10.067,-7.183,-0.707,181.841,1.433,-0.014,-0.029,-0.707,4.637820,-74.083632,0.19,2,1
3972,41293092,-0.351,-0.307,-9.797,-9.090,-8.068,-0.433,181.755,1.398,-0.031,-0.036,-0.433,4.637820,-74.083632,0.19,2,1
3973,41303090,-0.461,-0.336,-9.891,-8.907,-8.708,-0.982,181.689,1.408,-0.034,-0.047,-0.982,4.637820,-74.083632,0.19,2,1
3974,41313100,-0.535,-0.281,-10.040,-9.121,-8.800,-1.318,181.599,1.446,-0.029,-0.055,-1.318,4.637820,-74.083632,0.19,2,1
3975,41323099,-0.575,-0.179,-10.176,-9.670,-7.762,-1.104,181.466,1.505,-0.018,-0.059,-1.104,4.637820,-74.083632,0.19,2,1
3976,41333095,-0.654,-0.015,-10.236,-10.219,-6.236,-0.036,181.266,1.605,-0.002,-0.067,-0.036,4.637820,-74.083632,0.19,2,1
3977,41343096,-0.725,0.160,-10.188,-10.036,-4.680,1.398,181.008,1.744,0.016,-0.074,1.398,4.637820,-74.083632,0.19,2,1
3978,41353107,-0.730,0.216,-10.210,-8.602,-3.307,2.741,180.759,1.886,0.022,-0.074,2.741,4.637820,-74.083632,0.19,2,1
3979,41363099,-0.749,0.197,-10.181,-6.344,-2.574,3.779,180.559,2.033,0.020,-0.076,3.779,4.637820,-74.083632,0.19,2,1
3980,41373107,-0.728,0.221,-10.143,-3.902,-1.934,4.328,180.385,2.166,0.023,-0.074,4.328,4.637820,-74.083632,0.19,2,1
3981,41383087,-0.711,0.187,-10.042,-1.430,-1.384,4.908,180.262,2.290,0.019,-0.073,4.908,4.637820,-74.083632,0.19,2,1
3982,41393103,-0.747,0.076,-9.970,0.309,-0.804,5.518,180.212,2.428,0.008,-0.076,5.518,4.637820,-74.083632,0.19,2,1
3983,41403100,-0.790,-0.107,-9.915,0.919,-0.225,6.067,180.253,2.581,-0.011,-0.081,6.067,4.637820,-74.083632,0.19,2,1
3984,41413107,-0.778,-0.317,-9.867,0.523,0.416,5.915,180.380,2.725,-0.032,-0.079,5.915,4.637820,-74.083632,0.19,2,1
3985,41423095,-0.787,-0.346,-9.766,-0.759,1.118,5.030,180.500,2.871,-0.035,-0.080,5.030,4.637820,-74.083632,0.19,2,1
3986,41433104,-0.826,-0.317,-9.802,-2.102,1.271,3.962,180.585,3.024,-0.032,-0.084,3.962,4.637820,-74.083632,0.19,2,1
3987,41443100,-0.835,-0.211,-9.835,-3.658,1.515,3.107,180.602,3.170,-0.021,-0.085,3.107,4.637820,-74.083632,0.19,2,1
3988,41453091,-0.888,-0.042,-9.850,-4.452,1.515,2.497,180.534,3.328,-0.004,-0.091,2.497,4.637820,-74.083632,0.19,2,1
3989,41463090,-0.878,0.033,-9.888,-4.207,1.820,2.100,180.441,3.471,0.003,-0.090,2.100,4.637820,-74.083632,0.19,2,1
3990,41473104,-0.888,-0.069,-9.840,-4.085,2.369,1.673,180.402,3.614,-0.007,-0.091,1.673,4.637820,-74.083632,0.19,2,1
3991,41483099,-0.880,-0.167,-9.833,-4.421,2.919,1.185,180.406,3.749,-0.017,-0.090,1.185,4.637820,-74.083632,0.19,2,1
3992,41493092,-0.840,-0.389,-9.871,-5.764,3.773,0.788,180.495,3.861,-0.040,-0.086,0.788,4.637820,-74.083632,0.19,2,1
3993,41503090,-0.799,-0.495,-9.886,-8.114,4.628,-0.097,180.602,3.954,-0.051,-0.082,-0.097,4.637820,-74.083632,0.19,2,1
3994,41513104,-0.699,-0.377,-10.061,-10.494,5.543,-1.013,180.624,4.000,-0.038,-0.071,-1.013,4.637820,-74.083632,0.19,2,1
3995,41523095,-0.535,-0.254,-10.172,-12.081,6.795,-1.104,180.575,3.980,-0.026,-0.055,-1.104,4.637820,-74.083632,0.19,2,1
3996,41533094,-0.415,0.033,-10.220,-13.454,7.832,-0.494,180.394,3.919,0.003,-0.042,-0.494,4.637820,-74.083632,0.19,2,1
3997,41543089,-0.392,0.334,-10.203,-13.454,8.351,1.032,180.098,3.858,0.034,-0.040,1.032,4.637820,-74.083632,0.19,2,1
3998,41553105,-0.327,0.450,-10.164,-11.043,7.954,2.711,179.797,3.770,0.046,-0.033,2.711,4.637820,-74.083632,0.19,2,1
3999,41612852,-0.542,-0.146,-10.100,2.903,-0.194,1.917,180.064,3.646,-0.015,-0.055,1.917,4.637820,-74.083632,0.19,2,1
4000,41614185,-0.542,-0.146,-10.100,2.903,-0.194,1.917,180.291,3.534,-0.015,-0.055,1.917,4.637820,-74.083632,0.19,2,1
4001,41615508,-0.542,-0.146,-10.100,2.903,-0.194,1.917,180.472,3.439,-0.015,-0.055,1.917,4.637820,-74.083632,0.19,2,1
4002,41616830,-0.578,-0.085,-10.157,1.988,0.142,1.276,180.535,3.396,-0.009,-0.059,1.276,4.637820,-74.083632,0.19,2,1
4003,41618148,-0.578,-0.085,-10.157,1.988,0.142,1.276,180.575,3.364,-0.009,-0.059,1.276,4.637820,-74.083632,0.19,2,1
4004,41619467,-0.578,-0.085,-10.157,1.988,0.142,1.276,180.594,3.341,-0.009,-0.059,1.276,4.637820,-74.083632,0.19,2,1
4005,41623094,-0.578,-0.085,-10.157,1.988,0.142,1.276,180.601,3.326,-0.009,-0.059,1.276,4.637820,-74.083632,0.19,2,1
4006,41633142,-0.609,0.013,-10.184,1.682,0.599,0.422,180.545,3.334,0.001,-0.062,0.422,4.637820,-74.083632,0.19,2,1
4007,41643089,-0.654,0.165,-10.155,2.018,1.088,-0.494,180.415,3.372,0.017,-0.067,-0.494,4.637820,-74.083632,0.19,2,1
4008,41653100,-0.637,0.216,-10.181,3.178,1.546,-1.135,180.287,3.399,0.022,-0.065,-1.135,4.637820,-74.083632,0.19,2,1
4009,41663100,-0.649,0.281,-10.167,4.826,2.064,-1.715,180.157,3.434,0.029,-0.066,-1.715,4.637820,-74.083632,0.19,2,1
4010,41673115,-0.632,0.332,-10.088,6.443,2.736,-1.959,180.031,3.466,0.034,-0.064,-1.959,4.637820,-74.083632,0.19,2,1
4011,41683104,-0.597,0.269,-9.977,7.939,3.438,-1.745,179.965,3.486,0.027,-0.061,-1.745,4.637820,-74.083632,0.19,2,1
4012,41693121,-0.563,0.144,-9.838,8.488,4.201,-1.318,179.974,3.499,0.015,-0.057,-1.318,4.637820,-74.083632,0.19,2,1
4013,41703117,-0.556,-0.018,-9.730,8.091,4.841,-0.921,180.061,3.517,-0.002,-0.057,-0.921,4.637820,-74.083632,0.19,2,1
4014,41713106,-0.530,-0.040,-9.622,6.931,4.994,-0.952,180.140,3.525,-0.004,-0.054,-0.952,4.637820,-74.083632,0.19,2,1
4015,41723101,-0.537,-0.025,-9.528,5.955,4.811,-1.013,180.197,3.537,-0.003,-0.055,-1.013,4.637820,-74.083632,0.19,2,1
4016,41733114,-0.535,-0.066,-9.456,5.009,4.262,-1.043,180.260,3.545,-0.007,-0.055,-1.043,4.637820,-74.083632,0.19,2,1
4017,41743093,-0.537,-0.088,-9.468,3.971,3.590,-1.104,180.320,3.546,-0.009,-0.055,-1.104,4.637820,-74.083632,0.19,2,1
4018,41753113,-0.597,-0.112,-9.535,3.025,2.644,-1.470,180.377,3.566,-0.011,-0.061,-1.470,4.637820,-74.083632,0.19,2,1
4019,41763101,-0.635,-0.177,-9.626,2.171,1.668,-2.355,180.452,3.590,-0.018,-0.065,-2.355,4.637820,-74.083632,0.19,2,1
4020,41773109,-0.635,-0.112,-9.790,1.438,1.118,-3.576,180.482,3.603,-0.011,-0.065,-3.576,4.637820,-74.083632,0.19,2,1
4021,41783104,-0.656,0.062,-9.967,0.797,1.332,-4.370,180.425,3.621,0.006,-0.067,-4.370,4.637820,-74.083632,0.19,2,1
4022,41793107,-0.618,0.189,-10.020,0.584,2.278,-4.400,180.313,3.627,0.019,-0.063,-4.400,4.637820,-74.083632,0.19,2,1
4023,41803115,-0.601,0.274,-10.044,1.042,3.651,-3.729,180.178,3.638,0.028,-0.061,-3.729,4.637820,-74.083632,0.19,0,1
4024,41813111,-0.575,0.257,-10.068,1.682,5.025,-2.813,180.067,3.648,0.026,-0.059,-2.813,4.637820,-74.083632,0.19,0,1
4025,41823104,-0.537,0.192,-9.992,2.201,6.428,-2.081,179.998,3.656,0.020,-0.055,-2.081,4.637820,-74.083632,0.19,0,1
4026,41833107,-0.554,0.122,-9.881,2.903,7.374,-1.287,179.971,3.682,0.012,-0.056,-1.287,4.637820,-74.083632,0.19,0,1
4027,41843112,-0.590,0.011,-9.833,3.483,7.741,-0.830,180.001,3.727,0.001,-0.060,-0.830,4.637820,-74.083632,0.19,0,1
4028,41853106,-0.649,-0.151,-9.821,4.124,7.924,-1.196,180.108,3.797,-0.015,-0.066,-1.196,4.637820,-74.083632,0.19,0,1
4029,41863102,-0.699,-0.314,-9.881,4.612,8.473,-2.294,180.283,3.887,-0.032,-0.071,-2.294,4.637820,-74.083632,0.19,0,1
4030,41873118,-0.711,-0.377,-9.946,4.215,9.755,-3.332,180.468,3.985,-0.038,-0.073,-3.332,4.637820,-74.083632,0.19,0,1
4031,41883114,-0.652,-0.527,-9.917,2.873,11.464,-4.064,180.693,4.066,-0.054,-0.066,-4.064,4.637820,-74.083632,0.19,0,1
4032,41893105,-0.511,-0.657,-9.795,1.011,12.379,-4.858,180.945,4.090,-0.067,-0.052,-4.858,4.637820,-74.083632,0.19,0,1
4033,41903101,-0.387,-0.613,-9.756,-0.423,12.074,-6.658,181.145,4.054,-0.063,-0.039,-6.658,4.637820,-74.083632,0.19,0,1
4034,41916682,-0.096,-0.061,-9.783,-0.698,9.572,-10.046,181.076,3.890,-0.006,-0.010,-10.046,4.637820,-74.083632,0.19,0,1
4035,41923096,-0.096,-0.061,-9.783,-0.698,9.572,-10.046,181.015,3.711,-0.006,-0.010,-10.046,4.637820,-74.083632,0.19,0,1
4036,41933114,0.033,-0.032,-9.720,1.225,7.466,-10.168,180.963,3.468,-0.003,0.003,-10.168,4.637820,-74.083632,0.19,0,1
4037,41943104,0.097,-0.085,-9.725,3.269,4.323,-10.046,180.959,3.187,-0.009,0.010,-10.046,4.637820,-74.083632,0.19,0,1
4038,41953113,0.159,-0.044,-9.730,5.070,1.057,-9.985,180.953,2.870,-0.005,0.016,-9.985,4.637820,-74.083632,0.19,0,1
4039,41963104,0.255,-0.100,-9.701,6.413,-2.147,-9.283,180.985,2.505,-0.010,0.026,-9.283,4.637820,-74.083632,0.19,0,1
4040,41973115,0.328,-0.148,-9.768,7.054,-5.229,-8.123,181.042,2.107,-0.015,0.033,-8.123,4.637820,-74.083632,0.19,0,1
4041,41983121,0.214,-0.076,-9.864,7.267,-7.854,-6.597,181.064,1.769,-0.008,0.022,-6.597,4.637820,-74.083632,0.19,0,1
4042,41993108,0.071,-0.037,-9.917,7.908,-10.234,-4.827,181.073,1.499,-0.004,0.007,-4.827,4.637820,-74.083632,0.19,0,1
4043,42003106,-0.115,-0.131,-9.972,9.159,-12.248,-3.607,181.134,1.313,-0.013,-0.012,-3.607,4.637820,-74.083632,0.19,0,1
4044,42013116,-0.315,-0.225,-9.975,10.655,-13.530,-3.301,181.246,1.218,-0.023,-0.032,-3.301,4.637820,-74.083632,0.19,0,1
4045,42023102,-0.473,-0.343,-9.939,11.753,-13.744,-3.576,181.412,1.198,-0.035,-0.048,-3.576,4.637820,-74.083632,0.19,0,1
4046,42033106,-0.642,-0.616,-9.999,12.699,-13.286,-4.339,181.692,1.257,-0.063,-0.065,-4.339,4.637820,-74.083632,0.19,0,1
4047,42043112,-0.666,-0.917,-10.116,11.173,-11.150,-5.194,182.063,1.336,-0.094,-0.068,-5.194,4.637820,-74.083632,0.19,0,1
4048,42053095,-0.570,-0.910,-9.980,8.122,-7.945,-6.475,182.380,1.402,-0.093,-0.058,-6.475,4.637820,-74.083632,0.19,0,1
4049,42063112,-0.528,-0.787,-9.994,5.100,-5.504,-7.421,182.591,1.467,-0.080,-0.054,-7.421,4.637820,-74.083632,0.19,0,1
4050,42073100,-0.516,-0.577,-9.955,2.537,-3.429,-7.604,182.671,1.541,-0.059,-0.053,-7.604,4.637820,-74.083632,0.19,0,1
4051,42083099,-0.501,-0.389,-9.883,1.591,-1.903,-7.726,182.655,1.620,-0.040,-0.051,-7.726,4.637820,-74.083632,0.19,0,1
4052,42093093,-0.427,-0.225,-9.819,2.201,-1.415,-7.788,182.574,1.665,-0.023,-0.044,-7.788,4.637820,-74.083632,0.19,0,1
4053,42103092,-0.437,-0.245,-9.845,3.666,-1.262,-7.726,182.521,1.713,-0.025,-0.045,-7.726,4.637820,-74.083632,0.19,0,1
4054,42113093,-0.399,-0.377,-9.826,5.100,-1.110,-7.696,182.545,1.741,-0.038,-0.041,-7.696,4.637820,-74.083632,0.19,0,1
4055,42123105,-0.368,-0.370,-9.802,6.046,-0.743,-8.093,182.573,1.758,-0.038,-0.038,-8.093,4.637820,-74.083632,0.19,0,1
4056,42133155,-0.361,-0.430,-9.747,6.138,-0.499,-7.696,182.627,1.773,-0.044,-0.037,-7.696,4.637820,-74.083632,0.19,0,1
4057,42143092,-0.377,-0.654,-9.768,5.528,-0.560,-7.482,182.771,1.793,-0.067,-0.038,-7.482,4.637820,-74.083632,0.19,0,1
4058,42153105,-0.353,-0.739,-9.831,4.307,-0.682,-8.245,182.929,1.799,-0.075,-0.036,-8.245,4.637820,-74.083632,0.19,0,1
4059,42163098,-0.265,-0.589,-9.785,2.171,-0.774,-8.856,182.990,1.765,-0.060,-0.027,-8.856,4.637820,-74.083632,0.19,0,1
4060,42173108,-0.146,-0.464,-9.667,0.492,-1.537,-8.550,182.977,1.675,-0.047,-0.015,-8.550,4.637820,-74.083632,0.19,0,1
4061,42183102,-0.108,-0.353,-9.699,-0.454,-2.788,-7.421,182.906,1.562,-0.036,-0.011,-7.421,4.637820,-74.083632,0.19,0,1
4062,42193098,-0.110,-0.324,-9.701,-0.637,-3.826,-6.079,182.825,1.449,-0.033,-0.011,-6.079,4.637820,-74.083632,0.19,0,1
4063,42203092,-0.148,-0.351,-9.720,-0.454,-5.138,-4.827,182.764,1.350,-0.036,-0.015,-4.827,4.637820,-74.083632,0.19,0,1
4064,42213101,-0.220,-0.430,-9.807,-0.271,-6.114,-3.668,182.744,1.281,-0.044,-0.022,-3.668,4.637820,-74.083632,0.19,0,1
4065,42223102,-0.318,-0.486,-9.814,0.218,-6.420,-3.088,182.754,1.257,-0.050,-0.032,-3.088,4.637820,-74.083632,0.19,0,1
4066,42233095,-0.439,-0.536,-9.946,0.187,-6.206,-3.118,182.782,1.289,-0.055,-0.045,-3.118,4.637820,-74.083632,0.19,0,1
4067,42243095,-0.516,-0.517,-10.128,0.004,-5.107,-2.874,182.794,1.358,-0.053,-0.053,-2.874,4.637820,-74.083632,0.19,0,1
4068,42256293,-0.613,-0.483,-10.193,0.736,-0.713,-2.813,182.798,1.501,-0.049,-0.063,-2.813,4.637820,-74.083632,0.19,0,1
4069,42263096,-0.613,-0.483,-10.193,0.736,-0.713,-2.813,182.800,1.638,-0.049,-0.063,-2.813,4.637820,-74.083632,0.19,0,1
4070,42273092,-0.573,-0.568,-10.253,1.377,1.149,-2.447,182.842,1.761,-0.058,-0.058,-2.447,4.637820,-74.083632,0.19,0,1
4071,42283093,-0.461,-0.539,-10.160,1.682,3.010,-2.294,182.874,1.846,-0.055,-0.047,-2.294,4.637820,-74.083632,0.19,0,1
4072,42293092,-0.346,-0.483,-9.927,1.927,4.353,-2.233,182.886,1.890,-0.049,-0.035,-2.233,4.637820,-74.083632,0.19,0,1
4073,42303102,-0.303,-0.490,-9.814,2.567,4.506,-2.111,182.909,1.915,-0.050,-0.031,-2.111,4.637820,-74.083632,0.19,0,1
4074,42313098,-0.229,-0.633,-9.838,3.056,4.078,-1.654,182.997,1.900,-0.065,-0.023,-1.654,4.637820,-74.083632,0.19,0,1
4075,42323093,-0.206,-0.647,-9.915,3.025,3.529,-1.623,183.083,1.870,-0.066,-0.021,-1.623,4.637820,-74.083632,0.19,0,1
4076,42333104,-0.256,-0.474,-9.977,2.995,3.163,-1.837,183.084,1.861,-0.048,-0.026,-1.837,4.637820,-74.083632,0.19,0,1
4077,42343099,-0.187,-0.490,-9.898,3.239,2.949,-0.799,183.096,1.821,-0.050,-0.019,-0.799,4.637820,-74.083632,0.19,0,1
4078,42353091,-0.184,-0.565,-9.931,3.849,2.308,-0.707,183.145,1.776,-0.058,-0.019,-0.707,4.637820,-74.083632,0.19,0,1
4079,42363087,-0.194,-0.527,-9.905,4.429,1.546,-1.196,183.180,1.732,-0.054,-0.020,-1.196,4.637820,-74.083632,0.19,0,1
4080,42373104,-0.129,-0.524,-9.905,5.192,0.508,-1.440,183.217,1.654,-0.053,-0.013,-1.440,4.637820,-74.083632,0.19,0,1
4081,42383099,-0.027,-0.399,-9.946,5.894,-0.347,-1.684,183.203,1.529,-0.041,-0.003,-1.684,4.637820,-74.083632,0.19,0,1
4082,42393091,-0.103,-0.175,-9.907,6.352,-0.835,-0.463,183.095,1.442,-0.018,-0.011,-0.463,4.637820,-74.083632,0.19,0,1
4083,42403103,-0.105,-0.254,-9.867,7.786,-1.110,1.703,183.044,1.361,-0.026,-0.011,1.703,4.637820,-74.083632,0.19,0,1
4084,42413096,-0.110,-0.459,-9.811,8.885,-1.323,3.443,183.100,1.286,-0.047,-0.011,3.443,4.637820,-74.083632,0.19,0,1
4085,42423093,-0.182,-0.580,-9.742,9.007,-1.750,4.297,183.207,1.245,-0.059,-0.019,4.297,4.637820,-74.083632,0.19,0,1
4086,42433107,-0.229,-0.664,-9.763,8.885,-2.361,4.236,183.343,1.223,-0.068,-0.023,4.236,4.637820,-74.083632,0.19,0,1
4087,42443095,-0.353,-0.666,-9.850,8.824,-2.757,3.779,183.466,1.253,-0.068,-0.036,3.779,4.637820,-74.083632,0.19,0,1
4088,42453092,-0.435,-0.705,-9.994,8.915,-2.544,3.046,183.593,1.316,-0.072,-0.044,3.046,4.637820,-74.083632,0.19,0,1
4089,42463087,-0.497,-0.705,-10.032,8.488,-1.506,2.131,183.705,1.409,-0.072,-0.051,2.131,4.637820,-74.083632,0.19,0,1
4090,42473104,-0.513,-0.609,-10.004,8.732,-0.499,1.154,183.770,1.513,-0.062,-0.052,1.154,4.637820,-74.083632,0.19,0,1
4091,42483087,-0.485,-0.592,-9.994,9.525,0.416,0.483,183.830,1.605,-0.060,-0.049,0.483,4.637820,-74.083632,0.19,0,1
4092,42493094,-0.482,-0.572,-9.917,8.244,2.003,0.940,183.867,1.706,-0.058,-0.049,0.940,4.637820,-74.083632,0.19,0,1
4093,42503090,-0.475,-0.707,-9.819,7.816,3.224,1.856,183.960,1.809,-0.072,-0.048,1.856,4.637820,-74.083632,0.19,0,1
4094,42513104,-0.437,-0.770,-9.775,7.298,4.262,1.978,184.070,1.897,-0.079,-0.045,1.978,4.637820,-74.083632,0.19,0,1
4095,42523096,-0.437,-0.801,-9.689,6.352,5.116,1.826,184.180,1.988,-0.082,-0.045,1.826,4.637820,-74.083632,0.19,0,1
4096,42533092,-0.392,-0.857,-9.665,5.589,5.086,1.459,184.300,2.053,-0.087,-0.040,1.459,4.637820,-74.083632,0.19,0,1
4097,42543090,-0.322,-0.770,-9.706,4.734,4.780,1.002,184.363,2.077,-0.079,-0.033,1.002,4.637820,-74.083632,0.19,0,1
4098,42553104,-0.284,-0.635,-9.679,4.124,4.567,1.276,184.356,2.082,-0.065,-0.029,1.276,4.637820,-74.083632,0.19,0,1
4099,42580282,-0.361,-0.852,-9.648,3.483,2.644,2.314,184.504,2.131,-0.087,-0.037,2.314,4.637820,-74.083632,0.19,0,1
4100,42581611,-0.361,-0.852,-9.648,3.483,2.644,2.314,184.613,2.162,-0.087,-0.037,2.314,4.637820,-74.083632,0.19,0,1
4101,42583097,-0.361,-0.852,-9.648,3.483,2.644,2.314,184.684,2.176,-0.087,-0.037,2.314,4.637820,-74.083632,0.19,0,1
4102,42593091,-0.361,-0.965,-9.687,2.476,2.156,1.978,184.793,2.184,-0.098,-0.037,1.978,4.637820,-74.083632,0.19,0,1
4103,42603089,-0.368,-0.912,-9.816,1.652,1.851,1.154,184.853,2.189,-0.093,-0.038,1.154,4.637820,-74.083632,0.19,0,1
4104,42613103,-0.351,-0.760,-9.898,0.706,2.369,0.574,184.822,2.190,-0.078,-0.036,0.574,4.637820,-74.083632,0.19,0,1
4105,42623098,-0.189,-0.840,-9.763,-0.393,2.888,1.368,184.828,2.121,-0.086,-0.019,1.368,4.637820,-74.083632,0.19,0,1
4106,42633098,-0.103,-1.165,-9.725,-4.085,2.522,6.098,184.953,2.014,-0.119,-0.011,6.098,4.637820,-74.083632,0.19,0,1
4107,42643093,-0.291,-1.137,-9.823,-9.182,3.132,8.600,185.002,2.009,-0.116,-0.030,8.600,4.637820,-74.083632,0.19,0,1
4108,42653108,-0.375,-0.746,-9.641,-12.813,4.231,7.990,184.839,2.057,-0.076,-0.038,7.990,4.637820,-74.083632,0.19,0,1
4109,42663102,-0.456,-0.693,-9.735,-11.959,3.010,7.502,184.669,2.126,-0.071,-0.046,7.502,4.637820,-74.083632,0.19,0,1
4110,42673106,-0.518,-0.642,-9.811,-10.372,1.820,5.701,184.502,2.205,-0.065,-0.053,5.701,4.637820,-74.083632,0.19,0,1
4111,42683114,-0.461,-0.430,-9.799,-7.961,0.844,2.924,184.274,2.243,-0.044,-0.047,2.924,4.637820,-74.083632,0.19,0,1
4112,42693106,-0.346,-0.290,-9.833,-4.146,-0.102,0.513,184.036,2.217,-0.030,-0.035,0.513,4.637820,-74.083632,0.19,0,1
4113,42703112,-0.313,-0.290,-9.883,-0.851,-0.408,-0.555,183.846,2.174,-0.030,-0.032,-0.555,4.637820,-74.083632,0.19,0,1
4114,42713108,-0.282,-0.486,-9.958,0.919,-0.163,0.391,183.774,2.122,-0.050,-0.029,0.391,4.637820,-74.083632,0.19,0,1
4115,42723103,-0.241,-0.693,-9.893,0.645,0.386,1.978,183.799,2.062,-0.071,-0.025,1.978,4.637820,-74.083632,0.19,0,1
4116,42733113,-0.234,-0.760,-9.821,-0.851,0.905,2.711,183.841,2.009,-0.078,-0.024,2.711,4.637820,-74.083632,0.19,0,1
4117,42743101,-0.308,-0.688,-9.876,-2.407,1.118,3.199,183.831,1.994,-0.070,-0.031,3.199,4.637820,-74.083632,0.19,0,1
4118,42753110,-0.375,-0.642,-9.917,-3.048,1.118,3.168,183.794,2.010,-0.065,-0.038,3.168,4.637820,-74.083632,0.19,0,1
4119,42763101,-0.377,-0.543,-9.965,-2.834,0.935,2.680,183.717,2.023,-0.055,-0.038,2.680,4.637820,-74.083632,0.19,0,1
4120,42773132,-0.342,-0.406,-9.970,-2.254,0.874,2.497,183.591,2.018,-0.041,-0.035,2.497,4.637820,-74.083632,0.19,0,1
4121,42783108,-0.308,-0.442,-9.905,-1.369,1.118,2.833,183.500,2.003,-0.045,-0.031,2.833,4.637820,-74.083632,0.19,0,1
4122,42793106,-0.346,-0.529,-9.905,-0.759,1.271,3.260,183.460,2.007,-0.054,-0.035,3.260,4.637820,-74.083632,0.19,0,1
4123,42803099,-0.365,-0.611,-9.852,-0.637,1.149,3.321,183.462,2.018,-0.062,-0.037,3.321,4.637820,-74.083632,0.19,0,1
4124,42813122,-0.358,-0.719,-9.833,-0.545,0.935,2.772,183.514,2.024,-0.073,-0.037,2.772,4.637820,-74.083632,0.19,0,1
4125,42823101,-0.330,-0.688,-9.912,-0.362,0.294,1.703,183.546,2.010,-0.070,-0.034,1.703,4.637820,-74.083632,0.19,0,1
4126,42833097,-0.258,-0.522,-10.013,0.065,-0.072,0.696,183.505,1.960,-0.053,-0.026,0.696,4.637820,-74.083632,0.19,0,1
4127,42843110,-0.244,-0.445,-10.032,0.797,0.203,0.391,183.439,1.911,-0.045,-0.025,0.391,4.637820,-74.083632,0.19,0,1
4128,42853097,-0.234,-0.447,-10.068,1.530,0.874,0.727,183.386,1.867,-0.046,-0.024,0.727,4.637820,-74.083632,0.19,0,1
4129,42863108,-0.284,-0.416,-10.092,2.049,1.668,1.612,183.328,1.856,-0.042,-0.029,1.612,4.637820,-74.083632,0.19,0,1
4130,42873106,-0.311,-0.447,-10.078,2.537,2.461,2.558,183.292,1.864,-0.046,-0.032,2.558,4.637820,-74.083632,0.19,0,1
4131,42883106,-0.296,-0.519,-10.092,3.483,3.193,2.711,183.299,1.871,-0.053,-0.030,2.711,4.637820,-74.083632,0.19,0,1
4132,42893106,-0.339,-0.502,-10.080,5.192,3.438,1.612,183.314,1.900,-0.051,-0.035,1.612,4.637820,-74.083632,0.19,0,1
4133,42903101,-0.351,-0.462,-10.116,7.206,3.468,0.788,183.328,1.931,-0.047,-0.036,0.788,4.637820,-74.083632,0.19,0,1
4134,42916697,-0.294,-0.558,-10.152,10.288,3.804,0.757,183.443,1.946,-0.057,-0.030,0.757,4.637820,-74.083632,0.19,0,1
4135,42923109,-0.294,-0.558,-10.152,10.288,3.804,0.757,183.516,1.951,-0.057,-0.030,0.757,4.637820,-74.083632,0.19,0,1
4136,42933111,-0.241,-0.698,-10.107,10.899,4.780,1.520,183.651,1.942,-0.071,-0.025,1.520,4.637820,-74.083632,0.19,0,1
4137,42943103,-0.258,-0.804,-10.018,10.471,5.879,1.978,183.821,1.952,-0.082,-0.026,1.978,4.637820,-74.083632,0.19,0,1
4138,42953133,-0.268,-0.859,-9.910,9.739,6.795,2.039,184.000,1.976,-0.088,-0.027,2.039,4.637820,-74.083632,0.19,0,1
4139,42963104,-0.203,-0.900,-9.787,8.671,7.283,2.405,184.178,1.974,-0.092,-0.021,2.405,4.637820,-74.083632,0.19,0,1
4140,42973107,-0.144,-1.040,-9.665,7.420,7.252,2.680,184.399,1.947,-0.106,-0.015,2.680,4.637820,-74.083632,0.19,0,1
4141,42983111,-0.077,-1.069,-9.552,5.894,6.520,2.466,184.607,1.885,-0.109,-0.008,2.466,4.637820,-74.083632,0.19,0,1
4142,42993115,-0.072,-1.047,-9.482,4.246,5.147,2.100,184.778,1.813,-0.107,-0.007,2.100,4.637820,-74.083632,0.19,0,1
4143,43003099,-0.032,-0.999,-9.463,2.903,3.316,1.490,184.901,1.711,-0.102,-0.003,1.490,4.637820,-74.083632,0.19,0,1
4144,43013109,-0.039,-0.929,-9.494,2.079,0.966,0.940,184.974,1.599,-0.095,-0.004,0.940,4.637820,-74.083632,0.19,0,1
4145,43023104,-0.108,-0.813,-9.554,1.560,-0.804,0.910,184.982,1.511,-0.083,-0.011,0.910,4.637820,-74.083632,0.19,0,1
4146,43033099,-0.144,-0.828,-9.595,0.889,-1.537,1.307,184.987,1.439,-0.084,-0.015,1.307,4.637820,-74.083632,0.19,0,1
4147,43043112,-0.158,-0.922,-9.614,0.248,-2.117,1.429,185.028,1.373,-0.094,-0.016,1.429,4.637820,-74.083632,0.19,0,1
4148,43053112,-0.196,-0.994,-9.660,-0.728,-2.513,1.002,185.087,1.325,-0.101,-0.020,1.002,4.637820,-74.083632,0.19,0,1
4149,43063107,-0.175,-0.927,-9.694,-1.919,-2.635,0.361,185.099,1.270,-0.095,-0.018,0.361,4.637820,-74.083632,0.19,0,1
4150,43073112,-0.182,-0.765,-9.720,-3.200,-2.635,0.239,185.025,1.222,-0.078,-0.019,0.239,4.637820,-74.083632,0.19,0,1
4151,43083090,-0.203,-0.710,-9.823,-3.872,-2.605,0.635,184.922,1.187,-0.072,-0.021,0.635,4.637820,-74.083632,0.19,0,1
4152,43093106,-0.208,-0.717,-9.874,-3.994,-2.330,0.788,184.828,1.159,-0.073,-0.021,0.788,4.637820,-74.083632,0.19,0,1
4153,43103098,-0.237,-0.652,-9.869,-3.628,-2.208,0.635,184.715,1.147,-0.066,-0.024,0.635,4.637820,-74.083632,0.19,0,1
4154,43113109,-0.244,-0.606,-9.939,-2.895,-2.178,0.574,184.596,1.139,-0.062,-0.025,0.574,4.637820,-74.083632,0.19,0,1
4155,43123090,-0.234,-0.637,-9.955,-2.285,-1.781,0.605,184.505,1.130,-0.065,-0.024,0.605,4.637820,-74.083632,0.19,0,1
4156,43133145,-0.249,-0.664,-9.948,-1.675,-1.201,0.696,184.438,1.134,-0.068,-0.025,0.696,4.637820,-74.083632,0.19,0,1
4157,43143102,-0.208,-0.659,-9.883,-1.308,-0.682,1.185,184.380,1.125,-0.067,-0.021,1.185,4.637820,-74.083632,0.19,0,1
4158,43153099,-0.203,-0.739,-9.795,-1.125,-0.499,1.795,184.365,1.117,-0.075,-0.021,1.795,4.637820,-74.083632,0.19,0,1
4159,43163095,-0.203,-0.854,-9.723,-1.400,-0.804,2.100,184.404,1.108,-0.087,-0.021,2.100,4.637820,-74.083632,0.19,0,1
4160,43173101,-0.156,-0.888,-9.617,-1.919,-1.689,1.795,184.453,1.070,-0.091,-0.016,1.795,4.637820,-74.083632,0.19,0,1
4161,43183098,-0.146,-0.864,-9.631,-2.407,-2.910,1.215,184.484,1.020,-0.088,-0.015,1.215,4.637820,-74.083632,0.19,0,1
4162,43193093,-0.127,-0.826,-9.713,-2.956,-3.978,0.910,184.486,0.954,-0.084,-0.013,0.910,4.637820,-74.083632,0.19,0,1
4163,43203093,-0.101,-0.751,-9.768,-3.719,-4.497,1.215,184.446,0.877,-0.077,-0.010,1.215,4.637820,-74.083632,0.19,0,1
4164,43213093,-0.136,-0.695,-9.843,-4.604,-4.772,1.856,184.373,0.818,-0.071,-0.014,1.856,4.637820,-74.083632,0.19,0,1
4165,43223105,-0.115,-0.621,-9.871,-5.092,-4.375,2.619,184.268,0.759,-0.063,-0.012,2.619,4.637820,-74.083632,0.19,0,1
4166,43233099,-0.082,-0.601,-9.891,-5.092,-3.856,3.565,184.162,0.693,-0.061,-0.008,3.565,4.637820,-74.083632,0.19,0,1
4167,43243099,-0.115,-0.570,-9.905,-5.398,-3.429,4.450,184.047,0.651,-0.058,-0.012,4.450,4.637820,-74.083632,0.19,0,1
4168,43253109,-0.129,-0.587,-9.907,-5.337,-3.307,4.938,183.948,0.620,-0.060,-0.013,4.938,4.637820,-74.083632,0.19,0,1
4169,43269035,-0.129,-0.558,-9.826,-3.719,-4.894,4.847,183.840,0.547,-0.057,-0.013,4.847,4.637820,-74.083632,0.19,0,1
4170,43273100,-0.129,-0.558,-9.826,-3.719,-4.894,4.847,183.760,0.510,-0.057,-0.013,4.847,4.637820,-74.083632,0.19,0,1
4171,43283094,-0.151,-0.558,-9.835,-2.468,-6.359,4.419,183.698,0.472,-0.057,-0.015,4.419,4.637820,-74.083632,0.19,0,1
4172,43293091,-0.148,-0.592,-9.768,-1.278,-7.671,3.931,183.669,0.425,-0.060,-0.015,3.931,4.637820,-74.083632,0.19,0,1
4173,43303091,-0.146,-0.572,-9.807,-0.515,-9.014,4.053,183.640,0.367,-0.058,-0.015,4.053,4.637820,-74.083632,0.19,0,1
4174,43313103,-0.167,-0.584,-9.900,0.096,-9.807,4.511,183.622,0.315,-0.060,-0.017,4.511,4.637820,-74.083632,0.19,0,1
4175,43323099,-0.246,-0.597,-9.881,0.401,-9.746,5.305,183.613,0.303,-0.061,-0.025,5.305,4.637820,-74.083632,0.19,0,1
4176,43333091,-0.234,-0.601,-9.857,0.645,-9.288,6.220,183.611,0.291,-0.061,-0.024,6.220,4.637820,-74.083632,0.19,0,1
4177,43343088,-0.196,-0.666,-9.893,0.584,-8.434,7.227,183.636,0.271,-0.068,-0.020,7.227,4.637820,-74.083632,0.19,0,1
4178,43353102,-0.253,-0.806,-9.910,-0.393,-7.244,8.417,183.711,0.287,-0.082,-0.026,8.417,4.637820,-74.083632,0.19,0,1
4179,43363096,-0.270,-0.760,-9.907,-1.766,-5.901,9.516,183.748,0.323,-0.078,-0.028,9.516,4.637820,-74.083632,0.19,0,1
4180,43373090,-0.280,-0.760,-9.912,-3.200,-5.138,10.554,183.769,0.366,-0.078,-0.029,10.554,4.637820,-74.083632,0.19,0,1
4181,43383104,-0.306,-0.833,-9.970,-3.963,-4.802,10.828,183.810,0.420,-0.085,-0.031,10.828,4.637820,-74.083632,0.19,0,1
4182,43393100,-0.332,-0.722,-10.006,-4.665,-4.894,10.676,183.792,0.481,-0.074,-0.034,10.676,4.637820,-74.083632,0.19,0,1
4183,43403101,-0.392,-0.606,-10.090,-4.421,-5.474,10.523,183.725,0.555,-0.062,-0.040,10.523,4.637820,-74.083632,0.19,0,1
4184,43413093,-0.530,-0.512,-10.234,-3.414,-6.053,10.065,183.629,0.676,-0.052,-0.054,10.065,4.637820,-74.083632,0.19,0,1
4185,43423094,-0.609,-0.182,-10.256,-1.339,-6.084,9.607,183.418,0.820,-0.019,-0.062,9.607,4.637820,-74.083632,0.19,0,1
4186,43433091,-0.687,-0.208,-10.292,2.262,-5.290,9.943,183.267,0.993,-0.021,-0.070,9.943,4.637820,-74.083632,0.19,0,1
4187,43443088,-0.799,-0.435,-10.229,5.284,-3.520,9.913,183.253,1.218,-0.044,-0.082,9.913,4.637820,-74.083632,0.19,0,1
4188,43453103,-0.797,-0.592,-10.128,6.931,-1.323,9.272,183.325,1.448,-0.060,-0.081,9.272,4.637820,-74.083632,0.19,0,1
4189,43463101,-0.783,-0.710,-10.025,7.603,1.362,8.631,183.452,1.683,-0.072,-0.080,8.631,4.637820,-74.083632,0.19,0,1
4190,43473106,-0.697,-0.710,-9.852,6.962,3.743,8.265,183.568,1.890,-0.072,-0.071,8.265,4.637820,-74.083632,0.19,0,1
4191,43483097,-0.623,-0.722,-9.629,6.046,5.635,8.356,183.680,2.072,-0.074,-0.064,8.356,4.637820,-74.083632,0.19,0,1
4192,43493091,-0.559,-0.780,-9.425,5.070,7.069,8.539,183.808,2.230,-0.080,-0.057,8.539,4.637820,-74.083632,0.19,0,1
4193,43503088,-0.466,-0.929,-9.240,3.697,7.557,8.417,183.991,2.341,-0.095,-0.047,8.417,4.637820,-74.083632,0.19,0,1
4194,43513102,-0.387,-1.064,-9.168,1.835,6.917,7.624,184.209,2.403,-0.109,-0.039,7.624,4.637820,-74.083632,0.19,0,1
4195,43523101,-0.342,-1.096,-9.206,-0.423,5.696,6.128,184.403,2.426,-0.112,-0.035,6.128,4.637820,-74.083632,0.19,0,1
4196,43533106,-0.351,-0.980,-9.261,-2.895,4.445,4.816,184.502,2.439,-0.100,-0.036,4.816,4.637820,-74.083632,0.19,0,1
4197,43543097,-0.368,-0.816,-9.384,-4.818,3.346,3.992,184.494,2.447,-0.083,-0.038,3.992,4.637820,-74.083632,0.19,0,1
4198,43553091,-0.334,-0.794,-9.518,-6.283,2.675,3.565,184.458,2.431,-0.081,-0.034,3.565,4.637820,-74.083632,0.19,0,1
4199,43591321,-0.349,-0.421,-9.972,-9.090,0.081,4.419,183.961,2.367,-0.043,-0.036,4.419,4.637820,-74.083632,0.19,0,1
4200,43592653,-0.349,-0.421,-9.972,-9.090,0.081,4.419,183.569,2.312,-0.043,-0.036,4.419,4.637820,-74.083632,0.19,0,1
4201,43593975,-0.349,-0.421,-9.972,-9.090,0.081,4.419,183.284,2.268,-0.043,-0.036,4.419,4.637820,-74.083632,0.19,0,1
4202,43595295,-0.442,-0.341,-10.020,-7.992,-0.560,5.182,183.067,2.278,-0.035,-0.045,5.182,4.637820,-74.083632,0.19,0,1
4203,43603092,-0.442,-0.341,-10.020,-7.992,-0.560,5.182,182.890,2.289,-0.035,-0.045,5.182,4.637820,-74.083632,0.19,0,1
4204,43613093,-0.530,-0.430,-10.016,-6.405,-1.445,5.488,182.794,2.336,-0.044,-0.054,5.488,4.637820,-74.083632,0.19,0,1
4205,43623095,-0.561,-0.495,-10.119,-4.635,-2.391,5.060,182.753,2.381,-0.051,-0.057,5.060,4.637820,-74.083632,0.19,0,1
4206,43633101,-0.630,-0.522,-10.150,-3.139,-2.788,4.419,182.742,2.450,-0.053,-0.064,4.419,4.637820,-74.083632,0.19,0,1
4207,43643102,-0.640,-0.609,-10.205,-2.193,-2.513,3.992,182.780,2.516,-0.062,-0.065,3.992,4.637820,-74.083632,0.19,0,1
4208,43653099,-0.618,-0.640,-10.229,-1.919,-1.720,3.748,182.831,2.572,-0.065,-0.063,3.748,4.637820,-74.083632,0.19,0,1
4209,43663092,-0.659,-0.613,-10.095,-2.010,-0.835,3.901,182.867,2.652,-0.063,-0.067,3.901,4.637820,-74.083632,0.19,0,1
4210,43673105,-0.637,-0.712,-9.919,-1.858,-0.438,3.901,182.952,2.724,-0.073,-0.065,3.901,4.637820,-74.083632,0.19,0,1
4211,43683105,-0.587,-0.893,-9.754,-2.102,-0.469,3.534,183.118,2.770,-0.091,-0.060,3.534,4.637820,-74.083632,0.19,0,1
4212,43693106,-0.575,-0.946,-9.583,-2.956,-1.476,2.527,183.294,2.801,-0.096,-0.059,2.527,4.637820,-74.083632,0.19,0,1
4213,43703109,-0.559,-0.881,-9.542,-4.238,-2.910,1.581,183.414,2.810,-0.090,-0.057,1.581,4.637820,-74.083632,0.19,0,1
4214,43713113,-0.594,-0.751,-9.562,-5.489,-4.253,1.063,183.450,2.822,-0.077,-0.061,1.063,4.637820,-74.083632,0.19,0,1
4215,43723117,-0.613,-0.594,-9.744,-5.825,-5.382,0.757,183.400,2.826,-0.061,-0.063,0.757,4.637820,-74.083632,0.19,0,1
4216,43733127,-0.606,-0.553,-9.955,-5.764,-4.833,1.154,183.331,2.825,-0.056,-0.062,1.154,4.637820,-74.083632,0.19,0,1
4217,43743106,-0.668,-0.483,-10.059,-5.611,-3.429,1.856,183.235,2.862,-0.049,-0.068,1.856,4.637820,-74.083632,0.19,0,1
4218,43753107,-0.697,-0.490,-10.078,-5.123,-1.934,2.619,183.154,2.922,-0.050,-0.071,2.619,4.637820,-74.083632,0.19,0,1
4219,43763104,-0.702,-0.543,-10.073,-4.268,-0.530,2.955,183.111,2.992,-0.055,-0.072,2.955,4.637820,-74.083632,0.19,0,1
4220,43773104,-0.647,-0.589,-10.078,-3.475,0.508,2.863,183.098,3.042,-0.060,-0.066,2.863,4.637820,-74.083632,0.19,0,1
4221,43783117,-0.592,-0.633,-10.011,-3.353,1.362,2.924,183.108,3.073,-0.065,-0.060,2.924,4.637820,-74.083632,0.19,0,1
4222,43793107,-0.566,-0.606,-9.919,-3.689,1.362,3.260,183.105,3.093,-0.062,-0.058,3.260,4.637820,-74.083632,0.19,0,1
4223,43803102,-0.542,-0.717,-9.898,-3.658,0.477,3.687,183.153,3.093,-0.073,-0.055,3.687,4.637820,-74.083632,0.19,0,1
4224,43813112,-0.518,-0.816,-9.919,-3.719,-0.804,3.229,183.238,3.070,-0.083,-0.053,3.229,4.637820,-74.083632,0.19,0,1
4225,43823103,-0.537,-0.821,-9.955,-4.574,-2.147,2.588,183.311,3.043,-0.084,-0.055,2.588,4.637820,-74.083632,0.19,0,1
4226,43833116,-0.549,-0.558,-9.999,-5.520,-3.490,2.100,183.252,3.011,-0.057,-0.056,2.100,4.637820,-74.083632,0.19,0,1
4227,43843107,-0.513,-0.355,-10.042,-6.161,-4.802,2.466,183.102,2.953,-0.036,-0.052,2.466,4.637820,-74.083632,0.19,0,0
4228,43853105,-0.508,-0.230,-10.042,-6.161,-5.992,2.833,182.910,2.887,-0.023,-0.052,2.833,4.637820,-74.083632,0.19,0,0
4229,43863095,-0.506,-0.015,-10.040,-4.604,-7.060,3.168,182.653,2.814,-0.002,-0.052,3.168,4.637820,-74.083632,0.19,0,0
4230,43873142,-0.458,0.146,-10.013,-1.369,-7.396,3.657,182.374,2.724,0.015,-0.047,3.657,4.637820,-74.083632,0.19,0,0
4231,43883097,-0.492,0.079,-9.948,2.049,-6.084,4.816,182.178,2.669,0.008,-0.050,4.816,4.637820,-74.083632,0.19,0,0
4232,43893103,-0.494,-0.442,-9.994,4.795,-3.185,6.281,182.251,2.644,-0.045,-0.050,6.281,4.637820,-74.083632,0.19,0,0
4233,43903102,-0.351,-0.691,-9.814,4.826,0.722,7.532,182.432,2.598,-0.070,-0.036,7.532,4.637820,-74.083632,0.19,0,0
4234,43918970,-0.160,-1.030,-9.432,1.377,6.856,9.821,182.756,2.557,-0.105,-0.016,9.821,4.637820,-74.083632,0.19,0,0
4235,43923098,-0.160,-1.030,-9.432,1.377,6.856,9.821,183.045,2.488,-0.105,-0.016,9.821,4.637820,-74.083632,0.19,0,0
4236,43933099,-0.055,-1.035,-9.300,-0.851,8.442,10.920,183.298,2.390,-0.106,-0.006,10.920,4.637820,-74.083632,0.19,0,0
4237,43943103,0.052,-0.951,-9.182,-2.987,8.504,11.957,183.476,2.249,-0.097,0.005,11.957,4.637820,-74.083632,0.19,0,0
4238,43953108,0.059,-0.905,-9.199,-4.696,7.161,13.209,183.601,2.104,-0.092,0.006,13.209,4.637820,-74.083632,0.19,0,0
4239,43963100,-0.003,-0.883,-9.333,-5.977,4.201,13.910,183.688,1.974,-0.090,-0.000,13.910,4.637820,-74.083632,0.19,0,0
4240,43973101,-0.177,-0.886,-9.571,-6.771,0.111,13.605,183.751,1.896,-0.090,-0.018,13.605,4.637820,-74.083632,0.19,0,0
4241,43983094,-0.368,-0.871,-9.835,-7.198,-3.856,12.354,183.787,1.872,-0.089,-0.038,12.354,4.637820,-74.083632,0.19,0,0
4242,43993105,-0.582,-0.703,-10.215,-7.625,-7.183,10.737,183.729,1.905,-0.072,-0.059,10.737,4.637820,-74.083632,0.19,0,0
4243,44003102,-0.768,-0.505,-10.529,-7.381,-8.953,9.150,183.587,1.989,-0.051,-0.078,9.150,4.637820,-74.083632,0.19,0,0
4244,44013117,-1.033,-0.252,-10.839,-6.557,-9.288,7.807,183.354,2.162,-0.026,-0.105,7.807,4.637820,-74.083632,0.19,0,0
4245,44023091,-1.379,0.271,-10.587,-3.963,-9.319,6.556,182.949,2.472,0.028,-0.141,6.556,4.637820,-74.083632,0.19,0,0
4246,44033099,-0.740,0.305,-10.916,0.767,-10.417,6.006,182.608,2.477,0.031,-0.075,6.006,4.637820,-74.083632,0.19,0,0
4247,44043105,-0.458,0.508,-11.060,5.100,-8.098,5.457,182.255,2.387,0.052,-0.047,5.457,4.637820,-74.083632,0.19,0,0
4248,44053102,-0.945,0.860,-10.477,6.016,-5.504,7.715,181.780,2.539,0.088,-0.096,7.715,4.637820,-74.083632,0.19,0,0
4249,44063095,-1.212,0.450,-10.179,9.037,-4.863,10.340,181.535,2.812,0.046,-0.124,10.340,4.637820,-74.083632,0.19,0,0
4250,44073099,-1.145,0.001,-10.143,11.418,-4.436,9.852,181.523,3.042,0.000,-0.117,9.852,4.637820,-74.083632,0.19,0,0
4251,44083089,-1.102,-0.211,-9.958,12.333,-3.948,7.227,181.615,3.249,-0.021,-0.112,7.227,4.637820,-74.083632,0.19,0,0
4252,44093096,-1.209,-0.300,-9.948,11.662,-3.948,4.908,181.732,3.486,-0.031,-0.123,4.908,4.637820,-74.083632,0.19,0,0
4253,44103090,-1.312,-0.305,-10.049,10.166,-2.910,2.649,181.827,3.754,-0.031,-0.134,2.649,4.637820,-74.083632,0.19,0,0
4254,44113095,-1.291,-0.100,-10.133,8.793,-0.041,0.239,181.813,4.015,-0.010,-0.132,0.239,4.637820,-74.083632,0.19,0,0
4255,44123090,-1.207,0.180,-10.203,8.457,3.865,-0.952,181.677,4.252,0.018,-0.123,-0.952,4.637820,-74.083632,0.19,0,0
4256,44133146,-1.155,0.238,-10.143,8.610,8.931,-0.494,181.527,4.499,0.024,-0.118,-0.494,4.637820,-74.083632,0.19,0,0
4257,44143089,-1.019,0.199,-9.953,8.701,14.424,0.635,181.404,4.729,0.020,-0.104,0.635,4.637820,-74.083632,0.19,0,0
4258,44153095,-0.821,0.023,-9.658,8.793,19.337,2.131,181.369,4.911,0.002,-0.084,2.131,4.637820,-74.083632,0.19,0,0
4259,44163090,-0.561,-0.259,-9.369,7.633,22.358,4.053,181.456,4.997,-0.026,-0.057,4.053,4.637820,-74.083632,0.19,0,0
4260,44173097,-0.451,-0.539,-9.201,5.009,23.488,5.854,181.648,5.041,-0.055,-0.046,5.854,4.637820,-74.083632,0.19,0,0
4261,44183090,-0.353,-0.744,-9.113,2.506,22.969,6.952,181.902,5.031,-0.076,-0.036,6.952,4.637820,-74.083632,0.19,0,0
4262,44193095,-0.282,-0.840,-9.093,0.157,20.833,7.227,182.162,4.968,-0.086,-0.029,7.227,4.637820,-74.083632,0.19,0,0
4263,44203090,-0.282,-0.850,-9.281,-2.193,18.483,7.075,182.376,4.885,-0.087,-0.029,7.075,4.637820,-74.083632,0.19,0,0
4264,44213096,-0.339,-0.823,-9.449,-3.200,16.163,6.769,182.546,4.812,-0.084,-0.035,6.769,4.637820,-74.083632,0.19,0,0
4265,44223090,-0.356,-0.797,-9.605,-3.445,13.905,6.495,182.683,4.728,-0.081,-0.036,6.495,4.637820,-74.083632,0.19,0,0
4266,44233096,-0.485,-0.821,-9.941,-5.398,12.806,6.922,182.789,4.691,-0.084,-0.049,6.922,4.637820,-74.083632,0.19,0,0
4267,44243091,-0.435,-0.816,-9.797,-3.139,12.379,6.251,182.911,4.634,-0.083,-0.044,6.251,4.637820,-74.083632,0.19,0,0
4268,44256178,-0.439,-1.018,-10.179,1.866,13.020,4.847,183.153,4.612,-0.104,-0.045,4.847,4.637820,-74.083632,0.19,0,0
4269,44263092,-0.439,-1.018,-10.179,1.866,13.020,4.847,183.370,4.558,-0.104,-0.045,4.847,4.637820,-74.083632,0.19,0,0
4270,44273098,-0.344,-1.288,-10.188,2.506,13.386,3.229,183.692,4.470,-0.131,-0.035,3.229,4.637820,-74.083632,0.19,0,0
4271,44283092,-0.256,-1.325,-10.229,1.103,13.691,1.276,183.988,4.354,-0.135,-0.026,1.276,4.637820,-74.083632,0.19,0,0
4272,44293097,-0.146,-1.267,-10.160,-0.240,13.814,-0.036,184.227,4.202,-0.129,-0.015,-0.036,4.637820,-74.083632,0.19,0,0
4273,44303093,-0.070,-1.091,-10.136,-1.827,13.661,-1.165,184.359,4.028,-0.111,-0.007,-1.165,4.637820,-74.083632,0.19,0,0
4274,44313090,0.088,-0.852,-10.104,-2.193,13.081,-2.203,184.376,3.794,-0.087,0.009,-2.203,4.637820,-74.083632,0.19,0,0
4275,44323090,0.212,-0.700,-10.136,-1.430,11.647,-2.905,184.331,3.511,-0.071,0.022,-2.905,4.637820,-74.083632,0.19,0,0
4276,44333098,0.293,-0.556,-10.116,0.096,9.785,-3.546,184.242,3.198,-0.057,0.030,-3.546,4.637820,-74.083632,0.19,0,0
4277,44343093,0.336,-0.433,-10.152,2.323,8.107,-3.912,184.127,2.876,-0.044,0.034,-3.912,4.637820,-74.083632,0.19,0,0
4278,44353096,0.407,-0.433,-10.297,4.246,6.703,-3.515,184.036,2.537,-0.044,0.042,-3.515,4.637820,-74.083632,0.19,0,0
4279,44363093,0.488,-0.326,-10.337,5.589,6.093,-2.661,183.919,2.185,-0.033,0.050,-2.661,4.637820,-74.083632,0.19,0,0
4280,44373097,0.495,-0.073,-10.282,6.870,5.452,-1.104,183.715,1.850,-0.007,0.051,-1.104,4.637820,-74.083632,0.19,0,0
4281,44383092,0.498,-0.008,-10.285,9.770,4.811,0.910,183.526,1.533,-0.001,0.051,0.910,4.637820,-74.083632,0.19,0,0
4282,44393097,0.450,-0.011,-10.104,12.211,4.811,3.199,183.375,1.258,-0.001,0.046,3.199,4.637820,-74.083632,0.19,0,0
4283,44403092,0.445,-0.110,-9.855,14.317,4.933,5.549,183.299,1.002,-0.011,0.045,5.549,4.637820,-74.083632,0.19,0,0
4284,44413096,0.476,-0.486,-9.619,15.446,4.384,8.204,183.412,0.742,-0.050,0.049,8.204,4.637820,-74.083632,0.19,0,0
4285,44423094,0.448,-0.891,-9.446,14.286,3.010,9.699,183.696,0.499,-0.091,0.046,9.699,4.637820,-74.083632,0.19,0,0
4286,44433096,0.362,-1.038,-9.367,12.028,0.966,9.852,184.008,0.294,-0.106,0.037,9.852,4.637820,-74.083632,0.19,0,0
4287,44443092,0.200,-0.958,-9.434,9.464,-1.262,9.607,184.234,0.160,-0.098,0.020,9.607,4.637820,-74.083632,0.19,0,0
4288,44453098,0.097,-0.801,-9.569,7.725,-3.581,9.119,184.348,0.062,-0.082,0.010,9.119,4.637820,-74.083632,0.19,0,0
4289,44463092,0.028,-0.522,-9.780,7.237,-4.833,8.265,184.318,-0.008,-0.053,0.003,8.265,4.637820,-74.083632,0.19,0,0
4290,44473097,-0.094,-0.184,-9.819,8.183,-4.527,8.356,184.147,-0.016,-0.019,-0.010,8.356,4.637820,-74.083632,0.19,0,0
4291,44483092,-0.196,-0.151,-9.732,9.800,-2.910,9.852,183.990,0.038,-0.015,-0.020,9.852,4.637820,-74.083632,0.19,0,0
4292,44493096,-0.206,-0.457,-9.552,11.295,-1.048,11.378,184.000,0.112,-0.047,-0.021,11.378,4.637820,-74.083632,0.19,0,0
4293,44503093,-0.229,-0.912,-9.396,11.234,0.325,12.018,184.223,0.204,-0.093,-0.023,12.018,4.637820,-74.083632,0.19,0,0
4294,44513090,-0.294,-1.450,-9.235,5.558,-0.072,10.218,184.633,0.317,-0.148,-0.030,10.218,4.637820,-74.083632,0.19,0,0
4295,44523092,-0.299,-1.476,-9.321,1.316,-1.171,8.661,184.980,0.412,-0.151,-0.030,8.661,4.637820,-74.083632,0.19,0,0
4296,44533097,-0.353,-1.262,-9.439,-2.285,-2.361,6.800,185.160,0.513,-0.129,-0.036,6.800,4.637820,-74.083632,0.19,0,0
4297,44543092,-0.401,-0.975,-9.590,-4.391,-3.368,5.060,185.170,0.617,-0.099,-0.041,5.060,4.637820,-74.083632,0.19,0,0
4298,44553097,-0.406,-0.789,-9.650,-5.123,-3.795,4.175,185.086,0.709,-0.080,-0.041,4.175,4.637820,-74.083632,0.19,0,0
4299,44582115,-0.530,-0.936,-9.912,-6.313,-5.596,2.894,184.950,0.740,-0.095,-0.054,2.894,4.637820,-74.083632,0.19,0,0
4300,44583437,-0.568,-0.891,-10.215,-8.083,-6.206,2.009,184.805,0.829,-0.091,-0.058,2.009,4.637820,-74.083632,0.19,0,0
4301,44584756,-0.568,-0.891,-10.215,-8.083,-6.206,2.009,184.737,0.962,-0.091,-0.058,2.009,4.637820,-74.083632,0.19,0,0
4302,44593093,-0.644,-0.707,-10.414,-8.816,-6.481,1.246,184.583,1.118,-0.072,-0.066,1.246,4.637820,-74.083632,0.19,0,0
4303,44603091,-0.721,-0.457,-10.614,-8.388,-6.175,0.696,184.327,1.289,-0.047,-0.073,0.696,4.637820,-74.083632,0.19,0,0
4304,44613093,-0.714,-0.276,-10.789,-6.924,-5.046,0.605,184.025,1.445,-0.028,-0.073,0.605,4.637820,-74.083632,0.19,0,0
4305,44623091,-0.721,-0.122,-10.923,-4.635,-2.880,0.727,183.703,1.603,-0.012,-0.073,0.727,4.637820,-74.083632,0.19,0,0
4306,44633149,-0.718,-0.047,-10.859,-1.705,-0.102,1.368,183.406,1.773,-0.005,-0.073,1.368,4.637820,-74.083632,0.19,0,0
4307,44643084,-0.683,-0.088,-10.659,1.591,2.553,2.222,183.185,1.942,-0.009,-0.070,2.222,4.637820,-74.083632,0.19,0,0
4308,44653095,-0.578,-0.273,-10.285,4.704,4.567,2.772,183.096,2.078,-0.028,-0.059,2.772,4.637820,-74.083632,0.19,0,0
4309,44663099,-0.480,-0.517,-9.943,6.901,5.452,2.711,183.151,2.175,-0.053,-0.049,2.711,4.637820,-74.083632,0.19,0,0
4310,44673104,-0.437,-0.722,-9.660,7.755,5.238,2.070,183.312,2.248,-0.074,-0.045,2.070,4.637820,-74.083632,0.19,0,0
4311,44683096,-0.389,-0.895,-9.487,7.389,4.628,0.879,183.545,2.290,-0.091,-0.040,0.879,4.637820,-74.083632,0.19,0,0
4312,44693116,-0.356,-1.004,-9.391,6.077,4.109,-0.555,183.802,2.310,-0.102,-0.036,-0.555,4.637820,-74.083632,0.19,0,0
4313,44703100,-0.332,-1.030,-9.367,3.788,3.773,-1.837,184.031,2.315,-0.105,-0.034,-1.837,4.637820,-74.083632,0.19,0,0
4314,44713105,-0.313,-1.040,-9.470,1.286,3.499,-2.996,184.218,2.306,-0.106,-0.032,-2.996,4.637820,-74.083632,0.19,0,0
4315,44723094,-0.313,-0.876,-9.605,-0.820,3.377,-4.583,184.288,2.295,-0.089,-0.032,-4.583,4.637820,-74.083632,0.19,0,0
4316,44733094,-0.301,-0.650,-9.785,-1.705,3.529,-5.926,184.236,2.278,-0.066,-0.031,-5.926,4.637820,-74.083632,0.19,0,0
4317,44743108,-0.289,-0.486,-9.972,-1.675,4.292,-6.567,184.110,2.263,-0.050,-0.029,-6.567,4.637820,-74.083632,0.19,0,0
4318,44753101,-0.277,-0.401,-10.080,-1.156,6.032,-6.689,183.959,2.258,-0.041,-0.028,-6.689,4.637820,-74.083632,0.19,0,0
4319,44763099,-0.194,-0.413,-10.088,-0.515,8.259,-6.170,183.831,2.237,-0.042,-0.020,-6.170,4.637820,-74.083632,0.19,0,0
4320,44773109,-0.077,-0.500,-10.001,-0.149,10.274,-5.438,183.757,2.187,-0.051,-0.008,-5.438,4.637820,-74.083632,0.19,0,0
4321,44783101,0.045,-0.551,-9.840,-0.393,11.433,-4.675,183.711,2.097,-0.056,0.005,-4.675,4.637820,-74.083632,0.19,0,0
4322,44793103,0.171,-0.604,-9.703,-0.912,11.464,-4.370,183.692,1.957,-0.062,0.017,-4.370,4.637820,-74.083632,0.19,0,0
4323,44803092,0.283,-0.604,-9.600,-1.339,10.670,-4.278,183.674,1.769,-0.062,0.029,-4.278,4.637820,-74.083632,0.19,0,0
4324,44813100,0.362,-0.570,-9.514,-1.919,9.389,-3.912,183.638,1.546,-0.058,0.037,-3.912,4.637820,-74.083632,0.19,0,0
4325,44823098,0.393,-0.551,-9.509,-2.621,7.161,-3.240,183.590,1.306,-0.056,0.040,-3.240,4.637820,-74.083632,0.19,0,0
4326,44833130,0.369,-0.546,-9.581,-2.773,4.567,-2.935,183.540,1.072,-0.056,0.038,-2.935,4.637820,-74.083632,0.19,0,0
4327,44843099,0.288,-0.495,-9.653,-2.712,1.668,-2.813,183.470,0.867,-0.051,0.029,-2.813,4.637820,-74.083632,0.19,0,0
4328,44853105,0.207,-0.452,-9.768,-2.132,-0.713,-2.935,183.389,0.694,-0.046,0.021,-2.935,4.637820,-74.083632,0.19,0,0
4329,44863094,0.135,-0.474,-9.903,-1.308,-2.239,-3.027,183.328,0.552,-0.048,0.014,-3.027,4.637820,-74.083632,0.19,0,0
4330,44873115,0.047,-0.495,-10.020,-0.576,-2.605,-2.905,183.286,0.458,-0.051,0.005,-2.905,4.637820,-74.083632,0.19,0,0
4331,44883096,-0.020,-0.541,-10.073,-0.210,-1.872,-2.539,183.268,0.406,-0.055,-0.002,-2.539,4.637820,-74.083632,0.19,0,0
4332,44893099,-0.063,-0.645,-10.102,0.157,-0.591,-2.294,183.300,0.388,-0.066,-0.006,-2.294,4.637820,-74.083632,0.19,0,0
4333,44903094,-0.082,-0.724,-10.040,0.279,0.905,-2.294,183.367,0.394,-0.074,-0.008,-2.294,4.637820,-74.083632,0.19,0,0
4334,44916589,-0.036,-0.799,-9.972,0.004,2.278,-2.447,183.463,0.397,-0.081,-0.004,-2.447,4.637820,-74.083632,0.19,0,0
4335,44923100,0.028,-0.777,-9.886,-0.576,3.621,-2.600,183.539,0.379,-0.079,0.003,-2.600,4.637820,-74.083632,0.19,0,0
4336,44933108,0.088,-0.712,-9.756,-1.125,4.262,-2.355,183.579,0.341,-0.073,0.009,-2.355,4.637820,-74.083632,0.19,0,0
4337,44943102,0.159,-0.715,-9.636,-1.613,3.987,-2.050,183.616,0.270,-0.073,0.016,-2.050,4.637820,-74.083632,0.19,0,0
4338,44953103,0.190,-0.741,-9.600,-2.132,3.010,-1.776,183.659,0.182,-0.076,0.019,-1.776,4.637820,-74.083632,0.19,0,0
4339,44963104,0.176,-0.758,-9.638,-2.621,1.484,-1.806,183.701,0.093,-0.077,0.018,-1.806,4.637820,-74.083632,0.19,0,0
4340,44973107,0.131,-0.748,-9.749,-2.956,-0.194,-1.928,183.727,0.017,-0.076,0.013,-1.928,4.637820,-74.083632,0.19,0,0
4341,44983104,0.073,-0.597,-9.876,-2.956,-1.537,-2.264,183.680,-0.039,-0.061,0.007,-2.264,4.637820,-74.083632,0.19,0,0
4342,44993098,-0.010,-0.380,-9.965,-2.193,-1.720,-2.325,183.546,-0.056,-0.039,-0.001,-2.325,4.637820,-74.083632,0.19,0,0
4343,45003102,-0.046,-0.370,-9.987,-0.667,-0.621,-1.654,183.432,-0.045,-0.038,-0.005,-1.654,4.637820,-74.083632,0.19,0,0
4344,45013133,-0.063,-0.582,-9.934,0.431,1.240,-0.799,183.431,-0.011,-0.059,-0.006,-0.799,4.637820,-74.083632,0.19,0,0
4345,45023102,0.009,-0.867,-9.814,0.340,3.377,-0.036,183.558,0.009,-0.088,0.001,-0.036,4.637820,-74.083632,0.19,0,0
4346,45033102,0.147,-1.081,-9.617,-1.034,4.933,0.361,183.768,-0.021,-0.110,0.015,0.361,4.637820,-74.083632,0.19,0,0
4347,45043094,0.274,-1.122,-9.437,-3.200,5.330,0.574,183.970,-0.104,-0.114,0.028,0.574,4.637820,-74.083632,0.19,0,0
4348,45053108,0.336,-1.071,-9.406,-5.581,5.177,0.940,184.113,-0.212,-0.109,0.034,0.940,4.637820,-74.083632,0.19,0,0
4349,45063097,0.333,-0.951,-9.434,-7.778,4.689,1.887,184.168,-0.314,-0.097,0.034,1.887,4.637820,-74.083632,0.19,0,0
4350,45073099,0.317,-0.985,-9.506,-9.212,3.560,2.741,184.217,-0.411,-0.100,0.032,2.741,4.637820,-74.083632,0.19,0,0
4351,45083092,0.255,-1.052,-9.641,-9.823,2.003,2.863,184.281,-0.484,-0.107,0.026,2.863,4.637820,-74.083632,0.19,0,0
4352,45093097,0.255,-1.028,-9.831,-10.311,0.203,2.161,184.316,-0.566,-0.105,0.026,2.161,4.637820,-74.083632,0.19,0,0
4353,45103093,0.259,-0.867,-10.119,-10.586,-1.110,1.673,184.264,-0.653,-0.088,0.026,1.673,4.637820,-74.083632,0.19,0,0
4354,45113096,0.233,-0.654,-10.342,-10.403,-1.140,2.497,184.120,-0.720,-0.067,0.024,2.497,4.637820,-74.083632,0.19,0,0
4355,45123092,0.233,-0.601,-10.441,-9.823,-0.560,4.358,183.967,-0.776,-0.061,0.024,4.358,4.637820,-74.083632,0.19,0,0
4356,45133100,0.243,-0.609,-10.455,-8.694,-0.225,6.220,183.840,-0.829,-0.062,0.025,6.220,4.637820,-74.083632,0.19,0,0
4357,45143093,0.247,-0.642,-10.409,-7.137,-0.896,7.410,183.751,-0.886,-0.065,0.025,7.410,4.637820,-74.083632,0.19,0,0
4358,45153097,0.286,-0.637,-10.309,-5.855,-2.849,7.807,183.682,-0.974,-0.065,0.029,7.807,4.637820,-74.083632,0.19,0,0
4359,45163092,0.238,-0.543,-10.306,-3.841,-5.901,7.746,183.597,-1.063,-0.055,0.024,7.746,4.637820,-74.083632,0.19,0,0
4360,45173098,0.154,-0.457,-10.402,-1.095,-8.892,7.258,183.506,-1.137,-0.047,0.016,7.258,4.637820,-74.083632,0.19,0,0
4361,45183093,0.050,-0.367,-10.493,2.049,-10.692,6.983,183.412,-1.178,-0.037,0.005,6.983,4.637820,-74.083632,0.19,0,0
4362,45193097,0.009,-0.418,-10.467,4.795,-10.784,6.983,183.372,-1.200,-0.043,0.001,6.983,4.637820,-74.083632,0.19,0,0
4363,45203092,-0.136,-0.507,-10.491,6.535,-9.777,7.319,183.387,-1.151,-0.052,-0.014,7.319,4.637820,-74.083632,0.19,0,0
4364,45213097,-0.127,-0.744,-10.311,7.389,-7.945,8.051,183.513,-1.091,-0.076,-0.013,8.051,4.637820,-74.083632,0.19,0,0
4365,45223094,-0.132,-0.895,-10.138,7.420,-6.084,7.532,183.700,-1.016,-0.091,-0.013,7.532,4.637820,-74.083632,0.19,0,0
4366,45233096,-0.117,-0.854,-9.996,6.748,-4.375,6.586,183.854,-0.936,-0.087,-0.012,6.586,4.637820,-74.083632,0.19,0,0
4367,45243093,-0.063,-0.758,-9.831,6.321,-3.429,6.037,183.956,-0.877,-0.077,-0.006,6.037,4.637820,-74.083632,0.19,0,0
4368,45256225,-0.022,-0.698,-9.650,5.955,-2.757,5.518,184.043,-0.842,-0.071,-0.002,5.518,4.637820,-74.083632,0.19,0,0
4369,45263090,0.054,-0.664,-9.566,5.863,-2.513,4.999,184.093,-0.833,-0.068,0.006,4.999,4.637820,-74.083632,0.19,0,0
4370,45273095,0.100,-0.616,-9.566,5.772,-2.849,4.511,184.115,-0.849,-0.063,0.010,4.511,4.637820,-74.083632,0.19,0,0
4371,45283090,0.097,-0.527,-9.518,5.375,-3.154,4.328,184.093,-0.866,-0.054,0.010,4.328,4.637820,-74.083632,0.19,0,0
4372,45293095,0.066,-0.546,-9.514,5.131,-3.490,4.511,184.079,-0.871,-0.056,0.007,4.511,4.637820,-74.083632,0.19,0,0
4373,45303090,0.038,-0.584,-9.562,4.765,-3.520,4.542,184.080,-0.861,-0.060,0.004,4.542,4.637820,-74.083632,0.19,0,0
4374,45313095,0.026,-0.587,-9.607,4.002,-3.215,4.206,184.073,-0.845,-0.060,0.003,4.206,4.637820,-74.083632,0.19,0,0
4375,45323090,0.026,-0.534,-9.653,3.208,-2.513,4.023,184.034,-0.823,-0.054,0.003,4.023,4.637820,-74.083632,0.19,0,0
4376,45333095,0.040,-0.454,-9.646,2.598,-1.567,4.175,183.957,-0.801,-0.046,0.004,4.175,4.637820,-74.083632,0.19,0,0
4377,45343090,0.085,-0.329,-9.624,1.957,-0.347,4.511,183.823,-0.790,-0.034,0.009,4.511,4.637820,-74.083632,0.19,0,0
4378,45353095,0.147,-0.269,-9.586,1.652,0.722,5.243,183.669,-0.798,-0.027,0.015,5.243,4.637820,-74.083632,0.19,0,0
4379,45363090,0.202,-0.300,-9.545,1.408,1.729,6.281,183.540,-0.822,-0.031,0.021,6.281,4.637820,-74.083632,0.19,0,0
4380,45373095,0.271,-0.312,-9.434,0.492,2.583,7.532,183.420,-0.869,-0.032,0.028,7.532,4.637820,-74.083632,0.19,0,0
4381,45383090,0.302,-0.401,-9.345,-0.759,2.583,9.089,183.341,-0.928,-0.041,0.031,9.089,4.637820,-74.083632,0.19,0,0
4382,45393095,0.317,-0.452,-9.314,-1.797,1.698,10.065,183.282,-0.998,-0.046,0.032,10.065,4.637820,-74.083632,0.19,0,0
4383,45403090,0.283,-0.517,-9.350,-2.834,0.081,10.218,183.248,-1.062,-0.053,0.029,10.218,4.637820,-74.083632,0.19,0,0
4384,45413096,0.193,-0.515,-9.518,-3.445,-1.903,9.821,183.205,-1.095,-0.052,0.020,9.821,4.637820,-74.083632,0.19,0,0
4385,45423090,0.085,-0.437,-9.720,-4.116,-3.398,9.394,183.120,-1.089,-0.045,0.009,9.394,4.637820,-74.083632,0.19,0,0
4386,45433094,0.004,-0.343,-9.850,-4.085,-4.131,9.211,182.998,-1.054,-0.035,0.000,9.211,4.637820,-74.083632,0.19,0,0
4387,45443090,-0.129,-0.247,-10.064,-3.536,-4.344,9.058,182.845,-0.966,-0.025,-0.013,9.058,4.637820,-74.083632,0.19,0,0
4388,45453095,-0.179,-0.175,-10.136,-2.712,-3.978,9.577,182.679,-0.860,-0.018,-0.018,9.577,4.637820,-74.083632,0.19,0,0
4389,45463090,-0.198,-0.196,-10.109,-1.003,-3.307,10.035,182.551,-0.747,-0.020,-0.020,10.035,4.637820,-74.083632,0.19,0,0
4390,45473095,-0.272,-0.435,-10.112,0.218,-2.544,10.096,182.547,-0.604,-0.044,-0.028,10.096,4.637820,-74.083632,0.19,0,0
4391,45483090,-0.294,-0.647,-10.035,0.340,-1.903,9.791,182.638,-0.456,-0.066,-0.030,9.791,4.637820,-74.083632,0.19,0,0
4392,45493097,-0.337,-0.789,-10.008,-0.088,-1.659,8.753,182.781,-0.298,-0.080,-0.034,8.753,4.637820,-74.083632,0.19,0,0
4393,45503090,-0.365,-0.809,-10.100,-0.973,-1.750,6.891,182.910,-0.142,-0.082,-0.037,6.891,4.637820,-74.083632,0.19,0,0
4394,45513097,-0.373,-0.616,-10.174,-1.949,-1.689,4.786,182.935,0.005,-0.063,-0.038,4.786,4.637820,-74.083632,0.19,0,0
4395,45523090,-0.444,-0.290,-10.287,-1.644,-1.140,3.504,182.820,0.175,-0.030,-0.045,3.504,4.637820,-74.083632,0.19,0,0
4396,45533097,-0.370,-0.153,-10.292,-0.454,0.142,3.657,182.667,0.312,-0.016,-0.038,3.657,4.637820,-74.083632,0.19,0,0
4397,45543090,-0.363,-0.187,-10.179,1.469,1.423,4.175,182.558,0.449,-0.019,-0.037,4.175,4.637820,-74.083632,0.19,0,0
4398,45553096,-0.332,-0.266,-10.013,3.391,2.675,4.511,182.512,0.576,-0.027,-0.034,4.511,4.637820,-74.083632,0.19,0,0
4399,45581183,-0.289,-0.635,-9.598,5.436,3.468,3.992,182.763,0.742,-0.065,-0.029,3.992,4.637820,-74.083632,0.19,0,0
4400,45582504,-0.265,-0.804,-9.442,4.765,3.407,3.565,183.036,0.864,-0.082,-0.027,3.565,4.637820,-74.083632,0.19,0,0
4401,45583820,-0.265,-0.804,-9.442,4.765,3.407,3.565,183.244,0.954,-0.082,-0.027,3.565,4.637820,-74.083632,0.19,0,0
4402,45593093,-0.244,-0.977,-9.326,3.056,2.858,3.168,183.508,1.019,-0.100,-0.025,3.168,4.637820,-74.083632,0.19,0,0
4403,45603089,-0.203,-1.006,-9.350,0.462,1.912,2.436,183.736,1.047,-0.103,-0.021,2.436,4.637820,-74.083632,0.19,0,0
4404,45613094,-0.206,-0.838,-9.381,-1.827,0.691,1.673,183.834,1.063,-0.085,-0.021,1.673,4.637820,-74.083632,0.19,0,0
4405,45623091,-0.244,-0.777,-9.574,-3.628,-0.530,1.002,183.868,1.082,-0.079,-0.025,1.002,4.637820,-74.083632,0.19,0,0
4406,45633147,-0.239,-0.613,-9.759,-4.604,-1.201,0.391,183.804,1.089,-0.063,-0.024,0.391,4.637820,-74.083632,0.19,0,0
4407,45643089,-0.294,-0.512,-9.934,-4.909,-1.354,0.269,183.692,1.118,-0.052,-0.030,0.269,4.637820,-74.083632,0.19,0,0
4408,45653095,-0.311,-0.495,-10.100,-4.604,-1.232,0.361,183.580,1.150,-0.051,-0.032,0.361,4.637820,-74.083632,0.19,0,0
4409,45663111,-0.301,-0.483,-10.220,-3.536,-0.896,0.391,183.479,1.176,-0.049,-0.031,0.391,4.637820,-74.083632,0.19,0,0
4410,45673102,-0.291,-0.462,-10.253,-2.743,-0.377,0.513,183.384,1.201,-0.047,-0.030,0.513,4.637820,-74.083632,0.19,0,0
4411,45683102,-0.282,-0.454,-10.248,-1.766,-0.041,0.788,183.302,1.222,-0.046,-0.029,0.788,4.637820,-74.083632,0.19,0,0
4412,45693105,-0.265,-0.495,-10.220,-0.728,0.142,1.063,183.255,1.236,-0.051,-0.027,1.063,4.637820,-74.083632,0.19,0,0
4413,45703110,-0.256,-0.543,-10.172,0.309,0.020,1.185,183.244,1.245,-0.055,-0.026,1.185,4.637820,-74.083632,0.19,0,0
4414,45713104,-0.234,-0.609,-10.071,0.981,-0.041,1.154,183.271,1.243,-0.062,-0.024,1.154,4.637820,-74.083632,0.19,0,0
4415,45723099,-0.280,-0.666,-9.992,1.408,-0.316,1.063,183.327,1.260,-0.068,-0.029,1.063,4.637820,-74.083632,0.19,0,0
4416,45733106,-0.291,-0.734,-9.955,1.713,-0.957,0.269,183.412,1.276,-0.075,-0.030,0.269,4.637820,-74.083632,0.19,0,0
4417,45743100,-0.301,-0.768,-9.951,2.079,-1.415,-0.677,183.510,1.290,-0.078,-0.031,-0.677,4.637820,-74.083632,0.19,0,0
4418,45753108,-0.303,-0.715,-10.006,2.079,-1.537,-1.470,183.574,1.302,-0.073,-0.031,-1.470,4.637820,-74.083632,0.19,0,0
4419,45763093,-0.282,-0.601,-10.004,1.927,-1.232,-2.020,183.583,1.307,-0.061,-0.029,-2.020,4.637820,-74.083632,0.19,0,0
4420,45773101,-0.251,-0.515,-9.917,2.232,-0.652,-2.020,183.557,1.304,-0.052,-0.026,-2.020,4.637820,-74.083632,0.19,0,0
4421,45783098,-0.234,-0.515,-9.795,2.659,0.111,-1.715,183.541,1.302,-0.052,-0.024,-1.715,4.637820,-74.083632,0.19,0,0
4422,45793113,-0.177,-0.623,-9.696,2.415,0.416,-1.379,183.574,1.279,-0.064,-0.018,-1.379,4.637820,-74.083632,0.19,0,0
4423,45803099,-0.101,-0.710,-9.583,1.377,0.233,-1.348,183.639,1.221,-0.072,-0.010,-1.348,4.637820,-74.083632,0.19,0,0
4424,45813106,-0.072,-0.724,-9.526,0.126,-0.530,-1.470,183.695,1.148,-0.074,-0.007,-1.470,4.637820,-74.083632,0.19,0,0
4425,45823097,-0.110,-0.678,-9.547,-1.125,-1.750,-1.654,183.714,1.087,-0.069,-0.011,-1.654,4.637820,-74.083632,0.19,0,0
4426,45833106,-0.146,-0.633,-9.655,-2.071,-2.910,-1.898,183.699,1.036,-0.065,-0.015,-1.898,4.637820,-74.083632,0.19,0,0
4427,45843112,-0.148,-0.543,-9.792,-2.346,-3.887,-2.203,183.638,0.979,-0.055,-0.015,-2.203,4.637820,-74.083632,0.19,0,0
4428,45853102,-0.225,-0.454,-9.963,-2.071,-4.405,-2.600,183.542,0.955,-0.046,-0.023,-2.600,4.637820,-74.083632,0.19,0,0
4429,45863100,-0.296,-0.399,-10.095,-1.034,-4.405,-3.027,183.436,0.962,-0.041,-0.030,-3.027,4.637820,-74.083632,0.19,0,0
4430,45873106,-0.294,-0.389,-10.131,0.370,-3.337,-3.088,183.346,0.977,-0.040,-0.030,-3.088,4.637820,-74.083632,0.19,0,0
4431,45883095,-0.265,-0.471,-10.092,1.286,-1.811,-2.752,183.307,0.992,-0.048,-0.027,-2.752,4.637820,-74.083632,0.19,0,0
4432,45893102,-0.232,-0.597,-10.008,1.530,-0.255,-2.386,183.330,1.008,-0.061,-0.024,-2.386,4.637820,-74.083632,0.19,0,0
4433,45903094,-0.179,-0.683,-9.905,0.981,0.935,-2.203,183.387,1.011,-0.070,-0.018,-2.203,4.637820,-74.083632,0.19,0,0
4434,45920492,-0.134,-0.719,-9.807,0.309,1.454,-2.386,183.459,1.003,-0.073,-0.014,-2.386,4.637820,-74.083632,0.19,0,0
4435,45923094,-0.120,-0.676,-9.780,0.034,1.149,-2.935,183.500,0.982,-0.069,-0.012,-2.935,4.637820,-74.083632,0.19,0,0
4436,45933109,-0.053,-0.577,-9.773,0.187,0.630,-3.454,183.493,0.927,-0.059,-0.005,-3.454,4.637820,-74.083632,0.19,0,0
4437,45943102,-0.032,-0.505,-9.727,0.462,0.294,-3.301,183.457,0.864,-0.051,-0.003,-3.301,4.637820,-74.083632,0.19,0,0
4438,45953106,-0.036,-0.568,-9.687,0.675,0.386,-2.691,183.456,0.809,-0.058,-0.004,-2.691,4.637820,-74.083632,0.19,0,0
4439,45963096,0.007,-0.662,-9.648,0.431,0.599,-2.111,183.498,0.740,-0.067,0.001,-2.111,4.637820,-74.083632,0.19,0,0
4440,45973114,0.033,-0.760,-9.614,-0.301,0.630,-1.592,183.576,0.666,-0.078,0.003,-1.592,4.637820,-74.083632,0.19,0,0
4441,45983107,0.021,-0.830,-9.533,-1.430,0.325,-1.409,183.672,0.600,-0.085,0.002,-1.409,4.637820,-74.083632,0.19,0,0
4442,45993106,0.033,-0.830,-9.554,-2.773,-0.408,-1.531,183.748,0.527,-0.085,0.003,-1.531,4.637820,-74.083632,0.19,0,0
4443,46003101,0.004,-0.715,-9.646,-3.719,-1.262,-1.592,183.752,0.465,-0.073,0.000,-1.592,4.637820,-74.083632,0.19,0,0
4444,46013109,-0.012,-0.582,-9.754,-4.085,-2.086,-1.776,183.690,0.408,-0.059,-0.001,-1.776,4.637820,-74.083632,0.19,0,0
4445,46023104,-0.084,-0.495,-9.879,-3.963,-2.605,-1.562,183.591,0.382,-0.051,-0.009,-1.562,4.637820,-74.083632,0.19,0,0
4446,46033111,-0.120,-0.464,-10.016,-3.567,-2.635,-1.287,183.487,0.373,-0.047,-0.012,-1.287,4.637820,-74.083632,0.19,0,0
4447,46043094,-0.153,-0.517,-10.092,-2.743,-2.178,-1.013,183.420,0.384,-0.053,-0.016,-1.013,4.637820,-74.083632,0.19,0,0
4448,46053101,-0.165,-0.556,-10.131,-1.949,-1.171,-0.952,183.382,0.407,-0.057,-0.017,-0.952,4.637820,-74.083632,0.19,0,0
4449,46063097,-0.148,-0.541,-10.076,-1.705,0.081,-0.494,183.343,0.434,-0.055,-0.015,-0.494,4.637820,-74.083632,0.19,0,0
4450,46073097,-0.094,-0.572,-9.967,-1.430,1.118,0.269,183.327,0.444,-0.058,-0.010,0.269,4.637820,-74.083632,0.19,0,0
4451,46083092,-0.032,-0.683,-9.840,-1.430,1.454,0.971,183.364,0.430,-0.070,-0.003,0.971,4.637820,-74.083632,0.19,0,0
4452,46093098,-0.008,-0.748,-9.744,-1.919,0.996,1.307,183.426,0.402,-0.076,-0.001,1.307,4.637820,-74.083632,0.19,0,0
4453,46103092,-0.015,-0.741,-9.703,-2.254,-0.194,1.276,183.478,0.369,-0.076,-0.002,1.276,4.637820,-74.083632,0.19,0,0
4454,46113097,-0.036,-0.719,-9.737,-2.468,-1.750,1.032,183.513,0.333,-0.073,-0.004,1.032,4.637820,-74.083632,0.19,0,0
4455,46123092,-0.077,-0.662,-9.819,-2.590,-3.124,1.002,183.517,0.305,-0.067,-0.008,1.002,4.637820,-74.083632,0.19,0,0
4456,46133101,-0.156,-0.604,-9.934,-2.498,-3.948,1.124,183.492,0.306,-0.062,-0.016,1.124,4.637820,-74.083632,0.19,0,0
4457,46143094,-0.203,-0.592,-10.044,-2.163,-4.192,1.429,183.464,0.324,-0.060,-0.021,1.429,4.637820,-74.083632,0.19,0,0
4458,46153096,-0.270,-0.645,-10.068,-1.736,-3.917,1.734,183.464,0.373,-0.066,-0.028,1.734,4.637820,-74.083632,0.19,0,0
4459,46163093,-0.303,-0.724,-10.088,-1.491,-3.704,1.673,183.500,0.434,-0.074,-0.031,1.673,4.637820,-74.083632,0.19,0,0
4460,46173102,-0.306,-0.741,-10.107,-1.644,-3.490,1.215,183.539,0.492,-0.076,-0.031,1.215,4.637820,-74.083632,0.19,0,0
4461,46183093,-0.356,-0.707,-10.128,-1.613,-3.398,0.727,183.560,0.569,-0.072,-0.036,0.727,4.637820,-74.083632,0.19,0,0
4462,46193098,-0.380,-0.601,-10.155,-1.369,-3.429,0.117,183.536,0.649,-0.061,-0.039,0.117,4.637820,-74.083632,0.19,0,0
4463,46203092,-0.399,-0.517,-10.160,-0.545,-3.459,-0.128,183.484,0.731,-0.053,-0.041,-0.128,4.637820,-74.083632,0.19,0,0
4464,46213097,-0.387,-0.517,-10.145,0.889,-3.124,-0.158,183.450,0.806,-0.053,-0.039,-0.158,4.637820,-74.083632,0.19,0,0
4465,46223094,-0.401,-0.594,-10.054,1.927,-2.757,-0.402,183.464,0.885,-0.061,-0.041,-0.402,4.637820,-74.083632,0.19,0,0
4466,46233098,-0.380,-0.676,-9.984,2.323,-2.117,-0.830,183.518,0.956,-0.069,-0.039,-0.830,4.637820,-74.083632,0.19,0,0
4467,46243092,-0.320,-0.712,-9.951,2.171,-1.262,-1.257,183.583,1.004,-0.073,-0.033,-1.257,4.637820,-74.083632,0.19,0,0
4468,46256327,-0.270,-0.681,-9.898,1.408,-0.377,-1.287,183.629,1.033,-0.069,-0.028,-1.287,4.637820,-74.083632,0.19,0,0
4469,46263090,-0.208,-0.611,-9.838,0.767,0.233,-1.043,183.631,1.041,-0.062,-0.021,-1.043,4.637820,-74.083632,0.19,0,0
4470,46273096,-0.156,-0.556,-9.751,0.553,0.386,-0.738,183.609,1.028,-0.057,-0.016,-0.738,4.637820,-74.083632,0.19,0,0
4471,46283090,-0.091,-0.474,-9.713,0.431,0.111,-0.280,183.551,0.983,-0.048,-0.009,-0.280,4.637820,-74.083632,0.19,0,0
4472,46293095,-0.091,-0.447,-9.650,0.614,-0.804,0.300,183.488,0.934,-0.046,-0.009,0.300,4.637820,-74.083632,0.19,0,0
4473,46303089,-0.110,-0.493,-9.550,1.072,-1.964,0.788,183.458,0.888,-0.050,-0.011,0.788,4.637820,-74.083632,0.19,0,0
4474,46313095,-0.139,-0.563,-9.583,1.469,-3.124,0.910,183.465,0.847,-0.057,-0.014,0.910,4.637820,-74.083632,0.19,0,0
4475,46323090,-0.122,-0.623,-9.605,1.438,-3.704,1.063,183.499,0.796,-0.064,-0.012,1.063,4.637820,-74.083632,0.19,0,0
4476,46333095,-0.151,-0.671,-9.631,0.828,-3.581,1.337,183.545,0.763,-0.068,-0.015,1.337,4.637820,-74.083632,0.19,0,0
4477,46343090,-0.141,-0.686,-9.648,-0.027,-2.819,1.581,183.585,0.735,-0.070,-0.014,1.581,4.637820,-74.083632,0.19,0,0
4478,46353095,-0.120,-0.703,-9.667,-0.942,-1.964,1.795,183.622,0.707,-0.072,-0.012,1.795,4.637820,-74.083632,0.19,0,0
4479,46363090,-0.098,-0.775,-9.677,-1.949,-1.262,1.887,183.678,0.679,-0.079,-0.010,1.887,4.637820,-74.083632,0.19,0,0
4480,46373096,-0.034,-0.838,-9.670,-2.956,-0.896,1.795,183.749,0.626,-0.085,-0.003,1.795,4.637820,-74.083632,0.19,0,0
4481,46383090,0.011,-0.821,-9.768,-4.238,-1.018,1.581,183.791,0.556,-0.084,0.001,1.581,4.637820,-74.083632,0.19,0,0
4482,46393095,0.059,-0.712,-9.912,-5.703,-1.415,1.642,183.764,0.467,-0.073,0.006,1.642,4.637820,-74.083632,0.19,0,0
4483,46403090,0.028,-0.510,-10.059,-6.893,-2.025,2.009,183.636,0.393,-0.052,0.003,2.009,4.637820,-74.083632,0.19,0,0
4484,46413096,-0.046,-0.310,-10.143,-6.924,-3.063,2.283,183.429,0.347,-0.032,-0.005,2.283,4.637820,-74.083632,0.19,0,0
4485,46423090,-0.048,-0.112,-10.369,-5.031,-3.704,2.588,183.169,0.299,-0.011,-0.005,2.588,4.637820,-74.083632,0.19,0,0
4486,46433096,-0.108,0.093,-10.481,-2.651,-3.734,3.351,182.865,0.280,0.009,-0.011,3.351,4.637820,-74.083632,0.19,0,0
4487,46443090,-0.184,0.197,-10.433,0.309,-3.276,4.755,182.568,0.298,0.020,-0.019,4.755,4.637820,-74.083632,0.19,0,0
4488,46453096,-0.234,0.021,-10.270,3.971,-2.574,6.251,182.401,0.343,0.002,-0.024,6.251,4.637820,-74.083632,0.19,0,0
4489,46463090,-0.287,-0.276,-10.025,6.016,-1.903,7.197,182.395,0.417,-0.028,-0.029,7.197,4.637820,-74.083632,0.19,0,0
4490,46473097,-0.320,-0.594,-9.742,6.230,-1.689,7.563,182.537,0.505,-0.061,-0.033,7.563,4.637820,-74.083632,0.19,0,0
4491,46483090,-0.301,-0.852,-9.535,4.887,-2.574,7.227,182.779,0.573,-0.087,-0.031,7.227,4.637820,-74.083632,0.19,0,0
4492,46493095,-0.375,-0.895,-9.526,2.812,-4.589,5.762,183.003,0.650,-0.091,-0.038,5.762,4.637820,-74.083632,0.19,0,0
4493,46503090,-0.444,-0.630,-9.641,0.736,-6.114,3.931,183.067,0.738,-0.064,-0.045,3.931,4.637820,-74.083632,0.19,0,0
4494,46513094,-0.480,-0.310,-9.763,-0.332,-7.305,3.290,182.970,0.821,-0.032,-0.049,3.290,4.637820,-74.083632,0.19,0,0
4495,46523090,-0.566,-0.081,-9.855,-0.179,-7.793,3.534,182.778,0.929,-0.008,-0.058,3.534,4.637820,-74.083632,0.19,0,0
4496,46533095,-0.604,0.001,-9.869,0.950,-7.732,4.084,182.576,1.047,0.000,-0.062,4.084,4.637820,-74.083632,0.19,0,0
4497,46543090,-0.640,-0.044,-9.787,2.384,-7.335,4.877,182.422,1.177,-0.005,-0.065,4.877,4.637820,-74.083632,0.19,0,0
4498,46553095,-0.685,-0.266,-9.638,3.513,-7.091,5.396,182.392,1.324,-0.027,-0.070,5.396,4.637820,-74.083632,0.19,0,0
4499,46593779,-1.009,-0.876,-9.730,-0.637,-4.527,0.910,182.626,1.551,-0.089,-0.103,0.910,4.637820,-74.083632,0.19,0,0
4500,46595095,-1.009,-0.876,-9.730,-0.637,-4.527,0.910,182.865,1.838,-0.089,-0.103,0.910,4.637820,-74.083632,0.19,0,0
4501,46596407,-1.009,-0.876,-9.730,-0.637,-4.527,0.910,183.091,2.149,-0.089,-0.103,0.910,4.637820,-74.083632,0.19,0,0
4502,46597716,-1.009,-0.876,-9.730,-0.637,-4.527,0.910,183.293,2.461,-0.089,-0.103,0.910,4.637820,-74.083632,0.19,0,0
4503,46603090,-1.033,-0.775,-9.828,-2.865,-2.300,-0.524,183.386,2.776,-0.079,-0.105,-0.524,4.637820,-74.083632,0.19,0,0
4504,46613093,-1.002,-0.647,-9.919,-4.543,0.203,-1.623,183.378,3.051,-0.066,-0.102,-1.623,4.637820,-74.083632,0.19,0,0
4505,46623091,-0.909,-0.553,-9.946,-5.306,2.278,-2.477,183.313,3.262,-0.056,-0.093,-2.477,4.637820,-74.083632,0.19,0,0
4506,46633149,-0.797,-0.447,-9.953,-5.306,3.438,-3.240,183.200,3.403,-0.046,-0.081,-3.240,4.637820,-74.083632,0.19,0,0
4507,46643090,-0.687,-0.396,-9.934,-4.848,3.560,-3.790,183.078,3.477,-0.040,-0.070,-3.790,4.637820,-74.083632,0.19,0,0
4508,46653095,-0.609,-0.396,-9.927,-3.872,2.675,-3.942,182.976,3.497,-0.040,-0.062,-3.942,4.637820,-74.083632,0.19,0,0
4509,46663121,-0.556,-0.423,-10.018,-3.170,1.515,-4.156,182.901,3.477,-0.043,-0.057,-4.156,4.637820,-74.083632,0.19,0,0
4510,46673102,-0.568,-0.399,-10.080,-2.315,0.447,-4.431,182.828,3.454,-0.041,-0.058,-4.431,4.637820,-74.083632,0.19,0,0
4511,46683096,-0.597,-0.380,-10.104,-1.095,-0.316,-4.705,182.764,3.438,-0.039,-0.061,-4.705,4.637820,-74.083632,0.19,0,0
4512,46693111,-0.632,-0.459,-10.152,0.065,-0.377,-4.980,182.752,3.438,-0.047,-0.064,-4.980,4.637820,-74.083632,0.19,0,0
4513,46703102,-0.621,-0.551,-10.232,0.370,0.294,-5.285,182.782,3.436,-0.056,-0.063,-5.285,4.637820,-74.083632,0.19,0,0
4514,46713105,-0.551,-0.551,-10.203,0.096,1.484,-5.651,182.809,3.416,-0.056,-0.056,-5.651,4.637820,-74.083632,0.19,0,0
4515,46723092,-0.454,-0.437,-10.133,-0.057,2.644,-5.773,182.783,3.366,-0.045,-0.046,-5.773,4.637820,-74.083632,0.19,0,0
4516,46733108,-0.382,-0.355,-10.035,0.218,3.285,-5.316,182.726,3.296,-0.036,-0.039,-5.316,4.637820,-74.083632,0.19,0,0
4517,46743092,-0.334,-0.360,-9.900,1.133,3.316,-4.614,182.687,3.213,-0.037,-0.034,-4.614,4.637820,-74.083632,0.19,0,0
4518,46753103,-0.325,-0.425,-9.754,2.018,2.278,-4.064,182.692,3.126,-0.043,-0.033,-4.064,4.637820,-74.083632,0.19,0,0
4519,46763099,-0.346,-0.563,-9.684,2.598,0.905,-3.820,182.766,3.043,-0.057,-0.035,-3.820,4.637820,-74.083632,0.19,0,0
4520,46773109,-0.384,-0.773,-9.689,2.598,-0.499,-3.790,182.930,2.972,-0.079,-0.039,-3.790,4.637820,-74.083632,0.19,0,0
4521,46783102,-0.458,-0.891,-9.811,1.805,-1.659,-4.247,183.122,2.926,-0.091,-0.047,-4.247,4.637820,-74.083632,0.19,0,0
4522,46793100,-0.501,-0.809,-9.934,0.706,-1.720,-5.133,183.248,2.900,-0.082,-0.051,-5.133,4.637820,-74.083632,0.19,0,0
4523,46803100,-0.485,-0.625,-10.025,-0.118,-1.048,-5.438,183.273,2.873,-0.064,-0.049,-5.438,4.637820,-74.083632,0.19,0,0
4524,46813101,-0.451,-0.447,-10.047,-0.210,0.294,-5.163,183.216,2.845,-0.046,-0.046,-5.163,4.637820,-74.083632,0.19,0,0
4525,46823095,-0.401,-0.380,-9.919,0.553,1.607,-4.522,183.144,2.813,-0.039,-0.041,-4.522,4.637820,-74.083632,0.19,0,0
4526,46833099,-0.334,-0.445,-9.823,1.499,2.247,-4.003,183.116,2.760,-0.045,-0.034,-4.003,4.637820,-74.083632,0.19,0,0
4527,46843108,-0.275,-0.628,-9.754,2.171,2.339,-3.698,183.181,2.687,-0.064,-0.028,-3.698,4.637820,-74.083632,0.19,0,0
4528,46853102,-0.170,-0.782,-9.742,1.682,2.003,-3.607,183.305,2.569,-0.080,-0.017,-3.607,4.637820,-74.083632,0.19,0,0
4529,46863092,-0.136,-0.748,-9.768,0.218,1.851,-3.332,183.391,2.444,-0.076,-0.014,-3.332,4.637820,-74.083632,0.19,0,0
4530,46873109,-0.153,-0.637,-9.828,-1.095,1.423,-2.905,183.406,2.331,-0.065,-0.016,-2.905,4.637820,-74.083632,0.19,0,0
4531,46883095,-0.148,-0.452,-9.912,-1.369,0.966,-2.477,183.334,2.221,-0.046,-0.015,-2.477,4.637820,-74.083632,0.19,0,0
4532,46893109,-0.158,-0.351,-9.910,-0.759,0.722,-1.898,183.228,2.121,-0.036,-0.016,-1.898,4.637820,-74.083632,0.19,0,0
4533,46903099,-0.141,-0.336,-9.881,0.309,0.416,-0.952,183.134,2.018,-0.034,-0.014,-0.952,4.637820,-74.083632,0.19,0,0
4534,46916648,-0.134,-0.394,-9.840,1.133,0.264,0.055,183.084,1.915,-0.040,-0.014,0.055,4.637820,-74.083632,0.19,0,0
4535,46923094,-0.156,-0.519,-9.718,1.591,0.020,0.757,183.098,1.831,-0.053,-0.016,0.757,4.637820,-74.083632,0.19,0,0
4536,46933111,-0.196,-0.705,-9.689,1.377,-0.438,1.124,183.194,1.767,-0.072,-0.020,1.124,4.637820,-74.083632,0.19,0,0
4537,46943099,-0.227,-0.744,-9.739,0.614,-1.018,0.788,183.292,1.717,-0.076,-0.023,0.788,4.637820,-74.083632,0.19,0,0
4538,46953100,-0.270,-0.683,-9.816,0.096,-1.171,0.605,183.347,1.688,-0.070,-0.028,0.605,4.637820,-74.083632,0.19,0,0
4539,46963101,-0.303,-0.652,-9.871,-0.545,-0.896,0.391,183.376,1.678,-0.066,-0.031,0.391,4.637820,-74.083632,0.19,0,0
4540,46973100,-0.349,-0.560,-9.785,-1.278,-0.499,0.391,183.358,1.694,-0.057,-0.036,0.391,4.637820,-74.083632,0.19,0,0
4541,46983105,-0.327,-0.594,-9.804,-1.552,-0.591,0.391,183.353,1.698,-0.061,-0.033,0.391,4.637820,-74.083632,0.19,0,0
4542,46993097,-0.363,-0.449,-9.886,-1.613,-0.774,0.117,183.282,1.715,-0.046,-0.037,0.117,4.637820,-74.083632,0.19,0,0
4543,47003106,-0.461,-0.281,-9.862,-1.125,-0.987,-0.189,183.146,1.772,-0.029,-0.047,-0.189,4.637820,-74.083632,0.19,0,0
4544,47013106,-0.449,-0.196,-9.780,-0.088,-0.865,-0.280,182.993,1.823,-0.020,-0.046,-0.280,4.637820,-74.083632,0.19,0,0
4545,47023103,-0.451,-0.339,-9.662,0.431,-0.316,0.086,182.923,1.878,-0.035,-0.046,0.086,4.637820,-74.083632,0.19,0,0
4546,47033102,-0.485,-0.539,-9.672,-0.118,0.752,-0.006,182.943,1.954,-0.055,-0.049,-0.006,4.637820,-74.083632,0.19,0,0
4547,47043094,-0.513,-0.580,-9.533,-1.217,1.332,-0.921,182.974,2.045,-0.059,-0.052,-0.921,4.637820,-74.083632,0.19,0,0
4548,47053101,-0.532,-0.582,-9.480,-1.827,0.966,-2.691,182.999,2.136,-0.059,-0.054,-2.691,4.637820,-74.083632,0.19,0,0
4549,47063098,-0.530,-0.445,-9.624,-2.132,1.423,-4.461,182.953,2.219,-0.045,-0.054,-4.461,4.637820,-74.083632,0.19,0,0
4550,47073096,-0.487,-0.486,-9.550,-3.231,2.369,-4.888,182.921,2.287,-0.050,-0.050,-4.888,4.637820,-74.083632,0.19,0,0
4551,47083092,-0.401,-0.580,-9.574,-5.031,3.377,-5.010,182.917,2.320,-0.059,-0.041,-5.010,4.637820,-74.083632,0.19,0,0
4552,47093096,-0.375,-0.575,-9.542,-7.015,4.445,-5.438,182.894,2.349,-0.059,-0.038,-5.438,4.637820,-74.083632,0.19,0,0
4553,47103093,-0.349,-0.445,-9.473,-8.663,4.902,-5.926,182.799,2.369,-0.045,-0.036,-5.926,4.637820,-74.083632,0.19,0,0
4554,47113097,-0.325,-0.437,-9.470,-9.731,4.811,-5.712,182.698,2.375,-0.045,-0.033,-5.712,4.637820,-74.083632,0.19,0,0
4555,47123093,-0.301,-0.457,-9.490,-10.982,4.170,-5.773,182.602,2.364,-0.047,-0.031,-5.773,4.637820,-74.083632,0.19,0,0
4556,47133100,-0.318,-0.433,-9.439,-12.050,3.041,-5.956,182.494,2.352,-0.044,-0.032,-5.956,4.637820,-74.083632,0.19,0,0
4557,47143093,-0.325,-0.447,-9.499,-12.752,2.034,-6.018,182.392,2.334,-0.046,-0.033,-6.018,4.637820,-74.083632,0.19,0,0
4558,47153096,-0.375,-0.519,-9.482,-13.668,0.813,-6.231,182.323,2.329,-0.053,-0.038,-6.231,4.637820,-74.083632,0.19,0,0
4559,47163092,-0.401,-0.507,-9.610,-15.438,-0.713,-6.750,182.235,2.320,-0.052,-0.041,-6.750,4.637820,-74.083632,0.19,0,0
4560,47173097,-0.413,-0.433,-9.667,-16.811,-1.110,-6.964,182.106,2.312,-0.044,-0.042,-6.964,4.637820,-74.083632,0.19,0,0
4561,47183092,-0.415,-0.466,-9.831,-17.422,-1.232,-7.635,181.992,2.302,-0.048,-0.042,-7.635,4.637820,-74.083632,0.19,0,0
4562,47193096,-0.475,-0.326,-9.994,-17.879,-1.415,-8.520,181.819,2.314,-0.033,-0.048,-8.520,4.637820,-74.083632,0.19,0,0
4563,47203092,-0.508,-0.136,-10.155,-17.300,-1.262,-8.947,181.580,2.337,-0.014,-0.052,-8.947,4.637820,-74.083632,0.19,0,0
4564,47213097,-0.454,-0.085,-10.280,-15.804,-0.743,-9.130,181.351,2.338,-0.009,-0.046,-9.130,4.637820,-74.083632,0.19,0,0
4565,47223094,-0.396,-0.088,-10.498,-13.882,0.264,-8.978,181.157,2.320,-0.009,-0.040,-8.978,4.637820,-74.083632,0.19,0,0
4566,47233097,-0.392,-0.040,-10.585,-12.050,1.698,-8.428,180.975,2.314,-0.004,-0.040,-8.428,4.637820,-74.083632,0.19,0,0
4567,47243093,-0.320,-0.001,-10.527,-10.494,3.407,-7.208,180.805,2.295,-0.000,-0.033,-7.208,4.637820,-74.083632,0.19,0,0
4568,47256311,-0.213,-0.037,-10.460,-8.846,4.719,-5.865,180.652,2.255,-0.004,-0.022,-5.865,4.637820,-74.083632,0.19,0,0
4569,47263090,-0.151,-0.071,-10.330,-7.442,5.208,-4.705,180.564,2.186,-0.007,-0.015,-4.705,4.637820,-74.083632,0.19,0,0
4570,47273097,-0.079,-0.126,-10.260,-6.069,4.597,-4.095,180.520,2.086,-0.013,-0.008,-4.095,4.637820,-74.083632,0.19,0,0
4571,47283090,-0.022,-0.097,-10.239,-4.848,3.438,-3.454,180.479,1.960,-0.010,-0.002,-3.454,4.637820,-74.083632,0.19,0,0
4572,47293097,0.007,-0.066,-10.200,-3.872,2.217,-2.600,180.436,1.819,-0.007,0.001,-2.600,4.637820,-74.083632,0.19,0,0
4573,47303090,-0.015,-0.054,-10.253,-2.804,0.691,-1.684,180.400,1.685,-0.006,-0.002,-1.684,4.637820,-74.083632,0.19,0,0
4574,47313097,-0.101,-0.032,-10.270,-1.766,-0.469,-0.311,180.368,1.587,-0.003,-0.010,-0.311,4.637820,-74.083632,0.19,0,0
4575,47323090,-0.182,-0.040,-10.260,0.065,-1.415,0.788,180.359,1.523,-0.004,-0.019,0.788,4.637820,-74.083632,0.19,0,0
4576,47333095,-0.260,-0.141,-10.212,1.866,-2.056,1.124,180.410,1.492,-0.014,-0.027,1.124,4.637820,-74.083632,0.19,0,0
4577,47343090,-0.306,-0.252,-10.150,3.117,-2.086,0.849,180.517,1.484,-0.026,-0.031,0.849,4.637820,-74.083632,0.19,0,0
4578,47353095,-0.287,-0.343,-10.085,3.636,-1.506,0.361,180.662,1.474,-0.035,-0.029,0.361,4.637820,-74.083632,0.19,0,0
4579,47363090,-0.253,-0.418,-9.972,3.208,-0.377,0.239,180.825,1.462,-0.043,-0.026,0.239,4.637820,-74.083632,0.19,0,0
4580,47373095,-0.198,-0.478,-9.881,2.201,0.630,0.269,180.996,1.437,-0.049,-0.020,0.269,4.637820,-74.083632,0.19,0,0
4581,47383090,-0.177,-0.459,-9.823,0.736,1.057,0.208,181.132,1.408,-0.047,-0.018,0.208,4.637820,-74.083632,0.19,0,0
4582,47393096,-0.148,-0.384,-9.816,-0.576,0.844,-0.036,181.213,1.368,-0.039,-0.015,-0.036,4.637820,-74.083632,0.19,0,0
4583,47403090,-0.113,-0.225,-9.859,-1.247,0.203,-0.128,181.210,1.308,-0.023,-0.011,-0.128,4.637820,-74.083632,0.19,0,0
4584,47413095,-0.148,-0.088,-9.895,-1.247,-0.804,0.086,181.146,1.259,-0.009,-0.015,0.086,4.637820,-74.083632,0.19,0,0
4585,47423090,-0.194,-0.059,-9.934,-0.667,-1.689,0.513,181.079,1.226,-0.006,-0.020,0.513,4.637820,-74.083632,0.19,0,0
4586,47433095,-0.237,-0.076,-10.042,0.126,-2.696,0.635,181.032,1.203,-0.008,-0.024,0.635,4.637820,-74.083632,0.19,0,0
4587,47443090,-0.351,-0.018,-10.112,1.133,-3.398,0.055,180.973,1.225,-0.002,-0.036,0.055,4.637820,-74.083632,0.19,0,0
4588,47453097,-0.444,0.074,-10.102,2.659,-3.856,-0.677,180.892,1.280,0.008,-0.045,-0.677,4.637820,-74.083632,0.19,0,0
4589,47463090,-0.477,0.064,-10.097,4.368,-3.612,-1.074,180.838,1.349,0.007,-0.049,-1.074,4.637820,-74.083632,0.19,0,0
4590,47473095,-0.523,-0.047,-10.078,5.528,-2.574,-1.196,180.847,1.442,-0.005,-0.053,-1.196,4.637820,-74.083632,0.19,0,0
4591,47483090,-0.528,-0.182,-9.967,5.650,-1.110,-1.318,180.915,1.545,-0.019,-0.054,-1.318,4.637820,-74.083632,0.19,0,0
4592,47493095,-0.499,-0.319,-9.843,5.070,0.294,-1.623,181.035,1.644,-0.033,-0.051,-1.623,4.637820,-74.083632,0.19,0,0
4593,47503090,-0.442,-0.445,-9.735,3.544,1.118,-2.325,181.189,1.720,-0.045,-0.045,-2.325,4.637820,-74.083632,0.19,0,0
4594,47513096,-0.373,-0.445,-9.689,1.682,1.393,-3.332,181.315,1.763,-0.045,-0.038,-3.332,4.637820,-74.083632,0.19,0,0
4595,47523090,-0.334,-0.437,-9.598,0.218,1.149,-4.400,181.417,1.784,-0.045,-0.034,-4.400,4.637820,-74.083632,0.19,0,0
4596,47533095,-0.280,-0.264,-9.595,-1.278,0.508,-5.224,181.419,1.773,-0.027,-0.029,-5.224,4.637820,-74.083632,0.19,0,0
4597,47543090,-0.380,-0.232,-9.542,-1.797,-0.225,-5.346,181.401,1.802,-0.024,-0.039,-5.346,4.637820,-74.083632,0.19,0,0
4598,47553095,-0.415,-0.512,-9.571,-2.315,-1.048,-6.018,181.508,1.837,-0.052,-0.042,-6.018,4.637820,-74.083632,0.19,0,0
4599,47582412,-0.673,-0.406,-9.756,-7.412,-2.696,-11.022,181.389,1.927,-0.041,-0.069,-11.022,4.637820,-74.083632,0.19,0,0
4600,47583741,-0.673,-0.406,-9.756,-7.412,-2.696,-11.022,181.342,2.045,-0.041,-0.069,-11.022,4.637820,-74.083632,0.19,0,0
4601,47585058,-0.673,-0.406,-9.756,-7.412,-2.696,-11.022,181.355,2.177,-0.041,-0.069,-11.022,4.637820,-74.083632,0.19,0,0
4602,47593093,-0.673,-0.283,-9.886,-8.724,-2.757,-12.457,181.302,2.294,-0.029,-0.069,-12.457,4.637820,-74.083632,0.19,0,0
4603,47603091,-0.606,-0.141,-9.970,-9.121,-2.880,-13.677,181.177,2.363,-0.014,-0.062,-13.677,4.637820,-74.083632,0.19,0,0
4604,47613095,-0.537,0.064,-10.028,-8.907,-2.819,-14.379,180.967,2.389,0.007,-0.055,-14.379,4.637820,-74.083632,0.19,0,0
4605,47623092,-0.485,0.356,-10.049,-8.083,-2.574,-14.105,180.646,2.389,0.036,-0.049,-14.105,4.637820,-74.083632,0.19,0,0
4606,47633145,-0.439,0.457,-9.936,-6.405,-2.422,-12.731,180.320,2.372,0.047,-0.045,-12.731,4.637820,-74.083632,0.19,0,0
4607,47643091,-0.442,0.334,-9.924,-5.459,-2.239,-11.053,180.089,2.359,0.034,-0.045,-11.053,4.637820,-74.083632,0.19,0,0
4608,47653095,-0.501,0.163,-9.874,-4.604,-2.635,-9.680,179.964,2.372,0.017,-0.051,-9.680,4.637820,-74.083632,0.19,0,0
4609,47663122,-0.573,0.011,-9.977,-3.994,-3.551,-9.161,179.927,2.405,0.001,-0.058,-9.161,4.637820,-74.083632,0.19,0,0
4610,47673109,-0.590,-0.110,-10.016,-3.506,-4.558,-9.466,179.951,2.433,-0.011,-0.060,-9.466,4.637820,-74.083632,0.19,0,0
4611,47683097,-0.637,0.001,-10.152,-3.628,-5.504,-10.198,179.922,2.466,0.000,-0.065,-10.198,4.637820,-74.083632,0.19,0,0
4612,47693101,-0.668,0.230,-10.167,-2.987,-5.657,-10.473,179.800,2.509,0.023,-0.068,-10.473,4.637820,-74.083632,0.19,0,0
4613,47703102,-0.687,0.450,-10.138,-1.034,-4.863,-9.893,179.609,2.564,0.046,-0.070,-9.893,4.637820,-74.083632,0.19,0,0
4614,47713108,-0.637,0.375,-10.114,1.042,-3.398,-9.008,179.484,2.607,0.038,-0.065,-9.008,4.637820,-74.083632,0.19,0,0
4615,47723092,-0.640,0.370,-9.992,2.964,-1.964,-8.062,179.388,2.664,0.038,-0.065,-8.062,4.637820,-74.083632,0.19,0,0
4616,47733105,-0.585,0.182,-9.864,4.643,-0.163,-7.116,179.398,2.712,0.019,-0.060,-7.116,4.637820,-74.083632,0.19,0,0
4617,47743097,-0.513,-0.059,-9.768,5.131,1.484,-6.262,179.519,2.742,-0.006,-0.052,-6.262,4.637820,-74.083632,0.19,0,0
4618,47753105,-0.406,-0.240,-9.595,4.337,2.675,-5.651,179.707,2.735,-0.024,-0.041,-5.651,4.637820,-74.083632,0.19,0,0
4619,47763092,-0.260,-0.375,-9.497,2.720,3.346,-5.621,179.930,2.670,-0.038,-0.027,-5.621,4.637820,-74.083632,0.19,0,0
4620,47773101,-0.167,-0.464,-9.470,0.706,3.621,-5.865,180.158,2.569,-0.047,-0.017,-5.865,4.637820,-74.083632,0.19,0,0
4621,47783100,-0.115,-0.271,-9.485,-1.552,3.712,-6.323,180.258,2.453,-0.028,-0.012,-6.323,4.637820,-74.083632,0.19,0,0
4622,47793105,-0.032,-0.056,-9.432,-3.109,3.529,-6.170,180.237,2.306,-0.006,-0.003,-6.170,4.637820,-74.083632,0.19,0,0
4623,47803106,0.057,-0.064,-9.468,-3.414,2.553,-5.468,180.218,2.120,-0.006,0.006,-5.468,4.637820,-74.083632,0.19,0,0
4624,47813101,0.066,-0.061,-9.461,-3.689,0.996,-4.705,180.197,1.929,-0.006,0.007,-4.705,4.637820,-74.083632,0.19,0,0
4625,47823092,0.109,-0.211,-9.735,-4.360,-0.835,-4.064,180.237,1.718,-0.021,0.011,-4.064,4.637820,-74.083632,0.19,0,0
4626,47833099,0.071,-0.189,-9.828,-5.733,-1.781,-4.156,180.252,1.532,-0.019,0.007,-4.156,4.637820,-74.083632,0.19,0,0
4627,47843107,-0.029,0.030,-9.963,-5.733,-2.788,-4.095,180.167,1.395,0.003,-0.003,-4.095,4.637820,-74.083632,0.19,0,0
4628,47853099,-0.108,0.144,-10.143,-4.696,-3.093,-3.271,180.050,1.300,0.015,-0.011,-3.271,4.637820,-74.083632,0.19,0,0
4629,47863091,-0.127,0.187,-10.157,-3.475,-2.666,-2.386,179.935,1.224,0.019,-0.013,-2.386,4.637820,-74.083632,0.19,0,0
4630,47873109,-0.105,0.076,-10.222,-2.224,-1.964,-1.348,179.888,1.150,0.008,-0.011,-1.348,4.637820,-74.083632,0.19,0,0
4631,47883098,-0.165,-0.028,-10.198,-1.858,-0.957,-0.219,179.892,1.118,-0.003,-0.017,-0.219,4.637820,-74.083632,0.19,0,0
4632,47893103,-0.225,-0.093,-10.176,-1.919,-0.377,0.452,179.924,1.118,-0.009,-0.023,0.452,4.637820,-74.083632,0.19,0,0
4633,47903095,-0.268,-0.085,-10.169,-1.583,-0.163,0.696,179.953,1.140,-0.009,-0.027,0.696,4.637820,-74.083632,0.19,0,0
4634,47916905,-0.318,-0.028,-10.176,-0.881,-0.102,0.635,179.959,1.180,-0.003,-0.032,0.635,4.637820,-74.083632,0.19,0,0
4635,47923097,-0.311,-0.011,-10.157,-0.027,-0.041,0.635,179.968,1.217,-0.001,-0.032,0.635,4.637820,-74.083632,0.19,0,0
4636,47933104,-0.346,0.146,-10.148,0.736,0.386,1.124,179.914,1.271,0.015,-0.035,1.124,4.637820,-74.083632,0.19,0,0
4637,47943112,-0.346,0.040,-10.090,1.866,1.332,2.100,179.921,1.330,0.004,-0.035,2.100,4.637820,-74.083632,0.19,0,0
4638,47953103,-0.370,-0.138,-10.013,2.201,2.278,2.924,180.010,1.405,-0.014,-0.038,2.924,4.637820,-74.083632,0.19,0,0
4639,47963098,-0.346,-0.254,-9.927,1.713,2.736,3.351,180.139,1.469,-0.026,-0.035,3.351,4.637820,-74.083632,0.19,0,0
4640,47973097,-0.337,-0.298,-9.823,0.797,2.644,3.351,180.271,1.525,-0.030,-0.034,3.351,4.637820,-74.083632,0.19,0,0
4641,47983113,-0.325,-0.290,-9.787,-0.179,1.942,3.229,180.380,1.565,-0.030,-0.033,3.229,4.637820,-74.083632,0.19,0,0
4642,47993105,-0.299,-0.206,-9.845,-1.034,0.752,3.077,180.435,1.578,-0.021,-0.030,3.077,4.637820,-74.083632,0.19,0,0
4643,48003099,-0.332,-0.054,-9.955,-1.461,-0.347,3.229,180.413,1.594,-0.006,-0.034,3.229,4.637820,-74.083632,0.19,0,0
4644,48013097,-0.413,0.127,-10.030,-1.003,-1.262,3.779,180.318,1.634,0.013,-0.042,3.779,4.637820,-74.083632,0.19,0,0
4645,48023107,-0.468,0.247,-10.047,0.523,-1.781,4.511,180.191,1.689,0.025,-0.048,4.511,4.637820,-74.083632,0.19,0,0
4646,48033101,-0.508,0.247,-10.035,2.506,-1.781,5.579,180.093,1.759,0.025,-0.052,5.579,4.637820,-74.083632,0.19,0,0
4647,48043101,-0.566,0.035,-9.910,4.185,-1.384,6.586,180.110,1.855,0.004,-0.058,6.586,4.637820,-74.083632,0.19,0,0
4648,48053102,-0.623,-0.257,-9.763,5.070,-1.293,7.197,180.265,1.973,-0.026,-0.064,7.197,4.637820,-74.083632,0.19,0,0
4649,48063100,-0.628,-0.481,-9.653,4.276,-1.384,6.769,180.503,2.087,-0.049,-0.064,6.769,4.637820,-74.083632,0.19,0,0
4650,48073096,-0.654,-0.543,-9.634,2.537,-1.964,5.396,180.736,2.199,-0.055,-0.067,5.396,4.637820,-74.083632,0.19,0,0
4651,48083092,-0.635,-0.466,-9.720,0.431,-2.605,3.962,180.895,2.285,-0.048,-0.065,3.962,4.637820,-74.083632,0.19,0,0
4652,48093096,-0.661,-0.247,-9.845,-1.430,-3.124,2.772,180.924,2.368,-0.025,-0.067,2.772,4.637820,-74.083632,0.19,0,0
4653,48103092,-0.685,-0.018,-10.047,-2.254,-3.307,1.764,180.842,2.448,-0.002,-0.070,1.764,4.637820,-74.083632,0.19,0,0
4654,48113096,-0.714,0.177,-10.184,-1.675,-3.063,0.910,180.687,2.532,0.018,-0.073,0.910,4.637820,-74.083632,0.19,0,0
4655,48123092,-0.690,0.264,-10.260,-0.149,-2.178,0.300,180.522,2.605,0.027,-0.070,0.300,4.637820,-74.083632,0.19,0,0
4656,48133100,-0.644,0.332,-10.220,1.560,-0.926,0.055,180.356,2.666,0.034,-0.066,0.055,4.637820,-74.083632,0.19,0,0
4657,48143093,-0.597,0.281,-10.114,2.903,0.660,0.330,180.236,2.720,0.029,-0.061,0.330,4.637820,-74.083632,0.19,0,0
4658,48153096,-0.549,0.071,-10.011,3.330,1.912,0.788,180.218,2.763,0.007,-0.056,0.788,4.637820,-74.083632,0.19,0,0
4659,48163093,-0.463,-0.114,-9.883,2.873,2.278,0.635,180.280,2.771,-0.012,-0.047,0.635,4.637820,-74.083632,0.19,0,0
4660,48173097,-0.423,-0.160,-9.809,1.988,2.034,-0.433,180.349,2.760,-0.016,-0.043,-0.433,4.637820,-74.083632,0.19,0,0
4661,48183092,-0.392,-0.052,-9.867,0.767,1.393,-1.623,180.354,2.730,-0.005,-0.040,-1.623,4.637820,-74.083632,0.19,0,0
4662,48193097,-0.346,0.163,-9.929,-0.179,0.813,-2.081,180.255,2.675,0.017,-0.035,-2.081,4.637820,-74.083632,0.19,0,0
4663,48203093,-0.325,0.375,-9.953,0.004,0.508,-1.867,180.072,2.611,0.038,-0.033,-1.867,4.637820,-74.083632,0.19,0,0
4664,48213097,-0.299,0.508,-9.996,1.286,0.447,-1.074,179.858,2.540,0.052,-0.030,-1.074,4.637820,-74.083632,0.19,0,0
4665,48223093,-0.320,0.532,-9.886,3.239,0.508,0.147,179.665,2.486,0.054,-0.033,0.147,4.637820,-74.083632,0.19,0,0
4666,48233098,-0.332,0.334,-9.723,5.558,0.660,1.459,179.593,2.445,0.034,-0.034,1.459,4.637820,-74.083632,0.19,0,0
4667,48243092,-0.344,-0.069,-9.586,6.382,0.752,2.070,179.715,2.415,-0.007,-0.035,2.070,4.637820,-74.083632,0.19,0,0
4668,48256547,-0.356,-0.355,-9.458,5.314,0.477,1.673,179.972,2.392,-0.036,-0.036,1.673,4.637820,-74.083632,0.19,0,0
4669,48263090,-0.334,-0.399,-9.391,2.842,0.172,0.849,180.191,2.359,-0.041,-0.034,0.849,4.637820,-74.083632,0.19,0,0
4670,48273095,-0.320,-0.312,-9.437,-0.149,-0.133,-0.006,180.322,2.319,-0.032,-0.033,-0.006,4.637820,-74.083632,0.19,0,0
4671,48283090,-0.313,-0.151,-9.571,-2.376,-0.530,-0.494,180.346,2.273,-0.015,-0.032,-0.494,4.637820,-74.083632,0.19,0,0
4672,48293095,-0.315,0.006,-9.720,-3.414,-0.804,-0.799,180.286,2.227,0.001,-0.032,-0.799,4.637820,-74.083632,0.19,0,0
4673,48303090,-0.315,0.204,-9.821,-3.170,-0.926,-0.921,180.145,2.182,0.021,-0.032,-0.921,4.637820,-74.083632,0.19,0,0
4674,48313094,-0.308,0.353,-9.898,-1.858,-0.713,-0.616,179.960,2.138,0.036,-0.031,-0.616,4.637820,-74.083632,0.19,0,0
4675,48323090,-0.332,0.373,-9.859,0.034,0.081,-0.128,179.798,2.116,0.038,-0.034,-0.128,4.637820,-74.083632,0.19,0,0
4676,48333095,-0.301,0.214,-9.785,1.774,0.905,0.330,179.735,2.090,0.022,-0.031,0.330,4.637820,-74.083632,0.19,0,0
4677,48343088,-0.280,-0.008,-9.679,2.537,1.973,0.666,179.784,2.069,-0.001,-0.029,0.666,4.637820,-74.083632,0.19,0,0
4678,48353094,-0.239,-0.237,-9.528,1.835,2.919,0.727,179.927,2.040,-0.024,-0.024,0.727,4.637820,-74.083632,0.19,0,0
4679,48363090,-0.194,-0.515,-9.528,-0.210,3.438,0.239,180.169,1.998,-0.052,-0.020,0.239,4.637820,-74.083632,0.19,0,0
4680,48373096,-0.215,-0.613,-9.610,-3.261,3.407,-0.921,180.406,1.968,-0.063,-0.022,-0.921,4.637820,-74.083632,0.19,0,0
4681,48383090,-0.280,-0.488,-9.799,-6.100,2.980,-2.569,180.537,1.963,-0.050,-0.029,-2.569,4.637820,-74.083632,0.19,0,0
4682,48393095,-0.158,-0.204,-10.061,-7.809,2.553,-4.156,180.514,1.899,-0.021,-0.016,-4.156,4.637820,-74.083632,0.19,0,0
4683,48403090,-0.089,0.187,-10.354,-8.510,3.102,-4.186,180.318,1.813,0.019,-0.009,-4.186,4.637820,-74.083632,0.19,0,0
4684,48413095,-0.134,0.471,-10.426,-7.686,4.078,-2.447,180.026,1.762,0.048,-0.014,-2.447,4.637820,-74.083632,0.19,0,0
4685,48423090,-0.070,0.539,-10.397,-5.215,4.597,-0.372,179.751,1.693,0.055,-0.007,-0.372,4.637820,-74.083632,0.19,0,0
4686,48433097,-0.024,0.428,-10.292,-2.224,4.414,1.429,179.568,1.608,0.044,-0.002,1.429,4.637820,-74.083632,0.19,0,0
4687,48443090,-0.072,0.252,-10.179,0.279,3.102,2.711,179.497,1.538,0.026,-0.007,2.711,4.637820,-74.083632,0.19,0,0
4688,48453096,-0.115,0.018,-10.076,1.988,1.301,3.596,179.547,1.476,0.002,-0.012,3.596,4.637820,-74.083632,0.19,0,0
4689,48463090,-0.208,-0.131,-9.994,2.842,-0.591,3.840,179.666,1.442,-0.013,-0.021,3.840,4.637820,-74.083632,0.19,0,0
4690,48473095,-0.289,-0.245,-9.970,2.690,-2.391,3.626,179.824,1.430,-0.025,-0.029,3.626,4.637820,-74.083632,0.19,0,0
4691,48483090,-0.413,-0.312,-10.076,1.957,-3.673,3.077,179.992,1.459,-0.032,-0.042,3.077,4.637820,-74.083632,0.19,0,0
4692,48493097,-0.523,-0.247,-10.186,1.072,-4.161,2.375,180.110,1.526,-0.025,-0.053,2.375,4.637820,-74.083632,0.19,0,0
4693,48503090,-0.578,-0.064,-10.277,0.797,-4.100,1.734,180.137,1.610,-0.006,-0.059,1.734,4.637820,-74.083632,0.19,0,0
4694,48513095,-0.590,0.175,-10.321,1.621,-3.642,1.307,180.068,1.696,0.018,-0.060,1.307,4.637820,-74.083632,0.19,0,0
4695,48523090,-0.611,0.322,-10.333,3.330,-2.666,1.490,179.959,1.794,0.033,-0.062,1.490,4.637820,-74.083632,0.19,0,0
4696,48533095,-0.611,0.259,-10.152,5.589,-1.110,2.161,179.903,1.902,0.026,-0.062,2.161,4.637820,-74.083632,0.19,0,0
4697,48543090,-0.578,0.025,-9.960,7.145,0.203,2.558,179.967,2.005,0.003,-0.059,2.558,4.637820,-74.083632,0.19,0,0
4698,48553094,-0.497,-0.206,-9.780,6.870,1.149,2.711,180.126,2.078,-0.021,-0.051,2.711,4.637820,-74.083632,0.19,0,0
4699,48596067,-0.494,-0.030,-9.790,-0.179,-1.934,-0.768,180.128,2.051,-0.003,-0.050,-0.768,4.637820,-74.083632,0.19,0,0
4700,48597396,-0.494,-0.030,-9.790,-0.179,-1.934,-0.768,180.131,2.056,-0.003,-0.050,-0.768,4.637820,-74.083632,0.19,0,0
4701,48598709,-0.494,-0.030,-9.790,-0.179,-1.934,-0.768,180.134,2.084,-0.003,-0.050,-0.768,4.637820,-74.083632,0.19,0,0
4702,48600016,-0.466,0.262,-9.943,0.248,-2.696,-1.135,179.967,2.095,0.027,-0.047,-1.135,4.637820,-74.083632,0.19,0,0
4703,48603086,-0.466,0.262,-9.943,0.248,-2.696,-1.135,179.823,2.123,0.027,-0.047,-1.135,4.637820,-74.083632,0.19,0,0
4704,48613093,-0.480,0.394,-9.967,1.286,-2.819,-0.707,179.634,2.151,0.040,-0.049,-0.707,4.637820,-74.083632,0.19,0,0
4705,48623089,-0.473,0.332,-9.891,2.659,-2.452,0.117,179.515,2.177,0.034,-0.048,0.117,4.637820,-74.083632,0.19,0,0
4706,48633146,-0.489,0.148,-9.852,3.544,-2.269,0.818,179.514,2.210,0.015,-0.050,0.818,4.637820,-74.083632,0.19,0,0
4707,48643090,-0.516,-0.085,-9.778,3.147,-2.513,1.093,179.630,2.252,-0.009,-0.053,1.093,4.637820,-74.083632,0.19,0,0
4708,48653095,-0.578,-0.235,-9.790,2.018,-3.185,0.483,179.800,2.313,-0.024,-0.059,0.483,4.637820,-74.083632,0.19,0,0
4709,48663123,-0.644,-0.191,-9.900,0.889,-3.917,-0.768,179.920,2.390,-0.020,-0.066,-0.768,4.637820,-74.083632,0.19,0,0
4710,48673101,-0.666,-0.047,-10.044,0.462,-4.100,-1.989,179.954,2.463,-0.005,-0.068,-1.989,4.637820,-74.083632,0.19,0,0
4711,48683102,-0.690,0.175,-10.150,0.706,-3.551,-2.416,179.884,2.541,0.018,-0.070,-2.416,4.637820,-74.083632,0.19,0,0
4712,48693109,-0.730,0.332,-10.133,1.988,-2.330,-2.020,179.760,2.642,0.034,-0.074,-2.020,4.637820,-74.083632,0.19,0,0
4713,48703101,-0.673,0.238,-9.972,4.063,-0.774,-1.013,179.708,2.726,0.024,-0.069,-1.013,4.637820,-74.083632,0.19,0,0
4714,48713104,-0.649,-0.208,-9.864,4.948,0.325,-0.463,179.874,2.806,-0.021,-0.066,-0.463,4.637820,-74.083632,0.19,0,0
4715,48723091,-0.613,-0.449,-9.725,4.429,0.569,-1.196,180.136,2.868,-0.046,-0.063,-1.196,4.637820,-74.083632,0.19,0,0
4716,48733111,-0.580,-0.539,-9.687,2.873,0.020,-2.386,180.404,2.906,-0.055,-0.059,-2.386,4.637820,-74.083632,0.19,0,0
4717,48743091,-0.537,-0.464,-9.725,1.133,-0.774,-3.851,180.598,2.912,-0.047,-0.055,-3.851,4.637820,-74.083632,0.19,0,0
4718,48753111,-0.485,-0.223,-9.871,0.492,-1.201,-4.949,180.658,2.887,-0.023,-0.049,-4.949,4.637820,-74.083632,0.19,0,0
4719,48763099,-0.520,0.091,-9.996,0.919,-0.896,-5.194,180.576,2.879,0.009,-0.053,-5.194,4.637820,-74.083632,0.19,0,0
4720,48773101,-0.489,0.252,-9.989,2.781,0.111,-4.492,180.446,2.868,0.026,-0.050,-4.492,4.637820,-74.083632,0.19,0,0
4721,48783094,-0.411,0.110,-9.852,5.039,1.576,-3.362,180.409,2.839,0.011,-0.042,-3.362,4.637820,-74.083632,0.19,0,0
4722,48793100,-0.327,-0.247,-9.706,5.985,3.102,-2.325,180.547,2.791,-0.025,-0.033,-2.325,4.637820,-74.083632,0.19,0,0
4723,48803124,-0.289,-0.681,-9.605,4.704,3.773,-2.050,180.862,2.737,-0.069,-0.029,-2.050,4.637820,-74.083632,0.19,0,0
4724,48813101,-0.229,-0.961,-9.646,2.201,3.743,-2.996,181.254,2.659,-0.098,-0.023,-2.996,4.637820,-74.083632,0.19,0,0
4725,48823099,-0.201,-0.828,-9.881,-1.247,2.949,-4.888,181.516,2.565,-0.084,-0.020,-4.888,4.637820,-74.083632,0.19,0,0
4726,48833109,-0.144,-0.375,-10.208,-3.475,2.217,-6.292,181.530,2.444,-0.038,-0.015,-6.292,4.637820,-74.083632,0.19,0,0
4727,48843113,-0.134,0.187,-10.477,-2.926,2.156,-6.384,181.308,2.326,0.019,-0.014,-6.384,4.637820,-74.083632,0.19,0,0
4728,48853104,-0.084,0.703,-10.621,0.157,2.888,-5.071,180.921,2.203,0.072,-0.009,-5.071,4.637820,-74.083632,0.19,0,0
4729,48863100,0.007,0.852,-10.491,4.734,4.414,-2.264,180.539,2.065,0.087,0.001,-2.264,4.637820,-74.083632,0.19,0,0
4730,48873104,0.061,0.440,-10.169,9.129,5.940,1.276,180.394,1.929,0.045,0.006,1.276,4.637820,-74.083632,0.19,0,0
4731,48883089,0.090,-0.245,-9.843,10.716,5.848,3.840,180.573,1.789,-0.025,0.009,3.840,4.637820,-74.083632,0.19,0,0
4732,48893108,0.026,-0.666,-9.660,9.251,4.139,4.511,180.917,1.673,-0.068,0.003,4.511,4.637820,-74.083632,0.19,0,0
4733,48903097,-0.074,-0.715,-9.634,6.748,1.179,3.382,181.234,1.583,-0.073,-0.008,3.382,4.637820,-74.083632,0.19,0,0
4734,48916848,-0.227,-0.367,-9.823,4.887,-1.934,1.764,181.369,1.529,-0.037,-0.023,1.764,4.637820,-74.083632,0.19,0,0
4735,48923102,-0.384,0.105,-10.092,4.948,-3.673,1.063,181.262,1.539,0.011,-0.039,1.063,4.637820,-74.083632,0.19,0,0
4736,48933112,-0.547,0.411,-10.227,7.084,-3.642,1.520,181.051,1.617,0.042,-0.056,1.520,4.637820,-74.083632,0.19,0,0
4737,48943110,-0.632,0.457,-10.124,10.136,-2.025,2.741,180.864,1.743,0.047,-0.064,2.741,4.637820,-74.083632,0.19,0,0
4738,48953107,-0.652,0.197,-9.869,12.547,0.538,4.236,180.826,1.899,0.020,-0.066,4.236,4.637820,-74.083632,0.19,0,0
4739,48963097,-0.649,-0.331,-9.535,13.004,2.827,5.457,181.037,2.072,-0.034,-0.066,5.457,4.637820,-74.083632,0.19,0,0
4740,48973097,-0.663,-0.821,-9.259,10.777,3.895,5.213,181.447,2.256,-0.084,-0.068,5.213,4.637820,-74.083632,0.19,0,0
4741,48983096,-0.661,-1.038,-9.218,6.809,3.621,3.351,181.894,2.423,-0.106,-0.067,3.351,4.637820,-74.083632,0.19,0,0
4742,48993107,-0.683,-0.881,-9.367,2.873,3.010,0.879,182.189,2.577,-0.090,-0.070,0.879,4.637820,-74.083632,0.19,0,0
4743,49003103,-0.699,-0.616,-9.605,0.889,2.278,-1.654,182.311,2.713,-0.063,-0.071,-1.654,4.637820,-74.083632,0.19,0,0
4744,49013116,-0.656,-0.167,-9.843,0.523,2.217,-3.393,182.215,2.811,-0.017,-0.067,-3.393,4.637820,-74.083632,0.19,0,0
4745,49023110,-0.628,0.160,-9.922,1.713,3.193,-3.485,181.991,2.896,0.016,-0.064,-3.485,4.637820,-74.083632,0.19,0,0
4746,49033110,-0.551,0.180,-9.804,3.636,4.719,-2.233,181.793,2.958,0.018,-0.056,-2.233,4.637820,-74.083632,0.19,0,0
4747,49043096,-0.442,-0.158,-9.610,4.551,5.879,-0.707,181.771,2.981,-0.016,-0.045,-0.707,4.637820,-74.083632,0.19,0,0
4748,49053097,-0.365,-0.635,-9.458,3.697,5.696,-0.128,181.964,2.968,-0.065,-0.037,-0.128,4.637820,-74.083632,0.19,0,0
4749,49063097,-0.389,-0.876,-9.494,1.072,3.987,-1.226,182.228,2.950,-0.089,-0.040,-1.226,4.637820,-74.083632,0.19,0,0
4750,49073094,-0.411,-0.736,-9.660,-1.552,1.820,-3.301,182.378,2.921,-0.075,-0.042,-3.301,4.637820,-74.083632,0.19,0,0
4751,49083092,-0.435,-0.408,-9.931,-2.743,0.294,-5.194,182.352,2.885,-0.042,-0.044,-5.194,4.637820,-74.083632,0.19,0,0
4752,49093097,-0.432,-0.047,-10.193,-2.529,-0.011,-5.590,182.170,2.844,-0.005,-0.044,-5.590,4.637820,-74.083632,0.19,0,0
4753,49103092,-0.392,0.100,-10.311,-0.789,0.996,-4.553,181.956,2.795,0.010,-0.040,-4.553,4.637820,-74.083632,0.19,0,0
4754,49113096,-0.365,0.042,-10.215,1.316,2.461,-2.844,181.802,2.755,0.004,-0.037,-2.844,4.637820,-74.083632,0.19,0,0
4755,49123093,-0.315,-0.177,-9.994,3.086,3.529,-1.379,181.771,2.708,-0.018,-0.032,-1.379,4.637820,-74.083632,0.19,0,0
4756,49133148,-0.256,-0.471,-9.766,4.246,3.773,-0.707,181.887,2.644,-0.048,-0.026,-0.707,4.637820,-74.083632,0.19,0,0
4757,49143091,-0.218,-0.703,-9.571,3.697,3.102,-0.524,182.098,2.564,-0.072,-0.022,-0.524,4.637820,-74.083632,0.19,0,0
4758,49153098,-0.160,-0.826,-9.480,1.927,2.003,-0.677,182.337,2.454,-0.084,-0.016,-0.677,4.637820,-74.083632,0.19,0,0
4759,49163092,-0.184,-0.828,-9.538,-0.423,0.386,-0.952,182.534,2.348,-0.084,-0.019,-0.952,4.637820,-74.083632,0.19,0,0
4760,49173097,-0.289,-0.664,-9.670,-2.102,-1.171,-1.409,182.622,2.282,-0.068,-0.029,-1.409,4.637820,-74.083632,0.19,0,0
4761,49183092,-0.353,-0.597,-9.778,-2.102,-2.269,-2.081,182.670,2.238,-0.061,-0.036,-2.081,4.637820,-74.083632,0.19,0,0
4762,49193096,-0.349,-0.536,-9.967,-1.858,-2.483,-2.600,182.685,2.190,-0.055,-0.036,-2.600,4.637820,-74.083632,0.19,0,0
4763,49203092,-0.346,-0.464,-10.052,-1.583,-1.750,-2.691,182.669,2.151,-0.047,-0.035,-2.691,4.637820,-74.083632,0.19,0,0
4764,49213096,-0.322,-0.447,-10.020,-1.430,-0.530,-2.325,182.648,2.116,-0.046,-0.033,-2.325,4.637820,-74.083632,0.19,0,0
4765,49223093,-0.284,-0.481,-9.965,-1.247,0.783,-1.837,182.646,2.079,-0.049,-0.029,-1.837,4.637820,-74.083632,0.19,0,0
4766,49233097,-0.191,-0.599,-9.900,-1.217,1.423,-1.654,182.698,2.012,-0.061,-0.020,-1.654,4.637820,-74.083632,0.19,0,0
4767,49243092,-0.139,-0.642,-9.917,-1.400,1.149,-1.989,182.763,1.923,-0.065,-0.014,-1.989,4.637820,-74.083632,0.19,0,0
4768,49253098,-0.117,-0.543,-9.960,-1.583,0.355,-2.691,182.777,1.825,-0.055,-0.012,-2.691,4.637820,-74.083632,0.19,0,0
4769,49268630,-0.091,-0.312,-10.049,-0.362,-0.133,-2.600,182.695,1.709,-0.032,-0.009,-2.600,4.637820,-74.083632,0.19,0,0
4770,49273094,-0.091,-0.312,-10.049,-0.362,-0.133,-2.600,182.621,1.608,-0.032,-0.009,-2.600,4.637820,-74.083632,0.19,0,0
4771,49283091,-0.070,-0.370,-10.040,0.462,0.172,-1.989,182.586,1.508,-0.038,-0.007,-1.989,4.637820,-74.083632,0.19,0,0
4772,49293094,-0.072,-0.474,-10.013,0.614,0.660,-1.348,182.602,1.422,-0.048,-0.007,-1.348,4.637820,-74.083632,0.19,0,0
4773,49303092,-0.048,-0.570,-9.996,-0.088,1.149,-1.013,182.654,1.337,-0.058,-0.005,-1.013,4.637820,-74.083632,0.19,0,0
4774,49313096,-0.020,-0.560,-10.023,-1.095,1.149,-0.860,182.688,1.246,-0.057,-0.002,-0.860,4.637820,-74.083632,0.19,0,0
4775,49323091,0.009,-0.387,-10.047,-1.705,0.691,-0.952,182.636,1.145,-0.039,0.001,-0.952,4.637820,-74.083632,0.19,0,0
4776,49333095,0.009,-0.170,-10.071,-1.034,0.142,-0.677,182.498,1.047,-0.017,0.001,-0.677,4.637820,-74.083632,0.19,0,0
4777,49343091,0.023,-0.083,-10.088,0.492,-0.530,0.178,182.348,0.945,-0.008,0.002,0.178,4.637820,-74.083632,0.19,0,0
4778,49353095,-0.005,-0.155,-10.071,2.140,-1.018,1.307,182.256,0.858,-0.016,-0.001,1.307,4.637820,-74.083632,0.19,0,0
4779,49363091,-0.048,-0.254,-9.994,3.483,-1.354,2.344,182.228,0.794,-0.026,-0.005,2.344,4.637820,-74.083632,0.19,0,0
4780,49373095,-0.108,-0.399,-9.903,4.154,-1.689,3.016,182.274,0.759,-0.041,-0.011,3.016,4.637820,-74.083632,0.19,0,0
4781,49383091,-0.127,-0.517,-9.879,4.185,-1.872,3.321,182.369,0.733,-0.053,-0.013,3.321,4.637820,-74.083632,0.19,0,0
4782,49393095,-0.163,-0.560,-9.802,3.422,-1.903,3.596,182.471,0.725,-0.057,-0.017,3.596,4.637820,-74.083632,0.19,0,0
4783,49403091,-0.241,-0.546,-9.749,2.659,-1.903,3.565,182.553,0.753,-0.056,-0.025,3.565,4.637820,-74.083632,0.19,0,0
4784,49413095,-0.265,-0.536,-9.749,2.293,-1.934,3.382,182.620,0.790,-0.055,-0.027,3.382,4.637820,-74.083632,0.19,0,0
4785,49423092,-0.299,-0.531,-9.778,1.713,-1.781,2.955,182.675,0.840,-0.054,-0.030,2.955,4.637820,-74.083632,0.19,0,0
4786,49433095,-0.291,-0.522,-9.833,1.255,-1.506,2.955,182.715,0.885,-0.053,-0.030,2.955,4.637820,-74.083632,0.19,0,0
4787,49443091,-0.287,-0.507,-9.883,0.767,-1.110,2.894,182.741,0.927,-0.052,-0.029,2.894,4.637820,-74.083632,0.19,0,0
4788,49453095,-0.272,-0.418,-9.927,0.248,-0.743,2.772,182.719,0.962,-0.043,-0.028,2.772,4.637820,-74.083632,0.19,0,0
4789,49463091,-0.277,-0.348,-9.941,0.248,-0.408,2.863,182.668,1.000,-0.036,-0.028,2.863,4.637820,-74.083632,0.19,0,0
4790,49473095,-0.251,-0.322,-9.927,0.492,-0.072,3.260,182.612,1.027,-0.033,-0.026,3.260,4.637820,-74.083632,0.19,0,0
4791,49483091,-0.225,-0.334,-9.917,0.523,0.020,3.748,182.565,1.041,-0.034,-0.023,3.748,4.637820,-74.083632,0.19,0,0
4792,49493093,-0.206,-0.351,-9.891,0.797,-0.255,4.175,182.533,1.043,-0.036,-0.021,4.175,4.637820,-74.083632,0.19,0,0
4793,49503089,-0.208,-0.367,-9.888,0.828,-0.743,4.389,182.511,1.042,-0.037,-0.021,4.389,4.637820,-74.083632,0.19,0,0
4794,49513094,-0.253,-0.389,-9.886,0.858,-1.598,4.481,182.500,1.053,-0.040,-0.026,4.481,4.637820,-74.083632,0.19,0,0
4795,49523091,-0.322,-0.375,-9.951,0.950,-2.605,4.511,182.484,1.083,-0.038,-0.033,4.511,4.637820,-74.083632,0.19,0,0
4796,49533093,-0.389,-0.339,-10.011,1.377,-3.398,4.419,182.456,1.132,-0.035,-0.040,4.419,4.637820,-74.083632,0.19,0,0
4797,49543091,-0.492,-0.319,-10.071,1.927,-3.887,4.206,182.426,1.216,-0.033,-0.050,4.206,4.637820,-74.083632,0.19,0,0
4798,49553094,-0.585,-0.295,-10.143,2.476,-3.856,4.084,182.392,1.332,-0.030,-0.060,4.084,4.637820,-74.083632,0.19,0,0
4799,49582927,-0.601,-0.399,-9.963,4.917,-1.140,3.901,182.521,1.466,-0.041,-0.061,3.901,4.637820,-74.083632,0.19,0,0
4800,49584247,-0.601,-0.399,-9.963,4.917,-1.140,3.901,182.597,1.611,-0.041,-0.061,3.901,4.637820,-74.083632,0.19,0,0
4801,49585560,-0.601,-0.399,-9.963,4.917,-1.140,3.901,182.626,1.755,-0.041,-0.061,3.901,4.637820,-74.083632,0.19,0,0
4802,49593098,-0.580,-0.507,-9.876,4.887,-0.194,3.687,182.700,1.887,-0.052,-0.059,3.687,4.637820,-74.083632,0.19,0,0
4803,49603092,-0.556,-0.594,-9.821,4.460,0.355,3.229,182.807,2.000,-0.061,-0.057,3.229,4.637820,-74.083632,0.19,0,0
4804,49613097,-0.456,-0.698,-9.766,3.300,0.569,2.802,182.946,2.055,-0.071,-0.046,2.802,4.637820,-74.083632,0.19,0,0
4805,49623092,-0.344,-0.609,-9.773,1.774,0.233,2.283,183.015,2.047,-0.062,-0.035,2.283,4.637820,-74.083632,0.19,0,0
4806,49633100,-0.370,-0.348,-9.780,1.347,-0.713,2.009,182.948,2.044,-0.036,-0.038,2.009,4.637820,-74.083632,0.19,0,0
4807,49643094,-0.408,-0.179,-9.778,2.110,-1.537,2.253,182.815,2.051,-0.018,-0.042,2.253,4.637820,-74.083632,0.19,0,0
4808,49653096,-0.427,-0.288,-9.783,3.880,-2.330,2.894,182.761,2.060,-0.029,-0.044,2.894,4.637820,-74.083632,0.19,0,0
4809,49663092,-0.466,-0.498,-9.766,4.978,-3.063,2.802,182.820,2.078,-0.051,-0.047,2.802,4.637820,-74.083632,0.19,0,0
4810,49673103,-0.504,-0.616,-9.783,4.887,-3.398,2.131,182.928,2.109,-0.063,-0.051,2.131,4.637820,-74.083632,0.19,0,0
4811,49683101,-0.554,-0.633,-9.833,4.002,-3.459,1.398,183.025,2.158,-0.065,-0.056,1.398,4.637820,-74.083632,0.19,0,0
4812,49693115,-0.590,-0.536,-9.903,2.964,-3.032,0.635,183.060,2.221,-0.055,-0.060,0.635,4.637820,-74.083632,0.19,0,0
4813,49703097,-0.597,-0.437,-9.924,2.537,-2.239,0.117,183.042,2.289,-0.045,-0.061,0.117,4.637820,-74.083632,0.19,0,0
4814,49713100,-0.621,-0.372,-9.953,2.598,-1.354,-0.402,182.997,2.369,-0.038,-0.063,-0.402,4.637820,-74.083632,0.19,0,0
4815,49723094,-0.609,-0.353,-9.958,3.117,-0.408,-0.891,182.952,2.447,-0.036,-0.062,-0.891,4.637820,-74.083632,0.19,0,0
4816,49733112,-0.594,-0.421,-9.924,3.452,0.538,-1.257,182.944,2.521,-0.043,-0.061,-1.257,4.637820,-74.083632,0.19,0,0
4817,49743102,-0.525,-0.416,-9.843,3.544,1.423,-1.470,182.937,2.569,-0.042,-0.054,-1.470,4.637820,-74.083632,0.19,0,0
4818,49753097,-0.463,-0.375,-9.792,3.178,2.308,-1.501,182.910,2.594,-0.038,-0.047,-1.501,4.637820,-74.083632,0.19,0,0
4819,49763093,-0.418,-0.406,-9.696,2.537,3.163,-0.860,182.895,2.607,-0.041,-0.043,-0.860,4.637820,-74.083632,0.19,0,0
4820,49773105,-0.406,-0.505,-9.593,2.079,3.102,-0.463,182.924,2.615,-0.051,-0.041,-0.463,4.637820,-74.083632,0.19,0,0
4821,49783115,-0.401,-0.524,-9.670,1.408,2.400,-0.799,182.952,2.612,-0.053,-0.041,-0.799,4.637820,-74.083632,0.19,0,0
4822,49793097,-0.413,-0.563,-9.814,1.682,1.790,-1.684,182.994,2.607,-0.057,-0.042,-1.684,4.637820,-74.083632,0.19,0,0
4823,49803097,-0.358,-0.392,-9.893,1.713,1.790,-2.630,182.955,2.576,-0.040,-0.037,-2.630,4.637820,-74.083632,0.19,0,0
4824,49813100,-0.337,-0.165,-9.936,1.194,2.339,-1.867,182.814,2.542,-0.017,-0.034,-1.867,4.637820,-74.083632,0.19,0,0
4825,49823096,-0.339,-0.146,-9.955,2.323,3.041,-0.372,182.685,2.519,-0.015,-0.035,-0.372,4.637820,-74.083632,0.19,0,0
4826,49833105,-0.368,-0.389,-9.891,4.612,3.468,0.117,182.696,2.515,-0.040,-0.038,0.117,4.637820,-74.083632,0.19,0,0
4827,49843102,-0.320,-0.500,-9.891,5.863,3.865,-0.189,182.766,2.493,-0.051,-0.033,-0.189,4.637820,-74.083632,0.19,0,0
4828,49853097,-0.241,-0.606,-9.855,6.260,4.994,-0.158,182.882,2.450,-0.062,-0.025,-0.158,4.637820,-74.083632,0.19,0,0
4829,49863106,-0.148,-0.597,-9.766,5.222,6.367,0.788,182.978,2.381,-0.061,-0.015,0.788,4.637820,-74.083632,0.19,0,0
4830,49873114,-0.091,-0.758,-9.605,3.575,7.344,2.131,183.129,2.302,-0.077,-0.009,2.131,4.637820,-74.083632,0.19,0,0
4831,49883104,0.007,-0.970,-9.497,2.262,7.191,2.405,183.358,2.184,-0.099,0.001,2.405,4.637820,-74.083632,0.19,0,0
4832,49893103,0.071,-0.970,-9.466,0.553,6.032,2.070,183.554,2.034,-0.099,0.007,2.070,4.637820,-74.083632,0.19,0,0
4833,49903097,0.111,-0.809,-9.490,-1.339,4.323,2.009,183.643,1.861,-0.082,0.011,2.009,4.637820,-74.083632,0.19,0,0
4834,49916591,0.145,-0.691,-9.545,-2.468,2.308,2.527,183.653,1.668,-0.070,0.015,2.527,4.637820,-74.083632,0.19,0,0
4835,49923103,0.083,-0.635,-9.622,-2.346,0.416,2.772,183.642,1.497,-0.065,0.008,2.772,4.637820,-74.083632,0.19,0,0
4836,49933096,-0.029,-0.570,-9.708,-1.766,-1.201,2.863,183.605,1.376,-0.058,-0.003,2.863,4.637820,-74.083632,0.19,0,0
4837,49943100,-0.120,-0.618,-9.807,-0.759,-2.117,3.229,183.599,1.298,-0.063,-0.012,3.229,4.637820,-74.083632,0.19,0,0
4838,49953107,-0.160,-0.777,-9.843,-0.362,-2.086,3.779,183.667,1.243,-0.079,-0.016,3.779,4.637820,-74.083632,0.19,0,0
4839,49963104,-0.234,-0.970,-9.883,-1.125,-1.445,4.114,183.807,1.232,-0.099,-0.024,4.114,4.637820,-74.083632,0.19,0,0
4840,49973102,-0.277,-1.043,-9.917,-2.468,-0.865,3.687,183.954,1.245,-0.106,-0.028,3.687,4.637820,-74.083632,0.19,0,0
4841,49983105,-0.291,-0.910,-10.006,-3.567,-0.591,2.558,184.018,1.265,-0.093,-0.030,2.558,4.637820,-74.083632,0.19,0,0
4842,49993104,-0.325,-0.748,-10.107,-3.963,-0.438,1.520,183.999,1.298,-0.076,-0.033,1.520,4.637820,-74.083632,0.19,0,0
4843,50003102,-0.306,-0.580,-10.188,-3.902,-0.286,0.910,183.907,1.321,-0.059,-0.031,0.910,4.637820,-74.083632,0.19,0,0
4844,50013105,-0.337,-0.449,-10.251,-3.231,-0.011,1.032,183.772,1.357,-0.046,-0.034,1.032,4.637820,-74.083632,0.19,0,0
4845,50023097,-0.382,-0.353,-10.287,-2.071,0.386,1.246,183.615,1.412,-0.036,-0.039,1.246,4.637820,-74.083632,0.19,0,0
4846,50033102,-0.387,-0.355,-10.263,-0.484,0.783,1.551,183.487,1.470,-0.036,-0.039,1.551,4.637820,-74.083632,0.19,0,0
4847,50043106,-0.399,-0.399,-10.220,0.767,1.271,1.581,183.400,1.533,-0.041,-0.041,1.581,4.637820,-74.083632,0.19,0,0
4848,50053110,-0.392,-0.452,-10.100,1.682,1.790,1.581,183.352,1.596,-0.046,-0.040,1.581,4.637820,-74.083632,0.19,0,0
4849,50063092,-0.377,-0.495,-10.004,1.988,2.431,1.764,183.332,1.654,-0.051,-0.038,1.764,4.637820,-74.083632,0.19,0,0
4850,50073097,-0.363,-0.529,-9.905,2.171,2.888,1.795,183.332,1.708,-0.054,-0.037,1.795,4.637820,-74.083632,0.19,0,0
4851,50083090,-0.351,-0.565,-9.809,2.323,2.766,1.795,183.352,1.753,-0.058,-0.036,1.795,4.637820,-74.083632,0.19,0,0
4852,50093095,-0.320,-0.589,-9.715,2.293,2.461,1.642,183.383,1.779,-0.060,-0.033,1.642,4.637820,-74.083632,0.19,0,0
4853,50103090,-0.284,-0.582,-9.634,2.293,2.034,1.642,183.411,1.784,-0.059,-0.029,1.642,4.637820,-74.083632,0.19,0,0
4854,50113096,-0.280,-0.621,-9.590,1.743,1.607,2.131,183.451,1.784,-0.063,-0.029,2.131,4.637820,-74.083632,0.19,0,0
4855,50123090,-0.294,-0.664,-9.552,0.736,1.027,2.527,183.499,1.785,-0.068,-0.030,2.527,4.637820,-74.083632,0.19,0,0
4856,50133148,-0.361,-0.724,-9.533,-0.271,0.142,2.680,183.562,1.808,-0.074,-0.037,2.680,4.637820,-74.083632,0.19,0,0
4857,50143087,-0.439,-0.787,-9.636,-1.156,-0.957,2.344,183.636,1.853,-0.080,-0.045,2.344,4.637820,-74.083632,0.19,0,0
4858,50153095,-0.511,-0.691,-9.744,-1.613,-2.056,1.368,183.654,1.914,-0.070,-0.052,1.368,4.637820,-74.083632,0.19,0,0
4859,50163090,-0.563,-0.580,-9.881,-1.797,-2.666,0.544,183.616,1.986,-0.059,-0.057,0.544,4.637820,-74.083632,0.19,0,0
4860,50173095,-0.618,-0.534,-9.996,-1.613,-2.452,0.025,183.560,2.074,-0.054,-0.063,0.025,4.637820,-74.083632,0.19,0,0
4861,50183090,-0.663,-0.551,-10.030,-1.217,-1.781,-0.402,183.518,2.181,-0.056,-0.068,-0.402,4.637820,-74.083632,0.19,0,0
4862,50193095,-0.637,-0.609,-10.076,-0.820,-0.713,-0.921,183.507,2.277,-0.062,-0.065,-0.921,4.637820,-74.083632,0.19,0,0
4863,50203090,-0.613,-0.630,-10.090,-0.759,0.386,-1.776,183.506,2.365,-0.064,-0.063,-1.776,4.637820,-74.083632,0.19,0,0
4864,50213097,-0.582,-0.589,-10.059,-0.789,1.515,-2.630,183.488,2.445,-0.060,-0.059,-2.630,4.637820,-74.083632,0.19,0,0
4865,50223090,-0.446,-0.599,-10.028,-0.698,2.553,-3.240,183.477,2.470,-0.061,-0.046,-3.240,4.637820,-74.083632,0.19,0,0
4866,50233095,-0.344,-0.575,-9.960,-0.942,3.254,-3.485,183.456,2.455,-0.059,-0.035,-3.485,4.637820,-74.083632,0.19,0,0
4867,50243090,-0.263,-0.524,-9.934,-1.095,3.407,-3.515,183.414,2.409,-0.053,-0.027,-3.515,4.637820,-74.083632,0.19,0,0
4868,50253094,-0.210,-0.452,-9.862,-0.789,2.980,-3.668,183.348,2.339,-0.046,-0.021,-3.668,4.637820,-74.083632,0.19,0,0
4869,50266312,-0.139,-0.423,-9.835,0.126,2.339,-3.790,183.281,2.240,-0.043,-0.014,-3.790,4.637820,-74.083632,0.19,0,0
4870,50273093,-0.098,-0.447,-9.835,0.828,1.820,-3.301,183.237,2.121,-0.046,-0.010,-3.301,4.637820,-74.083632,0.19,0,0
4871,50283089,-0.039,-0.512,-9.773,0.919,1.698,-2.569,183.229,1.983,-0.052,-0.004,-2.569,4.637820,-74.083632,0.19,0,0
4872,50293095,-0.043,-0.616,-9.696,0.614,1.607,-1.684,183.267,1.858,-0.063,-0.004,-1.684,4.637820,-74.083632,0.19,0,0
4873,50303092,-0.027,-0.695,-9.689,-0.088,1.210,-1.287,183.331,1.732,-0.071,-0.003,-1.287,4.637820,-74.083632,0.19,0,0
4874,50313093,-0.017,-0.693,-9.711,-0.973,0.691,-1.104,183.381,1.606,-0.071,-0.002,-1.104,4.637820,-74.083632,0.19,0,0
4875,50323091,0.021,-0.609,-9.718,-1.858,0.325,-0.707,183.381,1.470,-0.062,0.002,-0.707,4.637820,-74.083632,0.19,0,0
4876,50333094,0.033,-0.524,-9.778,-2.529,-0.194,-0.067,183.334,1.334,-0.053,0.003,-0.067,4.637820,-74.083632,0.19,0,0
4877,50343091,-0.020,-0.466,-9.831,-2.743,-0.957,0.849,183.263,1.225,-0.048,-0.002,0.849,4.637820,-74.083632,0.19,0,0
4878,50353095,-0.098,-0.430,-9.922,-2.376,-2.056,1.368,183.182,1.149,-0.044,-0.010,1.368,4.637820,-74.083632,0.19,0,0
4879,50363091,-0.203,-0.406,-9.994,-1.186,-3.093,1.581,183.107,1.115,-0.041,-0.021,1.581,4.637820,-74.083632,0.19,0,0
4880,50373094,-0.284,-0.464,-10.049,0.004,-3.581,1.520,183.072,1.113,-0.047,-0.029,1.520,4.637820,-74.083632,0.19,0,0
4881,50383091,-0.373,-0.551,-10.121,0.889,-3.429,1.276,183.085,1.151,-0.056,-0.038,1.276,4.637820,-74.083632,0.19,0,0
4882,50393095,-0.427,-0.577,-10.138,1.286,-2.605,0.635,183.111,1.216,-0.059,-0.044,0.635,4.637820,-74.083632,0.19,0,0
4883,50403091,-0.468,-0.572,-10.104,1.408,-0.987,0.239,183.135,1.310,-0.058,-0.048,0.239,4.637820,-74.083632,0.19,0,0
4884,50413094,-0.456,-0.599,-10.042,0.981,0.935,-0.036,183.166,1.410,-0.061,-0.046,-0.036,4.637820,-74.083632,0.19,0,0
4885,50423091,-0.382,-0.659,-9.989,0.645,2.400,-0.311,183.220,1.485,-0.067,-0.039,-0.311,4.637820,-74.083632,0.19,0,0
4886,50433095,-0.282,-0.640,-9.919,-0.027,3.285,-0.830,183.256,1.519,-0.065,-0.029,-0.830,4.637820,-74.083632,0.19,0,0
4887,50443091,-0.208,-0.481,-9.874,-0.545,3.468,-0.921,183.217,1.521,-0.049,-0.021,-0.921,4.637820,-74.083632,0.19,0,0
4888,50453095,-0.170,-0.404,-9.751,-0.332,2.949,-0.433,183.150,1.501,-0.041,-0.017,-0.433,4.637820,-74.083632,0.19,0,0
4889,50463091,-0.151,-0.464,-9.711,0.370,1.912,0.117,183.123,1.466,-0.047,-0.015,0.117,4.637820,-74.083632,0.19,0,0
4890,50473095,-0.160,-0.575,-9.723,1.011,0.569,0.330,183.153,1.424,-0.059,-0.016,0.330,4.637820,-74.083632,0.19,0,0
4891,50483091,-0.215,-0.625,-9.780,1.103,-0.804,0.117,183.203,1.398,-0.064,-0.022,0.117,4.637820,-74.083632,0.19,0,0
4892,50493094,-0.270,-0.551,-9.797,1.286,-1.567,-0.097,183.217,1.390,-0.056,-0.028,-0.097,4.637820,-74.083632,0.19,0,0
4893,50503091,-0.282,-0.527,-9.804,1.530,-1.567,0.117,183.221,1.388,-0.054,-0.029,0.117,4.637820,-74.083632,0.19,0,0
4894,50513095,-0.299,-0.640,-9.775,1.286,-1.262,0.574,183.274,1.397,-0.065,-0.030,0.574,4.637820,-74.083632,0.19,0,0
4895,50523091,-0.349,-0.763,-9.773,0.248,-0.926,0.666,183.368,1.431,-0.078,-0.036,0.666,4.637820,-74.083632,0.19,0,0
4896,50533095,-0.344,-0.751,-9.787,-1.095,-0.652,0.178,183.437,1.462,-0.077,-0.035,0.178,4.637820,-74.083632,0.19,0,0
4897,50543091,-0.337,-0.647,-9.850,-2.102,-0.560,-0.524,183.443,1.488,-0.066,-0.034,-0.524,4.637820,-74.083632,0.19,0,0
4898,50553095,-0.311,-0.539,-9.967,-2.560,-0.621,-0.921,183.393,1.498,-0.055,-0.032,-0.921,4.637820,-74.083632,0.19,0,0
4899,50609630,-0.203,-0.628,-9.790,0.553,0.752,0.727,183.455,1.469,-0.064,-0.021,0.727,4.637820,-74.083632,0.19,0,0
4900,50610952,-0.203,-0.628,-9.790,0.553,0.752,0.727,183.508,1.438,-0.064,-0.021,0.727,4.637820,-74.083632,0.19,0,0
4901,50612259,-0.203,-0.628,-9.790,0.553,0.752,0.727,183.551,1.408,-0.064,-0.021,0.727,4.637820,-74.083632,0.19,0,0
4902,50613570,-0.203,-0.628,-9.790,0.553,0.752,0.727,183.584,1.382,-0.064,-0.021,0.727,4.637820,-74.083632,0.19,0,0
4903,50614882,-0.203,-0.628,-9.790,0.553,0.752,0.727,183.607,1.359,-0.064,-0.021,0.727,4.637820,-74.083632,0.19,0,0
4904,50616191,-0.203,-0.628,-9.790,0.553,0.752,0.727,183.622,1.339,-0.064,-0.021,0.727,4.637820,-74.083632,0.19,0,0
4905,50623092,-0.244,-0.657,-9.751,0.279,0.172,0.574,183.650,1.344,-0.067,-0.025,0.574,4.637820,-74.083632,0.19,0,0
4906,50633153,-0.227,-0.628,-9.792,-0.210,-0.377,0.300,183.651,1.333,-0.064,-0.023,0.300,4.637820,-74.083632,0.19,0,0
4907,50643091,-0.256,-0.527,-9.857,-0.301,-0.713,-0.006,183.591,1.334,-0.054,-0.026,-0.006,4.637820,-74.083632,0.19,0,0
4908,50653096,-0.282,-0.486,-9.881,0.004,-0.560,0.117,183.519,1.351,-0.050,-0.029,0.117,4.637820,-74.083632,0.19,0,0
4909,50663092,-0.270,-0.577,-9.876,0.126,-0.194,0.513,183.505,1.362,-0.059,-0.028,0.513,4.637820,-74.083632,0.19,0,0
4910,50673108,-0.258,-0.657,-9.910,-0.118,0.050,0.696,183.531,1.368,-0.067,-0.026,0.696,4.637820,-74.083632,0.19,0,0
4911,50683136,-0.289,-0.640,-9.814,-0.454,0.233,0.391,183.545,1.391,-0.065,-0.029,0.391,4.637820,-74.083632,0.19,0,0
4912,50693107,-0.244,-0.621,-9.802,-0.698,0.203,0.147,183.546,1.389,-0.063,-0.025,0.147,4.637820,-74.083632,0.19,0,0
4913,50703097,-0.196,-0.599,-9.857,-0.973,-0.072,0.025,183.533,1.360,-0.061,-0.020,0.025,4.637820,-74.083632,0.19,0,0
4914,50713109,-0.227,-0.531,-9.862,-1.217,-0.225,-0.128,183.485,1.348,-0.054,-0.023,-0.128,4.637820,-74.083632,0.19,0,0
4915,50723105,-0.232,-0.512,-9.903,-1.064,-0.194,-0.097,183.434,1.339,-0.052,-0.024,-0.097,4.637820,-74.083632,0.19,0,0
4916,50733108,-0.215,-0.515,-9.977,-0.667,-0.133,-0.097,183.390,1.323,-0.052,-0.022,-0.097,4.637820,-74.083632,0.19,0,0
4917,50743103,-0.229,-0.488,-10.018,-0.484,0.142,0.086,183.338,1.317,-0.050,-0.023,0.086,4.637820,-74.083632,0.19,0,0
4918,50753097,-0.208,-0.476,-9.975,-0.301,0.416,0.300,183.288,1.304,-0.049,-0.021,0.300,4.637820,-74.083632,0.19,0,0
4919,50763092,-0.203,-0.512,-9.943,0.034,0.538,0.757,183.262,1.292,-0.052,-0.021,0.757,4.637820,-74.083632,0.19,0,0
4920,50773113,-0.203,-0.558,-9.905,0.431,0.447,1.093,183.264,1.280,-0.057,-0.021,1.093,4.637820,-74.083632,0.19,0,0
4921,50783103,-0.184,-0.565,-9.840,0.370,-0.102,1.154,183.271,1.256,-0.058,-0.019,1.154,4.637820,-74.083632,0.19,0,0
4922,50793107,-0.191,-0.570,-9.847,0.218,-0.560,1.002,183.277,1.233,-0.058,-0.020,1.002,4.637820,-74.083632,0.19,0,0
4923,50803094,-0.234,-0.568,-9.886,0.187,-1.140,1.032,183.280,1.225,-0.058,-0.024,1.032,4.637820,-74.083632,0.19,0,0
4924,50813108,-0.249,-0.570,-9.922,0.096,-1.567,1.002,183.283,1.220,-0.058,-0.025,1.002,4.637820,-74.083632,0.19,0,0
4925,50823106,-0.306,-0.502,-9.989,0.157,-1.567,0.818,183.254,1.240,-0.051,-0.031,0.818,4.637820,-74.083632,0.19,0,0
4926,50833105,-0.327,-0.481,-9.989,0.523,-1.048,0.788,183.221,1.273,-0.049,-0.033,0.788,4.637820,-74.083632,0.19,0,0
4927,50843105,-0.291,-0.527,-9.958,0.889,-0.286,0.910,183.216,1.295,-0.054,-0.030,0.910,4.637820,-74.083632,0.19,0,0
4928,50853108,-0.275,-0.570,-9.905,0.889,0.203,0.940,183.231,1.312,-0.058,-0.028,0.940,4.637820,-74.083632,0.19,0,0
4929,50863110,-0.244,-0.575,-9.843,0.614,0.630,1.093,183.246,1.320,-0.059,-0.025,1.093,4.637820,-74.083632,0.19,0,0
4930,50873102,-0.246,-0.592,-9.785,0.401,0.508,1.185,183.267,1.327,-0.060,-0.025,1.185,4.637820,-74.083632,0.19,0,0
4931,50883107,-0.222,-0.647,-9.771,0.096,0.233,1.246,183.309,1.320,-0.066,-0.023,1.246,4.637820,-74.083632,0.19,0,0
4932,50893115,-0.234,-0.625,-9.773,-0.271,-0.286,1.093,183.335,1.315,-0.064,-0.024,1.093,4.637820,-74.083632,0.19,0,0
4933,50903107,-0.246,-0.568,-9.823,-0.515,-0.804,0.940,183.329,1.310,-0.058,-0.025,0.940,4.637820,-74.083632,0.19,0,0
4934,50916619,-0.268,-0.524,-9.941,-0.973,-1.201,1.215,183.294,1.304,-0.053,-0.027,1.215,4.637820,-74.083632,0.19,0,0
4935,50923097,-0.268,-0.524,-9.941,-0.973,-1.201,1.215,183.264,1.305,-0.053,-0.027,1.215,4.637820,-74.083632,0.19,0,0
4936,50933104,-0.308,-0.500,-9.989,-0.820,-1.323,1.276,183.227,1.322,-0.051,-0.031,1.276,4.637820,-74.083632,0.19,0,0
4937,50943097,-0.325,-0.421,-10.001,-0.393,-1.445,1.215,183.161,1.344,-0.043,-0.033,1.215,4.637820,-74.083632,0.19,0,0
4938,50953112,-0.322,-0.418,-9.987,0.370,-1.323,1.246,183.106,1.364,-0.043,-0.033,1.246,4.637820,-74.083632,0.19,0,0
4939,50963100,-0.356,-0.452,-9.984,1.164,-1.048,1.459,183.078,1.400,-0.046,-0.036,1.459,4.637820,-74.083632,0.19,0,0
4940,50973097,-0.392,-0.543,-9.891,1.743,-0.835,1.703,183.100,1.452,-0.055,-0.040,1.703,4.637820,-74.083632,0.19,0,0
4941,50983101,-0.344,-0.640,-9.867,1.835,-0.591,1.551,183.165,1.482,-0.065,-0.035,1.551,4.637820,-74.083632,0.19,0,0
4942,50993103,-0.318,-0.722,-9.809,1.347,-0.469,1.185,183.259,1.499,-0.074,-0.032,1.185,4.637820,-74.083632,0.19,0,0
4943,51003103,-0.346,-0.683,-9.775,0.614,-0.408,0.818,183.322,1.529,-0.070,-0.035,0.818,4.637820,-74.083632,0.19,0,0
4944,51013096,-0.311,-0.642,-9.756,0.034,-0.408,0.300,183.357,1.541,-0.065,-0.032,0.300,4.637820,-74.083632,0.19,0,0
4945,51023099,-0.320,-0.616,-9.821,-0.362,-0.591,-0.128,183.373,1.554,-0.063,-0.033,-0.128,4.637820,-74.083632,0.19,0,0
4946,51033099,-0.334,-0.551,-9.898,-0.667,-0.652,-0.494,183.353,1.570,-0.056,-0.034,-0.494,4.637820,-74.083632,0.19,0,0
4947,51043121,-0.315,-0.452,-9.927,-0.637,-0.682,-0.585,183.291,1.576,-0.046,-0.032,-0.585,4.637820,-74.083632,0.19,0,0
4948,51053096,-0.308,-0.418,-9.975,-0.393,-0.530,-0.280,183.221,1.579,-0.043,-0.031,-0.280,4.637820,-74.083632,0.19,0,0
4949,51063096,-0.318,-0.449,-9.972,0.096,-0.316,0.025,183.173,1.589,-0.046,-0.032,0.025,4.637820,-74.083632,0.19,0,0
4950,51073092,-0.287,-0.495,-9.980,0.431,-0.225,-0.036,183.153,1.584,-0.051,-0.029,-0.036,4.637820,-74.083632,0.19,0,0
4951,51083088,-0.291,-0.466,-9.958,0.736,-0.347,-0.097,183.125,1.582,-0.048,-0.030,-0.097,4.637820,-74.083632,0.19,0,0
4952,51093095,-0.258,-0.459,-9.886,1.011,-0.377,0.025,183.100,1.565,-0.047,-0.026,0.025,4.637820,-74.083632,0.19,0,0
4953,51103090,-0.253,-0.531,-9.852,1.225,-0.194,0.208,183.111,1.549,-0.054,-0.026,0.208,4.637820,-74.083632,0.19,0,0
4954,51113095,-0.268,-0.597,-9.845,0.950,-0.194,0.147,183.148,1.541,-0.061,-0.027,0.147,4.637820,-74.083632,0.19,0,0
4955,51123090,-0.251,-0.558,-9.819,0.431,-0.072,0.117,183.161,1.528,-0.057,-0.026,0.117,4.637820,-74.083632,0.19,0,0
4956,51133146,-0.244,-0.539,-9.773,0.157,-0.011,0.239,183.163,1.514,-0.055,-0.025,0.239,4.637820,-74.083632,0.19,0,0
4957,51143091,-0.234,-0.551,-9.802,0.157,-0.286,0.452,183.169,1.494,-0.056,-0.024,0.452,4.637820,-74.083632,0.19,0,0
4958,51153096,-0.241,-0.531,-9.819,0.034,-0.469,0.696,183.165,1.476,-0.054,-0.025,0.696,4.637820,-74.083632,0.19,0,0
4959,51163090,-0.249,-0.524,-9.780,0.279,-0.743,0.757,183.161,1.461,-0.053,-0.025,0.757,4.637820,-74.083632,0.19,0,0
4960,51173096,-0.270,-0.592,-9.778,0.431,-1.140,0.727,183.189,1.453,-0.060,-0.028,0.727,4.637820,-74.083632,0.19,0,0
4961,51183090,-0.258,-0.669,-9.823,0.218,-1.354,0.757,183.246,1.438,-0.068,-0.026,0.757,4.637820,-74.083632,0.19,0,0
4962,51193095,-0.284,-0.666,-9.876,-0.271,-1.354,0.635,183.291,1.435,-0.068,-0.029,0.635,4.637820,-74.083632,0.19,0,0
4963,51203090,-0.291,-0.616,-9.919,-0.728,-1.323,0.483,183.305,1.434,-0.063,-0.030,0.483,4.637820,-74.083632,0.19,0,0
4964,51213095,-0.256,-0.546,-9.951,-0.851,-0.865,0.513,183.286,1.423,-0.056,-0.026,0.513,4.637820,-74.083632,0.19,0,0
4965,51223090,-0.272,-0.495,-9.967,-0.759,-0.377,0.788,183.246,1.423,-0.051,-0.028,0.788,4.637820,-74.083632,0.19,0,0
4966,51233094,-0.282,-0.502,-9.948,-0.576,-0.163,1.154,183.215,1.431,-0.051,-0.029,1.154,4.637820,-74.083632,0.19,0,0
4967,51243090,-0.256,-0.536,-9.931,-0.179,-0.316,1.185,183.205,1.424,-0.055,-0.026,1.185,4.637820,-74.083632,0.19,0,0
4968,51253095,-0.282,-0.546,-9.919,0.065,-0.469,1.093,183.202,1.429,-0.056,-0.029,1.093,4.637820,-74.083632,0.19,0,0
4969,51271533,-0.275,-0.558,-9.919,0.157,-0.926,1.215,183.208,1.414,-0.057,-0.028,1.215,4.637820,-74.083632,0.19,0,0
4970,51273090,-0.275,-0.558,-9.919,0.157,-0.926,1.215,183.211,1.413,-0.057,-0.028,1.215,4.637820,-74.083632,0.19,0,0
4971,51283097,-0.313,-0.495,-9.900,0.218,-1.048,1.154,183.187,1.428,-0.051,-0.032,1.154,4.637820,-74.083632,0.19,0,0
4972,51293096,-0.320,-0.483,-9.924,0.645,-0.957,1.185,183.162,1.446,-0.049,-0.033,1.185,4.637820,-74.083632,0.19,0,0
4973,51303091,-0.325,-0.502,-9.922,1.042,-0.621,1.398,183.152,1.467,-0.051,-0.033,1.398,4.637820,-74.083632,0.19,0,0
4974,51313096,-0.325,-0.548,-9.845,1.194,-0.194,1.459,183.167,1.492,-0.056,-0.033,1.459,4.637820,-74.083632,0.19,0,0
4975,51323091,-0.280,-0.582,-9.809,1.011,0.264,1.642,183.195,1.498,-0.059,-0.029,1.642,4.637820,-74.083632,0.19,0,0
4976,51333094,-0.220,-0.621,-9.749,0.187,0.447,1.887,183.232,1.480,-0.063,-0.022,1.887,4.637820,-74.083632,0.19,0,0
4977,51343091,-0.210,-0.575,-9.687,-0.759,0.386,2.100,183.239,1.459,-0.059,-0.021,2.100,4.637820,-74.083632,0.19,0,0
4978,51353094,-0.201,-0.536,-9.701,-1.308,0.081,2.253,183.222,1.432,-0.055,-0.020,2.253,4.637820,-74.083632,0.19,0,0
4979,51363091,-0.206,-0.522,-9.720,-1.339,-0.530,2.405,183.199,1.403,-0.053,-0.021,2.405,4.637820,-74.083632,0.19,0,0
4980,51373095,-0.218,-0.524,-9.737,-1.522,-1.201,2.741,183.177,1.376,-0.053,-0.022,2.741,4.637820,-74.083632,0.19,0,0
4981,51383091,-0.234,-0.563,-9.831,-1.644,-1.781,2.772,183.170,1.352,-0.057,-0.024,2.772,4.637820,-74.083632,0.19,0,0
4982,51393094,-0.303,-0.522,-9.898,-1.613,-2.056,2.802,183.145,1.357,-0.053,-0.031,2.802,4.637820,-74.083632,0.19,0,0
4983,51403091,-0.313,-0.529,-9.919,-1.491,-1.903,2.802,183.125,1.368,-0.054,-0.032,2.802,4.637820,-74.083632,0.19,0,0
4984,51413094,-0.339,-0.558,-9.955,-1.522,-1.537,2.985,183.118,1.392,-0.057,-0.035,2.985,4.637820,-74.083632,0.19,0,0
4985,51423091,-0.365,-0.556,-10.006,-1.583,-1.171,2.802,183.109,1.428,-0.057,-0.037,2.802,4.637820,-74.083632,0.19,0,0
4986,51433095,-0.430,-0.512,-10.028,-1.461,-0.865,2.558,183.082,1.491,-0.052,-0.044,2.558,4.637820,-74.083632,0.19,0,0
4987,51443091,-0.442,-0.454,-9.992,-0.728,-0.713,2.253,183.040,1.558,-0.046,-0.045,2.253,4.637820,-74.083632,0.19,0,0
4988,51453095,-0.420,-0.452,-9.955,0.157,-0.408,2.314,183.009,1.613,-0.046,-0.043,2.314,4.637820,-74.083632,0.19,0,0
4989,51463091,-0.370,-0.556,-9.900,0.492,0.111,2.619,183.030,1.648,-0.057,-0.038,2.619,4.637820,-74.083632,0.19,0,0
4990,51473093,-0.353,-0.669,-9.843,-0.057,0.416,2.833,183.096,1.676,-0.068,-0.036,2.833,4.637820,-74.083632,0.19,0,0
4991,51483091,-0.358,-0.691,-9.804,-0.789,0.294,2.649,183.160,1.704,-0.070,-0.037,2.649,4.637820,-74.083632,0.19,0,0
4992,51493094,-0.353,-0.647,-9.845,-1.400,-0.225,2.192,183.194,1.722,-0.066,-0.036,2.192,4.637820,-74.083632,0.19,0,0
4993,51503091,-0.346,-0.572,-9.912,-1.522,-0.804,1.673,183.190,1.729,-0.058,-0.035,1.673,4.637820,-74.083632,0.19,0,0
4994,51513093,-0.365,-0.421,-9.972,-1.430,-1.140,1.520,183.118,1.740,-0.043,-0.037,1.520,4.637820,-74.083632,0.19,0,0
4995,51523091,-0.363,-0.339,-10.025,-1.034,-1.415,1.734,183.019,1.746,-0.035,-0.037,1.734,4.637820,-74.083632,0.19,0,0
4996,51533095,-0.368,-0.360,-10.054,-0.210,-1.293,2.009,182.945,1.754,-0.037,-0.038,2.009,4.637820,-74.083632,0.19,0,0
4997,51543091,-0.373,-0.411,-10.011,0.462,-0.926,2.283,182.905,1.768,-0.042,-0.038,2.283,4.637820,-74.083632,0.19,0,0
4998,51553094,-0.396,-0.488,-10.001,0.706,-0.774,2.344,182.904,1.793,-0.050,-0.040,2.344,4.637820,-74.083632,0.19,0,0
4999,51592954,-0.415,-0.529,-9.792,1.316,-0.316,2.344,182.972,1.815,-0.054,-0.042,2.344,4.637820,-74.083632,0.19,0,0
5000,51594278,-0.415,-0.529,-9.792,1.316,-0.316,2.344,183.024,1.848,-0.054,-0.042,2.344,4.637820,-74.083632,0.19,0,0
5001,51595591,-0.415,-0.529,-9.792,1.316,-0.316,2.344,183.060,1.887,-0.054,-0.042,2.344,4.637820,-74.083632,0.19,0,0
5002,51596907,-0.406,-0.635,-9.759,0.981,-0.316,2.192,183.140,1.924,-0.065,-0.041,2.192,4.637820,-74.083632,0.19,0,0
5003,51603092,-0.406,-0.635,-9.759,0.981,-0.316,2.192,183.206,1.958,-0.065,-0.041,2.192,4.637820,-74.083632,0.19,0,0
5004,51613093,-0.401,-0.691,-9.749,0.126,-0.408,1.948,183.287,1.985,-0.070,-0.041,1.948,4.637820,-74.083632,0.19,0,0
5005,51623092,-0.425,-0.654,-9.763,-0.759,-0.621,1.581,183.330,2.019,-0.067,-0.043,1.581,4.637820,-74.083632,0.19,0,0
5006,51633147,-0.466,-0.587,-9.847,-1.278,-0.774,1.093,183.327,2.066,-0.060,-0.047,1.093,4.637820,-74.083632,0.19,0,0
5007,51643093,-0.451,-0.512,-9.893,-1.308,-0.926,0.513,183.284,2.098,-0.052,-0.046,0.513,4.637820,-74.083632,0.19,0,0
5008,51653097,-0.444,-0.445,-9.972,-0.942,-0.652,0.178,183.215,2.124,-0.045,-0.045,0.178,4.637820,-74.083632,0.19,0,0
5009,51663093,-0.435,-0.425,-9.992,-0.362,-0.133,0.300,183.147,2.147,-0.043,-0.044,0.300,4.637820,-74.083632,0.19,0,0
5010,51673112,-0.418,-0.454,-9.970,0.034,0.569,0.757,183.104,2.166,-0.046,-0.043,0.757,4.637820,-74.083632,0.19,0,0
5011,51683109,-0.399,-0.507,-9.879,0.309,0.874,1.154,183.095,2.180,-0.052,-0.041,1.154,4.637820,-74.083632,0.19,0,0
5012,51693103,-0.387,-0.575,-9.809,0.401,0.477,1.124,183.120,2.184,-0.059,-0.039,1.124,4.637820,-74.083632,0.19,0,0
5013,51703103,-0.365,-0.611,-9.775,0.523,-0.133,0.727,183.163,2.173,-0.062,-0.037,0.727,4.637820,-74.083632,0.19,0,0
5014,51713100,-0.413,-0.587,-9.742,0.462,-0.804,0.239,183.190,2.179,-0.060,-0.042,0.239,4.637820,-74.083632,0.19,0,0
5015,51723111,-0.406,-0.580,-9.751,0.096,-1.262,0.086,183.209,2.177,-0.059,-0.041,0.086,4.637820,-74.083632,0.19,0,0
5016,51733110,-0.394,-0.587,-9.761,-0.606,-1.323,0.025,183.222,2.169,-0.060,-0.040,0.025,4.637820,-74.083632,0.19,0,0
5017,51743099,-0.430,-0.572,-9.802,-1.308,-0.957,-0.036,183.221,2.180,-0.058,-0.044,-0.036,4.637820,-74.083632,0.19,0,0
5018,51753107,-0.415,-0.589,-9.838,-2.102,-0.469,-0.067,183.218,2.188,-0.060,-0.042,-0.067,4.637820,-74.083632,0.19,0,0
5019,51763101,-0.382,-0.568,-9.864,-2.712,-0.133,-0.219,183.200,2.182,-0.058,-0.039,-0.219,4.637820,-74.083632,0.19,0,0
5020,51773113,-0.353,-0.502,-9.907,-3.139,0.081,-0.402,183.149,2.166,-0.051,-0.036,-0.402,4.637820,-74.083632,0.19,0,0
5021,51783103,-0.334,-0.413,-9.931,-3.139,0.111,-0.372,183.062,2.142,-0.042,-0.034,-0.372,4.637820,-74.083632,0.19,0,0
5022,51793103,-0.311,-0.353,-9.919,-2.498,-0.194,-0.219,182.961,2.107,-0.036,-0.032,-0.219,4.637820,-74.083632,0.19,0,0
5023,51803103,-0.294,-0.351,-9.939,-1.522,-0.621,-0.006,182.875,2.063,-0.036,-0.030,-0.006,4.637820,-74.083632,0.19,0,0
5024,51813117,-0.265,-0.370,-9.951,-0.881,-0.804,0.239,182.811,2.008,-0.038,-0.027,0.239,4.637820,-74.083632,0.19,0,0
5025,51823100,-0.337,-0.418,-9.864,-0.637,-0.926,0.605,182.777,1.989,-0.043,-0.034,0.605,4.637820,-74.083632,0.19,0,0
5026,51833097,-0.353,-0.539,-9.775,-0.332,-1.537,0.635,182.803,1.975,-0.055,-0.036,0.635,4.637820,-74.083632,0.19,0,0
5027,51843107,-0.301,-0.507,-9.910,-0.362,-1.598,0.208,182.811,1.936,-0.052,-0.031,0.208,4.637820,-74.083632,0.19,0,0
5028,51853103,-0.382,-0.387,-9.862,-1.003,-1.079,0.605,182.759,1.941,-0.039,-0.039,0.605,4.637820,-74.083632,0.19,0,0
5029,51863100,-0.442,-0.396,-9.835,-0.698,-0.804,1.154,182.719,1.975,-0.040,-0.045,1.154,4.637820,-74.083632,0.19,0,0
5030,51873097,-0.392,-0.522,-9.799,-0.484,-0.377,1.276,182.741,1.989,-0.053,-0.040,1.276,4.637820,-74.083632,0.19,0,0
5031,51883101,-0.368,-0.568,-9.811,-1.156,-0.072,1.002,182.774,1.994,-0.058,-0.038,1.002,4.637820,-74.083632,0.19,0,0
5032,51893102,-0.356,-0.548,-9.821,-1.949,-0.011,0.727,182.790,1.994,-0.056,-0.036,0.727,4.637820,-74.083632,0.19,0,0
5033,51903111,-0.308,-0.490,-9.845,-2.743,-0.011,0.605,182.770,1.972,-0.050,-0.031,0.605,4.637820,-74.083632,0.19,0,0
5034,51916484,-0.272,-0.331,-9.948,-3.170,-0.347,0.879,182.665,1.928,-0.034,-0.028,0.879,4.637820,-74.083632,0.19,0,0
5035,51923100,-0.272,-0.331,-9.948,-3.170,-0.347,0.879,182.577,1.890,-0.034,-0.028,0.879,4.637820,-74.083632,0.19,0,0
5036,51933096,-0.289,-0.269,-10.001,-2.346,-0.743,1.429,182.476,1.859,-0.027,-0.029,1.429,4.637820,-74.083632,0.19,0,0
5037,51943098,-0.334,-0.281,-9.996,-1.217,-1.110,1.917,182.399,1.847,-0.029,-0.034,1.917,4.637820,-74.083632,0.19,0,0
5038,51953109,-0.387,-0.355,-9.946,-0.027,-1.628,2.222,182.372,1.855,-0.036,-0.039,2.222,4.637820,-74.083632,0.19,0,0
5039,51963096,-0.456,-0.474,-9.943,1.072,-2.086,2.466,182.410,1.889,-0.048,-0.046,2.466,4.637820,-74.083632,0.19,0,0
5040,51973105,-0.492,-0.531,-9.898,1.652,-2.300,2.222,182.477,1.934,-0.054,-0.050,2.222,4.637820,-74.083632,0.19,0,0
5041,51983099,-0.554,-0.507,-9.886,1.896,-2.361,1.734,182.531,2.004,-0.052,-0.056,1.734,4.637820,-74.083632,0.19,0,0
5042,51993106,-0.592,-0.493,-9.874,2.079,-2.147,1.429,182.576,2.087,-0.050,-0.060,1.429,4.637820,-74.083632,0.19,0,0
5043,52003099,-0.616,-0.531,-9.816,2.262,-1.567,1.276,182.638,2.181,-0.054,-0.063,1.276,4.637820,-74.083632,0.19,0,0
5044,52013099,-0.661,-0.592,-9.823,2.110,-1.110,0.727,182.721,2.292,-0.060,-0.067,0.727,4.637820,-74.083632,0.19,0,0
5045,52023095,-0.699,-0.553,-9.819,2.079,-0.743,-0.311,182.779,2.415,-0.056,-0.071,-0.311,4.637820,-74.083632,0.19,0,0
5046,52033109,-0.678,-0.442,-9.816,2.049,-0.194,-1.104,182.784,2.524,-0.045,-0.069,-1.104,4.637820,-74.083632,0.19,0,0
5047,52043103,-0.649,-0.334,-9.766,2.262,0.660,-1.470,182.742,2.621,-0.034,-0.066,-1.470,4.637820,-74.083632,0.19,0,0
5048,52053100,-0.630,-0.288,-9.653,2.262,1.515,-1.318,182.685,2.714,-0.029,-0.064,-1.318,4.637820,-74.083632,0.19,0,0
5049,52063093,-0.597,-0.399,-9.540,2.018,1.851,-1.196,182.683,2.791,-0.041,-0.061,-1.196,4.637820,-74.083632,0.19,0,0
5050,52073096,-0.559,-0.531,-9.485,1.560,1.881,-1.745,182.738,2.846,-0.054,-0.057,-1.745,4.637820,-74.083632,0.19,0,0
5051,52083090,-0.499,-0.604,-9.420,0.462,1.637,-2.691,182.814,2.869,-0.062,-0.051,-2.691,4.637820,-74.083632,0.19,0,0
5052,52093096,-0.404,-0.606,-9.478,-1.430,1.607,-3.301,182.866,2.845,-0.062,-0.041,-3.301,4.637820,-74.083632,0.19,0,0
5053,52103090,-0.353,-0.531,-9.588,-3.658,1.942,-3.362,182.857,2.800,-0.054,-0.036,-3.362,4.637820,-74.083632,0.19,0,0
5054,52113095,-0.249,-0.404,-9.679,-5.672,2.308,-3.027,182.770,2.714,-0.041,-0.025,-3.027,4.637820,-74.083632,0.19,0,0
5055,52123090,-0.172,-0.288,-9.778,-6.679,2.308,-2.355,182.626,2.599,-0.029,-0.018,-2.355,4.637820,-74.083632,0.19,0,0
5056,52133099,-0.125,-0.189,-9.927,-6.618,1.515,-1.562,182.449,2.464,-0.019,-0.013,-1.562,4.637820,-74.083632,0.19,0,0
5057,52143092,-0.122,-0.093,-10.004,-5.520,0.355,-0.707,182.253,2.327,-0.009,-0.012,-0.707,4.637820,-74.083632,0.19,0,0
5058,52153096,-0.132,-0.040,-10.023,-3.597,-1.232,0.391,182.066,2.189,-0.004,-0.013,0.391,4.637820,-74.083632,0.19,0,0
5059,52163090,-0.191,-0.146,-10.035,-1.522,-2.757,1.490,181.958,2.074,-0.015,-0.020,1.490,4.637820,-74.083632,0.19,0,0
5060,52173097,-0.303,-0.319,-10.040,0.401,-4.161,2.131,181.952,2.003,-0.033,-0.031,2.131,4.637820,-74.083632,0.19,0,0
5061,52183090,-0.506,-0.519,-10.056,1.621,-4.985,2.100,182.045,2.017,-0.053,-0.052,2.100,4.637820,-74.083632,0.19,0,0
5062,52193094,-0.618,-0.652,-10.080,2.018,-4.833,1.490,182.191,2.080,-0.066,-0.063,1.490,4.637820,-74.083632,0.19,0,0
5063,52203090,-0.690,-0.739,-10.112,1.591,-3.765,0.666,182.358,2.177,-0.075,-0.070,0.666,4.637820,-74.083632,0.19,0,0
5064,52213096,-0.702,-0.773,-10.124,0.645,-1.934,-0.097,182.517,2.288,-0.079,-0.072,-0.097,4.637820,-74.083632,0.19,0,0
5065,52223090,-0.680,-0.705,-10.090,-0.240,-0.011,-1.013,182.629,2.401,-0.072,-0.069,-1.013,4.637820,-74.083632,0.19,0,0
5066,52233095,-0.616,-0.618,-9.996,-0.667,1.637,-1.806,182.693,2.495,-0.063,-0.063,-1.806,4.637820,-74.083632,0.19,0,0
5067,52243090,-0.506,-0.560,-9.943,-0.576,2.736,-2.325,182.729,2.546,-0.057,-0.052,-2.325,4.637820,-74.083632,0.19,0,0
5068,52256108,-0.349,-0.416,-9.883,-0.210,2.583,-2.874,182.703,2.528,-0.042,-0.036,-2.874,4.637820,-74.083632,0.19,0,0
5069,52263092,-0.349,-0.416,-9.883,-0.210,2.583,-2.874,182.679,2.506,-0.042,-0.036,-2.874,4.637820,-74.083632,0.19,0,0
5070,52273097,-0.306,-0.351,-9.888,0.492,1.973,-2.722,182.634,2.461,-0.036,-0.031,-2.722,4.637820,-74.083632,0.19,0,0
5071,52283092,-0.256,-0.372,-9.869,1.194,1.454,-2.325,182.610,2.393,-0.038,-0.026,-2.325,4.637820,-74.083632,0.19,0,0
5072,52293097,-0.213,-0.416,-9.819,1.469,1.210,-2.050,182.610,2.309,-0.042,-0.022,-2.050,4.637820,-74.083632,0.19,0,0
5073,52303093,-0.194,-0.399,-9.811,1.133,1.149,-1.501,182.600,2.223,-0.041,-0.020,-1.501,4.637820,-74.083632,0.19,0,0
5074,52313097,-0.175,-0.372,-9.696,0.950,0.874,-0.860,182.579,2.134,-0.038,-0.018,-0.860,4.637820,-74.083632,0.19,0,0
5075,52323092,-0.179,-0.411,-9.670,0.645,0.386,-0.158,182.574,2.049,-0.042,-0.018,-0.158,4.637820,-74.083632,0.19,0,0
5076,52333096,-0.163,-0.493,-9.660,0.157,-0.286,0.330,182.603,1.957,-0.050,-0.017,0.330,4.637820,-74.083632,0.19,0,0
5077,52343092,-0.184,-0.502,-9.737,-0.576,-0.926,0.452,182.626,1.875,-0.051,-0.019,0.452,4.637820,-74.083632,0.19,0,0
5078,52353097,-0.256,-0.433,-9.773,-1.308,-1.354,0.605,182.608,1.828,-0.044,-0.026,0.605,4.637820,-74.083632,0.19,0,0
5079,52363092,-0.306,-0.387,-9.869,-1.613,-1.506,0.849,182.566,1.803,-0.039,-0.031,0.849,4.637820,-74.083632,0.19,0,0
5080,52373097,-0.337,-0.396,-9.946,-1.613,-1.354,1.124,182.530,1.795,-0.040,-0.034,1.124,4.637820,-74.083632,0.19,0,0
5081,52383092,-0.332,-0.380,-9.980,-1.522,-0.987,1.337,182.490,1.788,-0.039,-0.034,1.337,4.637820,-74.083632,0.19,0,0
5082,52393097,-0.375,-0.375,-9.975,-1.064,-0.621,1.673,182.455,1.804,-0.038,-0.038,1.673,4.637820,-74.083632,0.19,0,0
5083,52403093,-0.387,-0.423,-9.936,-0.606,-0.469,2.039,182.449,1.826,-0.043,-0.039,2.039,4.637820,-74.083632,0.19,0,0
5084,52413097,-0.396,-0.486,-9.869,-0.362,-0.499,2.100,182.475,1.851,-0.050,-0.040,2.100,4.637820,-74.083632,0.19,0,0
5085,52423092,-0.435,-0.570,-9.857,-0.362,-0.865,2.070,182.536,1.888,-0.058,-0.044,2.070,4.637820,-74.083632,0.19,0,0
5086,52433096,-0.492,-0.618,-9.857,-0.606,-1.384,1.642,182.612,1.942,-0.063,-0.050,1.642,4.637820,-74.083632,0.19,0,0
5087,52443093,-0.561,-0.635,-9.958,-0.881,-1.781,0.879,182.684,2.017,-0.065,-0.057,0.879,4.637820,-74.083632,0.19,0,0
5088,52453097,-0.604,-0.527,-10.083,-1.186,-1.689,-0.097,182.697,2.102,-0.054,-0.062,-0.097,4.637820,-74.083632,0.19,0,0
5089,52463092,-0.611,-0.339,-10.160,-0.973,-1.171,-0.616,182.629,2.187,-0.035,-0.062,-0.616,4.637820,-74.083632,0.19,0,0
5090,52473101,-0.621,-0.266,-10.140,-0.271,-0.072,-0.463,182.542,2.281,-0.027,-0.063,-0.463,4.637820,-74.083632,0.19,0,0
5091,52483098,-0.597,-0.343,-10.092,0.797,0.935,-0.311,182.505,2.367,-0.035,-0.061,-0.311,4.637820,-74.083632,0.19,0,0
5092,52493094,-0.551,-0.423,-9.987,1.713,1.637,-0.585,182.515,2.437,-0.043,-0.056,-0.585,4.637820,-74.083632,0.19,0,0
5093,52503092,-0.528,-0.481,-9.833,2.049,1.912,-0.768,182.557,2.496,-0.049,-0.054,-0.768,4.637820,-74.083632,0.19,0,0
5094,52513097,-0.470,-0.536,-9.735,1.805,1.851,-0.891,182.620,2.528,-0.055,-0.048,-0.891,4.637820,-74.083632,0.19,0,0
5095,52523092,-0.423,-0.529,-9.684,0.981,1.454,-1.104,182.668,2.532,-0.054,-0.043,-1.104,4.637820,-74.083632,0.19,0,0
5096,52533097,-0.463,-0.498,-9.682,0.340,0.722,-1.501,182.693,2.549,-0.051,-0.047,-1.501,4.637820,-74.083632,0.19,0,0
5097,52543092,-0.477,-0.404,-9.739,0.004,0.081,-1.959,182.670,2.563,-0.041,-0.049,-1.959,4.637820,-74.083632,0.19,0,0
5098,52553098,-0.456,-0.310,-9.775,0.187,-0.072,-2.081,182.607,2.564,-0.032,-0.046,-2.081,4.637820,-74.083632,0.19,0,0
5099,52582596,-0.437,-0.553,-9.706,0.096,1.271,-1.074,182.669,2.582,-0.056,-0.045,-1.074,4.637820,-74.083632,0.19,0,0
5100,52583918,-0.437,-0.553,-9.706,0.096,1.271,-1.074,182.727,2.593,-0.056,-0.045,-1.074,4.637820,-74.083632,0.19,0,0
5101,52585227,-0.404,-0.589,-9.708,-0.759,1.454,-1.440,182.786,2.582,-0.060,-0.041,-1.440,4.637820,-74.083632,0.19,0,0
5102,52593092,-0.404,-0.589,-9.708,-0.759,1.454,-1.440,182.840,2.571,-0.060,-0.041,-1.440,4.637820,-74.083632,0.19,0,0
5103,52603086,-0.370,-0.527,-9.739,-1.797,1.454,-1.867,182.847,2.545,-0.054,-0.038,-1.867,4.637820,-74.083632,0.19,0,0
5104,52613093,-0.334,-0.462,-9.775,-2.437,1.362,-1.806,182.813,2.502,-0.047,-0.034,-1.806,4.637820,-74.083632,0.19,0,0
5105,52623091,-0.313,-0.449,-9.833,-2.743,1.179,-1.409,182.773,2.450,-0.046,-0.032,-1.409,4.637820,-74.083632,0.19,0,0
5106,52633145,-0.306,-0.464,-9.879,-2.926,0.783,-1.165,182.740,2.396,-0.047,-0.031,-1.165,4.637820,-74.083632,0.19,0,0
5107,52643084,-0.358,-0.440,-9.895,-2.804,-0.041,-1.226,182.699,2.363,-0.045,-0.037,-1.226,4.637820,-74.083632,0.19,0,0
5108,52653094,-0.368,-0.421,-9.989,-2.407,-0.987,-1.409,182.655,2.327,-0.043,-0.038,-1.409,4.637820,-74.083632,0.19,0,0
5109,52663090,-0.418,-0.394,-10.136,-1.766,-1.537,-1.562,182.605,2.309,-0.040,-0.043,-1.562,4.637820,-74.083632,0.19,0,0
5110,52673117,-0.475,-0.329,-10.229,-1.034,-1.445,-1.745,182.536,2.318,-0.034,-0.048,-1.745,4.637820,-74.083632,0.19,0,0
5111,52683097,-0.506,-0.237,-10.270,0.004,-0.774,-1.806,182.442,2.344,-0.024,-0.052,-1.806,4.637820,-74.083632,0.19,0,0
5112,52693099,-0.525,-0.281,-10.239,1.591,0.416,-1.592,182.389,2.388,-0.029,-0.054,-1.592,4.637820,-74.083632,0.19,0,0
5113,52703098,-0.497,-0.406,-10.068,2.995,1.973,-1.348,182.412,2.434,-0.041,-0.051,-1.348,4.637820,-74.083632,0.19,0,0
5114,52713101,-0.427,-0.563,-9.876,3.239,3.254,-1.104,182.508,2.461,-0.057,-0.044,-1.104,4.637820,-74.083632,0.19,0,0
5115,52723103,-0.334,-0.756,-9.646,2.384,3.834,-0.952,182.684,2.453,-0.077,-0.034,-0.952,4.637820,-74.083632,0.19,0,0
5116,52733110,-0.260,-0.847,-9.566,0.706,3.529,-1.226,182.875,2.410,-0.086,-0.027,-1.226,4.637820,-74.083632,0.19,0,0
5117,52743098,-0.237,-0.727,-9.559,-1.156,2.461,-1.928,182.979,2.350,-0.074,-0.024,-1.928,4.637820,-74.083632,0.19,0,0
5118,52753094,-0.227,-0.551,-9.610,-2.285,1.179,-2.111,182.982,2.278,-0.056,-0.023,-2.111,4.637820,-74.083632,0.19,0,0
5119,52763109,-0.241,-0.418,-9.739,-2.682,-0.011,-1.837,182.918,2.206,-0.043,-0.025,-1.837,4.637820,-74.083632,0.19,0,0
5120,52773114,-0.249,-0.314,-9.847,-2.712,-0.682,-1.318,182.811,2.135,-0.032,-0.025,-1.318,4.637820,-74.083632,0.19,0,0
5121,52783100,-0.282,-0.278,-9.915,-2.285,-1.140,-0.768,182.698,2.079,-0.028,-0.029,-0.768,4.637820,-74.083632,0.19,0,0
5122,52793099,-0.294,-0.261,-9.953,-1.675,-1.384,-0.189,182.592,2.031,-0.027,-0.030,-0.189,4.637820,-74.083632,0.19,0,0
5123,52803100,-0.332,-0.322,-9.989,-0.973,-1.262,0.391,182.527,2.003,-0.033,-0.034,0.391,4.637820,-74.083632,0.19,0,0
5124,52813111,-0.389,-0.454,-10.013,-0.210,-1.048,0.483,182.531,2.004,-0.046,-0.040,0.483,4.637820,-74.083632,0.19,0,0
5125,52823092,-0.404,-0.505,-10.020,-0.149,-0.743,0.147,182.558,2.014,-0.051,-0.041,0.147,4.637820,-74.083632,0.19,0,0
5126,52833098,-0.408,-0.440,-10.011,-0.332,-0.194,-0.097,182.553,2.030,-0.045,-0.042,-0.097,4.637820,-74.083632,0.19,0,0
5127,52843100,-0.380,-0.399,-9.999,-0.484,0.599,0.117,182.529,2.041,-0.041,-0.039,0.117,4.637820,-74.083632,0.19,0,0
5128,52853104,-0.377,-0.466,-9.929,-0.759,1.240,0.574,182.535,2.056,-0.048,-0.038,0.574,4.637820,-74.083632,0.19,0,0
5129,52863098,-0.344,-0.505,-9.910,-1.156,1.240,0.788,182.554,2.056,-0.051,-0.035,0.788,4.637820,-74.083632,0.19,0,0
5130,52873101,-0.342,-0.469,-9.883,-1.308,0.599,0.666,182.555,2.050,-0.048,-0.035,0.666,4.637820,-74.083632,0.19,0,0
5131,52883096,-0.377,-0.363,-9.905,-1.064,-0.499,0.361,182.511,2.049,-0.037,-0.038,0.361,4.637820,-74.083632,0.19,0,0
5132,52893101,-0.418,-0.305,-9.946,-0.027,-1.537,0.391,182.455,2.056,-0.031,-0.043,0.391,4.637820,-74.083632,0.19,0,0
5133,52903100,-0.468,-0.300,-9.972,1.194,-2.056,0.391,182.411,2.079,-0.031,-0.048,0.391,4.637820,-74.083632,0.19,0,0
5134,52917563,-0.590,-0.570,-9.900,2.354,-1.354,0.422,182.513,2.156,-0.058,-0.060,0.422,4.637820,-74.083632,0.19,0,0
5135,52923091,-0.590,-0.570,-9.900,2.354,-1.354,0.422,182.597,2.235,-0.058,-0.060,0.422,4.637820,-74.083632,0.19,0,0
5136,52933097,-0.601,-0.729,-9.907,1.438,-0.682,-0.250,182.737,2.318,-0.074,-0.061,-0.250,4.637820,-74.083632,0.19,0,0
5137,52943107,-0.551,-0.712,-9.948,0.065,0.203,-1.287,182.844,2.380,-0.073,-0.056,-1.287,4.637820,-74.083632,0.19,0,0
5138,52953111,-0.506,-0.553,-9.963,-1.217,1.118,-2.081,182.859,2.425,-0.056,-0.052,-2.081,4.637820,-74.083632,0.19,0,0
5139,52963094,-0.420,-0.394,-9.948,-1.980,1.820,-2.508,182.796,2.435,-0.040,-0.043,-2.508,4.637820,-74.083632,0.19,0,0
5140,52973095,-0.315,-0.286,-9.970,-1.980,2.156,-2.203,182.690,2.401,-0.029,-0.032,-2.203,4.637820,-74.083632,0.19,0,0
5141,52983102,-0.277,-0.201,-9.924,-1.461,1.790,-1.592,182.560,2.349,-0.021,-0.028,-1.592,4.637820,-74.083632,0.19,0,0
5142,52993104,-0.258,-0.143,-9.898,-0.515,0.752,-1.226,182.423,2.285,-0.015,-0.026,-1.226,4.637820,-74.083632,0.19,0,0
5143,53003106,-0.296,-0.131,-9.922,0.889,-0.621,-0.982,182.304,2.229,-0.013,-0.030,-0.982,4.637820,-74.083632,0.19,0,0
5144,53013098,-0.318,-0.170,-9.919,2.262,-1.598,-0.677,182.225,2.178,-0.017,-0.032,-0.677,4.637820,-74.083632,0.19,0,0
5145,53023099,-0.353,-0.252,-9.900,2.934,-1.964,-0.067,182.194,2.143,-0.026,-0.036,-0.067,4.637820,-74.083632,0.19,0,0
5146,53033116,-0.420,-0.370,-9.843,3.208,-2.025,0.452,182.221,2.141,-0.038,-0.043,0.452,4.637820,-74.083632,0.19,0,0
5147,53043099,-0.477,-0.428,-9.730,2.964,-1.781,0.605,182.272,2.170,-0.044,-0.049,0.605,4.637820,-74.083632,0.19,0,0
5148,53053105,-0.520,-0.488,-9.662,2.476,-1.567,0.361,182.343,2.219,-0.050,-0.053,0.361,4.637820,-74.083632,0.19,0,0
5149,53063096,-0.497,-0.575,-9.629,1.438,-1.171,-0.158,182.439,2.257,-0.059,-0.051,-0.158,4.637820,-74.083632,0.19,0,0
5150,53073095,-0.480,-0.556,-9.636,0.096,-0.865,-0.616,182.507,2.288,-0.057,-0.049,-0.616,4.637820,-74.083632,0.19,0,0
5151,53083093,-0.508,-0.498,-9.660,-1.003,-0.530,-0.982,182.532,2.332,-0.051,-0.052,-0.982,4.637820,-74.083632,0.19,0,0
5152,53093096,-0.480,-0.469,-9.725,-1.766,-0.286,-1.440,182.534,2.361,-0.048,-0.049,-1.440,4.637820,-74.083632,0.19,0,0
5153,53103092,-0.439,-0.449,-9.783,-2.254,-0.102,-1.745,182.522,2.370,-0.046,-0.045,-1.745,4.637820,-74.083632,0.19,0,0
5154,53113097,-0.411,-0.382,-9.847,-2.407,0.172,-1.867,182.477,2.367,-0.039,-0.042,-1.867,4.637820,-74.083632,0.19,0,0
5155,53123093,-0.370,-0.336,-9.891,-2.376,0.477,-1.928,182.416,2.348,-0.034,-0.038,-1.928,4.637820,-74.083632,0.19,0,0
5156,53133100,-0.337,-0.305,-9.919,-1.827,0.752,-1.776,182.350,2.318,-0.031,-0.034,-1.776,4.637820,-74.083632,0.19,0,0
5157,53143093,-0.337,-0.331,-9.888,-1.278,0.752,-1.501,182.306,2.291,-0.034,-0.034,-1.501,4.637820,-74.083632,0.19,0,0
5158,53153097,-0.327,-0.413,-9.857,-0.881,0.874,-1.318,182.306,2.263,-0.042,-0.033,-1.318,4.637820,-74.083632,0.19,0,0
5159,53163092,-0.294,-0.474,-9.857,-0.881,0.722,-1.379,182.333,2.221,-0.048,-0.030,-1.379,4.637820,-74.083632,0.19,0,0
5160,53173096,-0.289,-0.454,-9.912,-1.278,0.416,-1.623,182.344,2.177,-0.046,-0.029,-1.623,4.637820,-74.083632,0.19,0,0
5161,53183093,-0.282,-0.351,-9.989,-1.461,0.355,-1.715,182.306,2.131,-0.036,-0.029,-1.715,4.637820,-74.083632,0.19,0,0
5162,53193096,-0.289,-0.264,-10.032,-1.125,0.477,-1.501,182.236,2.093,-0.027,-0.029,-1.501,4.637820,-74.083632,0.19,0,0
5163,53203092,-0.256,-0.249,-9.994,-0.454,0.783,-0.891,182.171,2.046,-0.025,-0.026,-0.891,4.637820,-74.083632,0.19,0,0
5164,53213097,-0.241,-0.283,-9.936,0.187,1.210,-0.219,182.132,2.002,-0.029,-0.025,-0.219,4.637820,-74.083632,0.19,0,0
5165,53223092,-0.213,-0.423,-9.871,0.431,1.423,0.452,182.162,1.950,-0.043,-0.022,0.452,4.637820,-74.083632,0.19,0,0
5166,53233096,-0.229,-0.519,-9.821,0.309,1.210,0.696,182.231,1.909,-0.053,-0.023,0.696,4.637820,-74.083632,0.19,0,0
5167,53243092,-0.218,-0.529,-9.802,-0.088,0.660,0.391,182.297,1.860,-0.054,-0.022,0.391,4.637820,-74.083632,0.19,0,0
5168,53256125,-0.258,-0.358,-9.864,-0.851,-0.774,0.635,182.271,1.815,-0.036,-0.026,0.635,4.637820,-74.083632,0.19,0,0
5169,53263089,-0.258,-0.358,-9.864,-0.851,-0.774,0.635,182.249,1.777,-0.036,-0.026,0.635,4.637820,-74.083632,0.19,0,0
5170,53273094,-0.287,-0.363,-9.931,-0.545,-1.476,1.032,182.233,1.747,-0.037,-0.029,1.032,4.637820,-74.083632,0.19,0,0
5171,53283090,-0.344,-0.367,-9.984,0.096,-1.995,1.276,182.225,1.740,-0.037,-0.035,1.276,4.637820,-74.083632,0.19,0,0
5172,53293096,-0.451,-0.382,-10.018,0.797,-2.178,1.276,182.230,1.778,-0.039,-0.046,1.276,4.637820,-74.083632,0.19,0,0
5173,53303090,-0.501,-0.406,-10.047,1.347,-2.025,1.093,182.250,1.836,-0.041,-0.051,1.093,4.637820,-74.083632,0.19,0,0
5174,53313096,-0.516,-0.457,-10.035,1.743,-1.201,1.093,182.294,1.904,-0.047,-0.053,1.093,4.637820,-74.083632,0.19,0,0
5175,53323090,-0.530,-0.548,-9.963,1.560,-0.255,1.002,182.375,1.983,-0.056,-0.054,1.002,4.637820,-74.083632,0.19,0,0
5176,53333095,-0.494,-0.584,-9.939,0.919,0.630,0.452,182.460,2.048,-0.060,-0.050,0.452,4.637820,-74.083632,0.19,0,0
5177,53343090,-0.442,-0.529,-9.879,0.340,1.637,-0.036,182.511,2.096,-0.054,-0.045,-0.036,4.637820,-74.083632,0.19,0,0
5178,53353094,-0.365,-0.457,-9.804,-0.179,2.553,0.055,182.522,2.116,-0.047,-0.037,0.055,4.637820,-74.083632,0.19,0,0
5179,53363090,-0.284,-0.454,-9.759,-0.301,3.041,0.422,182.531,2.104,-0.046,-0.029,0.422,4.637820,-74.083632,0.19,0,0
5180,53373095,-0.201,-0.474,-9.660,-0.698,3.010,0.788,182.547,2.056,-0.048,-0.020,0.788,4.637820,-74.083632,0.19,0,0
5181,53383090,-0.172,-0.505,-9.662,-0.942,2.186,1.185,182.573,1.991,-0.051,-0.018,1.185,4.637820,-74.083632,0.19,0,0
5182,53393095,-0.156,-0.493,-9.723,-1.186,0.691,1.124,182.588,1.909,-0.050,-0.016,1.124,4.637820,-74.083632,0.19,0,0
5183,53403090,-0.189,-0.387,-9.828,-1.247,-0.896,0.971,182.552,1.833,-0.039,-0.019,0.971,4.637820,-74.083632,0.19,0,0
5184,53413095,-0.251,-0.295,-9.951,-1.095,-2.086,1.276,182.478,1.778,-0.030,-0.026,1.276,4.637820,-74.083632,0.19,0,0
5185,53423090,-0.313,-0.223,-10.047,-0.362,-2.757,1.734,182.383,1.747,-0.023,-0.032,1.734,4.637820,-74.083632,0.19,0,0
5186,53433096,-0.413,-0.216,-10.124,0.492,-2.910,2.253,182.300,1.759,-0.022,-0.042,2.253,4.637820,-74.083632,0.19,0,0
5187,53443090,-0.504,-0.276,-10.114,1.408,-2.666,2.711,182.258,1.811,-0.028,-0.051,2.711,4.637820,-74.083632,0.19,0,0
5188,53453097,-0.575,-0.341,-10.095,2.201,-2.300,2.649,182.254,1.894,-0.035,-0.059,2.649,4.637820,-74.083632,0.19,0,0
5189,53463090,-0.606,-0.423,-10.032,2.506,-1.567,2.314,182.290,1.993,-0.043,-0.062,2.314,4.637820,-74.083632,0.19,0,0
5190,53473097,-0.628,-0.517,-9.929,2.506,-0.652,1.795,182.367,2.104,-0.053,-0.064,1.795,4.637820,-74.083632,0.19,0,0
5191,53483090,-0.599,-0.580,-9.828,1.682,0.172,1.185,182.460,2.205,-0.059,-0.061,1.185,4.637820,-74.083632,0.19,0,0
5192,53493094,-0.561,-0.510,-9.742,0.706,0.874,0.666,182.509,2.290,-0.052,-0.057,0.666,4.637820,-74.083632,0.19,0,0
5193,53503090,-0.494,-0.498,-9.706,-0.271,1.484,0.513,182.540,2.345,-0.051,-0.050,0.513,4.637820,-74.083632,0.19,0,0
5194,53513095,-0.477,-0.495,-9.713,-0.881,1.546,0.330,182.561,2.389,-0.051,-0.049,0.330,4.637820,-74.083632,0.19,0,0
5195,53523090,-0.475,-0.396,-9.713,-1.491,1.393,-0.128,182.531,2.427,-0.040,-0.048,-0.128,4.637820,-74.083632,0.19,0,0
5196,53533095,-0.449,-0.363,-9.713,-1.552,1.301,-0.128,182.488,2.449,-0.037,-0.046,-0.128,4.637820,-74.083632,0.19,0,0
5197,53543090,-0.399,-0.348,-9.756,-1.461,0.935,-0.128,182.442,2.444,-0.036,-0.041,-0.128,4.637820,-74.083632,0.19,0,0
5198,53553095,-0.387,-0.358,-9.778,-1.400,0.752,-0.280,182.403,2.431,-0.036,-0.039,-0.280,4.637820,-74.083632,0.19,0,0
5199,53580933,-0.384,-0.375,-9.915,-1.278,0.355,-0.372,182.353,2.405,-0.038,-0.039,-0.372,4.637820,-74.083632,0.19,0,0
5200,53582250,-0.384,-0.375,-9.915,-1.278,0.355,-0.372,182.316,2.384,-0.038,-0.039,-0.372,4.637820,-74.083632,0.19,0,0
5201,53583563,-0.384,-0.375,-9.915,-1.278,0.355,-0.372,182.291,2.367,-0.038,-0.039,-0.372,4.637820,-74.083632,0.19,0,0
5202,53593093,-0.394,-0.408,-9.943,-1.339,0.477,-0.219,182.285,2.357,-0.042,-0.040,-0.219,4.637820,-74.083632,0.19,0,0
5203,53603091,-0.377,-0.471,-9.943,-1.430,0.538,-0.311,182.309,2.340,-0.048,-0.038,-0.311,4.637820,-74.083632,0.19,0,0
5204,53613096,-0.370,-0.466,-9.958,-1.644,0.477,-0.494,182.325,2.321,-0.048,-0.038,-0.494,4.637820,-74.083632,0.19,0,0
5205,53623091,-0.368,-0.411,-10.004,-1.949,0.508,-0.402,182.311,2.302,-0.042,-0.038,-0.402,4.637820,-74.083632,0.19,0,0
5206,53633145,-0.375,-0.372,-10.020,-1.980,0.416,-0.341,182.279,2.287,-0.038,-0.038,-0.341,4.637820,-74.083632,0.19,0,0
5207,53643089,-0.380,-0.326,-10.064,-1.613,0.294,-0.280,182.231,2.273,-0.033,-0.039,-0.280,4.637820,-74.083632,0.19,0,0
5208,53653095,-0.373,-0.257,-10.071,-1.003,0.264,-0.219,182.161,2.257,-0.026,-0.038,-0.219,4.637820,-74.083632,0.19,0,0
5209,53663090,-0.361,-0.218,-10.025,-0.210,0.538,0.086,182.088,2.241,-0.022,-0.037,0.086,4.637820,-74.083632,0.19,0,0
5210,53673110,-0.380,-0.261,-9.948,0.523,0.874,0.574,182.048,2.238,-0.027,-0.039,0.574,4.637820,-74.083632,0.19,0,0
5211,53683092,-0.411,-0.377,-9.821,1.072,1.088,0.879,182.070,2.254,-0.038,-0.042,0.879,4.637820,-74.083632,0.19,0,0
5212,53693102,-0.365,-0.471,-9.723,1.072,1.118,0.666,182.136,2.251,-0.048,-0.037,0.666,4.637820,-74.083632,0.19,0,0
5213,53703098,-0.327,-0.507,-9.662,0.279,1.240,0.361,182.207,2.232,-0.052,-0.033,0.361,4.637820,-74.083632,0.19,0,0
5214,53713116,-0.308,-0.517,-9.624,-0.881,1.301,0.300,182.267,2.207,-0.053,-0.031,0.300,4.637820,-74.083632,0.19,0,0
5215,53723092,-0.299,-0.457,-9.684,-2.132,0.660,0.300,182.282,2.173,-0.047,-0.030,0.300,4.637820,-74.083632,0.19,0,0
5216,53733104,-0.322,-0.326,-9.723,-2.682,-0.041,0.208,182.230,2.145,-0.033,-0.033,0.208,4.637820,-74.083632,0.19,0,0
5217,53743092,-0.365,-0.281,-9.799,-2.315,-0.987,0.239,182.164,2.129,-0.029,-0.037,0.239,4.637820,-74.083632,0.19,0,0
5218,53753105,-0.399,-0.312,-9.900,-1.797,-1.811,0.147,182.121,2.120,-0.032,-0.041,0.147,4.637820,-74.083632,0.19,0,0
5219,53763092,-0.468,-0.365,-9.975,-1.308,-1.964,0.117,182.108,2.139,-0.037,-0.048,0.117,4.637820,-74.083632,0.19,0,0
5220,53773101,-0.492,-0.430,-10.042,-1.491,-1.384,0.117,182.122,2.171,-0.044,-0.050,0.117,4.637820,-74.083632,0.19,0,0
5221,53783103,-0.492,-0.498,-10.076,-1.980,-0.499,0.239,182.158,2.208,-0.051,-0.050,0.239,4.637820,-74.083632,0.19,0,0
5222,53793096,-0.437,-0.457,-10.068,-2.590,0.264,0.178,182.169,2.225,-0.047,-0.045,0.178,4.637820,-74.083632,0.19,0,0
5223,53803098,-0.394,-0.372,-10.056,-2.895,0.783,-0.128,182.139,2.228,-0.038,-0.040,-0.128,4.637820,-74.083632,0.19,0,0
5224,53813104,-0.370,-0.208,-10.032,-2.407,0.752,-0.189,182.045,2.220,-0.021,-0.038,-0.189,4.637820,-74.083632,0.19,0,0
5225,53823097,-0.351,-0.146,-9.975,-1.339,0.660,0.117,181.942,2.205,-0.015,-0.036,0.117,4.637820,-74.083632,0.19,0,0
5226,53833101,-0.313,-0.228,-9.934,0.004,0.538,0.635,181.895,2.173,-0.023,-0.032,0.635,4.637820,-74.083632,0.19,0,0
5227,53843111,-0.306,-0.331,-9.857,0.858,0.325,1.093,181.906,2.140,-0.034,-0.031,1.093,4.637820,-74.083632,0.19,0,0
5228,53853102,-0.308,-0.425,-9.761,1.042,0.203,1.307,181.961,2.110,-0.043,-0.031,1.307,4.637820,-74.083632,0.19,0,0
5229,53863095,-0.332,-0.575,-9.727,0.736,0.172,1.307,182.077,2.094,-0.059,-0.034,1.307,4.637820,-74.083632,0.19,0,0
5230,53873102,-0.346,-0.647,-9.706,-0.210,0.111,1.063,182.209,2.084,-0.066,-0.035,1.063,4.637820,-74.083632,0.19,0,0
5231,53883105,-0.342,-0.621,-9.761,-1.736,0.142,0.605,182.303,2.073,-0.063,-0.035,0.605,4.637820,-74.083632,0.19,0,0
5232,53893125,-0.356,-0.522,-9.816,-2.895,0.233,0.178,182.333,2.069,-0.053,-0.036,0.178,4.637820,-74.083632,0.19,0,0
5233,53903098,-0.337,-0.394,-9.886,-3.383,0.203,-0.067,182.299,2.056,-0.040,-0.034,-0.067,4.637820,-74.083632,0.19,0,0
5234,53916572,-0.363,-0.242,-10.047,-3.200,-0.133,0.178,182.189,2.048,-0.025,-0.037,0.178,4.637820,-74.083632,0.19,0,0
5235,53923107,-0.363,-0.242,-10.047,-3.200,-0.133,0.178,182.098,2.042,-0.025,-0.037,0.178,4.637820,-74.083632,0.19,0,0
5236,53933108,-0.344,-0.182,-10.133,-2.621,-0.316,0.208,181.991,2.025,-0.019,-0.035,0.208,4.637820,-74.083632,0.19,0,0
5237,53943100,-0.361,-0.081,-10.200,-1.644,-0.408,0.361,181.858,2.016,-0.008,-0.037,0.361,4.637820,-74.083632,0.19,0,0
5238,53953110,-0.411,-0.064,-10.196,-0.454,0.050,0.849,181.739,2.033,-0.006,-0.042,0.849,4.637820,-74.083632,0.19,0,0
5239,53963096,-0.468,-0.175,-10.112,0.797,0.508,1.276,181.690,2.079,-0.018,-0.048,1.276,4.637820,-74.083632,0.19,0,0
5240,53973095,-0.432,-0.305,-10.032,1.743,0.813,1.276,181.710,2.110,-0.031,-0.044,1.276,4.637820,-74.083632,0.19,0,0
5241,53983110,-0.425,-0.445,-9.936,1.866,1.210,1.124,181.794,2.141,-0.045,-0.043,1.124,4.637820,-74.083632,0.19,0,0
5242,53993098,-0.411,-0.474,-9.852,1.347,1.362,0.757,181.881,2.166,-0.048,-0.042,0.757,4.637820,-74.083632,0.19,0,0
5243,54003101,-0.361,-0.421,-9.843,0.828,1.515,0.635,181.933,2.169,-0.043,-0.037,0.635,4.637820,-74.083632,0.19,0,0
5244,54013097,-0.315,-0.348,-9.739,0.492,1.484,0.910,181.947,2.153,-0.036,-0.032,0.910,4.637820,-74.083632,0.19,0,0
5245,54023104,-0.280,-0.380,-9.713,0.248,1.057,1.520,181.972,2.118,-0.039,-0.029,1.520,4.637820,-74.083632,0.19,0,0
5246,54033111,-0.299,-0.447,-9.677,-0.088,0.233,1.856,182.024,2.087,-0.046,-0.030,1.856,4.637820,-74.083632,0.19,0,0
5247,54043094,-0.363,-0.474,-9.713,-0.484,-0.804,1.673,182.079,2.077,-0.048,-0.037,1.673,4.637820,-74.083632,0.19,0,0
5248,54053097,-0.392,-0.437,-9.845,-0.820,-1.811,1.215,182.108,2.070,-0.045,-0.040,1.215,4.637820,-74.083632,0.19,0,0
5249,54063095,-0.435,-0.348,-9.934,-0.881,-1.995,0.910,182.093,2.078,-0.036,-0.044,0.910,4.637820,-74.083632,0.19,0,0
5250,54073095,-0.506,-0.269,-10.018,-0.942,-1.659,0.879,182.043,2.119,-0.027,-0.052,0.879,4.637820,-74.083632,0.19,0,0
5251,54083093,-0.508,-0.269,-10.109,-0.576,-1.018,0.849,181.999,2.162,-0.027,-0.052,0.849,4.637820,-74.083632,0.19,0,0
5252,54093096,-0.492,-0.286,-10.112,0.034,-0.194,0.818,181.971,2.201,-0.029,-0.050,0.818,4.637820,-74.083632,0.19,0,0
5253,54103092,-0.468,-0.276,-10.054,0.401,0.447,0.666,181.945,2.235,-0.028,-0.048,0.666,4.637820,-74.083632,0.19,0,0
5254,54113096,-0.411,-0.283,-9.984,0.706,0.752,0.727,181.928,2.245,-0.029,-0.042,0.727,4.637820,-74.083632,0.19,0,0
5255,54123092,-0.365,-0.295,-9.893,0.889,0.905,0.940,181.920,2.237,-0.030,-0.037,0.940,4.637820,-74.083632,0.19,0,0
5256,54133100,-0.361,-0.269,-9.835,0.828,0.599,0.910,181.902,2.226,-0.027,-0.037,0.910,4.637820,-74.083632,0.19,0,0
5257,54143094,-0.342,-0.232,-9.799,1.042,0.020,0.818,181.871,2.203,-0.024,-0.035,0.818,4.637820,-74.083632,0.19,0,0
5258,54153097,-0.363,-0.307,-9.795,1.347,-0.286,0.757,181.879,2.188,-0.031,-0.037,0.757,4.637820,-74.083632,0.19,0,0
5259,54163092,-0.361,-0.367,-9.809,1.194,-0.255,0.666,181.911,2.173,-0.037,-0.037,0.666,4.637820,-74.083632,0.19,0,0
5260,54173096,-0.325,-0.348,-9.749,0.187,0.264,0.971,181.924,2.150,-0.036,-0.033,0.971,4.637820,-74.083632,0.19,0,0
5261,54183092,-0.320,-0.370,-9.723,-0.484,0.508,1.063,181.940,2.128,-0.038,-0.033,1.063,4.637820,-74.083632,0.19,0,0
5262,54193093,-0.306,-0.336,-9.723,-0.912,0.050,1.093,181.935,2.098,-0.034,-0.031,1.093,4.637820,-74.083632,0.19,0,0
5263,54203090,-0.318,-0.271,-9.727,-1.034,-0.621,1.032,181.901,2.069,-0.028,-0.032,1.032,4.637820,-74.083632,0.19,0,0
5264,54213096,-0.363,-0.283,-9.807,-0.881,-1.293,0.879,181.875,2.055,-0.029,-0.037,0.879,4.637820,-74.083632,0.19,0,0
5265,54223092,-0.399,-0.348,-9.915,-0.973,-1.628,0.452,181.877,2.052,-0.036,-0.041,0.452,4.637820,-74.083632,0.19,0,0
5266,54233096,-0.392,-0.331,-10.023,-1.369,-1.323,0.055,181.867,2.048,-0.034,-0.040,0.055,4.637820,-74.083632,0.19,0,0
5267,54243093,-0.420,-0.225,-10.131,-1.583,-0.469,-0.158,181.808,2.063,-0.023,-0.043,-0.158,4.637820,-74.083632,0.19,0,0
5268,54258725,-0.356,-0.129,-10.143,-1.278,0.874,-0.189,181.705,2.062,-0.013,-0.036,-0.189,4.637820,-74.083632,0.19,0,0
5269,54263089,-0.272,-0.088,-10.083,-0.667,2.583,0.483,181.605,2.039,-0.009,-0.028,0.483,4.637820,-74.083632,0.19,0,0
5270,54273095,-0.196,-0.155,-9.958,-0.027,3.621,1.429,181.550,1.995,-0.016,-0.020,1.429,4.637820,-74.083632,0.19,0,0
5271,54283090,-0.158,-0.264,-9.744,0.401,3.499,2.192,181.555,1.938,-0.027,-0.016,2.192,4.637820,-74.083632,0.19,0,0
5272,54293094,-0.117,-0.399,-9.612,0.645,2.125,2.527,181.625,1.856,-0.041,-0.012,2.527,4.637820,-74.083632,0.19,0,0
5273,54303090,-0.115,-0.459,-9.576,0.309,0.172,2.222,181.716,1.761,-0.047,-0.012,2.222,4.637820,-74.083632,0.19,0,0
5274,54313094,-0.179,-0.481,-9.641,-0.210,-1.750,1.826,181.803,1.685,-0.049,-0.018,1.826,4.637820,-74.083632,0.19,0,0
5275,54323090,-0.239,-0.430,-9.802,-1.125,-3.002,1.551,181.848,1.629,-0.044,-0.024,1.551,4.637820,-74.083632,0.19,0,0
5276,54333095,-0.330,-0.322,-9.982,-1.797,-3.185,1.459,181.832,1.613,-0.033,-0.034,1.459,4.637820,-74.083632,0.19,0,0
5277,54343090,-0.399,-0.206,-10.076,-1.919,-2.300,1.581,181.765,1.636,-0.021,-0.041,1.581,4.637820,-74.083632,0.19,0,0
5278,54353095,-0.411,-0.155,-10.124,-1.583,-0.896,2.009,181.683,1.675,-0.016,-0.042,2.009,4.637820,-74.083632,0.19,0,0
5279,54363090,-0.389,-0.160,-10.090,-0.973,0.386,2.344,181.615,1.713,-0.016,-0.040,2.344,4.637820,-74.083632,0.19,0,0
5280,54373096,-0.353,-0.194,-10.013,-0.210,1.210,2.711,181.576,1.742,-0.020,-0.036,2.711,4.637820,-74.083632,0.19,0,0
5281,54383090,-0.301,-0.252,-9.907,0.401,1.362,2.955,181.571,1.748,-0.026,-0.031,2.955,4.637820,-74.083632,0.19,0,0
5282,54393095,-0.265,-0.298,-9.835,0.828,0.996,3.138,181.592,1.736,-0.030,-0.027,3.138,4.637820,-74.083632,0.19,0,0
5283,54403090,-0.308,-0.300,-9.768,0.889,0.477,3.199,181.614,1.740,-0.031,-0.031,3.199,4.637820,-74.083632,0.19,0,0
5284,54413095,-0.342,-0.367,-9.744,0.675,-0.133,3.412,181.663,1.753,-0.037,-0.035,3.412,4.637820,-74.083632,0.19,0,0
5285,54423090,-0.423,-0.425,-9.756,0.187,-0.713,3.290,181.729,1.796,-0.043,-0.043,3.290,4.637820,-74.083632,0.19,0,0
5286,54433095,-0.489,-0.464,-9.821,-0.149,-1.415,2.619,181.803,1.857,-0.047,-0.050,2.619,4.637820,-74.083632,0.19,0,0
5287,54443090,-0.532,-0.404,-9.891,-0.423,-1.598,1.764,181.841,1.929,-0.041,-0.054,1.764,4.637820,-74.083632,0.19,0,0
5288,54453095,-0.604,-0.290,-9.958,-0.667,-1.048,1.276,181.822,2.031,-0.030,-0.062,1.276,4.637820,-74.083632,0.19,0,0
5289,54463090,-0.611,-0.261,-9.992,-0.698,-0.194,1.246,181.792,2.135,-0.027,-0.062,1.246,4.637820,-74.083632,0.19,0,0
5290,54473095,-0.604,-0.283,-9.982,-0.332,0.569,1.154,181.777,2.236,-0.029,-0.062,1.154,4.637820,-74.083632,0.19,0,0
5291,54483090,-0.597,-0.281,-9.951,-0.057,1.118,0.788,181.765,2.331,-0.029,-0.061,0.788,4.637820,-74.083632,0.19,0,0
5292,54493096,-0.578,-0.223,-9.898,-0.027,1.210,0.574,181.730,2.413,-0.023,-0.059,0.574,4.637820,-74.083632,0.19,0,0
5293,54503090,-0.597,-0.254,-9.787,0.340,0.996,0.574,181.715,2.499,-0.026,-0.061,0.574,4.637820,-74.083632,0.19,0,0
5294,54513096,-0.597,-0.317,-9.744,0.767,0.660,0.422,181.734,2.575,-0.032,-0.061,0.422,4.637820,-74.083632,0.19,0,0
5295,54523090,-0.616,-0.355,-9.701,0.584,0.172,0.086,181.768,2.651,-0.036,-0.063,0.086,4.637820,-74.083632,0.19,0,0
5296,54533095,-0.635,-0.418,-9.691,0.370,-0.225,-0.402,181.826,2.727,-0.043,-0.065,-0.402,4.637820,-74.083632,0.19,0,0
5297,54543090,-0.642,-0.498,-9.699,-0.179,-0.316,-0.921,181.910,2.798,-0.051,-0.065,-0.921,4.637820,-74.083632,0.19,0,0
5298,54553095,-0.675,-0.541,-9.711,-1.064,-0.286,-1.684,181.999,2.879,-0.055,-0.069,-1.684,4.637820,-74.083632,0.19,0,0
5299,54592422,-0.597,-0.175,-10.008,-2.743,0.508,-3.576,181.813,2.924,-0.018,-0.061,-3.576,4.637820,-74.083632,0.19,0,0
5300,54593748,-0.575,-0.131,-10.042,-1.827,0.905,-3.393,181.659,2.967,-0.013,-0.059,-3.393,4.637820,-74.083632,0.19,0,0
5301,54595062,-0.575,-0.131,-10.042,-1.827,0.905,-3.393,181.532,3.004,-0.013,-0.059,-3.393,4.637820,-74.083632,0.19,0,0
5302,54596373,-0.575,-0.131,-10.042,-1.827,0.905,-3.393,181.433,3.035,-0.013,-0.059,-3.393,4.637820,-74.083632,0.19,0,0
5303,54603089,-0.525,-0.172,-10.013,-0.515,1.179,-3.301,181.387,3.037,-0.018,-0.054,-3.301,4.637820,-74.083632,0.19,0,0
5304,54613094,-0.439,-0.290,-9.946,0.340,1.362,-3.332,181.417,2.996,-0.030,-0.045,-3.332,4.637820,-74.083632,0.19,0,0
5305,54623091,-0.382,-0.401,-9.891,0.462,1.698,-3.362,181.504,2.935,-0.041,-0.039,-3.362,4.637820,-74.083632,0.19,0,0
5306,54633148,-0.301,-0.478,-9.816,-0.210,1.820,-3.454,181.615,2.843,-0.049,-0.031,-3.454,4.637820,-74.083632,0.19,0,0
5307,54643090,-0.232,-0.452,-9.763,-1.003,1.546,-3.515,181.696,2.724,-0.046,-0.024,-3.515,4.637820,-74.083632,0.19,0,0
5308,54653097,-0.198,-0.370,-9.797,-1.552,0.752,-3.515,181.722,2.593,-0.038,-0.020,-3.515,4.637820,-74.083632,0.19,0,0
5309,54663090,-0.196,-0.288,-9.840,-1.400,-0.041,-3.393,181.706,2.466,-0.029,-0.020,-3.393,4.637820,-74.083632,0.19,0,0
5310,54673104,-0.220,-0.278,-9.895,-0.942,-0.591,-3.057,181.691,2.356,-0.028,-0.022,-3.057,4.637820,-74.083632,0.19,0,0
5311,54683099,-0.256,-0.370,-9.977,-0.545,-0.926,-2.935,181.722,2.270,-0.038,-0.026,-2.935,4.637820,-74.083632,0.19,0,0
5312,54693110,-0.291,-0.401,-10.047,-0.576,-0.957,-3.301,181.763,2.206,-0.041,-0.030,-3.301,4.637820,-74.083632,0.19,0,0
5313,54703093,-0.296,-0.314,-10.107,-0.728,-0.652,-3.515,181.759,2.152,-0.032,-0.030,-3.515,4.637820,-74.083632,0.19,0,0
5314,54713104,-0.246,-0.182,-10.136,-0.912,0.050,-3.454,181.693,2.086,-0.019,-0.025,-3.454,4.637820,-74.083632,0.19,0,0
5315,54723094,-0.187,-0.052,-10.128,-0.667,1.118,-2.813,181.578,2.009,-0.005,-0.019,-2.813,4.637820,-74.083632,0.19,0,0
5316,54733101,-0.151,0.006,-10.001,0.157,1.942,-1.867,181.454,1.932,0.001,-0.015,-1.867,4.637820,-74.083632,0.19,0,0
5317,54743103,-0.115,-0.107,-9.826,1.316,2.095,-0.738,181.402,1.847,-0.011,-0.012,-0.738,4.637820,-74.083632,0.19,0,0
5318,54753096,-0.113,-0.271,-9.684,2.293,1.637,-0.158,181.440,1.764,-0.028,-0.011,-0.158,4.637820,-74.083632,0.19,0,0
5319,54763094,-0.144,-0.459,-9.598,2.201,0.630,0.025,181.561,1.693,-0.047,-0.015,0.025,4.637820,-74.083632,0.19,0,0
5320,54773110,-0.134,-0.568,-9.569,1.103,-0.438,0.086,181.714,1.614,-0.058,-0.014,0.086,4.637820,-74.083632,0.19,0,0
5321,54783110,-0.191,-0.594,-9.638,-0.545,-1.415,-0.097,181.850,1.558,-0.061,-0.020,-0.097,4.637820,-74.083632,0.19,0,0
5322,54793102,-0.258,-0.505,-9.766,-2.163,-1.903,-0.433,181.917,1.531,-0.051,-0.026,-0.433,4.637820,-74.083632,0.19,0,0
5323,54803100,-0.342,-0.339,-9.965,-3.017,-2.025,-0.738,181.892,1.539,-0.035,-0.035,-0.738,4.637820,-74.083632,0.19,0,0
5324,54813106,-0.384,-0.187,-10.128,-2.865,-1.689,-0.952,181.802,1.567,-0.019,-0.039,-0.952,4.637820,-74.083632,0.19,0,0
5325,54823095,-0.361,-0.085,-10.246,-2.041,-0.835,-0.830,181.683,1.587,-0.009,-0.037,-0.830,4.637820,-74.083632,0.19,0,0
5326,54833108,-0.342,0.001,-10.234,-0.637,0.142,0.025,181.548,1.607,0.000,-0.035,0.025,4.637820,-74.083632,0.19,0,0
5327,54843101,-0.313,-0.081,-10.152,0.614,0.844,0.849,181.471,1.621,-0.008,-0.032,0.849,4.637820,-74.083632,0.19,0,0
5328,54853099,-0.315,-0.199,-10.004,1.805,0.905,1.154,181.463,1.638,-0.020,-0.032,1.154,4.637820,-74.083632,0.19,0,0
5329,54863091,-0.330,-0.271,-9.838,2.781,0.294,0.940,181.499,1.656,-0.028,-0.034,0.940,4.637820,-74.083632,0.19,0,0
5330,54873103,-0.349,-0.348,-9.735,3.025,-0.163,0.666,181.569,1.679,-0.036,-0.036,0.666,4.637820,-74.083632,0.19,0,0
5331,54883099,-0.370,-0.437,-9.730,2.293,-0.438,0.635,181.668,1.707,-0.045,-0.038,0.635,4.637820,-74.083632,0.19,0,0
5332,54893104,-0.418,-0.495,-9.756,0.981,-0.438,0.757,181.773,1.753,-0.051,-0.043,0.757,4.637820,-74.083632,0.19,0,0
5333,54903097,-0.475,-0.464,-9.785,-0.240,-0.347,0.513,181.843,1.822,-0.047,-0.048,0.513,4.637820,-74.083632,0.19,0,0
5334,54916430,-0.537,-0.334,-9.799,-0.728,-0.286,-0.128,181.844,1.913,-0.034,-0.055,-0.128,4.637820,-74.083632,0.19,0,0
5335,54923134,-0.547,-0.266,-9.763,-0.393,-0.102,-0.433,181.819,2.007,-0.027,-0.056,-0.433,4.637820,-74.083632,0.19,0,0
5336,54933097,-0.520,-0.302,-9.771,0.157,0.294,-0.616,181.818,2.084,-0.031,-0.053,-0.616,4.637820,-74.083632,0.19,0,0
5337,54943097,-0.501,-0.421,-9.771,0.248,0.630,-0.860,181.871,2.150,-0.043,-0.051,-0.860,4.637820,-74.083632,0.19,0,0
5338,54953112,-0.473,-0.517,-9.737,-0.393,1.057,-1.226,181.959,2.202,-0.053,-0.048,-1.226,4.637820,-74.083632,0.19,0,0
5339,54963107,-0.477,-0.572,-9.775,-1.583,1.210,-1.654,182.052,2.253,-0.058,-0.049,-1.654,4.637820,-74.083632,0.19,0,0
5340,54973097,-0.404,-0.553,-9.862,-2.926,0.935,-2.203,182.115,2.262,-0.056,-0.041,-2.203,4.637820,-74.083632,0.19,0,0
5341,54983104,-0.389,-0.329,-9.992,-3.841,0.752,-2.813,182.063,2.261,-0.034,-0.040,-2.813,4.637820,-74.083632,0.19,0,0
5342,54993101,-0.356,-0.056,-10.040,-3.445,0.660,-2.783,181.899,2.243,-0.006,-0.036,-2.783,4.637820,-74.083632,0.19,0,0
5343,55003104,-0.322,0.062,-10.032,-2.132,0.752,-2.172,181.708,2.214,0.006,-0.033,-2.172,4.637820,-74.083632,0.19,0,0
5344,55013103,-0.306,-0.008,-9.943,-1.034,0.874,-1.104,181.572,2.181,-0.001,-0.031,-1.104,4.637820,-74.083632,0.19,0,0
5345,55023101,-0.282,-0.138,-9.814,-0.271,0.783,-0.219,181.512,2.141,-0.014,-0.029,-0.219,4.637820,-74.083632,0.19,0,0
5346,55033107,-0.301,-0.240,-9.718,-0.271,0.172,-0.067,181.503,2.109,-0.024,-0.031,-0.067,4.637820,-74.083632,0.19,0,0
5347,55043099,-0.332,-0.213,-9.703,-0.667,-0.530,-0.402,181.479,2.087,-0.022,-0.034,-0.402,4.637820,-74.083632,0.19,0,0
5348,55053108,-0.332,-0.100,-9.636,-0.789,-0.652,-0.494,181.405,2.066,-0.010,-0.034,-0.494,4.637820,-74.083632,0.19,0,0
5349,55063095,-0.351,-0.141,-9.535,-0.820,-0.102,0.239,181.356,2.063,-0.014,-0.036,0.239,4.637820,-74.083632,0.19,0,0
5350,55073096,-0.303,-0.363,-9.389,-1.095,0.630,1.185,181.412,2.046,-0.037,-0.031,1.185,4.637820,-74.083632,0.19,0,0
5351,55083092,-0.258,-0.686,-9.288,-2.498,0.691,1.551,181.604,2.012,-0.070,-0.026,1.551,4.637820,-74.083632,0.19,0,0
5352,55093097,-0.201,-0.908,-9.302,-5.550,-0.011,0.849,181.856,1.946,-0.093,-0.020,0.849,4.637820,-74.083632,0.19,0,0
5353,55103093,-0.215,-0.840,-9.490,-9.060,-1.750,0.208,182.018,1.874,-0.086,-0.022,0.208,4.637820,-74.083632,0.19,0,0
5354,55113097,-0.260,-0.512,-9.790,-11.684,-3.734,-0.402,181.985,1.807,-0.052,-0.027,-0.402,4.637820,-74.083632,0.19,0,0
5355,55123092,-0.375,-0.107,-10.143,-11.989,-5.565,-0.585,181.770,1.773,-0.011,-0.038,-0.585,4.637820,-74.083632,0.19,0,0
5356,55133100,-0.535,0.093,-10.479,-9.914,-6.633,-0.524,181.506,1.793,0.009,-0.055,-0.524,4.637820,-74.083632,0.19,0,0
5357,55143093,-0.661,0.081,-10.693,-6.588,-6.755,-0.463,181.298,1.858,0.008,-0.067,-0.463,4.637820,-74.083632,0.19,0,0
5358,55153097,-0.723,-0.090,-10.786,-3.322,-5.779,-0.677,181.206,1.949,-0.009,-0.074,-0.677,4.637820,-74.083632,0.19,0,0
5359,55163092,-0.730,-0.293,-10.765,-1.217,-3.734,-1.104,181.223,2.056,-0.030,-0.074,-1.104,4.637820,-74.083632,0.19,0,0
5360,55173098,-0.685,-0.384,-10.678,-0.484,-1.445,-1.562,181.283,2.160,-0.039,-0.070,-1.562,4.637820,-74.083632,0.19,0,0
5361,55183093,-0.587,-0.375,-10.474,-0.484,0.538,-2.020,181.338,2.239,-0.038,-0.060,-2.020,4.637820,-74.083632,0.19,0,0
5362,55193096,-0.487,-0.314,-10.299,-0.545,1.698,-2.325,181.365,2.284,-0.032,-0.050,-2.325,4.637820,-74.083632,0.19,0,0
5363,55203093,-0.342,-0.208,-10.193,-0.637,1.820,-2.752,181.346,2.267,-0.021,-0.035,-2.752,4.637820,-74.083632,0.19,0,0
5364,55213097,-0.265,0.018,-10.085,-0.179,1.210,-2.783,181.234,2.215,0.002,-0.027,-2.783,4.637820,-74.083632,0.19,0,0
5365,55223092,-0.220,0.228,-9.965,1.133,0.111,-2.264,181.052,2.137,0.023,-0.022,-2.264,4.637820,-74.083632,0.19,0,0
5366,55233096,-0.244,0.271,-9.804,3.208,-1.140,-1.196,180.882,2.067,0.028,-0.025,-1.196,4.637820,-74.083632,0.19,0,0
5367,55243093,-0.313,0.074,-9.694,5.009,-2.605,-0.585,180.828,2.020,0.008,-0.032,-0.585,4.637820,-74.083632,0.19,0,0
5368,55256086,-0.406,-0.163,-9.614,6.046,-3.734,-0.616,180.913,1.999,-0.017,-0.041,-0.616,4.637820,-74.083632,0.19,0,0
5369,55263090,-0.501,-0.319,-9.593,5.680,-3.948,-1.074,181.043,2.034,-0.033,-0.051,-1.074,4.637820,-74.083632,0.19,0,0
5370,55273095,-0.537,-0.394,-9.607,3.971,-3.368,-1.623,181.182,2.087,-0.040,-0.055,-1.623,4.637820,-74.083632,0.19,0,0
5371,55283090,-0.480,-0.305,-9.595,1.530,-2.391,-2.233,181.246,2.118,-0.031,-0.049,-2.233,4.637820,-74.083632,0.19,0,0
5372,55293096,-0.442,-0.122,-9.641,-0.393,-1.598,-2.691,181.203,2.137,-0.012,-0.045,-2.691,4.637820,-74.083632,0.19,0,0
5373,55303090,-0.437,0.146,-9.684,-1.095,-0.987,-2.905,181.035,2.156,0.015,-0.045,-2.905,4.637820,-74.083632,0.19,0,0
5374,55313095,-0.363,0.247,-9.638,-0.728,-0.316,-2.294,180.837,2.147,0.025,-0.037,-2.294,4.637820,-74.083632,0.19,0,0
5375,55323090,-0.313,0.144,-9.583,0.034,-0.072,-1.501,180.708,2.120,0.015,-0.032,-1.501,4.637820,-74.083632,0.19,0,0
5376,55333095,-0.280,-0.028,-9.559,-0.179,-0.133,-0.952,180.665,2.079,-0.003,-0.029,-0.952,4.637820,-74.083632,0.19,0,0
5377,55343090,-0.320,-0.158,-9.538,-1.064,-0.621,-0.768,180.678,2.055,-0.016,-0.033,-0.768,4.637820,-74.083632,0.19,0,0
5378,55353095,-0.320,-0.240,-9.566,-2.376,-1.293,-0.952,180.715,2.027,-0.024,-0.033,-0.952,4.637820,-74.083632,0.19,0,0
5379,55363090,-0.389,-0.261,-9.708,-3.872,-2.147,-1.318,180.743,2.022,-0.027,-0.040,-1.318,4.637820,-74.083632,0.19,0,0
5380,55373095,-0.454,-0.110,-9.905,-4.940,-2.666,-1.989,180.690,2.037,-0.011,-0.046,-1.989,4.637820,-74.083632,0.19,0,0
5381,55383090,-0.497,0.071,-10.114,-5.001,-2.574,-2.508,180.561,2.067,0.007,-0.051,-2.508,4.637820,-74.083632,0.19,0,0
5382,55393094,-0.537,0.175,-10.234,-3.841,-1.811,-2.477,180.409,2.116,0.018,-0.055,-2.477,4.637820,-74.083632,0.19,0,0
5383,55403090,-0.559,0.175,-10.220,-2.041,-0.591,-1.867,180.285,2.182,0.018,-0.057,-1.867,4.637820,-74.083632,0.19,0,0
5384,55413095,-0.544,0.062,-10.121,-0.149,0.569,-1.348,180.236,2.249,0.006,-0.055,-1.348,4.637820,-74.083632,0.19,0,0
5385,55423090,-0.508,-0.148,-9.980,1.194,1.607,-1.104,180.295,2.309,-0.015,-0.052,-1.104,4.637820,-74.083632,0.19,0,0
5386,55433095,-0.463,-0.363,-9.826,1.530,2.034,-1.043,180.448,2.352,-0.037,-0.047,-1.043,4.637820,-74.083632,0.19,0,0
5387,55443090,-0.437,-0.488,-9.694,0.553,1.973,-1.287,180.640,2.382,-0.050,-0.045,-1.287,4.637820,-74.083632,0.19,0,0
5388,55453096,-0.425,-0.536,-9.658,-0.973,1.607,-1.684,180.825,2.401,-0.055,-0.043,-1.684,4.637820,-74.083632,0.19,0,0
5389,55463090,-0.420,-0.502,-9.696,-2.560,0.966,-2.233,180.966,2.410,-0.051,-0.043,-2.233,4.637820,-74.083632,0.19,0,0
5390,55473096,-0.411,-0.396,-9.816,-3.811,0.386,-2.844,181.034,2.407,-0.040,-0.042,-2.844,4.637820,-74.083632,0.19,0,0
5391,55483090,-0.423,-0.245,-9.992,-4.268,0.020,-3.118,181.024,2.402,-0.025,-0.043,-3.118,4.637820,-74.083632,0.19,0,0
5392,55493095,-0.430,-0.076,-10.152,-3.780,-0.011,-3.118,180.944,2.398,-0.008,-0.044,-3.118,4.637820,-74.083632,0.19,0,0
5393,55503090,-0.430,0.021,-10.227,-2.682,0.477,-2.722,180.840,2.397,0.002,-0.044,-2.722,4.637820,-74.083632,0.19,0,0
5394,55513095,-0.406,0.016,-10.258,-1.064,1.210,-2.020,180.760,2.393,0.002,-0.041,-2.020,4.637820,-74.083632,0.19,0,0
5395,55523090,-0.387,-0.059,-10.174,0.187,1.790,-1.104,180.730,2.387,-0.006,-0.039,-1.104,4.637820,-74.083632,0.19,0,0
5396,55533095,-0.356,-0.158,-10.047,1.042,2.095,-0.524,180.753,2.374,-0.016,-0.036,-0.524,4.637820,-74.083632,0.19,0,0
5397,55543090,-0.325,-0.264,-9.955,1.438,1.942,-0.402,180.826,2.347,-0.027,-0.033,-0.402,4.637820,-74.083632,0.19,0,0
5398,55553095,-0.311,-0.240,-9.893,1.286,1.454,-0.585,180.882,2.313,-0.024,-0.032,-0.585,4.637820,-74.083632,0.19,0,0
5399,55582058,-0.389,-0.141,-9.790,0.858,-0.133,0.300,180.902,2.290,-0.014,-0.040,0.300,4.637820,-74.083632,0.19,0,0
5400,55583378,-0.389,-0.141,-9.790,0.858,-0.133,0.300,180.913,2.275,-0.014,-0.040,0.300,4.637820,-74.083632,0.19,0,0
5401,55584692,-0.389,-0.141,-9.790,0.858,-0.133,0.300,180.915,2.267,-0.014,-0.040,0.300,4.637820,-74.083632,0.19,0,0
5402,55593093,-0.413,-0.211,-9.763,0.889,-0.560,0.361,180.952,2.270,-0.021,-0.042,0.361,4.637820,-74.083632,0.19,0,0
5403,55603097,-0.449,-0.288,-9.792,0.584,-0.621,0.178,181.021,2.288,-0.029,-0.046,0.178,4.637820,-74.083632,0.19,0,0
5404,55613096,-0.456,-0.298,-9.792,-0.271,-0.408,-0.006,181.079,2.311,-0.030,-0.046,-0.006,4.637820,-74.083632,0.19,0,0
5405,55623091,-0.439,-0.257,-9.843,-1.308,-0.041,-0.006,181.102,2.325,-0.026,-0.045,-0.006,4.637820,-74.083632,0.19,0,0
5406,55633145,-0.399,-0.160,-9.888,-2.254,0.325,0.025,181.068,2.321,-0.016,-0.041,0.025,4.637820,-74.083632,0.19,0,0
5407,55643088,-0.418,-0.025,-9.919,-2.560,0.203,-0.036,180.971,2.324,-0.003,-0.043,-0.036,4.637820,-74.083632,0.19,0,0
5408,55653094,-0.387,0.115,-9.941,-1.766,-0.072,0.147,180.825,2.310,0.012,-0.039,0.147,4.637820,-74.083632,0.19,0,0
5409,55663090,-0.401,0.158,-9.960,-0.393,-0.438,0.391,180.685,2.300,0.016,-0.041,0.391,4.637820,-74.083632,0.19,0,0
5410,55673109,-0.375,0.052,-9.919,0.981,-0.774,0.757,180.617,2.277,0.005,-0.038,0.757,4.637820,-74.083632,0.19,0,0
5411,55683107,-0.435,-0.112,-9.855,1.743,-0.987,1.154,180.636,2.281,-0.011,-0.044,1.154,4.637820,-74.083632,0.19,0,0
5412,55693103,-0.475,-0.259,-9.816,1.499,-0.896,1.124,180.719,2.305,-0.026,-0.048,1.124,4.637820,-74.083632,0.19,0,0
5413,55703098,-0.504,-0.370,-9.835,0.645,-0.743,0.696,180.838,2.342,-0.038,-0.051,0.696,4.637820,-74.083632,0.19,0,0
5414,55713099,-0.508,-0.360,-9.879,-0.576,-0.408,0.086,180.931,2.379,-0.037,-0.052,0.086,4.637820,-74.083632,0.19,0,0
5415,55723099,-0.499,-0.240,-9.936,-1.461,-0.041,-0.555,180.953,2.411,-0.024,-0.051,-0.555,4.637820,-74.083632,0.19,0,0
5416,55733104,-0.475,-0.069,-9.958,-1.736,0.660,-0.799,180.895,2.436,-0.007,-0.048,-0.799,4.637820,-74.083632,0.19,0,0
5417,55743100,-0.439,-0.008,-9.970,-1.461,1.057,-0.646,180.817,2.447,-0.001,-0.045,-0.646,4.637820,-74.083632,0.19,0,0
5418,55753102,-0.401,-0.006,-9.931,-0.667,1.393,-0.341,180.752,2.444,-0.001,-0.041,-0.341,4.637820,-74.083632,0.19,0,0
5419,55763099,-0.368,-0.056,-9.888,0.004,1.393,-0.036,180.720,2.427,-0.006,-0.038,-0.036,4.637820,-74.083632,0.19,0,0
5420,55773114,-0.315,-0.105,-9.833,0.462,1.088,0.055,180.717,2.386,-0.011,-0.032,0.055,4.637820,-74.083632,0.19,0,0
5421,55783098,-0.284,-0.138,-9.811,0.462,0.783,0.117,180.729,2.332,-0.014,-0.029,0.117,4.637820,-74.083632,0.19,0,0
5422,55793106,-0.275,-0.151,-9.814,0.096,0.630,0.391,180.742,2.276,-0.015,-0.028,0.391,4.637820,-74.083632,0.19,0,0
5423,55803098,-0.249,-0.158,-9.840,-0.637,0.599,0.788,180.751,2.212,-0.016,-0.025,0.788,4.637820,-74.083632,0.19,0,0
5424,55813110,-0.265,-0.126,-9.864,-1.339,0.264,1.185,180.738,2.158,-0.013,-0.027,1.185,4.637820,-74.083632,0.19,0,0
5425,55823095,-0.270,-0.059,-9.900,-1.613,-0.102,1.490,180.694,2.106,-0.006,-0.028,1.490,4.637820,-74.083632,0.19,0,0
5426,55833099,-0.296,0.033,-9.919,-1.491,-0.652,1.703,180.613,2.064,0.003,-0.030,1.703,4.637820,-74.083632,0.19,0,0
5427,55843096,-0.370,0.066,-9.934,-0.515,-1.018,2.070,180.533,2.054,0.007,-0.038,2.070,4.637820,-74.083632,0.19,0,0
5428,55853110,-0.427,-0.011,-9.941,0.523,-1.262,2.527,180.503,2.068,-0.001,-0.044,2.527,4.637820,-74.083632,0.19,0,0
5429,55863106,-0.477,-0.131,-9.924,1.103,-1.415,2.649,180.533,2.101,-0.013,-0.049,2.649,4.637820,-74.083632,0.19,0,0
5430,55873104,-0.520,-0.232,-9.946,1.286,-1.140,2.375,180.608,2.153,-0.024,-0.053,2.375,4.637820,-74.083632,0.19,0,0
5431,55883104,-0.559,-0.247,-9.963,0.858,-0.743,1.887,180.678,2.221,-0.025,-0.057,1.887,4.637820,-74.083632,0.19,0,0
5432,55893101,-0.582,-0.213,-9.963,0.309,-0.225,1.642,180.724,2.299,-0.022,-0.059,1.642,4.637820,-74.083632,0.19,0,0
5433,55903098,-0.585,-0.165,-9.948,-0.088,0.447,1.398,180.741,2.378,-0.017,-0.060,1.398,4.637820,-74.083632,0.19,0,0
5434,55916600,-0.568,-0.167,-9.948,-0.088,0.844,1.093,180.759,2.451,-0.017,-0.058,1.093,4.637820,-74.083632,0.19,0,0
5435,55923097,-0.535,-0.134,-9.977,0.096,1.118,0.849,180.761,2.503,-0.014,-0.055,0.849,4.637820,-74.083632,0.19,0,0
5436,55933101,-0.504,-0.095,-9.948,-0.088,1.362,0.666,180.745,2.541,-0.010,-0.051,0.666,4.637820,-74.083632,0.19,0,0
5437,55943099,-0.477,-0.071,-9.905,0.096,1.362,0.788,180.721,2.565,-0.007,-0.049,0.788,4.637820,-74.083632,0.19,0,0
5438,55953115,-0.442,-0.073,-9.871,0.340,1.149,0.940,180.702,2.569,-0.007,-0.045,0.940,4.637820,-74.083632,0.19,0,0
5439,55963094,-0.454,-0.114,-9.869,0.797,0.722,0.849,180.707,2.575,-0.012,-0.046,0.849,4.637820,-74.083632,0.19,0,0
5440,55973098,-0.473,-0.134,-9.833,0.981,0.325,0.666,180.723,2.586,-0.014,-0.048,0.666,4.637820,-74.083632,0.19,0,0
5441,55983104,-0.446,-0.146,-9.843,0.981,-0.011,0.635,180.742,2.581,-0.015,-0.046,0.635,4.637820,-74.083632,0.19,0,0
5442,55993119,-0.461,-0.155,-9.843,1.103,0.172,0.666,180.766,2.585,-0.016,-0.047,0.666,4.637820,-74.083632,0.19,0,0
5443,56003099,-0.437,-0.179,-9.850,0.706,0.447,0.849,180.795,2.580,-0.018,-0.045,0.849,4.637820,-74.083632,0.19,0,0
5444,56013107,-0.423,-0.211,-9.859,0.004,0.783,0.940,180.828,2.572,-0.021,-0.043,0.940,4.637820,-74.083632,0.19,0,0
5445,56023094,-0.384,-0.196,-9.881,-0.667,0.783,0.727,180.847,2.547,-0.020,-0.039,0.727,4.637820,-74.083632,0.19,0,0
5446,56033103,-0.380,-0.110,-9.888,-1.217,0.569,0.544,180.820,2.520,-0.011,-0.039,0.544,4.637820,-74.083632,0.19,0,0
5447,56043115,-0.375,0.011,-9.919,-0.942,0.172,0.574,180.745,2.489,0.001,-0.038,0.574,4.637820,-74.083632,0.19,0,0
5448,56053105,-0.389,0.045,-9.910,-0.240,-0.133,0.849,180.667,2.463,0.005,-0.040,0.849,4.637820,-74.083632,0.19,0,0
5449,56063094,-0.401,-0.037,-9.934,0.614,-0.347,0.910,180.639,2.443,-0.004,-0.041,0.910,4.637820,-74.083632,0.19,0,0
5450,56073101,-0.411,-0.129,-9.929,1.164,-0.286,0.818,180.659,2.429,-0.013,-0.042,0.818,4.637820,-74.083632,0.19,0,0
5451,56083092,-0.387,-0.187,-9.915,1.011,0.081,0.574,180.701,2.409,-0.019,-0.039,0.574,4.637820,-74.083632,0.19,0,0
5452,56093097,-0.375,-0.237,-9.905,0.157,0.722,0.513,180.754,2.392,-0.024,-0.038,0.513,4.637820,-74.083632,0.19,0,0
5453,56103093,-0.337,-0.170,-9.936,-0.637,1.179,0.605,180.767,2.363,-0.017,-0.034,0.605,4.637820,-74.083632,0.19,0,0
5454,56113097,-0.308,-0.030,-9.967,-1.034,1.362,0.544,180.713,2.324,-0.003,-0.031,0.544,4.637820,-74.083632,0.19,0,0
5455,56123092,-0.275,0.083,-9.915,-0.789,1.484,0.940,180.615,2.276,0.008,-0.028,0.940,4.637820,-74.083632,0.19,0,0
5456,56133100,-0.263,0.052,-9.857,0.004,1.362,1.734,180.546,2.226,0.005,-0.027,1.734,4.637820,-74.083632,0.19,0,0
5457,56143093,-0.268,-0.066,-9.773,0.736,0.844,2.405,180.542,2.178,-0.007,-0.027,2.405,4.637820,-74.083632,0.19,0,0
5458,56153097,-0.289,-0.163,-9.725,0.919,-0.041,2.649,180.583,2.136,-0.017,-0.029,2.649,4.637820,-74.083632,0.19,0,0
5459,56163092,-0.342,-0.242,-9.744,0.645,-1.048,2.436,180.654,2.110,-0.025,-0.035,2.436,4.637820,-74.083632,0.19,0,0
5460,56173097,-0.396,-0.286,-9.802,-0.118,-1.842,1.948,180.731,2.103,-0.029,-0.040,1.948,4.637820,-74.083632,0.19,0,0
5461,56183093,-0.439,-0.213,-9.927,-1.064,-2.056,1.490,180.760,2.111,-0.022,-0.045,1.490,4.637820,-74.083632,0.19,0,0
5462,56193096,-0.499,-0.095,-10.052,-1.430,-1.689,1.185,180.731,2.146,-0.010,-0.051,1.185,4.637820,-74.083632,0.19,0,0
5463,56203092,-0.535,0.016,-10.116,-1.034,-1.048,1.246,180.660,2.197,0.002,-0.055,1.246,4.637820,-74.083632,0.19,0,0
5464,56213097,-0.532,0.035,-10.102,-0.271,-0.286,1.459,180.593,2.251,0.004,-0.054,1.459,4.637820,-74.083632,0.19,0,0
5465,56223092,-0.525,0.016,-10.059,0.767,0.294,1.795,180.549,2.304,0.002,-0.054,1.795,4.637820,-74.083632,0.19,0,0
5466,56233096,-0.504,-0.093,-9.965,1.591,0.783,1.917,180.563,2.351,-0.009,-0.051,1.917,4.637820,-74.083632,0.19,0,0
5467,56243092,-0.454,-0.206,-9.869,1.743,0.905,1.734,180.628,2.375,-0.021,-0.046,1.734,4.637820,-74.083632,0.19,0,0
5468,56253096,-0.439,-0.230,-9.816,1.347,0.660,1.398,180.696,2.390,-0.023,-0.045,1.398,4.637820,-74.083632,0.19,0,0
5469,56266244,-0.454,-0.230,-9.785,0.736,0.294,1.124,180.757,2.406,-0.023,-0.046,1.124,4.637820,-74.083632,0.19,0,0
5470,56273093,-0.451,-0.216,-9.792,-0.027,-0.011,1.032,180.796,2.418,-0.022,-0.046,1.032,4.637820,-74.083632,0.19,0,0
5471,56283089,-0.425,-0.146,-9.838,-0.576,-0.286,0.757,180.796,2.414,-0.015,-0.043,0.757,4.637820,-74.083632,0.19,0,0
5472,56293094,-0.463,-0.076,-9.898,-0.667,-0.499,0.666,180.763,2.425,-0.008,-0.047,0.666,4.637820,-74.083632,0.19,0,0
5473,56303091,-0.482,-0.042,-9.929,-0.118,-0.682,0.696,180.723,2.440,-0.004,-0.049,0.696,4.637820,-74.083632,0.19,0,0
5474,56313095,-0.468,-0.061,-9.939,0.462,-0.774,0.757,180.700,2.447,-0.006,-0.048,0.757,4.637820,-74.083632,0.19,0,0
5475,56323091,-0.475,-0.105,-9.955,0.889,-0.652,0.696,180.701,2.457,-0.011,-0.048,0.696,4.637820,-74.083632,0.19,0,0
5476,56333094,-0.497,-0.131,-9.905,1.133,-0.255,0.696,180.717,2.481,-0.013,-0.051,0.696,4.637820,-74.083632,0.19,0,0
5477,56343091,-0.504,-0.199,-9.855,1.042,0.233,0.635,180.761,2.511,-0.020,-0.051,0.635,4.637820,-74.083632,0.19,0,0
5478,56353095,-0.463,-0.240,-9.811,0.462,0.569,0.483,180.815,2.526,-0.024,-0.047,0.483,4.637820,-74.083632,0.19,0,0
5479,56363091,-0.468,-0.237,-9.771,-0.088,0.905,0.330,180.859,2.545,-0.024,-0.048,0.330,4.637820,-74.083632,0.19,0,0
5480,56373093,-0.444,-0.218,-9.756,-0.545,0.813,0.117,180.887,2.551,-0.022,-0.045,0.117,4.637820,-74.083632,0.19,0,0
5481,56383090,-0.411,-0.208,-9.768,-1.003,0.569,-0.128,180.905,2.540,-0.021,-0.042,-0.128,4.637820,-74.083632,0.19,0,0
5482,56393093,-0.411,-0.146,-9.835,-1.308,0.416,-0.463,180.889,2.527,-0.015,-0.042,-0.463,4.637820,-74.083632,0.19,0,0
5483,56403091,-0.384,-0.066,-9.886,-1.522,0.325,-0.372,180.837,2.501,-0.007,-0.039,-0.372,4.637820,-74.083632,0.19,0,0
5484,56413095,-0.363,-0.054,-9.891,-1.217,0.294,-0.036,180.787,2.468,-0.006,-0.037,-0.036,4.637820,-74.083632,0.19,0,0
5485,56423091,-0.351,-0.095,-9.893,-1.034,0.203,0.391,180.760,2.431,-0.010,-0.036,0.391,4.637820,-74.083632,0.19,0,0
5486,56433095,-0.387,-0.129,-9.927,-0.881,0.020,0.239,180.752,2.410,-0.013,-0.039,0.239,4.637820,-74.083632,0.19,0,0
5487,56443091,-0.408,-0.097,-9.960,-0.515,-0.316,-0.219,180.733,2.397,-0.010,-0.042,-0.219,4.637820,-74.083632,0.19,0,0
5488,56453094,-0.415,-0.044,-10.006,0.096,-0.377,-0.311,180.699,2.386,-0.005,-0.042,-0.311,4.637820,-74.083632,0.19,0,0
5489,56463091,-0.427,-0.047,-10.064,0.492,-0.072,-0.158,180.671,2.383,-0.005,-0.044,-0.158,4.637820,-74.083632,0.19,0,0
5490,56473095,-0.387,-0.073,-9.972,0.645,0.691,0.330,180.659,2.372,-0.007,-0.039,0.330,4.637820,-74.083632,0.19,0,0
5491,56483091,-0.377,-0.153,-9.891,0.828,1.484,0.818,180.685,2.366,-0.016,-0.038,0.818,4.637820,-74.083632,0.19,0,0
5492,56493095,-0.342,-0.230,-9.797,0.584,1.790,0.940,180.741,2.348,-0.023,-0.035,0.940,4.637820,-74.083632,0.19,0,0
5493,56503091,-0.308,-0.235,-9.703,0.065,1.484,0.696,180.792,2.316,-0.024,-0.031,0.696,4.637820,-74.083632,0.19,0,0
5494,56513093,-0.287,-0.177,-9.713,-0.576,0.996,0.666,180.807,2.272,-0.018,-0.029,0.666,4.637820,-74.083632,0.19,0,0
5495,56523089,-0.315,-0.175,-9.725,-0.912,0.203,0.818,180.816,2.236,-0.018,-0.032,0.818,4.637820,-74.083632,0.19,0,0
5496,56533094,-0.368,-0.199,-9.775,-1.278,-0.621,0.818,180.832,2.219,-0.020,-0.038,0.818,4.637820,-74.083632,0.19,0,0
5497,56543091,-0.384,-0.194,-9.869,-1.400,-1.140,0.361,180.842,2.203,-0.020,-0.039,0.361,4.637820,-74.083632,0.19,0,0
5498,56553095,-0.425,-0.117,-9.999,-1.095,-1.201,-0.158,180.820,2.204,-0.012,-0.043,-0.158,4.637820,-74.083632,0.19,0,0
5499,56580089,-0.406,-0.141,-10.059,-1.064,0.416,0.208,180.795,2.208,-0.014,-0.041,0.208,4.637820,-74.083632,0.19,0,0
5500,56581415,-0.370,-0.110,-10.044,-1.186,1.393,0.574,180.761,2.213,-0.011,-0.038,0.574,4.637820,-74.083632,0.19,0,0
5501,56583095,-0.370,-0.110,-10.044,-1.186,1.393,0.574,180.740,2.211,-0.011,-0.038,0.574,4.637820,-74.083632,0.19,0,0
5502,56593097,-0.334,-0.078,-10.013,-1.186,2.003,0.818,180.705,2.198,-0.008,-0.034,0.818,4.637820,-74.083632,0.19,0,0
5503,56603092,-0.287,-0.054,-9.953,-0.912,2.034,1.215,180.665,2.166,-0.006,-0.029,1.215,4.637820,-74.083632,0.19,0,0
5504,56613096,-0.246,-0.076,-9.903,-0.454,1.484,1.612,180.643,2.113,-0.008,-0.025,1.612,4.637820,-74.083632,0.19,0,0
5505,56623092,-0.246,-0.088,-9.831,0.096,0.447,2.131,180.634,2.056,-0.009,-0.025,2.131,4.637820,-74.083632,0.19,0,0
5506,56633147,-0.332,-0.107,-9.845,0.706,-0.682,2.405,180.640,2.034,-0.011,-0.034,2.405,4.637820,-74.083632,0.19,0,0
5507,56643092,-0.389,-0.182,-9.838,1.164,-1.842,2.314,180.685,2.030,-0.019,-0.040,2.314,4.637820,-74.083632,0.19,0,0
5508,56653097,-0.461,-0.232,-9.869,1.438,-2.727,1.948,180.752,2.050,-0.024,-0.047,1.948,4.637820,-74.083632,0.19,0,0
5509,56663092,-0.525,-0.271,-9.929,1.194,-2.696,1.551,180.828,2.096,-0.028,-0.054,1.551,4.637820,-74.083632,0.19,0,0
5510,56673099,-0.570,-0.278,-10.006,0.828,-1.934,1.276,180.897,2.164,-0.028,-0.058,1.276,4.637820,-74.083632,0.19,0,0
5511,56683109,-0.559,-0.261,-10.040,0.218,-0.774,1.185,180.946,2.231,-0.027,-0.057,1.185,4.637820,-74.083632,0.19,0,0
5512,56693107,-0.544,-0.216,-10.025,-0.118,0.325,1.032,180.968,2.297,-0.022,-0.055,1.032,4.637820,-74.083632,0.19,0,0
5513,56703106,-0.494,-0.172,-10.016,-0.210,1.057,0.788,180.969,2.342,-0.018,-0.050,0.788,4.637820,-74.083632,0.19,0,0
5514,56713100,-0.437,-0.083,-9.984,0.096,1.484,0.544,180.932,2.363,-0.008,-0.045,0.544,4.637820,-74.083632,0.19,0,0
5515,56723106,-0.373,-0.056,-9.917,0.340,1.576,0.696,180.890,2.355,-0.006,-0.038,0.696,4.637820,-74.083632,0.19,0,0
5516,56733105,-0.342,-0.064,-9.879,0.492,1.362,1.215,180.855,2.333,-0.006,-0.035,1.215,4.637820,-74.083632,0.19,0,0
5517,56743100,-0.311,-0.102,-9.847,0.736,0.752,1.581,180.843,2.294,-0.010,-0.032,1.581,4.637820,-74.083632,0.19,0,0
5518,56753100,-0.318,-0.148,-9.833,0.706,-0.255,1.642,180.852,2.252,-0.015,-0.032,1.642,4.637820,-74.083632,0.19,0,0
5519,56763096,-0.351,-0.107,-9.881,0.614,-1.140,1.459,180.841,2.219,-0.011,-0.036,1.459,4.637820,-74.083632,0.19,0,0
5520,56773122,-0.392,-0.042,-9.948,0.706,-1.720,1.520,180.802,2.200,-0.004,-0.040,1.520,4.637820,-74.083632,0.19,0,0
5521,56783103,-0.446,-0.020,-10.013,1.011,-1.781,1.642,180.760,2.205,-0.002,-0.046,1.642,4.637820,-74.083632,0.19,0,0
5522,56793100,-0.530,-0.032,-9.994,1.743,-1.476,1.856,180.733,2.249,-0.003,-0.054,1.856,4.637820,-74.083632,0.19,0,0
5523,56803105,-0.556,-0.095,-9.972,2.293,-1.171,1.795,180.741,2.305,-0.010,-0.057,1.795,4.637820,-74.083632,0.19,0,0
5524,56813114,-0.568,-0.153,-9.907,2.659,-0.560,1.429,180.777,2.369,-0.016,-0.058,1.429,4.637820,-74.083632,0.19,0,0
5525,56823102,-0.582,-0.206,-9.864,2.567,0.233,1.093,180.834,2.442,-0.021,-0.059,1.093,4.637820,-74.083632,0.19,0,0
5526,56833097,-0.573,-0.271,-9.826,2.110,0.752,0.727,180.911,2.512,-0.028,-0.058,0.727,4.637820,-74.083632,0.19,0,0
5527,56843102,-0.530,-0.293,-9.780,1.499,1.179,0.208,180.987,2.562,-0.030,-0.054,0.208,4.637820,-74.083632,0.19,0,0
5528,56853105,-0.499,-0.242,-9.768,0.858,1.362,-0.463,181.029,2.597,-0.025,-0.051,-0.463,4.637820,-74.083632,0.19,0,0
5529,56863109,-0.461,-0.153,-9.795,0.340,1.454,-1.013,181.023,2.612,-0.016,-0.047,-1.013,4.637820,-74.083632,0.19,0,0
5530,56873097,-0.411,-0.047,-9.857,0.096,1.637,-1.013,180.967,2.604,-0.005,-0.042,-1.013,4.637820,-74.083632,0.19,0,0
5531,56883099,-0.373,-0.006,-9.833,0.309,1.851,-0.860,180.900,2.582,-0.001,-0.038,-0.860,4.637820,-74.083632,0.19,0,0
5532,56893106,-0.327,-0.028,-9.787,0.767,2.034,-0.494,180.852,2.545,-0.003,-0.033,-0.494,4.637820,-74.083632,0.19,0,0
5533,56903100,-0.303,-0.088,-9.766,0.889,1.881,-0.006,180.835,2.498,-0.009,-0.031,-0.006,4.637820,-74.083632,0.19,0,0
5534,56920156,-0.263,-0.167,-9.783,0.584,1.515,0.361,180.857,2.436,-0.017,-0.027,0.361,4.637820,-74.083632,0.19,0,0
5535,56923095,-0.258,-0.155,-9.763,0.157,0.844,0.361,180.864,2.365,-0.016,-0.026,0.361,4.637820,-74.083632,0.19,0,0
5536,56933097,-0.256,-0.097,-9.790,-0.149,0.355,0.452,180.840,2.294,-0.010,-0.026,0.452,4.637820,-74.083632,0.19,0,0
5537,56943091,-0.277,-0.081,-9.855,-0.332,0.050,0.971,180.809,2.235,-0.008,-0.028,0.971,4.637820,-74.083632,0.19,0,0
5538,56953118,-0.315,-0.110,-9.840,-0.423,-0.255,1.520,180.793,2.196,-0.011,-0.032,1.520,4.637820,-74.083632,0.19,0,0
5539,56963100,-0.358,-0.189,-9.864,-0.332,-0.377,1.703,180.814,2.178,-0.019,-0.037,1.703,4.637820,-74.083632,0.19,0,0
5540,56973104,-0.382,-0.213,-9.910,-0.271,-0.530,1.612,180.845,2.169,-0.022,-0.039,1.612,4.637820,-74.083632,0.19,0,0
5541,56983100,-0.392,-0.143,-9.929,-0.362,-0.560,1.551,180.841,2.165,-0.015,-0.040,1.551,4.637820,-74.083632,0.19,0,0
5542,56993118,-0.415,-0.126,-9.907,-0.362,-0.530,1.673,180.830,2.173,-0.013,-0.042,1.673,4.637820,-74.083632,0.19,0,0
5543,57003091,-0.439,-0.131,-9.910,0.004,-0.682,1.795,180.826,2.189,-0.013,-0.045,1.795,4.637820,-74.083632,0.19,0,0
5544,57013106,-0.439,-0.179,-9.917,0.523,-0.957,1.581,180.848,2.201,-0.018,-0.045,1.581,4.637820,-74.083632,0.19,0,0
5545,57023100,-0.492,-0.230,-9.883,0.889,-1.079,1.185,180.894,2.235,-0.023,-0.050,1.185,4.637820,-74.083632,0.19,0,0
5546,57033099,-0.530,-0.312,-9.905,0.919,-0.774,0.696,180.973,2.286,-0.032,-0.054,0.696,4.637820,-74.083632,0.19,0,0
5547,57043104,-0.511,-0.365,-9.975,0.370,-0.041,0.147,181.064,2.329,-0.037,-0.052,0.147,4.637820,-74.083632,0.19,0,0
5548,57053096,-0.480,-0.305,-10.023,-0.545,1.088,-0.463,181.111,2.365,-0.031,-0.049,-0.463,4.637820,-74.083632,0.19,0,0
5549,57063097,-0.439,-0.179,-10.054,-1.278,2.156,-0.830,181.094,2.390,-0.018,-0.045,-0.830,4.637820,-74.083632,0.19,0,0
5550,57073100,-0.322,-0.049,-10.016,-1.278,2.949,-0.646,181.021,2.370,-0.005,-0.033,-0.646,4.637820,-74.083632,0.19,0,0
5551,57083090,-0.249,0.021,-9.953,-1.156,3.163,-0.097,180.924,2.322,0.002,-0.025,-0.097,4.637820,-74.083632,0.19,0,0
5552,57093095,-0.201,0.076,-9.931,-0.423,2.583,0.635,180.817,2.251,0.008,-0.020,0.635,4.637820,-74.083632,0.19,0,0
5553,57103090,-0.218,0.054,-9.859,0.584,1.332,1.337,180.736,2.182,0.006,-0.022,1.337,4.637820,-74.083632,0.19,0,0
5554,57113095,-0.244,-0.030,-9.816,1.743,-0.347,1.734,180.711,2.115,-0.003,-0.025,1.734,4.637820,-74.083632,0.19,0,0
5555,57123090,-0.334,-0.119,-9.819,2.445,-1.872,1.795,180.733,2.080,-0.012,-0.034,1.795,4.637820,-74.083632,0.19,0,0
5556,57133147,-0.408,-0.175,-9.828,2.628,-2.635,1.764,180.780,2.073,-0.018,-0.042,1.764,4.637820,-74.083632,0.19,0,0
5557,57143092,-0.485,-0.242,-9.869,2.232,-2.880,1.673,180.849,2.097,-0.025,-0.049,1.673,4.637820,-74.083632,0.19,0,0
5558,57153096,-0.513,-0.232,-9.869,1.530,-2.269,1.520,180.902,2.137,-0.024,-0.052,1.520,4.637820,-74.083632,0.19,0,0
5559,57163090,-0.561,-0.213,-9.871,0.828,-1.384,1.276,180.936,2.204,-0.022,-0.057,1.276,4.637820,-74.083632,0.19,0,0
5560,57173095,-0.599,-0.220,-9.857,0.248,-0.652,1.063,180.966,2.289,-0.022,-0.061,1.063,4.637820,-74.083632,0.19,0,0
5561,57183090,-0.568,-0.211,-9.874,-0.149,-0.316,0.513,180.985,2.357,-0.021,-0.058,0.513,4.637820,-74.083632,0.19,0,0
5562,57193095,-0.563,-0.138,-9.883,-0.210,-0.041,-0.067,180.970,2.420,-0.014,-0.057,-0.067,4.637820,-74.083632,0.19,0,0
5563,57203090,-0.549,-0.090,-9.915,-0.301,0.294,-0.341,180.934,2.474,-0.009,-0.056,-0.341,4.637820,-74.083632,0.19,0,0
5564,57213095,-0.506,-0.083,-9.917,-0.179,0.447,-0.402,180.898,2.507,-0.008,-0.052,-0.402,4.637820,-74.083632,0.19,0,0
5565,57223090,-0.492,-0.134,-9.922,0.096,0.630,-0.646,180.891,2.532,-0.014,-0.050,-0.646,4.637820,-74.083632,0.19,0,0
5566,57233095,-0.487,-0.167,-9.927,0.126,0.813,-0.891,180.898,2.555,-0.017,-0.050,-0.891,4.637820,-74.083632,0.19,0,0
5567,57243090,-0.451,-0.175,-9.958,0.004,0.752,-1.348,180.907,2.559,-0.018,-0.046,-1.348,4.637820,-74.083632,0.19,0,0
5568,57253095,-0.365,-0.105,-9.967,-0.088,0.722,-1.654,180.884,2.525,-0.011,-0.037,-1.654,4.637820,-74.083632,0.19,0,0
5569,57268453,-0.365,-0.006,-9.967,0.157,0.783,-1.592,180.820,2.494,-0.001,-0.037,-1.592,4.637820,-74.083632,0.19,0,0
5570,57273092,-0.361,0.013,-9.931,0.614,1.027,-1.043,180.756,2.466,0.001,-0.037,-1.043,4.637820,-74.083632,0.19,0,0
5571,57283093,-0.339,-0.081,-9.847,1.133,0.966,-0.463,180.745,2.430,-0.008,-0.035,-0.463,4.637820,-74.083632,0.19,0,0
5572,57293095,-0.346,-0.191,-9.744,1.499,0.508,-0.158,180.790,2.399,-0.020,-0.035,-0.158,4.637820,-74.083632,0.19,0,0
5573,57303091,-0.349,-0.271,-9.720,1.347,0.020,-0.280,180.866,2.366,-0.028,-0.036,-0.280,4.637820,-74.083632,0.19,0,0
5574,57313093,-0.365,-0.319,-9.735,0.767,-0.499,-0.524,180.952,2.339,-0.033,-0.037,-0.524,4.637820,-74.083632,0.19,0,0
5575,57323091,-0.377,-0.331,-9.768,0.126,-0.774,-0.799,181.031,2.317,-0.034,-0.038,-0.799,4.637820,-74.083632,0.19,0,0
5576,57333093,-0.406,-0.257,-9.831,-0.576,-0.743,-1.013,181.062,2.308,-0.026,-0.041,-1.013,4.637820,-74.083632,0.19,0,0
5577,57343089,-0.387,-0.187,-9.886,-0.973,-0.469,-1.043,181.055,2.293,-0.019,-0.039,-1.043,4.637820,-74.083632,0.19,0,0
5578,57353093,-0.356,-0.165,-9.922,-1.125,-0.316,-0.982,181.038,2.266,-0.017,-0.036,-0.982,4.637820,-74.083632,0.19,0,0
5579,57363091,-0.373,-0.107,-9.934,-0.973,-0.194,-1.043,180.998,2.249,-0.011,-0.038,-1.043,4.637820,-74.083632,0.19,0,0
5580,57373096,-0.394,-0.037,-9.960,-0.576,-0.102,-0.921,180.933,2.244,-0.004,-0.040,-0.921,4.637820,-74.083632,0.19,0,0
5581,57383091,-0.408,-0.049,-9.970,-0.118,0.081,-0.646,180.883,2.247,-0.005,-0.042,-0.646,4.637820,-74.083632,0.19,0,0
5582,57393093,-0.375,-0.100,-9.967,0.279,0.355,-0.463,180.863,2.237,-0.010,-0.038,-0.463,4.637820,-74.083632,0.19,0,0
5583,57403089,-0.380,-0.151,-9.907,0.492,0.538,-0.494,180.869,2.234,-0.015,-0.039,-0.494,4.637820,-74.083632,0.19,0,0
5584,57413094,-0.392,-0.134,-9.910,0.462,0.508,-0.738,180.867,2.235,-0.014,-0.040,-0.738,4.637820,-74.083632,0.19,0,0
5585,57423091,-0.394,-0.110,-9.857,0.309,0.538,-0.677,180.853,2.238,-0.011,-0.040,-0.677,4.637820,-74.083632,0.19,0,0
5586,57433093,-0.387,-0.129,-9.845,0.523,0.599,-0.372,180.851,2.239,-0.013,-0.039,-0.372,4.637820,-74.083632,0.19,0,0
5587,57443091,-0.392,-0.194,-9.787,0.523,0.538,-0.036,180.878,2.242,-0.020,-0.040,-0.036,4.637820,-74.083632,0.19,0,0
5588,57453093,-0.418,-0.218,-9.790,0.492,0.477,-0.128,180.914,2.257,-0.022,-0.043,-0.128,4.637820,-74.083632,0.19,0,0
5589,57463090,-0.418,-0.245,-9.759,0.157,0.111,-0.280,180.956,2.267,-0.025,-0.043,-0.280,4.637820,-74.083632,0.19,0,0
5590,57473094,-0.418,-0.245,-9.768,-0.271,-0.194,-0.311,180.991,2.273,-0.025,-0.043,-0.311,4.637820,-74.083632,0.19,0,0
5591,57483091,-0.482,-0.196,-9.780,-0.606,-0.652,-0.433,180.998,2.304,-0.020,-0.049,-0.433,4.637820,-74.083632,0.19,0,0
5592,57493096,-0.535,-0.189,-9.816,-0.454,-1.140,-0.860,181.003,2.349,-0.019,-0.055,-0.860,4.637820,-74.083632,0.19,0,0
5593,57503091,-0.561,-0.257,-9.886,-0.271,-1.384,-1.501,181.038,2.399,-0.026,-0.057,-1.501,4.637820,-74.083632,0.19,0,0
5594,57513096,-0.547,-0.298,-9.999,-0.454,-0.621,-2.264,181.086,2.444,-0.030,-0.056,-2.264,4.637820,-74.083632,0.19,0,0
5595,57523091,-0.518,-0.245,-10.040,-0.942,0.477,-2.691,181.101,2.481,-0.025,-0.053,-2.691,4.637820,-74.083632,0.19,0,0
5596,57533094,-0.444,-0.170,-10.020,-1.491,2.003,-2.508,181.079,2.498,-0.017,-0.045,-2.508,4.637820,-74.083632,0.19,0,0
5597,57543092,-0.313,-0.126,-9.948,-1.827,3.254,-2.172,181.036,2.470,-0.013,-0.032,-2.172,4.637820,-74.083632,0.19,0,0
5598,57553095,-0.194,-0.090,-9.881,-2.041,3.590,-1.806,180.979,2.395,-0.009,-0.020,-1.806,4.637820,-74.083632,0.19,0,0
5599,57590528,-0.206,-0.069,-9.879,-0.240,-2.086,0.361,180.921,2.194,-0.007,-0.021,0.361,4.637820,-74.083632,0.19,0,0
5600,57591854,-0.206,-0.069,-9.879,-0.240,-2.086,0.361,180.866,2.026,-0.007,-0.021,0.361,4.637820,-74.083632,0.19,0,0
5601,57593161,-0.206,-0.069,-9.879,-0.240,-2.086,0.361,180.817,1.895,-0.007,-0.021,0.361,4.637820,-74.083632,0.19,0,0
5602,57594472,-0.206,-0.069,-9.879,-0.240,-2.086,0.361,180.775,1.799,-0.007,-0.021,0.361,4.637820,-74.083632,0.19,0,0
5603,57603091,-0.301,-0.163,-9.984,0.523,-3.276,0.666,180.795,1.757,-0.017,-0.031,0.666,4.637820,-74.083632,0.19,0,0
5604,57613096,-0.394,-0.232,-10.068,0.919,-3.520,0.757,180.852,1.763,-0.024,-0.040,0.757,4.637820,-74.083632,0.19,0,0
5605,57623092,-0.463,-0.245,-10.140,1.011,-3.002,0.757,180.909,1.805,-0.025,-0.047,0.757,4.637820,-74.083632,0.19,0,0
5606,57633149,-0.518,-0.235,-10.102,0.919,-1.903,0.757,180.955,1.880,-0.024,-0.053,0.757,4.637820,-74.083632,0.19,0,0
5607,57643090,-0.535,-0.223,-9.994,0.889,-0.804,0.696,180.991,1.967,-0.023,-0.055,0.696,4.637820,-74.083632,0.19,0,0
5608,57653096,-0.437,-0.276,-9.826,0.828,-0.408,0.727,181.051,2.006,-0.028,-0.045,0.727,4.637820,-74.083632,0.19,0,0
5609,57663092,-0.430,-0.380,-9.869,0.828,-0.804,0.330,181.154,2.033,-0.039,-0.044,0.330,4.637820,-74.083632,0.19,0,0
5610,57673107,-0.489,-0.216,-9.927,0.279,-1.140,-0.585,181.165,2.081,-0.022,-0.050,-0.585,4.637820,-74.083632,0.19,0,0
5611,57683094,-0.444,-0.049,-9.893,0.004,-1.262,-0.738,181.095,2.104,-0.005,-0.045,-0.738,4.637820,-74.083632,0.19,0,0
5612,57693117,-0.384,-0.035,-9.946,-0.057,-0.408,0.239,181.024,2.103,-0.004,-0.039,0.239,4.637820,-74.083632,0.19,0,0
5613,57703115,-0.492,-0.182,-9.886,-0.484,0.752,1.063,181.023,2.164,-0.019,-0.050,1.063,4.637820,-74.083632,0.19,0,0
5614,57713101,-0.477,-0.293,-9.867,0.309,-0.225,-0.280,181.080,2.204,-0.030,-0.049,-0.280,4.637820,-74.083632,0.19,0,0
5615,57723096,-0.435,-0.114,-9.905,1.072,-0.896,-2.294,181.058,2.214,-0.012,-0.044,-2.294,4.637820,-74.083632,0.19,0,0
5616,57733105,-0.406,0.045,-9.996,1.499,-0.560,-2.477,180.970,2.212,0.005,-0.041,-2.477,4.637820,-74.083632,0.19,0,0
5617,57743123,-0.353,-0.035,-10.001,1.103,0.508,-1.104,180.921,2.197,-0.004,-0.036,-1.104,4.637820,-74.083632,0.19,0,0
5618,57753097,-0.373,-0.163,-9.893,0.919,1.271,-0.280,180.932,2.200,-0.017,-0.038,-0.280,4.637820,-74.083632,0.19,0,0
5619,57763098,-0.365,-0.240,-9.838,0.706,1.179,-0.524,180.975,2.199,-0.024,-0.037,-0.524,4.637820,-74.083632,0.19,0,0
5620,57773117,-0.356,-0.194,-9.850,0.614,0.447,-1.043,180.993,2.188,-0.020,-0.036,-1.043,4.637820,-74.083632,0.19,0,0
5621,57783115,-0.380,-0.114,-9.903,0.614,-0.194,-1.135,180.974,2.181,-0.012,-0.039,-1.135,4.637820,-74.083632,0.19,0,0
5622,57793098,-0.353,-0.061,-9.912,0.614,-0.591,-0.585,180.933,2.160,-0.006,-0.036,-0.585,4.637820,-74.083632,0.19,0,0
5623,57803094,-0.413,-0.131,-9.876,1.103,-0.774,-0.036,180.931,2.165,-0.013,-0.042,-0.036,4.637820,-74.083632,0.19,0,0
5624,57813105,-0.482,-0.259,-9.852,1.682,-1.079,0.269,180.992,2.198,-0.026,-0.049,0.269,4.637820,-74.083632,0.19,0,0
5625,57823098,-0.494,-0.401,-9.847,1.652,-1.567,-0.036,181.110,2.230,-0.041,-0.050,-0.036,4.637820,-74.083632,0.19,0,0
5626,57833113,-0.508,-0.363,-9.869,1.225,-1.750,-0.830,181.199,2.263,-0.037,-0.052,-0.830,4.637820,-74.083632,0.19,0,0
5627,57843098,-0.513,-0.305,-9.915,0.767,-1.628,-1.043,181.250,2.296,-0.031,-0.052,-1.043,4.637820,-74.083632,0.19,0,0
5628,57853104,-0.520,-0.298,-9.958,0.431,-1.079,-1.104,181.290,2.334,-0.030,-0.053,-1.104,4.637820,-74.083632,0.19,0,0
5629,57863091,-0.530,-0.271,-9.967,0.309,-0.652,-1.409,181.314,2.376,-0.028,-0.054,-1.409,4.637820,-74.083632,0.19,0,0
5630,57873107,-0.497,-0.213,-9.977,0.340,-0.377,-1.623,181.311,2.403,-0.022,-0.051,-1.623,4.637820,-74.083632,0.19,0,0
5631,57883112,-0.446,-0.143,-10.001,0.401,-0.163,-1.715,181.279,2.408,-0.015,-0.046,-1.715,4.637820,-74.083632,0.19,0,0
5632,57893097,-0.439,-0.066,-9.992,0.858,0.050,-1.837,181.219,2.411,-0.007,-0.045,-1.837,4.637820,-74.083632,0.19,0,0
5633,57903099,-0.406,-0.061,-9.929,1.621,0.264,-1.440,181.169,2.403,-0.006,-0.041,-1.440,4.637820,-74.083632,0.19,0,0
5634,57916549,-0.394,-0.172,-9.857,2.262,0.569,-1.074,181.185,2.394,-0.018,-0.040,-1.074,4.637820,-74.083632,0.19,0,0
5635,57923089,-0.384,-0.259,-9.754,2.384,0.569,-1.043,181.234,2.383,-0.026,-0.039,-1.043,4.637820,-74.083632,0.19,0,0
5636,57933096,-0.356,-0.298,-9.723,2.079,0.386,-1.348,181.294,2.359,-0.030,-0.036,-1.348,4.637820,-74.083632,0.19,0,0
5637,57943095,-0.294,-0.298,-9.706,1.133,0.447,-1.501,181.341,2.309,-0.030,-0.030,-1.501,4.637820,-74.083632,0.19,0,0
5638,57953118,-0.263,-0.204,-9.665,0.065,0.477,-1.196,181.332,2.250,-0.021,-0.027,-1.196,4.637820,-74.083632,0.19,0,0
5639,57963108,-0.277,-0.167,-9.660,-0.545,0.294,-0.830,181.302,2.200,-0.017,-0.028,-0.830,4.637820,-74.083632,0.19,0,0
5640,57973105,-0.320,-0.177,-9.689,-0.942,-0.286,-0.402,181.274,2.168,-0.018,-0.033,-0.402,4.637820,-74.083632,0.19,0,0
5641,57983092,-0.380,-0.191,-9.749,-0.851,-1.048,-0.646,181.256,2.158,-0.020,-0.039,-0.646,4.637820,-74.083632,0.19,0,0
5642,57993110,-0.401,-0.228,-9.864,-0.820,-1.567,-1.135,181.254,2.151,-0.023,-0.041,-1.135,4.637820,-74.083632,0.19,0,0
5643,58003098,-0.399,-0.194,-9.939,-0.942,-1.262,-1.470,181.236,2.145,-0.020,-0.041,-1.470,4.637820,-74.083632,0.19,0,0
5644,58013114,-0.380,-0.141,-9.980,-1.308,-0.286,-1.348,181.192,2.139,-0.014,-0.039,-1.348,4.637820,-74.083632,0.19,0,0
5645,58023094,-0.322,-0.143,-9.992,-1.491,0.935,-0.830,181.151,2.120,-0.015,-0.033,-0.830,4.637820,-74.083632,0.19,0,0
5646,58033094,-0.258,-0.124,-9.924,-1.400,1.820,-0.280,181.106,2.083,-0.013,-0.026,-0.280,4.637820,-74.083632,0.19,0,0
5647,58043095,-0.222,-0.097,-9.850,-1.339,2.034,0.208,181.053,2.036,-0.010,-0.023,0.208,4.637820,-74.083632,0.19,0,0
5648,58053113,-0.215,-0.088,-9.787,-0.942,1.484,0.727,181.004,1.985,-0.009,-0.022,0.727,4.637820,-74.083632,0.19,0,0
5649,58063106,-0.232,-0.158,-9.732,-0.454,0.508,1.093,180.995,1.937,-0.016,-0.024,1.093,4.637820,-74.083632,0.19,0,0
5650,58073101,-0.258,-0.273,-9.711,-0.271,-0.682,1.368,181.040,1.893,-0.028,-0.026,1.368,4.637820,-74.083632,0.19,0,0
5651,58083084,-0.330,-0.387,-9.787,-0.698,-1.781,1.154,181.128,1.874,-0.039,-0.034,1.154,4.637820,-74.083632,0.19,0,0
5652,58093095,-0.396,-0.339,-9.919,-1.461,-2.605,0.879,181.178,1.876,-0.035,-0.040,0.879,4.637820,-74.083632,0.19,0,0
5653,58103090,-0.466,-0.218,-10.035,-1.919,-2.757,0.605,181.167,1.904,-0.022,-0.047,0.605,4.637820,-74.083632,0.19,0,0
5654,58113095,-0.535,-0.122,-10.148,-1.583,-2.208,0.391,181.116,1.963,-0.012,-0.055,0.391,4.637820,-74.083632,0.19,0,0
5655,58123090,-0.559,-0.064,-10.193,-0.759,-1.293,0.544,181.052,2.035,-0.006,-0.057,0.544,4.637820,-74.083632,0.19,0,0
5656,58133099,-0.539,-0.066,-10.169,0.279,-0.225,0.971,181.004,2.104,-0.007,-0.055,0.971,4.637820,-74.083632,0.19,0,0
5657,58143090,-0.528,-0.170,-10.064,1.316,0.508,1.185,181.014,2.171,-0.017,-0.054,1.185,4.637820,-74.083632,0.19,0,0
5658,58153096,-0.544,-0.288,-9.922,1.805,0.752,1.154,181.081,2.246,-0.029,-0.055,1.154,4.637820,-74.083632,0.19,0,0
5659,58163090,-0.566,-0.355,-9.809,1.896,0.508,0.666,181.175,2.326,-0.036,-0.058,0.666,4.637820,-74.083632,0.19,0,0
5660,58173095,-0.535,-0.384,-9.790,1.347,0.050,-0.067,181.270,2.382,-0.039,-0.055,-0.067,4.637820,-74.083632,0.19,0,0
5661,58183090,-0.530,-0.346,-9.843,0.553,-0.225,-0.830,181.333,2.427,-0.035,-0.054,-0.830,4.637820,-74.083632,0.19,0,0
5662,58193096,-0.511,-0.286,-9.886,-0.332,-0.133,-1.257,181.355,2.461,-0.029,-0.052,-1.257,4.637820,-74.083632,0.19,0,0
5663,58203090,-0.485,-0.177,-9.946,-0.942,0.111,-1.348,181.322,2.482,-0.018,-0.049,-1.348,4.637820,-74.083632,0.19,0,0
5664,58213097,-0.446,-0.069,-9.953,-0.851,0.294,-1.318,181.244,2.485,-0.007,-0.046,-1.318,4.637820,-74.083632,0.19,0,0
5665,58223091,-0.406,-0.003,-9.931,-0.393,0.691,-0.982,181.148,2.475,-0.000,-0.041,-0.982,4.637820,-74.083632,0.19,0,0
5666,58233095,-0.382,-0.008,-9.886,0.309,0.813,-0.433,181.068,2.458,-0.001,-0.039,-0.433,4.637820,-74.083632,0.19,0,0
5667,58243090,-0.394,-0.061,-9.792,1.011,0.508,-0.097,181.024,2.445,-0.006,-0.040,-0.097,4.637820,-74.083632,0.19,0,0
5668,58256181,-0.401,-0.143,-9.771,1.133,-0.041,0.117,181.025,2.430,-0.015,-0.041,0.117,4.637820,-74.083632,0.19,0,0
5669,58263091,-0.396,-0.216,-9.747,1.011,-0.499,0.055,181.054,2.412,-0.022,-0.040,0.055,4.637820,-74.083632,0.19,0,0
5670,58273096,-0.444,-0.278,-9.718,0.584,-0.896,-0.006,181.105,2.414,-0.028,-0.045,-0.006,4.637820,-74.083632,0.19,0,0
5671,58283092,-0.451,-0.317,-9.766,-0.118,-1.048,-0.097,181.163,2.417,-0.032,-0.046,-0.097,4.637820,-74.083632,0.19,0,0
5672,58293096,-0.454,-0.290,-9.823,-1.064,-1.048,-0.372,181.195,2.419,-0.030,-0.046,-0.372,4.637820,-74.083632,0.19,0,0
5673,58303092,-0.444,-0.223,-9.833,-1.613,-0.804,-0.219,181.189,2.419,-0.023,-0.045,-0.219,4.637820,-74.083632,0.19,0,0
5674,58313097,-0.451,-0.179,-9.857,-1.858,-0.499,-0.067,181.161,2.425,-0.018,-0.046,-0.067,4.637820,-74.083632,0.19,0,0
5675,58323092,-0.444,-0.204,-9.886,-2.010,-0.225,0.086,181.145,2.428,-0.021,-0.045,0.086,4.637820,-74.083632,0.19,0,0
5676,58333097,-0.420,-0.213,-9.910,-1.766,-0.225,0.239,181.136,2.421,-0.022,-0.043,0.239,4.637820,-74.083632,0.19,0,0
5677,58343093,-0.437,-0.189,-9.967,-1.675,-0.408,0.117,181.118,2.418,-0.019,-0.045,0.117,4.637820,-74.083632,0.19,0,0
5678,58353096,-0.427,-0.208,-9.972,-1.491,-0.652,0.086,181.111,2.410,-0.021,-0.044,0.086,4.637820,-74.083632,0.19,0,0
5679,58363093,-0.418,-0.179,-9.992,-1.186,-0.957,-0.097,181.095,2.394,-0.018,-0.043,-0.097,4.637820,-74.083632,0.19,0,0
5680,58373097,-0.442,-0.107,-10.037,-0.637,-1.048,-0.280,181.053,2.389,-0.011,-0.045,-0.280,4.637820,-74.083632,0.19,0,0
5681,58383092,-0.470,-0.126,-10.044,0.065,-0.804,-0.280,181.029,2.398,-0.013,-0.048,-0.280,4.637820,-74.083632,0.19,0,0
5682,58393097,-0.458,-0.170,-10.088,0.706,-0.469,-0.311,181.031,2.404,-0.017,-0.047,-0.311,4.637820,-74.083632,0.19,0,0
5683,58403093,-0.444,-0.160,-10.085,0.950,0.050,-0.341,181.032,2.408,-0.016,-0.045,-0.341,4.637820,-74.083632,0.19,0,0
5684,58413096,-0.437,-0.136,-10.054,1.011,0.783,-0.341,181.022,2.416,-0.014,-0.045,-0.341,4.637820,-74.083632,0.19,0,0
5685,58423092,-0.399,-0.105,-9.960,1.133,1.362,-0.128,181.002,2.414,-0.011,-0.041,-0.128,4.637820,-74.083632,0.19,0,0
5686,58433097,-0.368,-0.090,-9.831,1.377,1.607,0.178,180.979,2.402,-0.009,-0.038,0.178,4.637820,-74.083632,0.19,0,0
5687,58443092,-0.377,-0.124,-9.725,1.316,1.271,0.544,180.973,2.395,-0.013,-0.038,0.544,4.637820,-74.083632,0.19,0,0
5688,58453097,-0.356,-0.187,-9.617,1.316,0.233,0.757,180.997,2.371,-0.019,-0.036,0.757,4.637820,-74.083632,0.19,0,0
5689,58463093,-0.427,-0.249,-9.593,1.255,-1.110,0.544,181.047,2.369,-0.025,-0.044,0.544,4.637820,-74.083632,0.19,0,0
5690,58473097,-0.499,-0.298,-9.662,1.011,-2.117,-0.311,181.112,2.388,-0.030,-0.051,-0.311,4.637820,-74.083632,0.19,0,0
5691,58483092,-0.580,-0.317,-9.799,0.401,-2.330,-1.013,181.173,2.437,-0.032,-0.059,-1.013,4.637820,-74.083632,0.19,0,0
5692,58493097,-0.609,-0.278,-9.960,-0.423,-1.598,-1.379,181.202,2.498,-0.028,-0.062,-1.379,4.637820,-74.083632,0.19,0,0
5693,58503092,-0.582,-0.151,-10.037,-1.308,0.020,-1.348,181.165,2.555,-0.015,-0.059,-1.348,4.637820,-74.083632,0.19,0,0
5694,58513096,-0.554,-0.049,-10.011,-1.613,1.759,-1.013,181.083,2.613,-0.005,-0.056,-1.013,4.637820,-74.083632,0.19,0,0
5695,58523092,-0.466,-0.025,-9.948,-1.552,2.980,-0.524,180.998,2.640,-0.003,-0.047,-0.524,4.637820,-74.083632,0.19,0,0
5696,58533096,-0.365,-0.040,-9.802,-1.095,3.193,0.055,180.931,2.626,-0.004,-0.037,0.055,4.637820,-74.083632,0.19,0,0
5697,58543092,-0.318,-0.105,-9.687,-0.820,2.308,0.330,180.900,2.585,-0.011,-0.032,0.330,4.637820,-74.083632,0.19,0,0
5698,58553097,-0.303,-0.179,-9.670,-0.698,0.783,0.483,180.907,2.526,-0.018,-0.031,0.483,4.637820,-74.083632,0.19,0,0
5699,58582601,-0.504,-0.249,-9.931,-1.095,-2.849,-0.158,180.926,2.467,-0.025,-0.051,-0.158,4.637820,-74.083632,0.19,0,0
5700,58583923,-0.504,-0.249,-9.931,-1.095,-2.849,-0.158,180.953,2.441,-0.025,-0.051,-0.158,4.637820,-74.083632,0.19,0,0
5701,58585231,-0.504,-0.249,-9.931,-1.095,-2.849,-0.158,180.986,2.444,-0.025,-0.051,-0.158,4.637820,-74.083632,0.19,0,0
5702,58593094,-0.570,-0.235,-10.064,-0.973,-2.300,-0.433,181.008,2.488,-0.024,-0.058,-0.433,4.637820,-74.083632,0.19,0,0
5703,58603091,-0.592,-0.194,-10.143,-1.034,-1.171,-0.585,181.007,2.545,-0.020,-0.060,-0.585,4.637820,-74.083632,0.19,0,0
5704,58613094,-0.580,-0.124,-10.162,-0.698,0.233,-0.677,180.976,2.602,-0.013,-0.059,-0.677,4.637820,-74.083632,0.19,0,0
5705,58623091,-0.539,-0.117,-10.121,-0.332,1.454,-0.311,180.947,2.647,-0.012,-0.055,-0.311,4.637820,-74.083632,0.19,0,0
5706,58633146,-0.468,-0.155,-10.004,0.157,2.125,0.086,180.945,2.664,-0.016,-0.048,0.086,4.637820,-74.083632,0.19,0,0
5707,58643084,-0.389,-0.220,-9.893,0.584,2.034,0.025,180.978,2.644,-0.022,-0.040,0.025,4.637820,-74.083632,0.19,0,0
5708,58653092,-0.380,-0.247,-9.869,0.553,1.362,-0.250,181.021,2.616,-0.025,-0.039,-0.250,4.637820,-74.083632,0.19,0,0
5709,58663096,-0.344,-0.228,-9.833,0.553,0.477,-0.341,181.051,2.566,-0.023,-0.035,-0.341,4.637820,-74.083632,0.19,0,0
5710,58673095,-0.327,-0.189,-9.828,0.523,-0.102,-0.311,181.061,2.508,-0.019,-0.033,-0.311,4.637820,-74.083632,0.19,0,0
5711,58683103,-0.368,-0.172,-9.855,0.401,-0.408,-0.189,181.061,2.469,-0.018,-0.038,-0.189,4.637820,-74.083632,0.19,0,0
5712,58693103,-0.363,-0.213,-9.864,0.248,-0.286,0.025,181.078,2.433,-0.022,-0.037,0.025,4.637820,-74.083632,0.19,0,0
5713,58703094,-0.320,-0.177,-9.888,-0.210,0.020,0.330,181.072,2.383,-0.018,-0.033,0.330,4.637820,-74.083632,0.19,0,0
5714,58713103,-0.320,-0.107,-9.903,-0.728,0.508,0.788,181.031,2.341,-0.011,-0.033,0.788,4.637820,-74.083632,0.19,0,0
5715,58723104,-0.315,-0.056,-9.843,-1.003,0.752,1.398,180.969,2.303,-0.006,-0.032,1.398,4.637820,-74.083632,0.19,0,0
5716,58733099,-0.322,-0.056,-9.797,-0.789,0.477,1.764,180.913,2.270,-0.006,-0.033,1.764,4.637820,-74.083632,0.19,0,0
5717,58743105,-0.303,-0.105,-9.790,-0.576,-0.225,1.642,180.885,2.224,-0.011,-0.031,1.642,4.637820,-74.083632,0.19,0,0
5718,58753096,-0.365,-0.090,-9.821,-0.545,-1.018,1.398,180.853,2.202,-0.009,-0.037,1.398,4.637820,-74.083632,0.19,0,0
5719,58763108,-0.425,-0.049,-9.869,-0.393,-1.689,1.398,180.807,2.201,-0.005,-0.043,1.398,4.637820,-74.083632,0.19,0,0
5720,58773096,-0.482,-0.059,-9.903,-0.179,-1.964,1.581,180.770,2.223,-0.006,-0.049,1.581,4.637820,-74.083632,0.19,0,0
5721,58783101,-0.528,-0.073,-9.931,-0.027,-1.720,1.703,180.744,2.264,-0.007,-0.054,1.703,4.637820,-74.083632,0.19,0,0
5722,58793100,-0.547,-0.107,-9.895,0.187,-1.323,1.673,180.737,2.315,-0.011,-0.056,1.673,4.637820,-74.083632,0.19,0,0
5723,58803103,-0.611,-0.122,-9.855,0.157,-0.743,1.642,180.737,2.397,-0.012,-0.062,1.642,4.637820,-74.083632,0.19,0,0
5724,58813110,-0.632,-0.182,-9.804,-0.027,-0.408,1.246,180.763,2.487,-0.019,-0.064,1.246,4.637820,-74.083632,0.19,0,0
5725,58823105,-0.647,-0.242,-9.775,-0.454,-0.225,0.635,180.810,2.579,-0.025,-0.066,0.635,4.637820,-74.083632,0.19,0,0
5726,58833107,-0.642,-0.216,-9.799,-1.064,-0.347,-0.280,180.835,2.660,-0.022,-0.065,-0.280,4.637820,-74.083632,0.19,0,0
5727,58843103,-0.635,-0.177,-9.816,-1.644,-0.377,-1.135,180.836,2.730,-0.018,-0.065,-1.135,4.637820,-74.083632,0.19,0,0
5728,58853111,-0.642,-0.112,-9.876,-2.224,-0.286,-1.654,180.802,2.798,-0.011,-0.065,-1.654,4.637820,-74.083632,0.19,0,0
5729,58863100,-0.659,-0.040,-9.970,-2.163,-0.102,-2.203,180.739,2.867,-0.004,-0.067,-2.203,4.637820,-74.083632,0.19,0,0
5730,58873096,-0.649,0.054,-10.018,-1.552,0.111,-2.539,180.645,2.926,0.006,-0.066,-2.539,4.637820,-74.083632,0.19,0,0
5731,58883094,-0.635,0.069,-10.025,-0.789,0.569,-2.691,180.560,2.980,0.007,-0.065,-2.691,4.637820,-74.083632,0.19,0,0
5732,58893109,-0.570,0.023,-9.929,-0.088,1.057,-2.386,180.507,3.008,0.002,-0.058,-2.386,4.637820,-74.083632,0.19,0,0
5733,58903101,-0.554,-0.076,-9.850,0.096,1.393,-2.172,180.503,3.031,-0.008,-0.056,-2.172,4.637820,-74.083632,0.19,0,0
5734,58916627,-0.537,-0.122,-9.751,-0.088,1.393,-2.294,180.520,3.051,-0.012,-0.055,-2.294,4.637820,-74.083632,0.19,0,0
5735,58923100,-0.520,-0.148,-9.674,-0.637,0.966,-2.447,180.543,3.057,-0.015,-0.053,-2.447,4.637820,-74.083632,0.19,0,0
5736,58933103,-0.535,-0.165,-9.687,-0.698,0.203,-2.661,180.571,3.061,-0.017,-0.055,-2.661,4.637820,-74.083632,0.19,0,0
5737,58943097,-0.554,-0.196,-9.725,-0.728,-0.621,-3.271,180.610,3.066,-0.020,-0.056,-3.271,4.637820,-74.083632,0.19,0,0
5738,58953097,-0.590,-0.247,-9.773,-0.973,-0.957,-3.912,180.666,3.081,-0.025,-0.060,-3.912,4.637820,-74.083632,0.19,0,0
5739,58963108,-0.592,-0.269,-9.871,-1.461,-0.713,-4.583,180.723,3.096,-0.027,-0.060,-4.583,4.637820,-74.083632,0.19,0,0
5740,58973103,-0.559,-0.314,-9.929,-2.163,-0.041,-4.980,180.787,3.100,-0.032,-0.057,-4.980,4.637820,-74.083632,0.19,0,0
5741,58983106,-0.525,-0.252,-9.992,-3.109,0.966,-5.438,180.810,3.097,-0.026,-0.054,-5.438,4.637820,-74.083632,0.19,0,0
5742,58993119,-0.439,-0.155,-10.056,-3.780,1.973,-5.895,180.782,3.064,-0.016,-0.045,-5.895,4.637820,-74.083632,0.19,0,0
5743,59003107,-0.349,-0.047,-10.121,-3.719,2.369,-5.987,180.708,2.997,-0.005,-0.036,-5.987,4.637820,-74.083632,0.19,0,0
5744,59013106,-0.272,0.074,-10.131,-3.048,2.247,-5.682,180.595,2.901,0.008,-0.028,-5.682,4.637820,-74.083632,0.19,0,0
5745,59023104,-0.222,0.156,-10.076,-1.736,1.942,-5.071,180.467,2.788,0.016,-0.023,-5.071,4.637820,-74.083632,0.19,0,0
5746,59033104,-0.196,0.112,-9.994,-0.118,1.271,-4.186,180.381,2.668,0.011,-0.020,-4.186,4.637820,-74.083632,0.19,0,0
5747,59043103,-0.241,-0.071,-9.881,1.072,0.355,-3.485,180.394,2.569,-0.007,-0.025,-3.485,4.637820,-74.083632,0.19,0,0
5748,59053111,-0.256,-0.232,-9.833,1.591,-0.560,-2.996,180.483,2.476,-0.024,-0.026,-2.996,4.637820,-74.083632,0.19,0,0
5749,59063099,-0.332,-0.329,-9.814,1.316,-1.384,-3.210,180.606,2.416,-0.034,-0.034,-3.210,4.637820,-74.083632,0.19,0,0
5750,59073097,-0.389,-0.322,-9.833,0.706,-1.689,-3.515,180.710,2.384,-0.033,-0.040,-3.515,4.637820,-74.083632,0.19,0,0
5751,59083099,-0.420,-0.257,-9.905,-0.118,-1.384,-3.759,180.769,2.369,-0.026,-0.043,-3.759,4.637820,-74.083632,0.19,0,0
5752,59093097,-0.442,-0.187,-9.939,-0.606,-0.713,-3.820,180.788,2.371,-0.019,-0.045,-3.820,4.637820,-74.083632,0.19,0,0
5753,59103092,-0.475,-0.110,-9.924,-0.667,-0.011,-3.759,180.770,2.393,-0.011,-0.048,-3.759,4.637820,-74.083632,0.19,0,0
5754,59113097,-0.437,-0.122,-9.900,-0.484,0.599,-3.668,180.762,2.404,-0.012,-0.045,-3.668,4.637820,-74.083632,0.19,0,0
5755,59123092,-0.406,-0.175,-9.876,-0.423,0.722,-3.637,180.778,2.401,-0.018,-0.041,-3.637,4.637820,-74.083632,0.19,0,0
5756,59133100,-0.425,-0.208,-9.859,-0.393,0.599,-3.851,180.808,2.406,-0.021,-0.043,-3.851,4.637820,-74.083632,0.19,0,0
5757,59143093,-0.423,-0.208,-9.946,-0.332,0.111,-4.309,180.836,2.404,-0.021,-0.043,-4.309,4.637820,-74.083632,0.19,0,0
5758,59153096,-0.389,-0.110,-9.992,-0.454,-0.102,-4.553,180.817,2.385,-0.011,-0.040,-4.553,4.637820,-74.083632,0.19,0,0
5759,59163093,-0.396,-0.056,-10.042,-0.179,0.172,-4.370,180.778,2.371,-0.006,-0.040,-4.370,4.637820,-74.083632,0.19,0,0
5760,59173096,-0.382,-0.059,-10.047,0.248,0.752,-3.942,180.748,2.358,-0.006,-0.039,-3.942,4.637820,-74.083632,0.19,0,0
5761,59183092,-0.368,-0.095,-9.992,0.675,1.393,-3.607,180.739,2.347,-0.010,-0.038,-3.607,4.637820,-74.083632,0.19,0,0
5762,59193097,-0.315,-0.136,-9.907,0.981,1.820,-3.210,180.753,2.318,-0.014,-0.032,-3.210,4.637820,-74.083632,0.19,0,0
5763,59203093,-0.282,-0.191,-9.809,0.797,1.881,-2.783,180.789,2.279,-0.020,-0.029,-2.783,4.637820,-74.083632,0.19,0,0
5764,59213097,-0.260,-0.254,-9.768,0.553,1.668,-2.539,180.848,2.232,-0.026,-0.027,-2.539,4.637820,-74.083632,0.19,0,0
5765,59223092,-0.239,-0.293,-9.742,-0.057,0.905,-2.600,180.915,2.172,-0.030,-0.024,-2.600,4.637820,-74.083632,0.19,0,0
5766,59233098,-0.239,-0.271,-9.785,-0.576,0.020,-2.813,180.962,2.108,-0.028,-0.024,-2.813,4.637820,-74.083632,0.19,0,0
5767,59243092,-0.258,-0.179,-9.862,-0.881,-0.591,-2.935,180.961,2.050,-0.018,-0.026,-2.935,4.637820,-74.083632,0.19,0,0
5768,59256280,-0.280,-0.114,-9.946,-1.095,-0.865,-2.386,180.925,1.999,-0.012,-0.029,-2.386,4.637820,-74.083632,0.19,0,0
5769,59263089,-0.296,-0.081,-10.006,-0.759,-0.926,-1.898,180.883,1.961,-0.008,-0.030,-1.898,4.637820,-74.083632,0.19,0,0
5770,59273096,-0.337,-0.093,-10.042,-0.362,-0.926,-1.592,180.853,1.944,-0.009,-0.034,-1.592,4.637820,-74.083632,0.19,0,0
5771,59283091,-0.339,-0.114,-10.066,0.004,-0.835,-1.531,180.839,1.930,-0.012,-0.035,-1.531,4.637820,-74.083632,0.19,0,0
5772,59293095,-0.375,-0.044,-10.112,0.492,-0.682,-1.501,180.799,1.933,-0.005,-0.038,-1.501,4.637820,-74.083632,0.19,0,0
5773,59303090,-0.411,-0.003,-10.124,1.072,-0.530,-1.287,180.750,1.953,-0.000,-0.042,-1.287,4.637820,-74.083632,0.19,0,0
5774,59313096,-0.415,0.001,-10.054,1.957,-0.041,-0.921,180.710,1.979,0.000,-0.042,-0.921,4.637820,-74.083632,0.19,0,0
5775,59323090,-0.413,-0.061,-9.992,2.751,0.325,-0.555,180.709,2.006,-0.006,-0.042,-0.555,4.637820,-74.083632,0.19,0,0
5776,59333096,-0.456,-0.175,-9.891,3.208,0.630,-0.341,180.763,2.055,-0.018,-0.046,-0.341,4.637820,-74.083632,0.19,0,0
5777,59343090,-0.458,-0.264,-9.814,3.147,0.722,-0.524,180.852,2.104,-0.027,-0.047,-0.524,4.637820,-74.083632,0.19,0,0
5778,59353095,-0.461,-0.286,-9.761,2.598,0.630,-1.165,180.940,2.150,-0.029,-0.047,-1.165,4.637820,-74.083632,0.19,0,0
5779,59363090,-0.466,-0.276,-9.807,1.927,0.508,-1.806,181.010,2.193,-0.028,-0.047,-1.806,4.637820,-74.083632,0.19,0,0
5780,59373095,-0.458,-0.206,-9.855,1.499,0.630,-2.294,181.039,2.229,-0.021,-0.047,-2.294,4.637820,-74.083632,0.19,0,0
5781,59383090,-0.449,-0.117,-9.910,1.225,0.996,-2.447,181.024,2.261,-0.012,-0.046,-2.447,4.637820,-74.083632,0.19,0,0
5782,59393095,-0.430,-0.049,-9.960,1.347,1.759,-2.325,180.980,2.288,-0.005,-0.044,-2.325,4.637820,-74.083632,0.19,0,0
5783,59403090,-0.389,-0.011,-9.943,1.560,2.522,-1.989,180.926,2.302,-0.001,-0.040,-1.989,4.637820,-74.083632,0.19,0,0
5784,59413095,-0.318,-0.037,-9.888,1.774,2.919,-1.592,180.889,2.288,-0.004,-0.032,-1.592,4.637820,-74.083632,0.19,0,0
5785,59423090,-0.308,-0.085,-9.835,1.988,2.675,-1.348,180.878,2.270,-0.009,-0.031,-1.348,4.637820,-74.083632,0.19,0,0
5786,59433096,-0.291,-0.131,-9.838,2.201,2.034,-1.409,180.891,2.240,-0.013,-0.030,-1.409,4.637820,-74.083632,0.19,0,0
5787,59443090,-0.282,-0.117,-9.895,2.171,1.301,-1.348,180.895,2.200,-0.012,-0.029,-1.348,4.637820,-74.083632,0.19,0,0
5788,59453096,-0.311,-0.056,-9.984,2.140,0.752,-1.257,180.872,2.170,-0.006,-0.032,-1.257,4.637820,-74.083632,0.19,0,0
5789,59463090,-0.370,-0.049,-10.023,2.323,0.569,-1.074,180.849,2.165,-0.005,-0.038,-1.074,4.637820,-74.083632,0.19,0,0
5790,59473095,-0.399,-0.040,-10.078,2.690,0.416,-1.013,180.828,2.172,-0.004,-0.041,-1.013,4.637820,-74.083632,0.19,0,0
5791,59483090,-0.418,-0.006,-10.133,3.056,0.477,-1.196,180.796,2.185,-0.001,-0.043,-1.196,4.637820,-74.083632,0.19,0,0
5792,59493097,-0.406,0.016,-10.164,3.513,1.027,-1.043,180.762,2.197,0.002,-0.041,-1.043,4.637820,-74.083632,0.19,0,0
5793,59503090,-0.389,-0.001,-10.116,4.093,1.698,-0.707,180.743,2.208,-0.000,-0.040,-0.707,4.637820,-74.083632,0.19,0,0
5794,59513095,-0.375,-0.042,-10.044,4.765,2.217,-0.494,180.749,2.218,-0.004,-0.038,-0.494,4.637820,-74.083632,0.19,0,0
5795,59523090,-0.382,-0.076,-9.917,5.375,2.431,-0.250,180.776,2.234,-0.008,-0.039,-0.250,4.637820,-74.083632,0.19,0,0
5796,59533095,-0.337,-0.182,-9.814,5.772,2.278,-0.006,180.852,2.229,-0.019,-0.034,-0.006,4.637820,-74.083632,0.19,0,0
5797,59543090,-0.339,-0.343,-9.775,5.497,1.790,0.055,180.992,2.222,-0.035,-0.035,0.055,4.637820,-74.083632,0.19,0,0
5798,59553095,-0.368,-0.353,-9.771,4.673,1.240,-0.128,181.118,2.223,-0.036,-0.038,-0.128,4.637820,-74.083632,0.19,0,0
5799,59625669,-0.399,-0.534,-9.540,4.398,2.369,-0.585,181.634,2.356,-0.054,-0.041,-0.585,4.637820,-74.083632,0.19,0,0
5800,59626996,-0.399,-0.534,-9.540,4.398,2.369,-0.585,182.087,2.460,-0.054,-0.041,-0.585,4.637820,-74.083632,0.19,0,0
5801,59628308,-0.380,-0.565,-9.497,2.751,2.156,-1.501,182.408,2.510,-0.058,-0.039,-1.501,4.637820,-74.083632,0.19,0,0
5802,59631990,-0.380,-0.565,-9.497,2.751,2.156,-1.501,182.673,2.543,-0.058,-0.039,-1.501,4.637820,-74.083632,0.19,0,0
5803,59633318,-0.380,-0.565,-9.497,2.751,2.156,-1.501,182.878,2.559,-0.058,-0.039,-1.501,4.637820,-74.083632,0.19,0,0
5804,59634627,-0.380,-0.565,-9.497,2.751,2.156,-1.501,183.031,2.562,-0.058,-0.039,-1.501,4.637820,-74.083632,0.19,0,0
5805,59635937,-0.380,-0.565,-9.497,2.751,2.156,-1.501,183.138,2.556,-0.058,-0.039,-1.501,4.637820,-74.083632,0.19,0,0
5806,59637243,-0.380,-0.565,-9.497,2.751,2.156,-1.501,183.207,2.541,-0.058,-0.039,-1.501,4.637820,-74.083632,0.19,0,0
5807,59643090,-0.322,-0.454,-9.526,0.889,2.186,-2.233,183.160,2.484,-0.046,-0.033,-2.233,4.637820,-74.083632,0.19,0,0
5808,59653094,-0.265,-0.305,-9.581,-0.759,2.369,-2.447,183.007,2.401,-0.031,-0.027,-2.447,4.637820,-74.083632,0.19,0,0
5809,59663090,-0.244,-0.225,-9.641,-1.675,2.522,-2.111,182.819,2.319,-0.023,-0.025,-2.111,4.637820,-74.083632,0.19,0,0
5810,59673096,-0.191,-0.216,-9.679,-2.315,2.614,-1.623,182.646,2.219,-0.022,-0.020,-1.623,4.637820,-74.083632,0.19,0,0
5811,59683108,-0.103,-0.242,-9.679,-2.498,2.492,-1.104,182.508,2.083,-0.025,-0.011,-1.104,4.637820,-74.083632,0.19,0,0
5812,59693109,-0.065,-0.300,-9.701,-2.712,2.095,-0.463,182.416,1.939,-0.031,-0.007,-0.463,4.637820,-74.083632,0.19,0,0
5813,59703101,-0.041,-0.353,-9.706,-3.078,1.240,0.025,182.359,1.793,-0.036,-0.004,0.025,4.637820,-74.083632,0.19,0,0
5814,59713103,-0.041,-0.358,-9.780,-3.719,-0.011,0.391,182.303,1.651,-0.036,-0.004,0.391,4.637820,-74.083632,0.19,0,0
5815,59723099,-0.094,-0.343,-9.898,-3.963,-1.354,0.483,182.240,1.538,-0.035,-0.010,0.483,4.637820,-74.083632,0.19,0,0
5816,59733099,-0.165,-0.261,-10.047,-3.750,-2.452,0.666,182.143,1.459,-0.027,-0.017,0.666,4.637820,-74.083632,0.19,0,0
5817,59743109,-0.215,-0.189,-10.155,-3.048,-2.727,1.032,182.027,1.408,-0.019,-0.022,1.032,4.637820,-74.083632,0.19,0,0
5818,59753102,-0.260,-0.196,-10.220,-2.010,-2.391,1.581,181.933,1.385,-0.020,-0.027,1.581,4.637820,-74.083632,0.19,0,0
5819,59763101,-0.327,-0.339,-10.188,-0.851,-1.750,2.222,181.923,1.400,-0.035,-0.033,2.222,4.637820,-74.083632,0.19,0,0
5820,59773108,-0.342,-0.510,-10.119,-0.362,-0.774,2.619,181.998,1.430,-0.052,-0.035,2.619,4.637820,-74.083632,0.19,0,0
5821,59783106,-0.322,-0.674,-10.059,-0.759,-0.255,2.466,182.138,1.454,-0.069,-0.033,2.466,4.637820,-74.083632,0.19,0,0
5822,59793106,-0.311,-0.688,-10.049,-1.522,0.142,1.978,182.266,1.475,-0.070,-0.032,1.978,4.637820,-74.083632,0.19,0,0
5823,59803091,-0.275,-0.570,-10.059,-2.560,0.142,1.490,182.320,1.477,-0.058,-0.028,1.490,4.637820,-74.083632,0.19,0,0
5824,59813097,-0.237,-0.380,-10.085,-2.773,-0.011,1.246,182.283,1.461,-0.039,-0.024,1.246,4.637820,-74.083632,0.19,0,0
5825,59823104,-0.229,-0.191,-10.097,-2.010,-0.499,1.368,182.172,1.439,-0.020,-0.023,1.368,4.637820,-74.083632,0.19,0,0
5826,59833105,-0.215,-0.107,-10.102,-0.545,-0.835,1.948,182.046,1.408,-0.011,-0.022,1.948,4.637820,-74.083632,0.19,0,0
5827,59843097,-0.191,-0.141,-10.023,0.889,-1.018,2.711,181.959,1.369,-0.014,-0.020,2.711,4.637820,-74.083632,0.19,0,0
5828,59853107,-0.177,-0.230,-9.958,1.835,-1.171,3.382,181.927,1.325,-0.023,-0.018,3.382,4.637820,-74.083632,0.19,0,0
5829,59863101,-0.215,-0.341,-9.857,2.140,-1.323,3.870,181.952,1.302,-0.035,-0.022,3.870,4.637820,-74.083632,0.19,0,0
5830,59873106,-0.206,-0.365,-9.768,1.805,-1.476,4.023,181.984,1.275,-0.037,-0.021,4.023,4.637820,-74.083632,0.19,0,0
5831,59883099,-0.210,-0.358,-9.737,1.225,-1.476,4.114,182.005,1.253,-0.036,-0.021,4.114,4.637820,-74.083632,0.19,0,0
5832,59893100,-0.213,-0.339,-9.696,0.462,-1.506,4.297,182.010,1.234,-0.035,-0.022,4.297,4.637820,-74.083632,0.19,0,0
5833,59903092,-0.229,-0.257,-9.691,-0.423,-1.811,4.481,181.969,1.221,-0.026,-0.023,4.481,4.637820,-74.083632,0.19,0,0
5834,59916551,-0.306,-0.114,-9.735,-0.942,-2.422,4.542,181.857,1.229,-0.012,-0.031,4.542,4.637820,-74.083632,0.19,0,0
5835,59923105,-0.389,-0.078,-9.766,-0.393,-3.093,4.603,181.745,1.277,-0.008,-0.040,4.603,4.637820,-74.083632,0.19,0,0
5836,59933097,-0.468,-0.143,-9.797,0.279,-3.490,4.511,181.678,1.353,-0.015,-0.048,4.511,4.637820,-74.083632,0.19,0,0
5837,59943102,-0.563,-0.281,-9.864,0.706,-3.704,3.992,181.681,1.461,-0.029,-0.057,3.992,4.637820,-74.083632,0.19,0,0
5838,59953107,-0.621,-0.360,-9.982,0.492,-3.093,2.985,181.716,1.589,-0.037,-0.063,2.985,4.637820,-74.083632,0.19,0,0
5839,59963103,-0.649,-0.336,-10.047,-0.179,-1.903,1.856,181.731,1.729,-0.034,-0.066,1.856,4.637820,-74.083632,0.19,0,0
5840,59973102,-0.594,-0.213,-10.131,-1.064,-0.102,1.337,181.681,1.848,-0.022,-0.061,1.337,4.637820,-74.083632,0.19,0,0
5841,59983100,-0.525,-0.064,-10.090,-1.644,1.759,1.337,181.565,1.945,-0.006,-0.054,1.337,4.637820,-74.083632,0.19,0,0
5842,59993095,-0.444,0.050,-9.977,-1.491,3.071,1.734,181.410,2.015,0.005,-0.045,1.734,4.637820,-74.083632,0.19,0,0
5843,60003101,-0.337,0.050,-9.807,-0.545,3.316,2.405,181.276,2.036,0.005,-0.034,2.405,4.637820,-74.083632,0.19,0,0
5844,60013111,-0.277,-0.042,-9.638,0.401,2.461,2.741,181.201,2.024,-0.004,-0.028,2.741,4.637820,-74.083632,0.19,0,0
5845,60023098,-0.275,-0.196,-9.535,0.675,0.813,3.016,181.207,1.997,-0.020,-0.028,3.016,4.637820,-74.083632,0.19,0,0
5846,60033097,-0.308,-0.295,-9.545,0.401,-1.048,3.077,181.254,1.971,-0.030,-0.031,3.077,4.637820,-74.083632,0.19,0,0
5847,60043102,-0.387,-0.346,-9.590,-0.210,-2.513,3.016,181.315,1.968,-0.035,-0.039,3.016,4.637820,-74.083632,0.19,0,0
5848,60053116,-0.504,-0.396,-9.687,-0.912,-3.307,2.802,181.386,2.009,-0.040,-0.051,2.802,4.637820,-74.083632,0.19,0,0
5849,60063097,-0.590,-0.399,-9.792,-1.430,-3.337,2.314,181.446,2.082,-0.041,-0.060,2.314,4.637820,-74.083632,0.19,0,0
5850,60073097,-0.640,-0.389,-9.927,-2.132,-2.574,1.673,181.488,2.175,-0.040,-0.065,1.673,4.637820,-74.083632,0.19,0,0
5851,60083097,-0.675,-0.331,-9.994,-2.376,-1.445,1.276,181.498,2.285,-0.034,-0.069,1.276,4.637820,-74.083632,0.19,0,0
5852,60093096,-0.637,-0.298,-10.054,-2.376,-0.163,1.032,181.492,2.380,-0.030,-0.065,1.032,4.637820,-74.083632,0.19,0,0
5853,60103092,-0.573,-0.300,-10.068,-2.254,1.088,0.727,181.488,2.452,-0.031,-0.058,0.727,4.637820,-74.083632,0.19,0,0
5854,60113096,-0.516,-0.281,-10.049,-1.919,1.820,0.452,181.480,2.500,-0.029,-0.053,0.452,4.637820,-74.083632,0.19,0,0
5855,60123092,-0.449,-0.266,-10.054,-1.308,2.095,0.117,181.471,2.518,-0.027,-0.046,0.117,4.637820,-74.083632,0.19,0,0
5856,60133100,-0.375,-0.249,-10.083,-0.942,2.217,-0.158,181.459,2.504,-0.025,-0.038,-0.158,4.637820,-74.083632,0.19,0,0
5857,60143092,-0.294,-0.170,-10.080,-0.667,2.064,-0.158,181.416,2.454,-0.017,-0.030,-0.158,4.637820,-74.083632,0.19,0,0
5858,60153097,-0.265,-0.100,-10.025,-0.240,1.759,0.208,181.350,2.393,-0.010,-0.027,0.208,4.637820,-74.083632,0.19,0,0
5859,60163092,-0.237,-0.073,-10.001,0.370,1.301,0.727,181.283,2.321,-0.007,-0.024,0.727,4.637820,-74.083632,0.19,0,0
5860,60173098,-0.229,-0.066,-9.943,1.042,0.630,1.124,181.225,2.245,-0.007,-0.023,1.124,4.637820,-74.083632,0.19,0,0
5861,60183092,-0.272,-0.052,-9.922,1.408,0.020,1.520,181.168,2.189,-0.005,-0.028,1.520,4.637820,-74.083632,0.19,0,0
5862,60193098,-0.342,-0.100,-9.936,1.652,-0.682,1.826,181.139,2.160,-0.010,-0.035,1.826,4.637820,-74.083632,0.19,0,0
5863,60203092,-0.446,-0.105,-9.951,2.049,-1.201,1.795,181.118,2.175,-0.011,-0.046,1.795,4.637820,-74.083632,0.19,0,0
5864,60213097,-0.537,-0.081,-9.980,2.323,-1.354,1.673,181.090,2.226,-0.008,-0.055,1.673,4.637820,-74.083632,0.19,0,0
5865,60223093,-0.590,-0.088,-9.958,2.690,-0.987,1.551,181.071,2.300,-0.009,-0.060,1.551,4.637820,-74.083632,0.19,0,0
5866,60233098,-0.628,-0.122,-9.907,3.178,-0.225,1.490,181.073,2.393,-0.012,-0.064,1.490,4.637820,-74.083632,0.19,0,0
5867,60243092,-0.652,-0.232,-9.787,3.086,0.569,1.307,181.124,2.501,-0.024,-0.066,1.307,4.637820,-74.083632,0.19,0,0
5868,60256149,-0.628,-0.348,-9.703,2.537,1.393,0.971,181.228,2.604,-0.036,-0.064,0.971,4.637820,-74.083632,0.19,0,0
5869,60263088,-0.592,-0.435,-9.646,1.377,1.851,0.239,181.346,2.686,-0.044,-0.060,0.239,4.637820,-74.083632,0.19,0,0
5870,60273095,-0.568,-0.437,-9.641,0.004,2.034,-0.585,181.444,2.752,-0.045,-0.058,-0.585,4.637820,-74.083632,0.19,0,0
5871,60283090,-0.499,-0.363,-9.662,-1.339,2.186,-1.104,181.487,2.782,-0.037,-0.051,-1.104,4.637820,-74.083632,0.19,0,0
5872,60293095,-0.437,-0.276,-9.662,-2.407,2.308,-1.318,181.477,2.784,-0.028,-0.045,-1.318,4.637820,-74.083632,0.19,0,0
5873,60303090,-0.404,-0.237,-9.713,-2.865,2.156,-1.348,181.445,2.767,-0.024,-0.041,-1.348,4.637820,-74.083632,0.19,0,0
5874,60313095,-0.361,-0.218,-9.811,-3.017,1.607,-1.348,181.405,2.726,-0.022,-0.037,-1.348,4.637820,-74.083632,0.19,0,0
5875,60323090,-0.346,-0.163,-9.948,-2.804,0.874,-1.409,181.343,2.672,-0.017,-0.035,-1.409,4.637820,-74.083632,0.19,0,0
5876,60333095,-0.373,-0.037,-10.052,-2.254,0.111,-1.226,181.237,2.626,-0.004,-0.038,-1.226,4.637820,-74.083632,0.19,0,0
5877,60343090,-0.411,-0.001,-10.088,-1.003,-0.438,-0.830,181.134,2.594,-0.000,-0.042,-0.830,4.637820,-74.083632,0.19,0,0
5878,60353096,-0.456,-0.044,-10.145,0.523,-0.621,-0.677,181.072,2.581,-0.005,-0.046,-0.677,4.637820,-74.083632,0.19,0,0
5879,60363090,-0.523,-0.105,-10.155,1.805,-0.255,-0.830,181.052,2.601,-0.011,-0.053,-0.830,4.637820,-74.083632,0.19,0,0
5880,60373095,-0.523,-0.170,-10.119,2.598,0.447,-1.104,181.070,2.627,-0.017,-0.053,-1.104,4.637820,-74.083632,0.19,0,0
5881,60383090,-0.494,-0.216,-10.061,2.751,1.576,-1.287,181.108,2.651,-0.022,-0.050,-1.287,4.637820,-74.083632,0.19,0,0
5882,60393097,-0.439,-0.204,-9.915,2.445,2.675,-1.501,181.137,2.661,-0.021,-0.045,-1.501,4.637820,-74.083632,0.19,0,0
5883,60403090,-0.377,-0.165,-9.783,1.957,3.529,-1.592,181.142,2.654,-0.017,-0.038,-1.592,4.637820,-74.083632,0.19,0,0
5884,60413096,-0.325,-0.184,-9.677,1.530,3.590,-1.440,181.153,2.626,-0.019,-0.033,-1.440,4.637820,-74.083632,0.19,0,0
5885,60423090,-0.289,-0.237,-9.602,1.286,3.071,-1.531,181.186,2.580,-0.024,-0.029,-1.531,4.637820,-74.083632,0.19,0,0
5886,60433095,-0.275,-0.300,-9.595,0.736,2.431,-1.989,181.240,2.526,-0.031,-0.028,-1.989,4.637820,-74.083632,0.19,0,0
5887,60443090,-0.263,-0.290,-9.646,-0.057,1.942,-2.416,181.277,2.465,-0.030,-0.027,-2.416,4.637820,-74.083632,0.19,0,0
5888,60453095,-0.244,-0.220,-9.701,-1.125,1.668,-2.447,181.269,2.396,-0.022,-0.025,-2.447,4.637820,-74.083632,0.19,0,0
5889,60463090,-0.256,-0.191,-9.799,-1.888,1.790,-2.081,181.241,2.339,-0.020,-0.026,-2.081,4.637820,-74.083632,0.19,0,0
5890,60473096,-0.237,-0.136,-9.847,-2.224,1.881,-1.806,181.187,2.277,-0.014,-0.024,-1.806,4.637820,-74.083632,0.19,0,0
5891,60483090,-0.218,-0.032,-9.859,-2.346,1.729,-1.531,181.089,2.211,-0.003,-0.022,-1.531,4.637820,-74.083632,0.19,0,0
5892,60493097,-0.215,-0.013,-9.859,-1.858,1.576,-0.952,180.996,2.147,-0.001,-0.022,-0.952,4.637820,-74.083632,0.19,0,0
5893,60503090,-0.220,-0.071,-9.847,-1.247,1.118,-0.219,180.940,2.086,-0.007,-0.022,-0.219,4.637820,-74.083632,0.19,0,0
5894,60513095,-0.263,-0.158,-9.823,-0.789,0.447,0.117,180.932,2.042,-0.016,-0.027,0.117,4.637820,-74.083632,0.19,0,0
5895,60523090,-0.332,-0.278,-9.835,-0.728,-0.347,0.239,180.979,2.025,-0.028,-0.034,0.239,4.637820,-74.083632,0.19,0,0
5896,60533096,-0.358,-0.331,-9.867,-0.851,-1.079,-0.128,181.043,2.014,-0.034,-0.037,-0.128,4.637820,-74.083632,0.19,0,0
5897,60543090,-0.415,-0.339,-9.934,-1.095,-1.048,-0.555,181.103,2.028,-0.035,-0.042,-0.555,4.637820,-74.083632,0.19,0,0
5898,60553094,-0.430,-0.339,-10.059,-1.278,-0.591,-1.013,181.155,2.048,-0.035,-0.044,-1.013,4.637820,-74.083632,0.19,0,0
5899,60581441,-0.349,-0.245,-10.109,-1.278,1.851,-1.837,181.144,2.075,-0.025,-0.036,-1.837,4.637820,-74.083632,0.19,0,0
5900,60582768,-0.349,-0.245,-10.109,-1.278,1.851,-1.837,181.144,2.088,-0.025,-0.036,-1.837,4.637820,-74.083632,0.19,0,0
5901,60584077,-0.349,-0.245,-10.109,-1.278,1.851,-1.837,181.153,2.091,-0.025,-0.036,-1.837,4.637820,-74.083632,0.19,0,0
5902,60593094,-0.284,-0.177,-10.073,-1.125,2.217,-1.654,181.131,2.065,-0.018,-0.029,-1.654,4.637820,-74.083632,0.19,0,0
5903,60603091,-0.244,-0.112,-10.025,-0.545,2.125,-1.501,181.085,2.022,-0.011,-0.025,-1.501,4.637820,-74.083632,0.19,0,0
5904,60613094,-0.198,-0.097,-9.953,0.065,1.515,-1.226,181.043,1.958,-0.010,-0.020,-1.226,4.637820,-74.083632,0.19,0,0
5905,60623091,-0.151,-0.146,-9.900,0.797,0.783,-0.768,181.034,1.870,-0.015,-0.015,-0.768,4.637820,-74.083632,0.19,0,0
5906,60633152,-0.165,-0.177,-9.869,1.225,-0.072,-0.463,181.046,1.790,-0.018,-0.017,-0.463,4.637820,-74.083632,0.19,0,0
5907,60643091,-0.187,-0.220,-9.898,1.255,-0.682,-0.372,181.076,1.721,-0.022,-0.019,-0.372,4.637820,-74.083632,0.19,0,0
5908,60653097,-0.220,-0.218,-9.876,1.133,-1.110,-0.341,181.103,1.670,-0.022,-0.022,-0.341,4.637820,-74.083632,0.19,0,0
5909,60663090,-0.256,-0.194,-9.900,0.919,-1.293,-0.189,181.113,1.637,-0.020,-0.026,-0.189,4.637820,-74.083632,0.19,0,0
5910,60673111,-0.282,-0.184,-9.934,0.675,-0.804,-0.219,181.116,1.623,-0.019,-0.029,-0.219,4.637820,-74.083632,0.19,0,0
5911,60683099,-0.280,-0.122,-9.922,0.431,-0.316,-0.250,181.088,1.614,-0.012,-0.029,-0.250,4.637820,-74.083632,0.19,0,0
5912,60693105,-0.301,-0.138,-9.864,0.492,-0.133,0.025,181.071,1.618,-0.014,-0.031,0.025,4.637820,-74.083632,0.19,0,0
5913,60703095,-0.291,-0.208,-9.843,0.401,0.203,0.117,181.087,1.620,-0.021,-0.030,0.117,4.637820,-74.083632,0.19,0,0
5914,60713107,-0.229,-0.346,-9.816,-0.057,0.233,-0.006,181.159,1.595,-0.035,-0.023,-0.006,4.637820,-74.083632,0.19,0,0
5915,60723101,-0.189,-0.346,-9.715,-1.400,-0.316,-0.402,181.215,1.549,-0.035,-0.019,-0.402,4.637820,-74.083632,0.19,0,0
5916,60733106,-0.237,-0.124,-9.785,-1.644,-1.262,-0.738,181.163,1.520,-0.013,-0.024,-0.738,4.637820,-74.083632,0.19,0,0
5917,60743092,-0.294,-0.124,-9.905,-0.881,-1.537,-0.311,181.121,1.514,-0.013,-0.030,-0.311,4.637820,-74.083632,0.19,0,0
5918,60753096,-0.287,-0.293,-9.977,-0.240,-1.598,0.025,181.162,1.504,-0.030,-0.029,0.025,4.637820,-74.083632,0.19,0,0
5919,60763120,-0.296,-0.319,-10.032,-0.149,-1.140,0.055,181.212,1.502,-0.033,-0.030,0.055,4.637820,-74.083632,0.19,0,0
5920,60773101,-0.311,-0.254,-10.028,-0.301,-0.347,0.147,181.229,1.514,-0.026,-0.032,0.147,4.637820,-74.083632,0.19,0,0
5921,60783104,-0.277,-0.249,-9.936,-0.179,0.172,0.452,181.244,1.516,-0.025,-0.028,0.452,4.637820,-74.083632,0.19,0,0
5922,60793110,-0.256,-0.331,-9.898,0.034,0.416,0.788,181.296,1.512,-0.034,-0.026,0.788,4.637820,-74.083632,0.19,0,0
5923,60803102,-0.218,-0.370,-9.879,0.126,0.233,0.879,181.363,1.489,-0.038,-0.022,0.879,4.637820,-74.083632,0.19,0,0
5924,60813101,-0.215,-0.396,-9.862,-0.118,-0.102,0.727,181.435,1.464,-0.040,-0.022,0.727,4.637820,-74.083632,0.19,0,0
5925,60823092,-0.191,-0.384,-9.919,-0.362,-0.591,0.635,181.492,1.426,-0.039,-0.020,0.635,4.637820,-74.083632,0.19,0,0
5926,60833104,-0.191,-0.324,-10.013,-0.820,-0.957,0.422,181.513,1.386,-0.033,-0.020,0.422,4.637820,-74.083632,0.19,0,0
5927,60843102,-0.249,-0.191,-10.090,-0.789,-1.232,0.483,181.474,1.371,-0.020,-0.025,0.483,4.637820,-74.083632,0.19,0,0
5928,60853103,-0.260,-0.105,-10.100,0.034,-1.354,0.788,181.408,1.361,-0.011,-0.027,0.788,4.637820,-74.083632,0.19,0,0
5929,60863101,-0.270,-0.112,-10.116,0.950,-0.835,1.002,181.358,1.361,-0.011,-0.028,1.002,4.637820,-74.083632,0.19,0,0
5930,60873096,-0.241,-0.179,-10.152,1.621,-0.194,1.185,181.347,1.354,-0.018,-0.025,1.185,4.637820,-74.083632,0.19,0,0
5931,60883099,-0.201,-0.165,-10.066,1.927,0.264,1.551,181.335,1.334,-0.017,-0.020,1.551,4.637820,-74.083632,0.19,0,0
5932,60893109,-0.201,-0.102,-9.958,2.049,0.416,2.070,181.298,1.319,-0.010,-0.020,2.070,4.637820,-74.083632,0.19,0,0
5933,60903105,-0.196,-0.110,-9.819,2.384,0.233,2.405,181.270,1.302,-0.011,-0.020,2.405,4.637820,-74.083632,0.19,0,0
5934,60916598,-0.294,-0.329,-9.730,3.056,-1.354,2.527,181.361,1.311,-0.034,-0.030,2.527,4.637820,-74.083632,0.19,0,0
5935,60923100,-0.294,-0.329,-9.730,3.056,-1.354,2.527,181.435,1.326,-0.034,-0.030,2.527,4.637820,-74.083632,0.19,0,0
5936,60933105,-0.356,-0.363,-9.751,2.842,-2.056,1.856,181.516,1.361,-0.037,-0.036,1.856,4.637820,-74.083632,0.19,0,0
5937,60943092,-0.406,-0.339,-9.804,2.323,-1.934,1.215,181.573,1.415,-0.035,-0.041,1.215,4.637820,-74.083632,0.19,0,0
5938,60953110,-0.396,-0.358,-9.874,1.438,-0.957,1.063,181.626,1.469,-0.036,-0.040,1.063,4.637820,-74.083632,0.19,0,0
5939,60963096,-0.382,-0.348,-9.886,0.523,0.172,1.154,181.662,1.522,-0.036,-0.039,1.154,4.637820,-74.083632,0.19,0,0
5940,60973113,-0.325,-0.235,-9.881,-0.271,1.027,1.246,181.637,1.554,-0.024,-0.033,1.246,4.637820,-74.083632,0.19,0,0
5941,60983110,-0.287,-0.102,-9.828,-0.484,1.301,1.429,181.553,1.570,-0.010,-0.029,1.429,4.637820,-74.083632,0.19,0,0
5942,60993106,-0.268,-0.085,-9.737,0.401,0.844,1.703,181.477,1.572,-0.009,-0.027,1.703,4.637820,-74.083632,0.19,0,0
5943,61003094,-0.299,-0.199,-9.689,1.591,-0.041,1.887,181.469,1.581,-0.020,-0.030,1.887,4.637820,-74.083632,0.19,0,0
5944,61013102,-0.311,-0.334,-9.699,1.743,-1.201,1.826,181.525,1.584,-0.034,-0.032,1.826,4.637820,-74.083632,0.19,0,0
5945,61023102,-0.389,-0.459,-9.742,1.408,-2.086,1.490,181.628,1.613,-0.047,-0.040,1.490,4.637820,-74.083632,0.19,0,0
5946,61033107,-0.461,-0.474,-9.871,0.645,-2.361,0.635,181.720,1.666,-0.048,-0.047,0.635,4.637820,-74.083632,0.19,0,0
5947,61043094,-0.487,-0.372,-9.984,-0.271,-1.995,-0.280,181.750,1.728,-0.038,-0.050,-0.280,4.637820,-74.083632,0.19,0,0
5948,61053104,-0.456,-0.247,-10.104,-0.728,-0.774,-0.738,181.718,1.781,-0.025,-0.046,-0.738,4.637820,-74.083632,0.19,0,0
5949,61063102,-0.411,-0.126,-10.133,-0.881,0.935,-0.585,181.634,1.825,-0.013,-0.042,-0.585,4.637820,-74.083632,0.19,0,0
5950,61073104,-0.346,-0.088,-10.064,-0.637,2.461,-0.189,181.542,1.854,-0.009,-0.035,-0.189,4.637820,-74.083632,0.19,0,0
5951,61083095,-0.253,-0.114,-9.958,-0.149,3.041,0.361,181.474,1.846,-0.012,-0.026,0.361,4.637820,-74.083632,0.19,0,0
5952,61093096,-0.191,-0.165,-9.883,0.187,2.736,0.849,181.437,1.810,-0.017,-0.020,0.849,4.637820,-74.083632,0.19,0,0
5953,61103093,-0.127,-0.155,-9.790,0.553,1.607,1.063,181.402,1.738,-0.016,-0.013,1.063,4.637820,-74.083632,0.19,0,0
5954,61113096,-0.132,-0.187,-9.766,1.103,0.233,1.246,181.390,1.661,-0.019,-0.013,1.246,4.637820,-74.083632,0.19,0,0
5955,61123093,-0.191,-0.232,-9.795,1.408,-1.048,1.551,181.401,1.605,-0.024,-0.020,1.551,4.637820,-74.083632,0.19,0,0
5956,61133100,-0.258,-0.273,-9.871,1.377,-1.964,1.642,181.429,1.573,-0.028,-0.026,1.642,4.637820,-74.083632,0.19,0,0
5957,61143093,-0.349,-0.276,-9.919,1.194,-2.361,1.581,181.453,1.579,-0.028,-0.036,1.581,4.637820,-74.083632,0.19,0,0
5958,61153096,-0.392,-0.249,-9.948,1.103,-2.086,1.673,181.463,1.606,-0.025,-0.040,1.673,4.637820,-74.083632,0.19,0,0
5959,61163092,-0.432,-0.252,-9.941,1.011,-1.262,1.795,181.472,1.656,-0.026,-0.044,1.795,4.637820,-74.083632,0.19,0,0
5960,61173097,-0.461,-0.288,-9.929,0.858,-0.377,1.795,181.495,1.723,-0.029,-0.047,1.795,4.637820,-74.083632,0.19,0,0
5961,61183092,-0.468,-0.281,-9.869,0.706,0.203,1.581,181.512,1.795,-0.029,-0.048,1.581,4.637820,-74.083632,0.19,0,0
5962,61193096,-0.444,-0.271,-9.797,0.523,0.447,1.337,181.523,1.855,-0.028,-0.045,1.337,4.637820,-74.083632,0.19,0,0
5963,61203093,-0.454,-0.310,-9.775,0.401,0.416,1.063,181.550,1.914,-0.032,-0.046,1.063,4.637820,-74.083632,0.19,0,0
5964,61213097,-0.425,-0.336,-9.766,0.065,0.050,0.696,181.583,1.953,-0.034,-0.043,0.696,4.637820,-74.083632,0.19,0,0
5965,61223093,-0.425,-0.283,-9.759,-0.271,-0.255,0.330,181.587,1.986,-0.029,-0.043,0.330,4.637820,-74.083632,0.19,0,0
5966,61233097,-0.435,-0.235,-9.845,-0.545,-0.408,0.117,181.566,2.018,-0.024,-0.044,0.117,4.637820,-74.083632,0.19,0,0
5967,61243092,-0.446,-0.206,-9.910,-0.545,-0.347,0.025,181.533,2.052,-0.021,-0.046,0.025,4.637820,-74.083632,0.19,0,0
5968,61256226,-0.392,-0.165,-9.941,-0.759,0.142,-0.036,181.480,2.063,-0.017,-0.040,-0.036,4.637820,-74.083632,0.19,0,0
5969,61263090,-0.392,-0.165,-9.941,-0.759,0.142,-0.036,181.432,2.074,-0.017,-0.040,-0.036,4.637820,-74.083632,0.19,0,0
5970,61273096,-0.418,-0.136,-9.963,-0.545,0.142,-0.036,181.378,2.095,-0.014,-0.043,-0.036,4.637820,-74.083632,0.19,0,0
5971,61283090,-0.408,-0.143,-9.903,-0.088,0.050,-0.189,181.335,2.111,-0.015,-0.042,-0.189,4.637820,-74.083632,0.19,0,0
5972,61293096,-0.423,-0.160,-9.915,0.248,-0.163,-0.402,181.307,2.129,-0.016,-0.043,-0.402,4.637820,-74.083632,0.19,0,0
5973,61303090,-0.423,-0.146,-9.922,0.492,-0.255,-0.585,181.276,2.145,-0.015,-0.043,-0.585,4.637820,-74.083632,0.19,0,0
5974,61313095,-0.396,-0.189,-9.883,0.645,-0.163,-0.555,181.269,2.150,-0.019,-0.040,-0.555,4.637820,-74.083632,0.19,0,0
5975,61323090,-0.394,-0.232,-9.823,0.584,0.203,-0.341,181.282,2.158,-0.024,-0.040,-0.341,4.637820,-74.083632,0.19,0,0
5976,61333095,-0.380,-0.257,-9.778,0.218,0.416,-0.067,181.301,2.161,-0.026,-0.039,-0.067,4.637820,-74.083632,0.19,0,0
5977,61343090,-0.404,-0.293,-9.735,0.187,0.355,-0.158,181.336,2.175,-0.030,-0.041,-0.158,4.637820,-74.083632,0.19,0,0
5978,61353095,-0.401,-0.314,-9.711,-0.179,0.050,-0.585,181.375,2.185,-0.032,-0.041,-0.585,4.637820,-74.083632,0.19,0,0
5979,61363090,-0.389,-0.363,-9.751,-0.576,-0.072,-0.982,181.428,2.187,-0.037,-0.040,-0.982,4.637820,-74.083632,0.19,0,0
5980,61373094,-0.349,-0.382,-9.783,-1.247,-0.011,-1.196,181.479,2.170,-0.039,-0.036,-1.196,4.637820,-74.083632,0.19,0,0
5981,61383090,-0.327,-0.336,-9.845,-1.980,0.233,-1.287,181.497,2.146,-0.034,-0.033,-1.287,4.637820,-74.083632,0.19,0,0
5982,61393095,-0.318,-0.235,-9.838,-2.315,0.325,-1.257,181.467,2.121,-0.024,-0.032,-1.257,4.637820,-74.083632,0.19,0,0
5983,61403090,-0.287,-0.179,-9.831,-2.132,0.050,-0.952,181.416,2.082,-0.018,-0.029,-0.952,4.637820,-74.083632,0.19,0,0
5984,61413095,-0.296,-0.235,-9.835,-1.613,-0.438,-0.707,181.398,2.045,-0.024,-0.030,-0.707,4.637820,-74.083632,0.19,0,0
5985,61423090,-0.346,-0.302,-9.883,-1.156,-0.987,-0.830,181.415,2.028,-0.031,-0.035,-0.830,4.637820,-74.083632,0.19,0,0
5986,61433094,-0.389,-0.358,-9.963,-0.942,-1.354,-1.135,181.456,2.026,-0.036,-0.040,-1.135,4.637820,-74.083632,0.19,0,0
5987,61443090,-0.380,-0.367,-10.078,-1.156,-1.323,-1.684,181.494,2.018,-0.037,-0.039,-1.684,4.637820,-74.083632,0.19,0,0
5988,61453095,-0.404,-0.300,-10.162,-1.522,-0.591,-1.837,181.496,2.027,-0.031,-0.041,-1.837,4.637820,-74.083632,0.19,0,0
5989,61463090,-0.370,-0.245,-10.176,-1.613,0.294,-1.745,181.472,2.028,-0.025,-0.038,-1.745,4.637820,-74.083632,0.19,0,0
5990,61473096,-0.322,-0.179,-10.191,-1.308,1.057,-1.562,181.426,2.016,-0.018,-0.033,-1.562,4.637820,-74.083632,0.19,0,0
5991,61483090,-0.270,-0.129,-10.092,-0.789,1.515,-1.257,181.366,1.988,-0.013,-0.028,-1.257,4.637820,-74.083632,0.19,0,0
5992,61493097,-0.253,-0.107,-9.955,0.187,1.240,-0.768,181.312,1.954,-0.011,-0.026,-0.768,4.637820,-74.083632,0.19,0,0
5993,61503090,-0.249,-0.160,-9.891,1.194,0.416,-0.311,181.294,1.913,-0.016,-0.025,-0.311,4.637820,-74.083632,0.19,0,0
5994,61513094,-0.280,-0.247,-9.847,1.988,-0.530,-0.280,181.324,1.881,-0.025,-0.029,-0.280,4.637820,-74.083632,0.19,0,0
5995,61523090,-0.330,-0.300,-9.833,2.323,-1.415,-0.250,181.378,1.865,-0.031,-0.034,-0.250,4.637820,-74.083632,0.19,0,0
5996,61533094,-0.382,-0.363,-9.802,2.262,-1.964,-0.219,181.456,1.870,-0.037,-0.039,-0.219,4.637820,-74.083632,0.19,0,0
5997,61543090,-0.456,-0.389,-9.802,1.591,-1.964,-0.311,181.534,1.906,-0.040,-0.046,-0.311,4.637820,-74.083632,0.19,0,0
5998,61553094,-0.468,-0.418,-9.840,0.736,-1.598,-0.677,181.610,1.948,-0.043,-0.048,-0.677,4.637820,-74.083632,0.19,0,0
5999,61581223,-0.442,-0.247,-9.888,-0.484,0.081,-1.104,181.584,1.988,-0.025,-0.045,-1.104,4.637820,-74.083632,0.19,0,0
6000,61582548,-0.442,-0.247,-9.888,-0.484,0.081,-1.104,181.563,2.030,-0.025,-0.045,-1.104,4.637820,-74.083632,0.19,0,0
6001,61583863,-0.442,-0.247,-9.888,-0.484,0.081,-1.104,181.548,2.071,-0.025,-0.045,-1.104,4.637820,-74.083632,0.19,0,0
6002,61593093,-0.384,-0.235,-9.876,-0.179,0.355,-1.074,181.531,2.082,-0.024,-0.039,-1.074,4.637820,-74.083632,0.19,0,0
6003,61603091,-0.339,-0.252,-9.855,0.004,0.325,-1.013,181.526,2.071,-0.026,-0.035,-1.013,4.637820,-74.083632,0.19,0,0
6004,61613094,-0.334,-0.266,-9.859,0.126,0.142,-1.043,181.530,2.056,-0.027,-0.034,-1.043,4.637820,-74.083632,0.19,0,0
6005,61623091,-0.311,-0.228,-9.843,0.034,-0.102,-1.074,181.514,2.029,-0.023,-0.032,-1.074,4.637820,-74.083632,0.19,0,0
6006,61633151,-0.280,-0.228,-9.876,0.004,-0.255,-1.013,181.499,1.988,-0.023,-0.029,-1.013,4.637820,-74.083632,0.19,0,0
6007,61643091,-0.303,-0.225,-9.910,-0.118,-0.438,-1.043,181.483,1.960,-0.023,-0.031,-1.043,4.637820,-74.083632,0.19,0,0
6008,61653095,-0.268,-0.194,-9.946,-0.057,-0.591,-1.043,181.454,1.916,-0.020,-0.027,-1.043,4.637820,-74.083632,0.19,0,0
6009,61663090,-0.282,-0.160,-9.987,0.096,-0.499,-1.013,181.413,1.882,-0.016,-0.029,-1.013,4.637820,-74.083632,0.19,0,0
6010,61673102,-0.289,-0.122,-9.958,0.614,-0.255,-0.616,181.363,1.857,-0.012,-0.029,-0.616,4.637820,-74.083632,0.19,0,0
6011,61683112,-0.277,-0.134,-9.895,1.042,0.050,-0.189,181.327,1.833,-0.014,-0.028,-0.189,4.637820,-74.083632,0.19,0,0
6012,61693099,-0.270,-0.242,-9.843,1.225,0.294,0.178,181.345,1.810,-0.025,-0.028,0.178,4.637820,-74.083632,0.19,0,0
6013,61703095,-0.258,-0.355,-9.797,1.011,0.447,0.391,181.412,1.785,-0.036,-0.026,0.391,4.637820,-74.083632,0.19,0,0
6014,61713102,-0.260,-0.423,-9.723,0.279,0.264,0.300,181.499,1.762,-0.043,-0.027,0.300,4.637820,-74.083632,0.19,0,0
6015,61723103,-0.241,-0.351,-9.720,-0.332,-0.133,0.055,181.541,1.730,-0.036,-0.025,0.055,4.637820,-74.083632,0.19,0,0
6016,61733119,-0.227,-0.312,-9.759,-0.759,-0.438,-0.128,181.557,1.689,-0.032,-0.023,-0.128,4.637820,-74.083632,0.19,0,0
6017,61743097,-0.239,-0.288,-9.843,-1.034,-0.621,0.055,181.557,1.655,-0.029,-0.024,0.055,4.637820,-74.083632,0.19,0,0
6018,61753100,-0.265,-0.218,-9.891,-1.278,-0.713,0.422,181.523,1.634,-0.022,-0.027,0.422,4.637820,-74.083632,0.19,0,0
6019,61763094,-0.282,-0.206,-9.953,-1.217,-0.774,0.696,181.487,1.621,-0.021,-0.029,0.696,4.637820,-74.083632,0.19,0,0
6020,61773107,-0.322,-0.216,-10.008,-1.003,-0.865,0.696,181.459,1.625,-0.022,-0.033,0.696,4.637820,-74.083632,0.19,0,0
6021,61783104,-0.332,-0.189,-10.047,-0.545,-0.987,0.635,181.425,1.631,-0.019,-0.034,0.635,4.637820,-74.083632,0.19,0,0
6022,61793099,-0.365,-0.134,-10.076,-0.149,-1.048,0.483,181.374,1.650,-0.014,-0.037,0.483,4.637820,-74.083632,0.19,0,0
6023,61803097,-0.389,-0.093,-10.090,0.523,-0.713,0.666,181.315,1.681,-0.009,-0.040,0.666,4.637820,-74.083632,0.19,0,0
6024,61813103,-0.399,-0.114,-10.011,1.072,-0.072,1.124,181.275,1.720,-0.012,-0.041,1.124,4.637820,-74.083632,0.19,0,0
6025,61823105,-0.392,-0.220,-9.946,1.377,0.447,1.490,181.288,1.760,-0.022,-0.040,1.490,4.637820,-74.083632,0.19,0,0
6026,61833105,-0.353,-0.322,-9.862,1.316,0.752,1.551,181.345,1.784,-0.033,-0.036,1.551,4.637820,-74.083632,0.19,0,0
6027,61843101,-0.358,-0.348,-9.807,0.858,0.691,1.337,181.406,1.808,-0.036,-0.037,1.337,4.637820,-74.083632,0.19,0,0
6028,61853105,-0.361,-0.322,-9.759,0.492,0.386,1.215,181.448,1.830,-0.033,-0.037,1.215,4.637820,-74.083632,0.19,0,0
6029,61863097,-0.332,-0.331,-9.799,0.248,0.020,1.093,181.488,1.833,-0.034,-0.034,1.093,4.637820,-74.083632,0.19,0,0
6030,61873098,-0.344,-0.273,-9.828,-0.210,-0.377,1.002,181.495,1.837,-0.028,-0.035,1.002,4.637820,-74.083632,0.19,0,0
6031,61883091,-0.370,-0.201,-9.852,-0.240,-0.774,1.124,181.469,1.849,-0.021,-0.038,1.124,4.637820,-74.083632,0.19,0,0
6032,61893101,-0.387,-0.155,-9.857,0.004,-1.293,1.276,181.426,1.862,-0.016,-0.039,1.276,4.637820,-74.083632,0.19,0,0
6033,61903106,-0.430,-0.146,-9.891,0.492,-1.811,1.459,181.387,1.887,-0.015,-0.044,1.459,4.637820,-74.083632,0.19,0,0
6034,61916659,-0.570,-0.339,-9.936,1.164,-1.872,0.940,181.447,1.966,-0.035,-0.058,0.940,4.637820,-74.083632,0.19,0,0
6035,61923102,-0.570,-0.339,-9.936,1.164,-1.872,0.940,181.497,2.046,-0.035,-0.058,0.940,4.637820,-74.083632,0.19,0,0
6036,61933103,-0.539,-0.355,-9.994,0.889,-1.293,0.147,181.548,2.110,-0.036,-0.055,0.147,4.637820,-74.083632,0.19,0,0
6037,61943102,-0.506,-0.302,-10.023,0.309,-0.163,-0.372,181.566,2.163,-0.031,-0.052,-0.372,4.637820,-74.083632,0.19,0,0
6038,61953109,-0.435,-0.240,-9.987,-0.332,1.210,-0.555,181.549,2.194,-0.024,-0.044,-0.555,4.637820,-74.083632,0.19,0,0
6039,61963103,-0.322,-0.191,-9.941,-0.728,2.522,-0.219,181.508,2.186,-0.020,-0.033,-0.219,4.637820,-74.083632,0.19,0,0
6040,61973100,-0.203,-0.146,-9.850,-1.003,3.010,0.300,181.449,2.132,-0.015,-0.021,0.300,4.637820,-74.083632,0.19,0,0
6041,61983092,-0.141,-0.081,-9.759,-1.095,2.553,0.849,181.365,2.050,-0.008,-0.014,0.849,4.637820,-74.083632,0.19,0,0
6042,61993097,-0.151,-0.083,-9.687,-0.667,1.118,1.368,181.292,1.966,-0.008,-0.015,1.368,4.637820,-74.083632,0.19,0,0
6043,62003111,-0.177,-0.090,-9.694,-0.027,-0.804,1.856,181.234,1.883,-0.009,-0.018,1.856,4.637820,-74.083632,0.19,0,0
6044,62013105,-0.239,-0.136,-9.763,0.797,-2.483,1.948,181.209,1.818,-0.014,-0.024,1.948,4.637820,-74.083632,0.19,0,0
6045,62023103,-0.361,-0.199,-9.833,1.408,-3.520,1.887,181.219,1.802,-0.020,-0.037,1.887,4.637820,-74.083632,0.19,0,0
6046,62033095,-0.463,-0.314,-9.931,1.621,-3.398,1.795,181.280,1.831,-0.032,-0.047,1.795,4.637820,-74.083632,0.19,0,0
6047,62043094,-0.537,-0.389,-9.992,1.347,-2.452,1.551,181.366,1.898,-0.040,-0.055,1.551,4.637820,-74.083632,0.19,0,0
6048,62053107,-0.573,-0.382,-9.975,0.675,-1.079,1.246,181.436,1.989,-0.039,-0.058,1.246,4.637820,-74.083632,0.19,0,0
6049,62063096,-0.542,-0.367,-9.941,0.004,0.447,0.696,181.488,2.074,-0.037,-0.055,0.696,4.637820,-74.083632,0.19,0,0
6050,62073097,-0.435,-0.317,-9.907,-0.515,1.790,0.178,181.511,2.118,-0.032,-0.044,0.178,4.637820,-74.083632,0.19,0,0
6051,62083098,-0.363,-0.245,-9.862,-1.217,2.492,0.208,181.493,2.135,-0.025,-0.037,0.208,4.637820,-74.083632,0.19,0,0
6052,62093096,-0.280,-0.196,-9.821,-1.491,2.339,0.391,181.453,2.113,-0.020,-0.029,0.391,4.637820,-74.083632,0.19,0,0
6053,62103092,-0.237,-0.167,-9.843,-1.278,1.423,0.330,181.406,2.065,-0.017,-0.024,0.330,4.637820,-74.083632,0.19,0,0
6054,62113097,-0.234,-0.119,-9.845,-0.698,0.294,0.208,181.346,2.009,-0.012,-0.024,0.208,4.637820,-74.083632,0.19,0,0
6055,62123093,-0.260,-0.100,-9.900,-0.179,-0.621,0.422,181.286,1.960,-0.010,-0.027,0.422,4.637820,-74.083632,0.19,0,0
6056,62133100,-0.325,-0.110,-9.967,0.218,-1.048,0.879,181.239,1.937,-0.011,-0.033,0.879,4.637820,-74.083632,0.19,0,0
6057,62143094,-0.349,-0.167,-9.958,0.401,-0.926,1.398,181.222,1.929,-0.017,-0.036,1.398,4.637820,-74.083632,0.19,0,0
6058,62153096,-0.353,-0.254,-9.960,0.614,-0.652,1.551,181.247,1.925,-0.026,-0.036,1.551,4.637820,-74.083632,0.19,0,0
6059,62163093,-0.380,-0.290,-9.984,0.401,-0.377,1.581,181.283,1.936,-0.030,-0.039,1.581,4.637820,-74.083632,0.19,0,0
6060,62173096,-0.430,-0.237,-9.915,0.157,-0.163,1.551,181.292,1.970,-0.024,-0.044,1.551,4.637820,-74.083632,0.19,0,0
6061,62183093,-0.449,-0.199,-9.903,0.370,-0.133,1.551,181.285,2.012,-0.020,-0.046,1.551,4.637820,-74.083632,0.19,0,0
6062,62193096,-0.461,-0.182,-9.855,0.858,-0.377,1.459,181.276,2.053,-0.019,-0.047,1.459,4.637820,-74.083632,0.19,0,0
6063,62203092,-0.487,-0.283,-9.828,1.255,-0.591,1.276,181.317,2.102,-0.029,-0.050,1.276,4.637820,-74.083632,0.19,0,0
6064,62213097,-0.530,-0.380,-9.826,1.164,-0.652,1.063,181.397,2.166,-0.039,-0.054,1.063,4.637820,-74.083632,0.19,0,0
6065,62223092,-0.547,-0.351,-9.869,0.462,-0.743,0.483,181.450,2.230,-0.036,-0.056,0.483,4.637820,-74.083632,0.19,0,0
6066,62233096,-0.535,-0.310,-9.888,0.004,-0.469,-0.067,181.477,2.286,-0.032,-0.055,-0.067,4.637820,-74.083632,0.19,0,0
6067,62243093,-0.518,-0.232,-9.903,-0.271,-0.041,-0.311,181.465,2.335,-0.024,-0.053,-0.311,4.637820,-74.083632,0.19,0,0
6068,62253096,-0.494,-0.211,-9.924,-0.423,0.508,-0.463,181.443,2.373,-0.021,-0.050,-0.463,4.637820,-74.083632,0.19,0,0
6069,62273063,-0.413,-0.184,-9.891,-0.240,0.905,-0.646,181.409,2.381,-0.019,-0.042,-0.646,4.637820,-74.083632,0.19,0,0
6070,62274396,-0.413,-0.184,-9.891,-0.240,0.905,-0.646,181.380,2.385,-0.019,-0.042,-0.646,4.637820,-74.083632,0.19,0,0
6071,62283092,-0.363,-0.165,-9.859,0.034,0.691,-0.585,181.347,2.364,-0.017,-0.037,-0.585,4.637820,-74.083632,0.19,0,0
6072,62293095,-0.356,-0.177,-9.843,0.218,0.325,-0.402,181.324,2.338,-0.018,-0.036,-0.402,4.637820,-74.083632,0.19,0,0
6073,62303091,-0.361,-0.199,-9.831,0.096,-0.225,-0.219,181.313,2.312,-0.020,-0.037,-0.219,4.637820,-74.083632,0.19,0,0
6074,62313094,-0.384,-0.196,-9.840,0.157,-0.804,-0.158,181.301,2.294,-0.020,-0.039,-0.158,4.637820,-74.083632,0.19,0,0
6075,62323089,-0.430,-0.220,-9.900,0.309,-1.323,-0.250,181.303,2.291,-0.022,-0.044,-0.250,4.637820,-74.083632,0.19,0,0
6076,62333093,-0.444,-0.235,-9.927,0.340,-1.384,-0.341,181.311,2.294,-0.024,-0.045,-0.341,4.637820,-74.083632,0.19,0,0
6077,62343091,-0.473,-0.240,-9.953,0.431,-1.110,-0.311,181.321,2.312,-0.024,-0.048,-0.311,4.637820,-74.083632,0.19,0,0
6078,62353094,-0.492,-0.290,-9.967,0.584,-0.438,-0.463,181.354,2.342,-0.030,-0.050,-0.463,4.637820,-74.083632,0.19,0,0
6079,62363091,-0.437,-0.326,-9.931,0.492,0.264,-0.738,181.400,2.353,-0.033,-0.045,-0.738,4.637820,-74.083632,0.19,0,0
6080,62373094,-0.377,-0.283,-9.883,0.157,0.844,-1.013,181.421,2.343,-0.029,-0.038,-1.013,4.637820,-74.083632,0.19,0,0
6081,62383091,-0.342,-0.242,-9.843,-0.210,1.149,-0.921,181.418,2.321,-0.025,-0.035,-0.921,4.637820,-74.083632,0.19,0,0
6082,62393094,-0.325,-0.223,-9.785,-0.240,0.905,-0.830,181.408,2.292,-0.023,-0.033,-0.830,4.637820,-74.083632,0.19,0,0
6083,62403091,-0.325,-0.211,-9.843,-0.027,0.142,-0.738,181.395,2.257,-0.021,-0.033,-0.738,4.637820,-74.083632,0.19,0,0
6084,62413095,-0.358,-0.235,-9.862,0.248,-0.743,-0.707,181.395,2.231,-0.024,-0.037,-0.707,4.637820,-74.083632,0.19,0,0
6085,62423091,-0.380,-0.271,-9.905,0.462,-1.293,-0.891,181.413,2.211,-0.028,-0.039,-0.891,4.637820,-74.083632,0.19,0,0
6086,62433095,-0.408,-0.298,-10.004,0.279,-1.079,-1.074,181.439,2.206,-0.030,-0.042,-1.074,4.637820,-74.083632,0.19,0,0
6087,62443091,-0.387,-0.266,-10.042,-0.027,-0.438,-1.104,181.445,2.196,-0.027,-0.039,-1.104,4.637820,-74.083632,0.19,0,0
6088,62453095,-0.337,-0.208,-10.006,-0.240,0.416,-1.013,181.425,2.174,-0.021,-0.034,-1.013,4.637820,-74.083632,0.19,0,0
6089,62463091,-0.315,-0.184,-9.984,-0.332,0.996,-0.677,181.394,2.150,-0.019,-0.032,-0.677,4.637820,-74.083632,0.19,0,0
6090,62473094,-0.287,-0.148,-9.953,0.065,1.057,-0.463,181.354,2.117,-0.015,-0.029,-0.463,4.637820,-74.083632,0.19,0,0
6091,62483091,-0.263,-0.114,-9.900,0.584,0.630,-0.189,181.307,2.072,-0.012,-0.027,-0.189,4.637820,-74.083632,0.19,0,0
6092,62493094,-0.258,-0.129,-9.843,1.377,-0.194,0.300,181.278,2.021,-0.013,-0.026,0.300,4.637820,-74.083632,0.19,0,0
6093,62503089,-0.306,-0.204,-9.799,2.110,-0.987,0.757,181.292,1.989,-0.021,-0.031,0.757,4.637820,-74.083632,0.19,0,0
6094,62513094,-0.377,-0.343,-9.763,2.415,-1.750,0.788,181.370,1.985,-0.035,-0.038,0.788,4.637820,-74.083632,0.19,0,0
6095,62523091,-0.435,-0.440,-9.821,1.957,-2.117,0.605,181.479,2.001,-0.045,-0.044,0.605,4.637820,-74.083632,0.19,0,0
6096,62533094,-0.470,-0.462,-9.862,1.133,-1.934,0.239,181.582,2.034,-0.047,-0.048,0.239,4.637820,-74.083632,0.19,0,0
6097,62543091,-0.518,-0.421,-9.936,0.187,-1.262,-0.036,181.649,2.089,-0.043,-0.053,-0.036,4.637820,-74.083632,0.19,0,0
6098,62553093,-0.497,-0.331,-9.965,-0.545,-0.469,-0.372,181.664,2.138,-0.034,-0.051,-0.372,4.637820,-74.083632,0.19,0,0
6099,62590672,-0.351,-0.136,-9.994,1.042,0.599,-0.280,181.622,2.127,-0.014,-0.036,-0.280,4.637820,-74.083632,0.19,0,0
6100,62591996,-0.351,-0.136,-9.994,1.042,0.599,-0.280,181.568,2.117,-0.014,-0.036,-0.280,4.637820,-74.083632,0.19,0,0
6101,62593309,-0.351,-0.136,-9.994,1.042,0.599,-0.280,181.510,2.107,-0.014,-0.036,-0.280,4.637820,-74.083632,0.19,0,0
6102,62594619,-0.339,-0.151,-9.955,1.621,0.264,-0.036,181.465,2.089,-0.015,-0.035,-0.036,4.637820,-74.083632,0.19,0,0
6103,62603092,-0.339,-0.151,-9.955,1.621,0.264,-0.036,181.424,2.073,-0.015,-0.035,-0.036,4.637820,-74.083632,0.19,0,0
6104,62613097,-0.346,-0.172,-9.910,1.957,-0.133,0.178,181.404,2.060,-0.018,-0.035,0.178,4.637820,-74.083632,0.19,0,0
6105,62623092,-0.349,-0.245,-9.852,2.140,-0.560,0.391,181.426,2.047,-0.025,-0.036,0.391,4.637820,-74.083632,0.19,0,0
6106,62633147,-0.384,-0.293,-9.843,1.743,-0.835,0.574,181.466,2.051,-0.030,-0.039,0.574,4.637820,-74.083632,0.19,0,0
6107,62643090,-0.394,-0.276,-9.835,1.377,-0.957,0.544,181.492,2.057,-0.028,-0.040,0.544,4.637820,-74.083632,0.19,0,0
6108,62653096,-0.408,-0.257,-9.831,0.950,-0.957,0.635,181.501,2.070,-0.026,-0.042,0.635,4.637820,-74.083632,0.19,0,0
6109,62663092,-0.425,-0.259,-9.816,0.797,-0.987,0.788,181.510,2.089,-0.026,-0.043,0.788,4.637820,-74.083632,0.19,0,0
6110,62673109,-0.456,-0.259,-9.795,0.889,-0.987,0.727,181.519,2.122,-0.026,-0.046,0.727,4.637820,-74.083632,0.19,0,0
6111,62683106,-0.458,-0.281,-9.778,0.950,-1.079,0.574,181.539,2.152,-0.029,-0.047,0.574,4.637820,-74.083632,0.19,0,0
6112,62693101,-0.482,-0.339,-9.766,0.858,-1.018,0.422,181.583,2.192,-0.035,-0.049,0.422,4.637820,-74.083632,0.19,0,0
6113,62703112,-0.480,-0.413,-9.759,0.462,-0.865,0.178,181.655,2.228,-0.042,-0.049,0.178,4.637820,-74.083632,0.19,0,0
6114,62713107,-0.473,-0.423,-9.809,-0.332,-0.682,-0.128,181.717,2.258,-0.043,-0.048,-0.128,4.637820,-74.083632,0.19,0,0
6115,62723099,-0.454,-0.358,-9.857,-1.064,-0.469,-0.616,181.736,2.278,-0.036,-0.046,-0.616,4.637820,-74.083632,0.19,0,0
6116,62733105,-0.456,-0.264,-9.982,-1.400,-0.255,-0.952,181.706,2.297,-0.027,-0.046,-0.952,4.637820,-74.083632,0.19,0,0
6117,62743094,-0.408,-0.165,-10.044,-1.400,0.172,-1.013,181.634,2.296,-0.017,-0.042,-1.013,4.637820,-74.083632,0.19,0,0
6118,62753117,-0.373,-0.129,-10.071,-0.851,0.691,-0.768,181.557,2.283,-0.013,-0.038,-0.768,4.637820,-74.083632,0.19,0,0
6119,62763104,-0.320,-0.126,-10.052,-0.149,1.027,-0.158,181.492,2.252,-0.013,-0.033,-0.158,4.637820,-74.083632,0.19,0,0
6120,62773108,-0.265,-0.141,-9.963,0.614,1.149,0.361,181.445,2.201,-0.014,-0.027,0.361,4.637820,-74.083632,0.19,0,0
6121,62783105,-0.232,-0.230,-9.862,1.072,0.783,0.696,181.448,2.137,-0.023,-0.024,0.696,4.637820,-74.083632,0.19,0,0
6122,62793111,-0.232,-0.298,-9.799,1.225,0.233,1.002,181.482,2.074,-0.030,-0.024,1.002,4.637820,-74.083632,0.19,0,0
6123,62803101,-0.239,-0.286,-9.749,0.950,-0.347,1.337,181.506,2.014,-0.029,-0.024,1.337,4.637820,-74.083632,0.19,0,0
6124,62813112,-0.284,-0.341,-9.766,0.553,-0.957,1.551,181.550,1.973,-0.035,-0.029,1.551,4.637820,-74.083632,0.19,0,0
6125,62823097,-0.318,-0.365,-9.811,0.370,-1.476,1.551,181.599,1.945,-0.037,-0.032,1.551,4.637820,-74.083632,0.19,0,0
6126,62833106,-0.363,-0.298,-9.852,0.034,-1.659,1.429,181.610,1.937,-0.030,-0.037,1.429,4.637820,-74.083632,0.19,0,0
6127,62843104,-0.404,-0.228,-9.883,-0.240,-1.354,1.581,181.586,1.950,-0.023,-0.041,1.581,4.637820,-74.083632,0.19,0,0
6128,62853108,-0.435,-0.264,-9.886,-0.179,-0.926,1.887,181.580,1.980,-0.027,-0.044,1.887,4.637820,-74.083632,0.19,0,0
6129,62863092,-0.451,-0.298,-9.879,-0.301,-0.713,1.948,181.589,2.016,-0.030,-0.046,1.948,4.637820,-74.083632,0.19,0,0
6130,62873105,-0.437,-0.247,-9.862,-0.240,-0.713,1.734,181.576,2.044,-0.025,-0.045,1.734,4.637820,-74.083632,0.19,0,0
6131,62883115,-0.480,-0.230,-9.886,0.004,-1.018,1.490,181.558,2.086,-0.023,-0.049,1.490,4.637820,-74.083632,0.19,0,0
6132,62893105,-0.497,-0.259,-9.879,0.462,-1.140,1.368,181.559,2.130,-0.026,-0.051,1.368,4.637820,-74.083632,0.19,0,0
6133,62903100,-0.497,-0.307,-9.888,0.675,-0.926,1.063,181.582,2.173,-0.031,-0.051,1.063,4.637820,-74.083632,0.19,0,0
6134,62916548,-0.454,-0.363,-9.883,-0.484,0.538,0.361,181.618,2.208,-0.037,-0.046,0.361,4.637820,-74.083632,0.19,0,0
6135,62923101,-0.454,-0.363,-9.883,-0.484,0.538,0.361,181.652,2.241,-0.037,-0.046,0.361,4.637820,-74.083632,0.19,0,0
6136,62933105,-0.411,-0.302,-9.874,-1.400,1.240,0.239,181.647,2.258,-0.031,-0.042,0.239,4.637820,-74.083632,0.19,0,0
6137,62943097,-0.351,-0.232,-9.852,-1.827,1.484,0.361,181.608,2.250,-0.024,-0.036,0.361,4.637820,-74.083632,0.19,0,0
6138,62953104,-0.306,-0.155,-9.864,-1.888,1.301,0.818,181.537,2.220,-0.016,-0.031,0.818,4.637820,-74.083632,0.19,0,0
6139,62963109,-0.268,-0.100,-9.811,-1.613,0.538,1.368,181.449,2.169,-0.010,-0.027,1.368,4.637820,-74.083632,0.19,0,0
6140,62973107,-0.311,-0.110,-9.799,-0.912,-0.652,1.795,181.379,2.131,-0.011,-0.032,1.795,4.637820,-74.083632,0.19,0,0
6141,62983097,-0.380,-0.170,-9.792,0.096,-1.842,2.100,181.351,2.115,-0.017,-0.039,2.100,4.637820,-74.083632,0.19,0,0
6142,62993101,-0.456,-0.310,-9.840,0.492,-2.849,2.253,181.391,2.125,-0.032,-0.046,2.253,4.637820,-74.083632,0.19,0,0
6143,63003102,-0.542,-0.396,-9.907,0.279,-3.459,1.948,181.463,2.165,-0.040,-0.055,1.948,4.637820,-74.083632,0.19,0,0
6144,63013094,-0.599,-0.377,-9.955,0.065,-3.215,1.429,181.518,2.228,-0.038,-0.061,1.429,4.637820,-74.083632,0.19,0,0
6145,63023109,-0.642,-0.370,-10.037,-0.271,-2.300,0.971,181.562,2.311,-0.038,-0.065,0.971,4.637820,-74.083632,0.19,0,0
6146,63033104,-0.632,-0.324,-10.047,-0.515,-1.018,0.696,181.580,2.395,-0.033,-0.064,0.696,4.637820,-74.083632,0.19,0,0
6147,63043094,-0.599,-0.288,-10.025,-0.484,0.294,0.605,181.581,2.470,-0.029,-0.061,0.605,4.637820,-74.083632,0.19,0,0
6148,63053112,-0.561,-0.300,-9.951,-0.515,1.118,0.391,181.588,2.533,-0.031,-0.057,0.391,4.637820,-74.083632,0.19,0,0
6149,63063103,-0.511,-0.302,-9.895,-0.301,1.240,0.055,181.598,2.572,-0.031,-0.052,0.055,4.637820,-74.083632,0.19,0,0
6150,63073105,-0.466,-0.293,-9.891,-0.210,1.088,-0.219,181.604,2.586,-0.030,-0.047,-0.219,4.637820,-74.083632,0.19,0,0
6151,63083093,-0.404,-0.271,-9.910,-0.057,0.722,-0.341,181.601,2.568,-0.028,-0.041,-0.341,4.637820,-74.083632,0.19,0,0
6152,63093097,-0.382,-0.240,-9.912,-0.149,0.538,-0.250,181.584,2.541,-0.024,-0.039,-0.250,4.637820,-74.083632,0.19,0,0
6153,63103090,-0.375,-0.208,-9.888,-0.088,0.355,0.117,181.555,2.511,-0.021,-0.038,0.117,4.637820,-74.083632,0.19,0,0
6154,63113095,-0.320,-0.240,-9.871,0.065,0.142,0.452,181.544,2.457,-0.024,-0.033,0.452,4.637820,-74.083632,0.19,0,0
6155,63123090,-0.332,-0.266,-9.845,0.157,-0.163,0.727,181.547,2.410,-0.027,-0.034,0.727,4.637820,-74.083632,0.19,0,0
6156,63133146,-0.337,-0.283,-9.850,-0.057,-0.438,0.940,181.554,2.367,-0.029,-0.034,0.940,4.637820,-74.083632,0.19,0,0
6157,63143091,-0.370,-0.273,-9.881,-0.088,-0.774,1.215,181.556,2.337,-0.028,-0.038,1.215,4.637820,-74.083632,0.19,0,0
6158,63153097,-0.406,-0.230,-9.864,0.248,-1.018,1.337,181.543,2.324,-0.023,-0.041,1.337,4.637820,-74.083632,0.19,0,0
6159,63163090,-0.430,-0.271,-9.838,0.614,-1.140,1.490,181.552,2.322,-0.028,-0.044,1.490,4.637820,-74.083632,0.19,0,0
6160,63173095,-0.454,-0.353,-9.828,0.706,-1.323,1.612,181.597,2.329,-0.036,-0.046,1.612,4.637820,-74.083632,0.19,0,0
6161,63183090,-0.520,-0.430,-9.826,0.309,-1.384,1.429,181.670,2.364,-0.044,-0.053,1.429,4.637820,-74.083632,0.19,0,0
6162,63193095,-0.554,-0.454,-9.864,-0.179,-1.445,0.849,181.743,2.410,-0.046,-0.056,0.849,4.637820,-74.083632,0.19,0,0
6163,63203090,-0.563,-0.387,-9.951,-0.515,-1.262,0.086,181.775,2.457,-0.039,-0.057,0.086,4.637820,-74.083632,0.19,0,0
6164,63213094,-0.551,-0.286,-9.994,-0.728,-0.621,-0.311,181.759,2.499,-0.029,-0.056,-0.311,4.637820,-74.083632,0.19,0,0
6165,63223090,-0.494,-0.218,-9.996,-0.637,0.233,-0.189,181.715,2.521,-0.022,-0.050,-0.189,4.637820,-74.083632,0.19,0,0
6166,63233096,-0.463,-0.165,-10.001,-0.332,1.027,0.055,181.654,2.536,-0.017,-0.047,0.055,4.637820,-74.083632,0.19,0,0
6167,63243090,-0.430,-0.187,-9.905,0.340,1.423,0.483,181.614,2.540,-0.019,-0.044,0.483,4.637820,-74.083632,0.19,0,0
6168,63253095,-0.361,-0.266,-9.780,0.675,1.362,0.818,181.617,2.515,-0.027,-0.037,0.818,4.637820,-74.083632,0.19,0,0
6169,63266212,-0.356,-0.353,-9.742,0.065,-0.225,0.757,181.654,2.472,-0.036,-0.036,0.757,4.637820,-74.083632,0.19,0,0
6170,63273097,-0.356,-0.353,-9.742,0.065,-0.225,0.757,181.688,2.436,-0.036,-0.036,0.757,4.637820,-74.083632,0.19,0,0
6171,63283092,-0.404,-0.283,-9.814,-0.332,-1.048,0.635,181.683,2.415,-0.029,-0.041,0.635,4.637820,-74.083632,0.19,0,0
6172,63293095,-0.427,-0.223,-9.876,-0.484,-1.567,0.635,181.649,2.400,-0.023,-0.044,0.635,4.637820,-74.083632,0.19,0,0
6173,63303091,-0.492,-0.204,-9.907,-0.393,-1.506,0.818,181.610,2.415,-0.021,-0.050,0.818,4.637820,-74.083632,0.19,0,0
6174,63313095,-0.523,-0.223,-9.936,-0.118,-1.140,1.032,181.584,2.445,-0.023,-0.053,1.032,4.637820,-74.083632,0.19,0,0
6175,63323091,-0.532,-0.257,-9.922,0.218,-0.713,1.063,181.579,2.481,-0.026,-0.054,1.063,4.637820,-74.083632,0.19,0,0
6176,63333094,-0.504,-0.278,-9.900,0.309,-0.255,0.940,181.585,2.507,-0.028,-0.051,0.940,4.637820,-74.083632,0.19,0,0
6177,63343086,-0.499,-0.257,-9.862,0.126,0.142,0.879,181.579,2.533,-0.026,-0.051,0.879,4.637820,-74.083632,0.19,0,0
6178,63353093,-0.508,-0.269,-9.807,0.096,0.233,0.971,181.580,2.563,-0.027,-0.052,0.971,4.637820,-74.083632,0.19,0,0
6179,63363089,-0.494,-0.341,-9.780,0.218,-0.072,0.849,181.615,2.583,-0.035,-0.050,0.849,4.637820,-74.083632,0.19,0,0
6180,63373094,-0.525,-0.418,-9.821,-0.027,-0.347,0.269,181.678,2.611,-0.043,-0.054,0.269,4.637820,-74.083632,0.19,0,0
6181,63383091,-0.525,-0.358,-9.917,-0.454,-0.286,-0.280,181.704,2.635,-0.036,-0.054,-0.280,4.637820,-74.083632,0.19,0,0
6182,63393094,-0.482,-0.259,-9.953,-0.728,0.142,-0.494,181.682,2.642,-0.026,-0.049,-0.494,4.637820,-74.083632,0.19,0,0
6183,63403091,-0.458,-0.218,-9.977,-0.942,0.691,-0.280,181.641,2.642,-0.022,-0.047,-0.280,4.637820,-74.083632,0.19,0,0
6184,63413093,-0.437,-0.218,-9.951,-1.034,1.027,-0.036,181.603,2.637,-0.022,-0.045,-0.036,4.637820,-74.083632,0.19,0,0
6185,63423090,-0.392,-0.206,-9.948,-0.973,1.057,0.208,181.562,2.612,-0.021,-0.040,0.208,4.637820,-74.083632,0.19,0,0
6186,63433094,-0.384,-0.151,-9.953,-0.576,0.752,0.483,181.505,2.584,-0.015,-0.039,0.483,4.637820,-74.083632,0.19,0,0
6187,63443090,-0.430,-0.129,-9.943,0.157,-0.102,0.696,181.449,2.569,-0.013,-0.044,0.696,4.637820,-74.083632,0.19,0,0
6188,63453093,-0.444,-0.151,-9.929,1.133,-0.987,0.849,181.416,2.555,-0.015,-0.045,0.849,4.637820,-74.083632,0.19,0,0
6189,63463090,-0.463,-0.225,-9.927,1.896,-1.415,1.032,181.425,2.545,-0.023,-0.047,1.032,4.637820,-74.083632,0.19,0,0
6190,63473093,-0.530,-0.322,-9.893,2.262,-1.415,1.276,181.480,2.567,-0.033,-0.054,1.276,4.637820,-74.083632,0.19,0,0
6191,63483091,-0.568,-0.418,-9.883,2.140,-1.140,1.215,181.572,2.606,-0.043,-0.058,1.215,4.637820,-74.083632,0.19,0,0
6192,63493095,-0.566,-0.510,-9.855,1.408,-0.499,0.788,181.691,2.648,-0.052,-0.058,0.788,4.637820,-74.083632,0.19,0,0
6193,63503091,-0.556,-0.476,-9.857,0.401,0.050,0.147,181.778,2.687,-0.049,-0.057,0.147,4.637820,-74.083632,0.19,0,0
6194,63513094,-0.513,-0.384,-9.867,-0.301,0.569,-0.372,181.810,2.710,-0.039,-0.052,-0.372,4.637820,-74.083632,0.19,0,0
6195,63523091,-0.492,-0.261,-9.871,-0.851,0.996,-0.433,181.780,2.724,-0.027,-0.050,-0.433,4.637820,-74.083632,0.19,0,0
6196,63533094,-0.425,-0.172,-9.869,-0.820,1.088,-0.341,181.714,2.710,-0.018,-0.043,-0.341,4.637820,-74.083632,0.19,0,0
6197,63543091,-0.418,-0.153,-9.831,-0.362,0.874,-0.067,181.649,2.692,-0.016,-0.043,-0.067,4.637820,-74.083632,0.19,0,0
6198,63553094,-0.399,-0.230,-9.845,0.279,0.325,0.055,181.628,2.661,-0.023,-0.041,0.055,4.637820,-74.083632,0.19,0,0
6199,63582787,-0.413,-0.213,-9.987,0.004,-0.591,-0.250,181.595,2.605,-0.022,-0.042,-0.250,4.637820,-74.083632,0.19,0,0
6200,63584105,-0.406,-0.153,-9.992,0.034,-0.133,-0.006,181.532,2.567,-0.016,-0.041,-0.006,4.637820,-74.083632,0.19,0,0
6201,63585416,-0.406,-0.153,-9.992,0.034,-0.133,-0.006,181.475,2.538,-0.016,-0.041,-0.006,4.637820,-74.083632,0.19,0,0
6202,63593096,-0.406,-0.153,-9.992,0.034,-0.133,-0.006,181.423,2.513,-0.016,-0.041,-0.006,4.637820,-74.083632,0.19,0,0
6203,63603092,-0.401,-0.153,-9.967,0.218,0.233,0.330,181.379,2.492,-0.016,-0.041,0.330,4.637820,-74.083632,0.19,0,0
6204,63613096,-0.384,-0.158,-9.919,0.736,0.447,0.788,181.347,2.469,-0.016,-0.039,0.788,4.637820,-74.083632,0.19,0,0
6205,63623092,-0.384,-0.206,-9.862,1.133,0.233,1.124,181.346,2.446,-0.021,-0.039,1.124,4.637820,-74.083632,0.19,0,0
6206,63633143,-0.425,-0.266,-9.768,1.591,-0.072,1.368,181.378,2.444,-0.027,-0.043,1.368,4.637820,-74.083632,0.19,0,0
6207,63643092,-0.475,-0.387,-9.711,1.560,-0.469,1.185,181.467,2.463,-0.039,-0.048,1.185,4.637820,-74.083632,0.19,0,0
6208,63653097,-0.528,-0.462,-9.723,1.133,-1.048,0.849,181.578,2.500,-0.047,-0.054,0.849,4.637820,-74.083632,0.19,0,0
6209,63663093,-0.554,-0.476,-9.790,0.187,-1.293,0.178,181.677,2.542,-0.049,-0.056,0.178,4.637820,-74.083632,0.19,0,0
6210,63673114,-0.587,-0.411,-9.855,-0.698,-1.079,-0.341,181.727,2.595,-0.042,-0.060,-0.341,4.637820,-74.083632,0.19,0,0
6211,63683094,-0.582,-0.334,-9.953,-1.369,-0.408,-0.707,181.730,2.646,-0.034,-0.059,-0.707,4.637820,-74.083632,0.19,0,0
6212,63693105,-0.549,-0.223,-10.004,-1.583,0.508,-0.738,181.681,2.684,-0.023,-0.056,-0.738,4.637820,-74.083632,0.19,0,0
6213,63703109,-0.520,-0.211,-9.996,-1.095,1.301,-0.555,181.634,2.714,-0.021,-0.053,-0.555,4.637820,-74.083632,0.19,0,0
6214,63713114,-0.454,-0.191,-9.941,-0.515,1.729,-0.402,181.589,2.717,-0.020,-0.046,-0.402,4.637820,-74.083632,0.19,0,0
6215,63723094,-0.413,-0.245,-9.867,-0.057,1.576,-0.372,181.576,2.702,-0.025,-0.042,-0.372,4.637820,-74.083632,0.19,0,0
6216,63733104,-0.375,-0.249,-9.847,0.157,0.874,-0.341,181.568,2.665,-0.025,-0.038,-0.341,4.637820,-74.083632,0.19,0,0
6217,63743094,-0.368,-0.249,-9.823,-0.057,0.050,-0.036,181.560,2.620,-0.025,-0.038,-0.036,4.637820,-74.083632,0.19,0,0
6218,63753111,-0.387,-0.295,-9.840,-0.179,-0.652,0.086,181.571,2.580,-0.030,-0.039,0.086,4.637820,-74.083632,0.19,0,0
6219,63763099,-0.406,-0.242,-9.929,-0.088,-1.415,0.147,181.557,2.544,-0.025,-0.041,0.147,4.637820,-74.083632,0.19,0,0
6220,63773110,-0.475,-0.194,-9.941,0.340,-1.750,0.239,181.527,2.537,-0.020,-0.048,0.239,4.637820,-74.083632,0.19,0,0
6221,63783103,-0.520,-0.196,-9.948,0.919,-1.567,0.391,181.506,2.553,-0.020,-0.053,0.391,4.637820,-74.083632,0.19,0,0
6222,63793100,-0.549,-0.314,-9.951,1.347,-1.140,0.513,181.542,2.584,-0.032,-0.056,0.513,4.637820,-74.083632,0.19,0,0
6223,63803100,-0.551,-0.377,-9.900,1.103,-0.560,0.330,181.602,2.619,-0.038,-0.056,0.330,4.637820,-74.083632,0.19,0,0
6224,63813102,-0.530,-0.348,-9.819,0.523,-0.072,0.055,181.640,2.650,-0.036,-0.054,0.055,4.637820,-74.083632,0.19,0,0
6225,63823101,-0.525,-0.329,-9.802,0.034,0.081,-0.158,181.663,2.677,-0.034,-0.054,-0.158,4.637820,-74.083632,0.19,0,0
6226,63833100,-0.511,-0.346,-9.840,-0.118,-0.072,-0.463,181.689,2.694,-0.035,-0.052,-0.463,4.637820,-74.083632,0.19,0,0
6227,63843115,-0.494,-0.293,-9.852,-0.149,0.111,-0.952,181.689,2.703,-0.030,-0.050,-0.952,4.637820,-74.083632,0.19,0,0
6228,63853097,-0.492,-0.341,-9.893,-0.301,0.538,-1.043,181.709,2.714,-0.035,-0.050,-1.043,4.637820,-74.083632,0.19,0,0
6229,63863102,-0.406,-0.317,-9.910,-0.393,1.179,-1.074,181.715,2.692,-0.032,-0.041,-1.074,4.637820,-74.083632,0.19,0,0
6230,63873100,-0.368,-0.254,-9.946,-0.820,1.942,-1.043,181.689,2.661,-0.026,-0.038,-1.043,4.637820,-74.083632,0.19,0,0
6231,63883110,-0.256,-0.232,-9.934,-1.461,2.553,-0.616,181.650,2.589,-0.024,-0.026,-0.616,4.637820,-74.083632,0.19,0,0
6232,63893111,-0.194,-0.179,-9.867,-1.766,2.461,-0.067,181.588,2.495,-0.018,-0.020,-0.067,4.637820,-74.083632,0.19,0,0
6233,63903094,-0.165,-0.093,-9.869,-1.552,1.668,0.605,181.494,2.388,-0.009,-0.017,0.605,4.637820,-74.083632,0.19,0,0
6234,63947473,-0.511,-0.428,-9.792,2.323,-3.368,2.436,181.685,2.287,-0.044,-0.052,2.436,4.637820,-74.083632,0.19,0,0
6235,63948902,-0.511,-0.428,-9.792,2.323,-3.368,2.436,181.847,2.235,-0.044,-0.052,2.436,4.637820,-74.083632,0.19,0,0
6236,63950283,-0.511,-0.428,-9.792,2.323,-3.368,2.436,181.976,2.221,-0.044,-0.052,2.436,4.637820,-74.083632,0.19,0,0
6237,63951638,-0.511,-0.428,-9.792,2.323,-3.368,2.436,182.072,2.238,-0.044,-0.052,2.436,4.637820,-74.083632,0.19,0,0
6238,63953099,-0.623,-0.560,-9.831,1.805,-3.459,2.009,182.210,2.343,-0.057,-0.064,2.009,4.637820,-74.083632,0.19,0,0
6239,63963097,-0.685,-0.575,-9.903,0.523,-2.727,1.246,182.324,2.471,-0.059,-0.070,1.246,4.637820,-74.083632,0.19,0,0
6240,63973099,-0.714,-0.478,-10.001,-0.789,-1.415,0.483,182.357,2.604,-0.049,-0.073,0.483,4.637820,-74.083632,0.19,0,0
6241,63983098,-0.723,-0.319,-10.040,-1.430,-0.011,-0.158,182.296,2.737,-0.033,-0.074,-0.158,4.637820,-74.083632,0.19,0,0
6242,63993096,-0.656,-0.187,-10.042,-1.430,1.088,-0.555,182.174,2.831,-0.019,-0.067,-0.555,4.637820,-74.083632,0.19,0,0
6243,64003099,-0.580,-0.134,-10.001,-0.851,1.942,-0.616,182.044,2.887,-0.014,-0.059,-0.616,4.637820,-74.083632,0.19,0,0
6244,64013096,-0.542,-0.160,-9.936,0.004,2.186,-0.585,181.950,2.922,-0.016,-0.055,-0.585,4.637820,-74.083632,0.19,0,0
6245,64023108,-0.482,-0.225,-9.881,0.523,1.851,-0.555,181.901,2.923,-0.023,-0.049,-0.555,4.637820,-74.083632,0.19,0,0
6246,64033102,-0.439,-0.252,-9.852,0.645,1.088,-0.768,181.871,2.898,-0.026,-0.045,-0.768,4.637820,-74.083632,0.19,0,0
6247,64043097,-0.444,-0.223,-9.833,0.340,0.355,-0.891,181.828,2.870,-0.023,-0.045,-0.891,4.637820,-74.083632,0.19,0,0
6248,64053101,-0.456,-0.194,-9.852,0.401,-0.102,-0.616,181.776,2.847,-0.020,-0.046,-0.616,4.637820,-74.083632,0.19,0,0
6249,64063102,-0.454,-0.218,-9.898,0.553,-0.316,-0.311,181.741,2.821,-0.022,-0.046,-0.311,4.637820,-74.083632,0.19,0,0
6250,64073110,-0.473,-0.225,-9.857,0.584,-0.316,-0.006,181.712,2.807,-0.023,-0.048,-0.006,4.637820,-74.083632,0.19,0,0
6251,64083095,-0.461,-0.257,-9.785,0.675,-0.438,0.300,181.702,2.789,-0.026,-0.047,0.300,4.637820,-74.083632,0.19,0,0
6252,64093096,-0.480,-0.319,-9.735,0.645,-0.621,0.483,181.723,2.781,-0.033,-0.049,0.483,4.637820,-74.083632,0.19,0,0
6253,64103090,-0.542,-0.401,-9.730,0.523,-0.896,0.452,181.778,2.800,-0.041,-0.055,0.452,4.637820,-74.083632,0.19,0,0
6254,64113095,-0.544,-0.445,-9.785,0.126,-1.110,-0.006,181.844,2.814,-0.045,-0.055,-0.006,4.637820,-74.083632,0.19,0,0
6255,64123090,-0.568,-0.452,-9.847,-0.667,-1.201,-0.494,181.900,2.836,-0.046,-0.058,-0.494,4.637820,-74.083632,0.19,0,0
6256,64133150,-0.570,-0.404,-9.958,-1.308,-1.110,-0.952,181.921,2.855,-0.041,-0.058,-0.952,4.637820,-74.083632,0.19,0,0
6257,64143090,-0.554,-0.314,-10.023,-1.613,-0.469,-1.287,181.897,2.869,-0.032,-0.056,-1.287,4.637820,-74.083632,0.19,0,0
6258,64153096,-0.511,-0.230,-10.061,-1.461,0.233,-1.287,181.839,2.869,-0.023,-0.052,-1.287,4.637820,-74.083632,0.19,0,0
6259,64163092,-0.477,-0.199,-10.061,-0.881,0.844,-1.257,181.777,2.860,-0.020,-0.049,-1.257,4.637820,-74.083632,0.19,0,0
6260,64173096,-0.439,-0.204,-10.018,-0.179,1.210,-1.135,181.729,2.840,-0.021,-0.045,-1.135,4.637820,-74.083632,0.19,0,0
6261,64183090,-0.382,-0.232,-10.004,0.309,1.149,-0.982,181.702,2.796,-0.024,-0.039,-0.982,4.637820,-74.083632,0.19,0,0
6262,64193092,-0.337,-0.191,-9.948,0.584,0.966,-0.707,181.662,2.734,-0.020,-0.034,-0.707,4.637820,-74.083632,0.19,0,0
6263,64203088,-0.339,-0.194,-9.905,0.981,0.599,-0.372,181.630,2.675,-0.020,-0.035,-0.372,4.637820,-74.083632,0.19,0,0
6264,64213095,-0.330,-0.218,-9.871,1.286,0.233,0.025,181.615,2.614,-0.022,-0.034,0.025,4.637820,-74.083632,0.19,0,0
6265,64223090,-0.315,-0.220,-9.821,1.225,-0.225,0.483,181.601,2.548,-0.022,-0.032,0.483,4.637820,-74.083632,0.19,0,0
6266,64233095,-0.370,-0.298,-9.756,1.225,-0.621,0.849,181.625,2.508,-0.030,-0.038,0.849,4.637820,-74.083632,0.19,0,0
6267,64243090,-0.408,-0.360,-9.730,1.042,-0.896,1.063,181.673,2.487,-0.037,-0.042,1.063,4.637820,-74.083632,0.19,0,0
6268,64256286,-0.461,-0.367,-9.737,0.828,-1.201,1.002,181.722,2.483,-0.037,-0.047,1.002,4.637820,-74.083632,0.19,0,0
6269,64263092,-0.463,-0.372,-9.761,0.187,-1.079,0.818,181.760,2.486,-0.038,-0.047,0.818,4.637820,-74.083632,0.19,0,0
6270,64273097,-0.504,-0.363,-9.797,-0.515,-0.713,0.635,181.784,2.510,-0.037,-0.051,0.635,4.637820,-74.083632,0.19,0,0
6271,64283092,-0.470,-0.355,-9.831,-1.095,-0.560,0.483,181.796,2.518,-0.036,-0.048,0.483,4.637820,-74.083632,0.19,0,0
6272,64293097,-0.489,-0.271,-9.862,-1.522,-0.499,0.147,181.766,2.533,-0.028,-0.050,0.147,4.637820,-74.083632,0.19,0,0
6273,64303092,-0.523,-0.179,-9.891,-1.156,-0.377,0.055,181.700,2.562,-0.018,-0.053,0.055,4.637820,-74.083632,0.19,0,0
6274,64313097,-0.535,-0.213,-9.900,-0.423,-0.377,0.086,181.661,2.595,-0.022,-0.055,0.086,4.637820,-74.083632,0.19,0,0
6275,64323093,-0.508,-0.281,-9.946,-0.179,-0.499,-0.097,181.656,2.611,-0.029,-0.052,-0.097,4.637820,-74.083632,0.19,0,0
6276,64333097,-0.547,-0.302,-10.011,-0.057,-0.316,-0.372,181.662,2.642,-0.031,-0.056,-0.372,4.637820,-74.083632,0.19,0,0
6277,64343092,-0.547,-0.266,-10.006,-0.240,0.111,-0.585,181.650,2.675,-0.027,-0.056,-0.585,4.637820,-74.083632,0.19,0,0
6278,64353096,-0.532,-0.232,-10.059,-0.423,0.691,-0.646,181.622,2.704,-0.024,-0.054,-0.646,4.637820,-74.083632,0.19,0,0
6279,64363092,-0.499,-0.196,-10.073,-0.484,1.271,-0.433,181.579,2.721,-0.020,-0.051,-0.433,4.637820,-74.083632,0.19,0,0
6280,64373097,-0.456,-0.158,-9.992,-0.332,1.637,-0.250,181.525,2.723,-0.016,-0.046,-0.250,4.637820,-74.083632,0.19,0,0
6281,64383092,-0.413,-0.117,-9.915,0.126,1.607,0.208,181.462,2.707,-0.012,-0.042,0.208,4.637820,-74.083632,0.19,0,0
6282,64393098,-0.432,-0.138,-9.823,0.950,1.057,0.818,181.421,2.697,-0.014,-0.044,0.818,4.637820,-74.083632,0.19,0,0
6283,64403093,-0.456,-0.281,-9.715,1.743,0.294,1.032,181.456,2.694,-0.029,-0.046,1.032,4.637820,-74.083632,0.19,0,0
6284,64413096,-0.485,-0.464,-9.658,1.957,-0.621,1.063,181.573,2.697,-0.047,-0.049,1.063,4.637820,-74.083632,0.19,0,0
6285,64423092,-0.542,-0.577,-9.658,1.255,-1.476,0.635,181.726,2.717,-0.059,-0.055,0.635,4.637820,-74.083632,0.19,0,0
6286,64433097,-0.582,-0.611,-9.766,0.187,-1.903,-0.006,181.870,2.747,-0.062,-0.059,-0.006,4.637820,-74.083632,0.19,0,0
6287,64443093,-0.630,-0.505,-9.881,-0.851,-1.903,-0.585,181.943,2.793,-0.051,-0.064,-0.585,4.637820,-74.083632,0.19,0,0
6288,64453097,-0.630,-0.348,-9.994,-1.461,-1.171,-1.074,181.934,2.840,-0.036,-0.064,-1.074,4.637820,-74.083632,0.19,0,0
6289,64463092,-0.606,-0.269,-10.040,-1.308,-0.286,-1.165,181.892,2.879,-0.027,-0.062,-1.165,4.637820,-74.083632,0.19,0,0
6290,64473098,-0.549,-0.230,-10.068,-0.973,0.477,-1.074,181.839,2.897,-0.023,-0.056,-1.074,4.637820,-74.083632,0.19,0,0
6291,64483092,-0.473,-0.223,-10.047,-0.332,1.179,-1.165,181.794,2.887,-0.023,-0.048,-1.165,4.637820,-74.083632,0.19,0,0
6292,64493101,-0.415,-0.182,-9.994,0.187,1.454,-1.257,181.739,2.857,-0.019,-0.042,-1.257,4.637820,-74.083632,0.19,0,0
6293,64503093,-0.344,-0.189,-9.963,0.492,1.454,-1.013,181.694,2.799,-0.019,-0.035,-1.013,4.637820,-74.083632,0.19,0,0
6294,64513097,-0.315,-0.218,-9.934,0.523,1.057,-0.768,181.666,2.729,-0.022,-0.032,-0.768,4.637820,-74.083632,0.19,0,0
6295,64523092,-0.311,-0.191,-9.900,0.431,0.660,-0.463,181.629,2.659,-0.020,-0.032,-0.463,4.637820,-74.083632,0.19,0,0
6296,64533098,-0.296,-0.146,-9.876,0.706,0.233,-0.158,181.576,2.585,-0.015,-0.030,-0.158,4.637820,-74.083632,0.19,0,0
6297,64543092,-0.313,-0.131,-9.893,0.981,-0.102,0.239,181.523,2.520,-0.013,-0.032,0.239,4.637820,-74.083632,0.19,0,0
6298,64553097,-0.358,-0.167,-9.900,1.133,-0.347,0.666,181.492,2.478,-0.017,-0.037,0.666,4.637820,-74.083632,0.19,0,0
6299,64580211,-0.446,-0.225,-9.739,2.293,-0.865,1.490,181.536,2.456,-0.023,-0.046,1.490,4.637820,-74.083632,0.19,0,0
6300,64581532,-0.446,-0.225,-9.739,2.293,-0.865,1.490,181.557,2.447,-0.023,-0.046,1.490,4.637820,-74.083632,0.19,0,0
6301,64583097,-0.511,-0.329,-9.689,2.445,-1.079,1.429,181.614,2.482,-0.034,-0.052,1.429,4.637820,-74.083632,0.19,0,0
6302,64593097,-0.566,-0.433,-9.696,2.049,-1.232,1.215,181.713,2.538,-0.044,-0.058,1.215,4.637820,-74.083632,0.19,0,0
6303,64603091,-0.613,-0.505,-9.694,1.225,-1.171,0.635,181.830,2.612,-0.051,-0.063,0.635,4.637820,-74.083632,0.19,0,0
6304,64613095,-0.611,-0.515,-9.739,-0.057,-0.743,-0.128,181.929,2.681,-0.052,-0.062,-0.128,4.637820,-74.083632,0.19,0,0
6305,64623091,-0.618,-0.449,-9.831,-1.156,-0.225,-0.952,181.975,2.748,-0.046,-0.063,-0.952,4.637820,-74.083632,0.19,0,0
6306,64633099,-0.575,-0.331,-9.915,-2.010,0.508,-1.562,181.952,2.794,-0.034,-0.059,-1.562,4.637820,-74.083632,0.19,0,0
6307,64643092,-0.513,-0.175,-9.948,-2.346,1.393,-1.440,181.855,2.815,-0.018,-0.052,-1.440,4.637820,-74.083632,0.19,0,0
6308,64653095,-0.468,-0.088,-9.934,-2.071,1.729,-0.982,181.730,2.816,-0.009,-0.048,-0.982,4.637820,-74.083632,0.19,0,0
6309,64663090,-0.401,-0.122,-9.910,-1.400,1.637,-0.463,181.637,2.787,-0.012,-0.041,-0.463,4.637820,-74.083632,0.19,0,0
6310,64673141,-0.380,-0.172,-9.886,-0.667,1.027,-0.067,181.581,2.746,-0.018,-0.039,-0.067,4.637820,-74.083632,0.19,0,0
6311,64683097,-0.413,-0.213,-9.857,-0.179,0.203,-0.067,181.553,2.716,-0.022,-0.042,-0.067,4.637820,-74.083632,0.19,0,0
6312,64693105,-0.444,-0.249,-9.903,0.187,-0.652,-0.036,181.547,2.693,-0.025,-0.045,-0.036,4.637820,-74.083632,0.19,0,0
6313,64703095,-0.475,-0.271,-9.903,0.187,-1.048,0.117,181.551,2.683,-0.028,-0.048,0.117,4.637820,-74.083632,0.19,0,0
6314,64713111,-0.525,-0.266,-9.922,0.034,-1.018,0.300,181.551,2.695,-0.027,-0.054,0.300,4.637820,-74.083632,0.19,0,0
6315,64723099,-0.559,-0.319,-9.905,0.034,-0.865,0.513,181.574,2.723,-0.033,-0.057,0.513,4.637820,-74.083632,0.19,0,0
6316,64733100,-0.544,-0.360,-9.881,0.187,-0.621,0.422,181.616,2.746,-0.037,-0.055,0.422,4.637820,-74.083632,0.19,0,0
6317,64743100,-0.563,-0.396,-9.871,0.157,-0.408,0.086,181.671,2.777,-0.040,-0.057,0.086,4.637820,-74.083632,0.19,0,0
6318,64753103,-0.544,-0.411,-9.867,-0.271,-0.255,-0.341,181.724,2.799,-0.042,-0.055,-0.341,4.637820,-74.083632,0.19,0,0
6319,64763098,-0.523,-0.408,-9.895,-0.698,0.020,-0.524,181.767,2.811,-0.042,-0.053,-0.524,4.637820,-74.083632,0.19,0,0
6320,64773109,-0.485,-0.375,-9.912,-1.095,0.111,-0.830,181.788,2.806,-0.038,-0.049,-0.830,4.637820,-74.083632,0.19,0,0
6321,64783099,-0.473,-0.242,-9.975,-1.186,0.172,-0.921,181.747,2.796,-0.025,-0.048,-0.921,4.637820,-74.083632,0.19,0,0
6322,64793099,-0.461,-0.141,-9.999,-0.698,0.081,-0.860,181.669,2.780,-0.014,-0.047,-0.860,4.637820,-74.083632,0.19,0,0
6323,64803105,-0.461,-0.134,-9.999,0.248,0.111,-0.646,181.603,2.765,-0.014,-0.047,-0.646,4.637820,-74.083632,0.19,0,0
6324,64813111,-0.442,-0.223,-9.941,1.042,0.142,-0.341,181.589,2.745,-0.023,-0.045,-0.341,4.637820,-74.083632,0.19,0,0
6325,64823095,-0.427,-0.351,-9.965,1.286,0.233,-0.341,181.634,2.720,-0.036,-0.044,-0.341,4.637820,-74.083632,0.19,0,0
6326,64833105,-0.411,-0.399,-9.919,0.797,0.355,-0.433,181.693,2.691,-0.041,-0.042,-0.433,4.637820,-74.083632,0.19,0,0
6327,64843094,-0.387,-0.324,-9.955,0.034,0.569,-0.616,181.707,2.656,-0.033,-0.039,-0.616,4.637820,-74.083632,0.19,0,0
6328,64853106,-0.384,-0.196,-9.955,-0.393,0.722,-0.494,181.660,2.624,-0.020,-0.039,-0.494,4.637820,-74.083632,0.19,0,0
6329,64863089,-0.387,-0.093,-9.895,-0.027,0.660,-0.097,181.575,2.596,-0.009,-0.039,-0.097,4.637820,-74.083632,0.19,0,0
6330,64873098,-0.368,-0.069,-9.869,0.797,0.325,0.513,181.493,2.559,-0.007,-0.038,0.513,4.637820,-74.083632,0.19,0,0
6331,64883096,-0.380,-0.170,-9.783,1.774,-0.255,1.002,181.472,2.526,-0.017,-0.039,1.002,4.637820,-74.083632,0.19,0,0
6332,64893107,-0.439,-0.322,-9.684,2.476,-0.957,1.215,181.528,2.518,-0.033,-0.045,1.215,4.637820,-74.083632,0.19,0,0
6333,64903103,-0.501,-0.476,-9.682,2.201,-1.689,1.124,181.647,2.531,-0.049,-0.051,1.124,4.637820,-74.083632,0.19,0,0
6334,64916741,-0.547,-0.534,-9.751,1.316,-2.117,0.544,181.780,2.550,-0.054,-0.056,0.544,4.637820,-74.083632,0.19,0,0
6335,64923102,-0.599,-0.469,-9.828,0.096,-1.781,-0.097,181.856,2.602,-0.048,-0.061,-0.097,4.637820,-74.083632,0.19,0,0
6336,64933105,-0.592,-0.358,-9.891,-0.942,-1.048,-0.250,181.865,2.651,-0.036,-0.060,-0.250,4.637820,-74.083632,0.19,0,0
6337,64943109,-0.563,-0.240,-9.867,-1.278,-0.194,-0.219,181.817,2.692,-0.024,-0.057,-0.219,4.637820,-74.083632,0.19,0,0
6338,64953110,-0.499,-0.249,-9.922,-1.064,0.264,-0.097,181.778,2.704,-0.025,-0.051,-0.097,4.637820,-74.083632,0.19,0,0
6339,64963094,-0.523,-0.319,-9.857,-0.759,0.325,0.055,181.778,2.727,-0.033,-0.053,0.055,4.637820,-74.083632,0.19,0,0
6340,64973097,-0.485,-0.341,-9.912,-0.728,-0.163,-0.219,181.787,2.727,-0.035,-0.049,-0.219,4.637820,-74.083632,0.19,0,0
6341,64983106,-0.497,-0.264,-9.992,-0.759,-0.377,-0.799,181.759,2.727,-0.027,-0.051,-0.799,4.637820,-74.083632,0.19,0,0
6342,64993111,-0.494,-0.184,-10.020,-0.515,-0.438,-0.830,181.701,2.726,-0.019,-0.050,-0.830,4.637820,-74.083632,0.19,0,0
6343,65003101,-0.520,-0.177,-10.025,0.126,-0.286,-0.646,181.650,2.737,-0.018,-0.053,-0.646,4.637820,-74.083632,0.19,0,0
6344,65013100,-0.556,-0.158,-10.068,0.675,0.050,-0.494,181.599,2.765,-0.016,-0.057,-0.494,4.637820,-74.083632,0.19,0,0
6345,65023102,-0.508,-0.170,-9.934,1.316,0.447,-0.189,181.564,2.777,-0.017,-0.052,-0.189,4.637820,-74.083632,0.19,0,0
6346,65033110,-0.504,-0.365,-9.948,1.499,0.844,-0.219,181.620,2.789,-0.037,-0.051,-0.219,4.637820,-74.083632,0.19,0,0
6347,65043102,-0.487,-0.317,-9.833,1.072,1.057,-0.585,181.648,2.798,-0.032,-0.050,-0.585,4.637820,-74.083632,0.19,0,0
6348,65053111,-0.477,-0.276,-9.749,0.919,1.118,-0.555,181.655,2.803,-0.028,-0.049,-0.555,4.637820,-74.083632,0.19,0,0
6349,65063102,-0.449,-0.283,-9.703,0.736,1.118,-0.402,181.663,2.797,-0.029,-0.046,-0.402,4.637820,-74.083632,0.19,0,0
6350,65073106,-0.432,-0.346,-9.696,0.187,0.966,-0.311,181.695,2.782,-0.035,-0.044,-0.311,4.637820,-74.083632,0.19,0,0
6351,65083098,-0.437,-0.396,-9.684,-0.362,0.447,-0.250,181.741,2.766,-0.040,-0.045,-0.250,4.637820,-74.083632,0.19,0,0
6352,65093096,-0.418,-0.370,-9.713,-0.789,-0.011,-0.341,181.768,2.738,-0.038,-0.043,-0.341,4.637820,-74.083632,0.19,0,0
6353,65103092,-0.439,-0.367,-9.797,-1.217,-0.408,-0.494,181.786,2.716,-0.037,-0.045,-0.494,4.637820,-74.083632,0.19,0,0
6354,65113097,-0.456,-0.334,-9.867,-1.797,-0.774,-0.524,181.782,2.699,-0.034,-0.046,-0.524,4.637820,-74.083632,0.19,0,0
6355,65123092,-0.506,-0.216,-9.972,-2.071,-0.865,-0.463,181.722,2.702,-0.022,-0.052,-0.463,4.637820,-74.083632,0.19,0,0
6356,65133151,-0.570,-0.114,-10.080,-1.736,-0.652,-0.189,181.625,2.732,-0.012,-0.058,-0.189,4.637820,-74.083632,0.19,0,0
6357,65143093,-0.528,-0.293,-10.104,0.065,-0.316,-0.189,181.629,2.744,-0.030,-0.054,-0.189,4.637820,-74.083632,0.19,0,0
6358,65153096,-0.549,-0.266,-10.095,0.675,0.264,-0.555,181.626,2.769,-0.027,-0.056,-0.555,4.637820,-74.083632,0.19,0,0
6359,65163093,-0.563,-0.271,-10.006,0.675,0.630,-0.463,181.628,2.805,-0.028,-0.057,-0.463,4.637820,-74.083632,0.19,0,0
6360,65173102,-0.508,-0.387,-9.992,0.858,1.088,-0.433,181.681,2.818,-0.039,-0.052,-0.433,4.637820,-74.083632,0.19,0,0
6361,65183093,-0.451,-0.372,-9.907,0.584,1.454,-0.707,181.723,2.811,-0.038,-0.046,-0.707,4.637820,-74.083632,0.19,0,0
6362,65193096,-0.408,-0.343,-9.891,0.157,1.546,-0.738,181.745,2.786,-0.035,-0.042,-0.738,4.637820,-74.083632,0.19,0,0
6363,65203092,-0.389,-0.312,-9.838,-0.362,1.484,-0.585,181.748,2.755,-0.032,-0.040,-0.585,4.637820,-74.083632,0.19,0,0
6364,65213097,-0.344,-0.281,-9.811,-0.454,0.996,-0.402,181.736,2.703,-0.029,-0.035,-0.402,4.637820,-74.083632,0.19,0,0
6365,65223092,-0.368,-0.257,-9.840,-0.393,0.111,-0.372,181.714,2.656,-0.026,-0.038,-0.372,4.637820,-74.083632,0.19,0,0
6366,65233098,-0.399,-0.213,-9.879,0.004,-0.713,-0.219,181.679,2.618,-0.022,-0.041,-0.219,4.637820,-74.083632,0.19,0,0
6367,65243092,-0.437,-0.196,-9.903,0.736,-1.232,-0.006,181.645,2.595,-0.020,-0.045,-0.006,4.637820,-74.083632,0.19,0,0
6368,65263182,-0.516,-0.348,-9.907,1.621,-0.957,0.483,181.706,2.599,-0.036,-0.053,0.483,4.637820,-74.083632,0.19,0,0
6369,65264515,-0.516,-0.348,-9.907,1.621,-0.957,0.483,181.748,2.614,-0.036,-0.053,0.483,4.637820,-74.083632,0.19,0,0
6370,65273095,-0.513,-0.411,-9.840,1.164,-0.316,0.452,181.812,2.636,-0.042,-0.052,0.452,4.637820,-74.083632,0.19,0,0
6371,65283090,-0.518,-0.423,-9.826,0.279,0.172,0.391,181.867,2.663,-0.043,-0.053,0.391,4.637820,-74.083632,0.19,0,0
6372,65293096,-0.532,-0.363,-9.816,-0.423,0.355,0.208,181.883,2.697,-0.037,-0.054,0.208,4.637820,-74.083632,0.19,0,0
6373,65303090,-0.532,-0.331,-9.838,-0.637,0.264,-0.128,181.882,2.726,-0.034,-0.054,-0.128,4.637820,-74.083632,0.19,0,0
6374,65313096,-0.537,-0.324,-9.888,-0.637,0.050,-0.524,181.876,2.751,-0.033,-0.055,-0.524,4.637820,-74.083632,0.19,0,0
6375,65323090,-0.511,-0.305,-9.924,-0.484,0.142,-0.891,181.863,2.763,-0.031,-0.052,-0.891,4.637820,-74.083632,0.19,0,0
6376,65333095,-0.485,-0.266,-9.960,-0.515,0.477,-1.135,181.833,2.764,-0.027,-0.049,-1.135,4.637820,-74.083632,0.19,0,0
6377,65343090,-0.449,-0.204,-10.023,-0.545,0.966,-1.013,181.777,2.753,-0.021,-0.046,-1.013,4.637820,-74.083632,0.19,0,0
6378,65353095,-0.430,-0.122,-9.984,-0.423,1.454,-0.616,181.690,2.739,-0.012,-0.044,-0.616,4.637820,-74.083632,0.19,0,0
6379,65363090,-0.382,-0.081,-9.915,0.096,1.668,-0.219,181.597,2.709,-0.008,-0.039,-0.219,4.637820,-74.083632,0.19,0,0
6380,65373095,-0.380,-0.124,-9.804,0.950,1.301,0.300,181.539,2.678,-0.013,-0.039,0.300,4.637820,-74.083632,0.19,0,0
6381,65383090,-0.394,-0.259,-9.713,1.591,0.660,0.696,181.553,2.652,-0.026,-0.040,0.696,4.637820,-74.083632,0.19,0,0
6382,65393096,-0.396,-0.389,-9.670,1.682,-0.163,0.727,181.627,2.622,-0.040,-0.040,0.727,4.637820,-74.083632,0.19,0,0
6383,65403090,-0.454,-0.483,-9.689,1.347,-0.804,0.513,181.734,2.614,-0.049,-0.046,0.513,4.637820,-74.083632,0.19,0,0
6384,65413095,-0.511,-0.495,-9.747,0.279,-1.110,0.178,181.827,2.628,-0.051,-0.052,0.178,4.637820,-74.083632,0.19,0,0
6385,65423090,-0.556,-0.459,-9.835,-0.820,-1.110,-0.280,181.885,2.660,-0.047,-0.057,-0.280,4.637820,-74.083632,0.19,0,0
6386,65433094,-0.544,-0.341,-9.919,-1.583,-0.865,-0.677,181.878,2.683,-0.035,-0.055,-0.677,4.637820,-74.083632,0.19,0,0
6387,65443090,-0.518,-0.237,-9.996,-1.766,-0.225,-0.768,181.822,2.698,-0.024,-0.053,-0.768,4.637820,-74.083632,0.19,0,0
6388,65453094,-0.489,-0.165,-10.023,-1.369,0.172,-0.646,181.743,2.702,-0.017,-0.050,-0.646,4.637820,-74.083632,0.19,0,0
6389,65463090,-0.458,-0.129,-9.989,-0.728,0.447,-0.463,181.660,2.696,-0.013,-0.047,-0.463,4.637820,-74.083632,0.19,0,0
6390,65473094,-0.420,-0.151,-9.967,-0.057,0.508,-0.128,181.600,2.674,-0.015,-0.043,-0.128,4.637820,-74.083632,0.19,0,0
6391,65483090,-0.427,-0.230,-9.924,0.431,0.203,0.178,181.583,2.655,-0.023,-0.044,0.178,4.637820,-74.083632,0.19,0,0
6392,65493094,-0.432,-0.319,-9.876,0.675,-0.255,0.147,181.611,2.637,-0.033,-0.044,0.147,4.637820,-74.083632,0.19,0,0
6393,65503090,-0.442,-0.324,-9.912,0.584,-0.652,-0.067,181.637,2.619,-0.033,-0.045,-0.067,4.637820,-74.083632,0.19,0,0
6394,65513096,-0.480,-0.247,-9.941,0.340,-0.835,-0.280,181.624,2.618,-0.025,-0.049,-0.280,4.637820,-74.083632,0.19,0,0
6395,65523090,-0.501,-0.206,-9.987,0.431,-0.499,-0.280,181.595,2.628,-0.021,-0.051,-0.280,4.637820,-74.083632,0.19,0,0
6396,65533095,-0.504,-0.216,-9.977,0.645,0.081,-0.128,181.574,2.644,-0.022,-0.051,-0.128,4.637820,-74.083632,0.19,0,0
6397,65543092,-0.508,-0.230,-9.936,0.919,0.630,-0.067,181.564,2.666,-0.023,-0.052,-0.067,4.637820,-74.083632,0.19,0,0
6398,65553096,-0.470,-0.254,-9.833,1.011,0.935,0.147,181.568,2.676,-0.026,-0.048,0.147,4.637820,-74.083632,0.19,0,0
6399,65591990,-0.489,-0.416,-9.677,-0.088,-0.987,0.208,181.648,2.642,-0.042,-0.050,0.208,4.637820,-74.083632,0.19,0,0
6400,65593312,-0.489,-0.416,-9.677,-0.088,-0.987,0.208,181.728,2.626,-0.042,-0.050,0.208,4.637820,-74.083632,0.19,0,0
6401,65594623,-0.489,-0.416,-9.677,-0.088,-0.987,0.208,181.802,2.624,-0.042,-0.050,0.208,4.637820,-74.083632,0.19,0,0
6402,65595930,-0.489,-0.416,-9.677,-0.088,-0.987,0.208,181.867,2.633,-0.042,-0.050,0.208,4.637820,-74.083632,0.19,0,0
6403,65603098,-0.535,-0.428,-9.783,-0.820,-1.689,-0.189,181.920,2.660,-0.044,-0.055,-0.189,4.637820,-74.083632,0.19,0,0
6404,65613089,-0.580,-0.365,-9.891,-1.430,-1.781,-0.463,181.926,2.703,-0.037,-0.059,-0.463,4.637820,-74.083632,0.19,0,0
6405,65623087,-0.637,-0.247,-10.028,-1.552,-1.598,-0.830,181.866,2.767,-0.025,-0.065,-0.830,4.637820,-74.083632,0.19,0,0
6406,65633097,-0.625,-0.167,-10.131,-1.156,-0.774,-0.921,181.776,2.822,-0.017,-0.064,-0.921,4.637820,-74.083632,0.19,0,0
6407,65643089,-0.585,-0.175,-10.095,-0.301,0.233,-0.830,181.706,2.862,-0.018,-0.060,-0.830,4.637820,-74.083632,0.19,0,0
6408,65653091,-0.573,-0.218,-10.040,0.462,1.027,-0.768,181.672,2.900,-0.022,-0.058,-0.768,4.637820,-74.083632,0.19,0,0
6409,65663092,-0.506,-0.266,-9.912,0.950,1.576,-0.646,181.671,2.912,-0.027,-0.052,-0.646,4.637820,-74.083632,0.19,0,0
6410,65673102,-0.408,-0.336,-9.807,0.919,1.637,-0.524,181.704,2.879,-0.034,-0.042,-0.524,4.637820,-74.083632,0.19,0,0
6411,65683094,-0.399,-0.394,-9.732,0.462,1.332,-0.494,181.758,2.843,-0.040,-0.041,-0.494,4.637820,-74.083632,0.19,0,0
6412,65693102,-0.394,-0.372,-9.718,-0.149,0.538,-0.646,181.792,2.801,-0.038,-0.040,-0.646,4.637820,-74.083632,0.19,0,0
6413,65703095,-0.334,-0.367,-9.751,-0.576,-0.041,-0.768,181.817,2.729,-0.037,-0.034,-0.768,4.637820,-74.083632,0.19,0,0
6414,65713104,-0.356,-0.305,-9.799,-1.095,-0.408,-0.707,181.805,2.669,-0.031,-0.036,-0.707,4.637820,-74.083632,0.19,0,0
6415,65723092,-0.411,-0.266,-9.871,-1.491,-0.682,-0.402,181.771,2.636,-0.027,-0.042,-0.402,4.637820,-74.083632,0.19,0,0
6416,65733106,-0.384,-0.225,-9.922,-1.308,-0.804,0.025,181.723,2.591,-0.023,-0.039,0.025,4.637820,-74.083632,0.19,0,0
6417,65743094,-0.437,-0.189,-9.958,-0.728,-0.926,0.208,181.667,2.571,-0.019,-0.045,0.208,4.637820,-74.083632,0.19,0,0
6418,65753106,-0.501,-0.199,-10.004,0.248,-1.079,0.147,181.629,2.580,-0.020,-0.051,0.147,4.637820,-74.083632,0.19,0,0
6419,65763095,-0.516,-0.264,-10.018,1.042,-0.865,0.025,181.630,2.595,-0.027,-0.053,0.025,4.637820,-74.083632,0.19,0,0
6420,65773103,-0.497,-0.336,-10.013,1.438,-0.408,-0.006,181.666,2.605,-0.034,-0.051,-0.006,4.637820,-74.083632,0.19,0,0
6421,65783097,-0.480,-0.360,-9.951,0.981,0.355,-0.036,181.707,2.616,-0.037,-0.049,-0.036,4.637820,-74.083632,0.19,0,0
6422,65793099,-0.480,-0.355,-9.924,0.431,0.935,-0.006,181.738,2.631,-0.036,-0.049,-0.006,4.637820,-74.083632,0.19,0,0
6423,65803099,-0.489,-0.281,-9.876,0.218,1.118,-0.036,181.732,2.653,-0.029,-0.050,-0.036,4.637820,-74.083632,0.19,0,0
6424,65813108,-0.487,-0.281,-9.811,0.462,0.783,-0.067,181.730,2.669,-0.029,-0.050,-0.067,4.637820,-74.083632,0.19,0,0
6425,65823091,-0.477,-0.314,-9.785,0.736,0.294,-0.067,181.746,2.677,-0.032,-0.049,-0.067,4.637820,-74.083632,0.19,0,0
6426,65833113,-0.497,-0.380,-9.802,0.797,-0.072,-0.372,181.790,2.688,-0.039,-0.051,-0.372,4.637820,-74.083632,0.19,0,0
6427,65843108,-0.499,-0.413,-9.864,0.309,-0.072,-0.555,181.840,2.699,-0.042,-0.051,-0.555,4.637820,-74.083632,0.19,0,0
6428,65853101,-0.473,-0.375,-9.881,-0.484,0.111,-0.799,181.861,2.698,-0.038,-0.048,-0.799,4.637820,-74.083632,0.19,0,0
6429,65863094,-0.461,-0.254,-9.948,-1.095,0.355,-0.921,181.822,2.693,-0.026,-0.047,-0.921,4.637820,-74.083632,0.19,0,0
6430,65873107,-0.439,-0.090,-9.989,-1.095,0.722,-0.707,181.712,2.681,-0.009,-0.045,-0.707,4.637820,-74.083632,0.19,0,0
6431,65883110,-0.387,0.028,-9.946,-0.240,1.057,-0.036,181.568,2.652,0.003,-0.039,-0.036,4.637820,-74.083632,0.19,0,0
6432,65893102,-0.427,-0.032,-9.819,0.950,1.027,0.849,181.472,2.644,-0.003,-0.044,0.849,4.637820,-74.083632,0.19,0,0
6433,65903092,-0.449,-0.223,-9.677,1.927,0.447,1.551,181.479,2.644,-0.023,-0.046,1.551,4.637820,-74.083632,0.19,0,0
6434,65916594,-0.473,-0.408,-9.590,2.018,-0.377,1.642,181.579,2.647,-0.042,-0.048,1.642,4.637820,-74.083632,0.19,0,0
6435,65923099,-0.520,-0.572,-9.593,1.164,-1.110,1.032,181.733,2.667,-0.058,-0.053,1.032,4.637820,-74.083632,0.19,0,0
6436,65933109,-0.573,-0.606,-9.674,-0.301,-1.811,0.147,181.875,2.701,-0.062,-0.058,0.147,4.637820,-74.083632,0.19,0,0
6437,65943103,-0.623,-0.507,-9.792,-1.980,-1.811,-0.616,181.942,2.752,-0.052,-0.064,-0.616,4.637820,-74.083632,0.19,0,0
6438,65953105,-0.642,-0.353,-9.953,-2.956,-1.110,-1.074,181.922,2.809,-0.036,-0.065,-1.074,4.637820,-74.083632,0.19,0,0
6439,65963099,-0.618,-0.184,-10.054,-3.048,-0.194,-1.165,181.827,2.857,-0.019,-0.063,-1.165,4.637820,-74.083632,0.19,0,0
6440,65973103,-0.556,-0.119,-10.064,-2.315,0.783,-1.043,181.718,2.883,-0.012,-0.057,-1.043,4.637820,-74.083632,0.19,0,0
6441,65983111,-0.518,-0.148,-10.042,-1.339,1.240,-0.830,181.639,2.895,-0.015,-0.053,-0.830,4.637820,-74.083632,0.19,0,0
6442,65993102,-0.492,-0.228,-10.042,-0.362,1.118,-0.982,181.610,2.894,-0.023,-0.050,-0.982,4.637820,-74.083632,0.19,0,0
6443,66003107,-0.437,-0.271,-10.006,0.157,0.752,-1.196,181.608,2.866,-0.028,-0.045,-1.196,4.637820,-74.083632,0.19,0,0
6444,66013113,-0.415,-0.206,-10.061,0.431,0.264,-1.348,181.579,2.825,-0.021,-0.042,-1.348,4.637820,-74.083632,0.19,0,0
6445,66023113,-0.411,-0.155,-10.080,0.828,0.233,-1.287,181.534,2.785,-0.016,-0.042,-1.287,4.637820,-74.083632,0.19,0,0
6446,66033106,-0.420,-0.201,-10.032,1.286,0.416,-0.891,181.517,2.755,-0.021,-0.043,-0.891,4.637820,-74.083632,0.19,0,0
6447,66043094,-0.446,-0.264,-9.972,1.499,0.569,-0.646,181.531,2.740,-0.027,-0.046,-0.646,4.637820,-74.083632,0.19,0,0
6448,66053103,-0.427,-0.339,-9.912,1.560,0.691,-0.738,181.579,2.721,-0.035,-0.044,-0.738,4.637820,-74.083632,0.19,0,0
6449,66063091,-0.415,-0.336,-9.843,1.194,0.691,-0.799,181.619,2.700,-0.034,-0.042,-0.799,4.637820,-74.083632,0.19,0,0
6450,66073102,-0.382,-0.273,-9.811,0.858,0.538,-0.524,181.626,2.664,-0.028,-0.039,-0.524,4.637820,-74.083632,0.19,0,0
6451,66083097,-0.387,-0.245,-9.787,0.675,0.142,-0.341,181.618,2.630,-0.025,-0.039,-0.341,4.637820,-74.083632,0.19,0,0
6452,66093090,-0.430,-0.259,-9.807,0.828,-0.377,-0.189,181.618,2.612,-0.026,-0.044,-0.189,4.637820,-74.083632,0.19,0,0
6453,66103098,-0.470,-0.271,-9.816,1.072,-0.987,-0.128,181.626,2.608,-0.028,-0.048,-0.128,4.637820,-74.083632,0.19,0,0
6454,66113096,-0.506,-0.302,-9.802,1.164,-1.384,0.025,181.648,2.617,-0.031,-0.052,0.025,4.637820,-74.083632,0.19,0,0
6455,66123092,-0.582,-0.322,-9.797,1.316,-1.476,0.025,181.678,2.658,-0.033,-0.059,0.025,4.637820,-74.083632,0.19,0,0
6456,66133147,-0.616,-0.377,-9.799,1.072,-1.415,-0.036,181.729,2.712,-0.038,-0.063,-0.036,4.637820,-74.083632,0.19,0,0
6457,66143092,-0.659,-0.476,-9.802,0.675,-1.018,-0.341,181.816,2.784,-0.049,-0.067,-0.341,4.637820,-74.083632,0.19,0,0
6458,66153097,-0.649,-0.502,-9.840,0.004,-0.621,-0.891,181.901,2.848,-0.051,-0.066,-0.891,4.637820,-74.083632,0.19,0,0
6459,66163092,-0.616,-0.435,-9.871,-0.759,-0.194,-1.470,181.942,2.896,-0.044,-0.063,-1.470,4.637820,-74.083632,0.19,0,0
6460,66173097,-0.585,-0.355,-9.883,-1.400,0.477,-1.715,181.938,2.933,-0.036,-0.060,-1.715,4.637820,-74.083632,0.19,0,0
6461,66183092,-0.539,-0.307,-9.917,-1.278,0.996,-1.898,181.915,2.951,-0.031,-0.055,-1.898,4.637820,-74.083632,0.19,0,0
6462,66193096,-0.468,-0.273,-9.917,-1.125,1.423,-2.020,181.879,2.941,-0.028,-0.048,-2.020,4.637820,-74.083632,0.19,0,0
6463,66203092,-0.377,-0.273,-9.924,-0.973,1.546,-2.020,181.848,2.892,-0.028,-0.038,-2.020,4.637820,-74.083632,0.19,0,0
6464,66213097,-0.330,-0.223,-9.893,-0.851,1.423,-1.867,181.798,2.826,-0.023,-0.034,-1.867,4.637820,-74.083632,0.19,0,0
6465,66223092,-0.296,-0.179,-9.922,-0.759,1.271,-1.562,181.734,2.748,-0.018,-0.030,-1.562,4.637820,-74.083632,0.19,0,0
6466,66233096,-0.265,-0.179,-9.886,-0.728,0.905,-1.165,181.675,2.659,-0.018,-0.027,-1.165,4.637820,-74.083632,0.19,0,0
6467,66243093,-0.272,-0.196,-9.888,-0.454,0.355,-0.677,181.630,2.575,-0.020,-0.028,-0.677,4.637820,-74.083632,0.19,0,0
6468,66256270,-0.282,-0.211,-9.898,-0.149,-0.286,-0.250,181.597,2.492,-0.021,-0.029,-0.250,4.637820,-74.083632,0.19,0,0
6469,66263090,-0.320,-0.237,-9.886,0.034,-0.896,0.147,181.581,2.430,-0.024,-0.033,0.147,4.637820,-74.083632,0.19,0,0
6470,66273095,-0.368,-0.261,-9.900,0.553,-1.476,0.391,181.581,2.388,-0.027,-0.038,0.391,4.637820,-74.083632,0.19,0,0
6471,66283090,-0.439,-0.264,-9.903,1.042,-1.872,0.452,181.587,2.377,-0.027,-0.045,0.452,4.637820,-74.083632,0.19,0,0
6472,66293096,-0.473,-0.281,-9.900,1.316,-1.720,0.666,181.603,2.384,-0.029,-0.048,0.666,4.637820,-74.083632,0.19,0,0
6473,66303090,-0.494,-0.380,-9.843,1.255,-1.079,0.727,181.661,2.407,-0.039,-0.050,0.727,4.637820,-74.083632,0.19,0,0
6474,66313095,-0.489,-0.476,-9.828,0.797,-0.377,0.727,181.755,2.432,-0.049,-0.050,0.727,4.637820,-74.083632,0.19,0,0
6475,66323090,-0.485,-0.471,-9.807,-0.362,0.142,0.483,181.828,2.459,-0.048,-0.049,0.483,4.637820,-74.083632,0.19,0,0
6476,66333096,-0.470,-0.411,-9.814,-1.400,0.386,0.117,181.860,2.480,-0.042,-0.048,0.117,4.637820,-74.083632,0.19,0,0
6477,66343090,-0.487,-0.298,-9.857,-1.400,0.264,-0.006,181.837,2.504,-0.030,-0.050,-0.006,4.637820,-74.083632,0.19,0,0
6478,66353096,-0.475,-0.194,-9.891,-1.339,0.111,0.025,181.771,2.519,-0.020,-0.048,0.025,4.637820,-74.083632,0.19,0,0
6479,66363091,-0.516,-0.179,-9.905,-0.881,-0.011,0.025,181.707,2.549,-0.018,-0.053,0.025,4.637820,-74.083632,0.19,0,0
6480,66373094,-0.480,-0.220,-9.917,-0.332,-0.102,0.117,181.672,2.560,-0.022,-0.049,0.117,4.637820,-74.083632,0.19,0,0
6481,66383090,-0.456,-0.271,-9.934,-0.057,0.081,0.025,181.663,2.562,-0.028,-0.046,0.025,4.637820,-74.083632,0.19,0,0
6482,66393095,-0.430,-0.288,-9.936,-0.301,0.477,0.025,181.661,2.555,-0.029,-0.044,0.025,4.637820,-74.083632,0.19,0,0
6483,66403090,-0.415,-0.230,-9.924,-0.576,0.783,0.178,181.631,2.545,-0.023,-0.042,0.178,4.637820,-74.083632,0.19,0,0
6484,66413095,-0.396,-0.155,-9.852,-0.576,1.027,0.513,181.570,2.531,-0.016,-0.040,0.513,4.637820,-74.083632,0.19,0,0
6485,66423090,-0.382,-0.184,-9.759,-0.301,0.935,1.093,181.531,2.513,-0.019,-0.039,1.093,4.637820,-74.083632,0.19,0,0
6486,66433095,-0.401,-0.273,-9.684,-0.179,0.325,1.581,181.536,2.501,-0.028,-0.041,1.581,4.637820,-74.083632,0.19,0,0
6487,66443090,-0.427,-0.353,-9.682,-0.118,-0.804,1.703,181.578,2.490,-0.036,-0.044,1.703,4.637820,-74.083632,0.19,0,0
6488,66453096,-0.535,-0.404,-9.684,-0.271,-1.842,1.429,181.638,2.520,-0.041,-0.055,1.429,4.637820,-74.083632,0.19,0,0
6489,66463090,-0.597,-0.452,-9.756,-0.515,-2.635,0.940,181.711,2.565,-0.046,-0.061,0.940,4.637820,-74.083632,0.19,0,0
6490,66473095,-0.640,-0.457,-9.891,-1.095,-2.788,0.361,181.772,2.621,-0.047,-0.065,0.361,4.637820,-74.083632,0.19,0,0
6491,66483090,-0.716,-0.425,-10.008,-1.675,-2.300,-0.280,181.808,2.706,-0.043,-0.073,-0.280,4.637820,-74.083632,0.19,0,0
6492,66493097,-0.725,-0.375,-10.124,-1.888,-1.262,-0.860,181.815,2.796,-0.038,-0.074,-0.860,4.637820,-74.083632,0.19,0,0
6493,66503090,-0.690,-0.273,-10.184,-1.736,0.142,-1.379,181.778,2.875,-0.028,-0.070,-1.379,4.637820,-74.083632,0.19,0,0
6494,66513096,-0.613,-0.191,-10.174,-1.247,1.484,-1.409,181.714,2.927,-0.020,-0.063,-1.409,4.637820,-74.083632,0.19,0,0
6495,66523090,-0.508,-0.165,-10.092,-0.851,2.461,-1.074,181.647,2.942,-0.017,-0.052,-1.074,4.637820,-74.083632,0.19,0,0
6496,66533096,-0.430,-0.199,-9.946,-0.271,2.644,-0.677,181.607,2.926,-0.020,-0.044,-0.677,4.637820,-74.083632,0.19,0,0
6497,66543090,-0.330,-0.235,-9.831,0.370,1.942,-0.677,181.593,2.863,-0.024,-0.034,-0.677,4.637820,-74.083632,0.19,0,0
6498,66553096,-0.296,-0.218,-9.756,0.736,0.630,-0.524,181.577,2.778,-0.022,-0.030,-0.524,4.637820,-74.083632,0.19,0,0
6499,66582318,-0.425,-0.300,-9.802,0.218,-1.659,0.117,181.599,2.695,-0.031,-0.043,0.117,4.637820,-74.083632,0.19,0,0
6500,66583640,-0.425,-0.300,-9.802,0.218,-1.659,0.117,181.618,2.635,-0.031,-0.043,0.117,4.637820,-74.083632,0.19,0,0
6501,66584951,-0.425,-0.300,-9.802,0.218,-1.659,0.117,181.633,2.598,-0.031,-0.043,0.117,4.637820,-74.083632,0.19,0,0
6502,66593093,-0.470,-0.290,-9.855,-0.240,-1.506,0.239,181.636,2.591,-0.030,-0.048,0.239,4.637820,-74.083632,0.19,0,0
6503,66603089,-0.473,-0.295,-9.891,-0.576,-0.926,0.361,181.638,2.590,-0.030,-0.048,0.361,4.637820,-74.083632,0.19,0,0
6504,66613093,-0.482,-0.314,-9.864,-1.034,-0.194,0.452,181.645,2.601,-0.032,-0.049,0.452,4.637820,-74.083632,0.19,0,0
6505,66623091,-0.458,-0.305,-9.857,-1.247,0.264,0.422,181.644,2.604,-0.031,-0.047,0.422,4.637820,-74.083632,0.19,0,0
6506,66633145,-0.427,-0.281,-9.852,-1.339,0.294,0.574,181.632,2.592,-0.029,-0.044,0.574,4.637820,-74.083632,0.19,0,0
6507,66643090,-0.430,-0.295,-9.821,-1.430,0.172,0.696,181.626,2.582,-0.030,-0.044,0.696,4.637820,-74.083632,0.19,0,0
6508,66653095,-0.456,-0.290,-9.845,-1.430,-0.133,0.727,181.619,2.582,-0.030,-0.046,0.727,4.637820,-74.083632,0.19,0,0
6509,66663090,-0.480,-0.283,-9.886,-1.186,-0.743,0.727,181.610,2.586,-0.029,-0.049,0.727,4.637820,-74.083632,0.19,0,0
6510,66673105,-0.523,-0.264,-9.948,-0.667,-1.323,0.483,181.597,2.602,-0.027,-0.053,0.483,4.637820,-74.083632,0.19,0,0
6511,66683097,-0.570,-0.305,-10.040,-0.454,-1.201,0.239,181.605,2.637,-0.031,-0.058,0.239,4.637820,-74.083632,0.19,0,0
6512,66693100,-0.594,-0.295,-10.100,-0.332,-0.499,-0.097,181.608,2.685,-0.030,-0.061,-0.097,4.637820,-74.083632,0.19,0,0
6513,66703105,-0.597,-0.281,-10.100,-0.271,0.630,-0.189,181.605,2.740,-0.029,-0.061,-0.189,4.637820,-74.083632,0.19,0,0
6514,66713100,-0.561,-0.247,-10.044,-0.027,1.851,-0.189,181.590,2.788,-0.025,-0.057,-0.189,4.637820,-74.083632,0.19,0,0
6515,66723095,-0.487,-0.249,-9.929,0.187,2.980,0.178,181.580,2.813,-0.025,-0.050,0.178,4.637820,-74.083632,0.19,0,0
6516,66733101,-0.399,-0.317,-9.787,0.126,3.438,0.666,181.603,2.802,-0.032,-0.041,0.666,4.637820,-74.083632,0.19,0,0
6517,66743092,-0.334,-0.392,-9.662,-0.423,2.949,1.002,181.655,2.762,-0.040,-0.034,1.002,4.637820,-74.083632,0.19,0,0
6518,66753104,-0.322,-0.399,-9.598,-0.881,1.423,1.124,181.703,2.706,-0.041,-0.033,1.124,4.637820,-74.083632,0.19,0,0
6519,66763091,-0.370,-0.360,-9.626,-1.491,-0.652,1.124,181.724,2.656,-0.037,-0.038,1.124,4.637820,-74.083632,0.19,0,0
6520,66773104,-0.473,-0.305,-9.816,-1.644,-2.666,1.063,181.714,2.634,-0.031,-0.048,1.063,4.637820,-74.083632,0.19,0,0
6521,66783107,-0.592,-0.216,-10.042,-1.217,-4.100,0.757,181.666,2.648,-0.022,-0.060,0.757,4.637820,-74.083632,0.19,0,0
6522,66793108,-0.687,-0.175,-10.181,-0.393,-4.253,0.452,181.611,2.697,-0.018,-0.070,0.452,4.637820,-74.083632,0.19,0,0
6523,66803098,-0.807,-0.194,-10.306,0.584,-3.276,0.178,181.576,2.798,-0.020,-0.082,0.178,4.637820,-74.083632,0.19,0,0
6524,66813105,-0.823,-0.266,-10.292,1.621,-1.354,-0.097,181.584,2.917,-0.027,-0.084,-0.097,4.637820,-74.083632,0.19,0,0
6525,66823100,-0.756,-0.336,-10.215,1.988,0.966,-0.402,181.626,3.022,-0.034,-0.077,-0.402,4.637820,-74.083632,0.19,0,0
6526,66833108,-0.644,-0.346,-10.040,1.805,3.041,-0.738,181.670,3.095,-0.035,-0.066,-0.738,4.637820,-74.083632,0.19,0,0
6527,66843101,-0.518,-0.375,-9.828,1.469,4.506,-0.891,181.723,3.126,-0.038,-0.053,-0.891,4.637820,-74.083632,0.19,0,0
6528,66853106,-0.361,-0.392,-9.694,0.828,4.811,-0.891,181.777,3.089,-0.040,-0.037,-0.891,4.637820,-74.083632,0.19,0,0
6529,66863094,-0.215,-0.367,-9.554,-0.179,4.170,-0.768,181.808,2.986,-0.037,-0.022,-0.768,4.637820,-74.083632,0.19,0,0
6530,66873104,-0.139,-0.254,-9.521,-1.095,2.644,-0.494,181.777,2.842,-0.026,-0.014,-0.494,4.637820,-74.083632,0.19,0,0
6531,66883109,-0.113,-0.141,-9.562,-1.461,0.538,-0.006,181.693,2.677,-0.014,-0.011,-0.006,4.637820,-74.083632,0.19,0,0
6532,66893099,-0.206,-0.112,-9.667,-1.156,-1.750,0.635,181.605,2.545,-0.011,-0.021,0.635,4.637820,-74.083632,0.19,0,0
6533,66903094,-0.315,-0.090,-9.771,-0.362,-3.490,1.215,181.520,2.455,-0.009,-0.032,1.215,4.637820,-74.083632,0.19,0,0
6534,66916675,-0.458,-0.151,-9.900,0.370,-4.375,1.673,181.475,2.409,-0.015,-0.047,1.673,4.637820,-74.083632,0.19,0,0
6535,66923094,-0.578,-0.298,-9.992,0.858,-4.314,1.612,181.501,2.434,-0.030,-0.059,1.612,4.637820,-74.083632,0.19,0,0
6536,66933101,-0.623,-0.445,-10.071,0.462,-3.337,1.002,181.585,2.484,-0.045,-0.064,1.002,4.637820,-74.083632,0.19,0,0
6537,66943097,-0.644,-0.435,-10.172,-0.759,-1.720,0.239,181.646,2.552,-0.044,-0.066,0.239,4.637820,-74.083632,0.19,0,0
6538,66953104,-0.604,-0.259,-10.212,-1.613,-0.133,-0.463,181.617,2.610,-0.026,-0.062,-0.463,4.637820,-74.083632,0.19,0,0
6539,66963108,-0.575,-0.023,-10.191,-1.461,1.027,-0.616,181.489,2.663,-0.002,-0.059,-0.616,4.637820,-74.083632,0.19,0,0
6540,66973111,-0.499,0.103,-10.071,-0.057,2.003,-0.006,181.330,2.690,0.010,-0.051,-0.006,4.637820,-74.083632,0.19,0,0
6541,66983093,-0.432,0.035,-9.883,1.652,2.278,0.666,181.228,2.692,0.004,-0.044,0.666,4.637820,-74.083632,0.19,0,0
6542,66993098,-0.404,-0.191,-9.699,2.934,1.759,1.276,181.248,2.680,-0.020,-0.041,1.276,4.637820,-74.083632,0.19,0,0
6543,67003102,-0.439,-0.411,-9.574,2.995,0.691,1.398,181.369,2.677,-0.042,-0.045,1.398,4.637820,-74.083632,0.19,0,0
6544,67013103,-0.494,-0.553,-9.547,2.049,-0.499,1.032,181.537,2.690,-0.056,-0.050,1.032,4.637820,-74.083632,0.19,0,0
6545,67023105,-0.513,-0.565,-9.586,0.401,-1.476,0.269,181.682,2.700,-0.058,-0.052,0.269,4.637820,-74.083632,0.19,0,0
6546,67033109,-0.611,-0.500,-9.727,-1.339,-1.995,-0.433,181.767,2.744,-0.051,-0.062,-0.433,4.637820,-74.083632,0.19,0,0
6547,67043093,-0.656,-0.353,-9.927,-2.376,-1.842,-1.043,181.766,2.802,-0.036,-0.067,-1.043,4.637820,-74.083632,0.19,0,0
6548,67053111,-0.690,-0.179,-10.100,-2.651,-1.323,-1.440,181.685,2.869,-0.018,-0.070,-1.440,4.637820,-74.083632,0.19,0,0
6549,67063104,-0.690,-0.049,-10.179,-1.858,-0.347,-1.501,181.561,2.938,-0.005,-0.070,-1.501,4.637820,-74.083632,0.19,0,0
6550,67073108,-0.637,-0.054,-10.193,-0.759,0.447,-1.165,181.459,2.987,-0.006,-0.065,-1.165,4.637820,-74.083632,0.19,0,0
6551,67083097,-0.599,-0.136,-10.140,0.279,1.210,-0.891,181.409,3.023,-0.014,-0.061,-0.891,4.637820,-74.083632,0.19,0,0
6552,67093095,-0.570,-0.179,-10.028,1.072,1.301,-0.860,181.390,3.048,-0.018,-0.058,-0.860,4.637820,-74.083632,0.19,0,0
6553,67103092,-0.535,-0.213,-9.939,1.438,1.057,-0.921,181.392,3.056,-0.022,-0.055,-0.921,4.637820,-74.083632,0.19,0,0
6554,67113097,-0.489,-0.237,-9.847,1.682,0.783,-0.921,181.407,3.042,-0.024,-0.050,-0.921,4.637820,-74.083632,0.19,0,0
6555,67123092,-0.466,-0.319,-9.785,1.408,0.447,-0.830,181.456,3.018,-0.033,-0.047,-0.830,4.637820,-74.083632,0.19,0,0
6556,67133147,-0.458,-0.404,-9.739,0.919,0.111,-0.738,181.535,2.989,-0.041,-0.047,-0.738,4.637820,-74.083632,0.19,0,0
6557,67143092,-0.477,-0.392,-9.759,-0.027,-0.225,-0.891,181.593,2.968,-0.040,-0.049,-0.891,4.637820,-74.083632,0.19,0,0
6558,67153097,-0.461,-0.278,-9.821,-0.576,-0.560,-1.043,181.591,2.937,-0.028,-0.047,-1.043,4.637820,-74.083632,0.19,0,0
6559,67163092,-0.499,-0.196,-9.850,-0.423,-0.804,-1.135,181.553,2.922,-0.020,-0.051,-1.135,4.637820,-74.083632,0.19,0,0
6560,67173097,-0.494,-0.179,-9.905,0.065,-0.743,-1.135,181.515,2.905,-0.018,-0.050,-1.135,4.637820,-74.083632,0.19,0,0
6561,67183092,-0.480,-0.211,-9.919,0.675,-0.469,-1.165,181.499,2.886,-0.021,-0.049,-1.165,4.637820,-74.083632,0.19,0,0
6562,67193097,-0.499,-0.295,-9.864,1.042,-0.133,-0.921,181.526,2.881,-0.030,-0.051,-0.921,4.637820,-74.083632,0.19,0,0
6563,67203093,-0.437,-0.360,-9.838,0.706,0.203,-0.952,181.576,2.852,-0.037,-0.045,-0.952,4.637820,-74.083632,0.19,0,0
6564,67213097,-0.396,-0.372,-9.819,0.065,0.416,-1.074,181.623,2.810,-0.038,-0.040,-1.074,4.637820,-74.083632,0.19,0,0
6565,67223092,-0.384,-0.324,-9.807,-0.484,0.538,-1.074,181.640,2.767,-0.033,-0.039,-1.074,4.637820,-74.083632,0.19,0,0
6566,67233097,-0.344,-0.257,-9.823,-0.789,0.752,-0.952,181.622,2.712,-0.026,-0.035,-0.952,4.637820,-74.083632,0.19,0,0
6567,67243092,-0.327,-0.247,-9.833,-0.881,0.783,-0.494,181.600,2.653,-0.025,-0.033,-0.494,4.637820,-74.083632,0.19,0,0
6568,67256408,-0.320,-0.242,-9.838,-0.881,0.355,-0.097,181.576,2.589,-0.025,-0.033,-0.097,4.637820,-74.083632,0.19,0,0
6569,67263090,-0.368,-0.245,-9.850,-0.545,-0.102,0.025,181.559,2.549,-0.025,-0.038,0.025,4.637820,-74.083632,0.19,0,0
6570,67273095,-0.396,-0.247,-9.893,-0.210,-0.499,-0.006,181.548,2.520,-0.025,-0.040,-0.006,4.637820,-74.083632,0.19,0,0
6571,67283090,-0.396,-0.237,-9.929,-0.057,-0.591,0.117,181.534,2.492,-0.024,-0.040,0.117,4.637820,-74.083632,0.19,0,0
6572,67293095,-0.401,-0.225,-9.943,0.004,-0.469,0.361,181.516,2.469,-0.023,-0.041,0.361,4.637820,-74.083632,0.19,0,0
6573,67303090,-0.384,-0.218,-9.919,-0.057,-0.133,0.574,181.497,2.443,-0.022,-0.039,0.574,4.637820,-74.083632,0.19,0,0
6574,67313095,-0.363,-0.240,-9.898,-0.210,0.233,0.818,181.487,2.415,-0.024,-0.037,0.818,4.637820,-74.083632,0.19,0,0
6575,67323090,-0.368,-0.218,-9.922,-0.332,0.538,1.246,181.467,2.392,-0.022,-0.038,1.246,4.637820,-74.083632,0.19,0,0
6576,67333096,-0.392,-0.220,-9.850,-0.515,0.630,1.490,181.448,2.385,-0.022,-0.040,1.490,4.637820,-74.083632,0.19,0,0
6577,67343090,-0.387,-0.232,-9.811,-0.393,0.386,1.826,181.438,2.374,-0.024,-0.039,1.826,4.637820,-74.083632,0.19,0,0
6578,67353096,-0.411,-0.293,-9.785,-0.301,-0.133,2.070,181.457,2.370,-0.030,-0.042,2.070,4.637820,-74.083632,0.19,0,0
6579,67363090,-0.454,-0.324,-9.821,-0.271,-0.957,2.100,181.488,2.377,-0.033,-0.046,2.100,4.637820,-74.083632,0.19,0,0
6580,67373095,-0.530,-0.298,-9.867,-0.515,-1.720,1.978,181.502,2.410,-0.030,-0.054,1.978,4.637820,-74.083632,0.19,0,0
6581,67383090,-0.590,-0.266,-9.927,-0.362,-1.872,1.764,181.502,2.463,-0.027,-0.060,1.764,4.637820,-74.083632,0.19,0,0
6582,67393095,-0.625,-0.298,-9.994,0.034,-1.445,1.734,181.519,2.531,-0.030,-0.064,1.734,4.637820,-74.083632,0.19,0,0
6583,67403090,-0.628,-0.326,-10.008,-0.118,-0.774,1.551,181.545,2.599,-0.033,-0.064,1.551,4.637820,-74.083632,0.19,0,0
6584,67413097,-0.616,-0.319,-9.992,-0.240,-0.102,1.276,181.565,2.664,-0.033,-0.063,1.276,4.637820,-74.083632,0.19,0,0
6585,67423090,-0.601,-0.257,-9.980,-0.301,0.416,0.879,181.556,2.723,-0.026,-0.061,0.879,4.637820,-74.083632,0.19,0,0
6586,67433095,-0.582,-0.235,-9.939,-0.240,0.752,0.727,181.539,2.774,-0.024,-0.059,0.727,4.637820,-74.083632,0.19,0,0
6587,67443090,-0.542,-0.254,-9.929,0.034,0.783,0.727,181.534,2.803,-0.026,-0.055,0.727,4.637820,-74.083632,0.19,0,0
6588,67453095,-0.525,-0.225,-9.903,0.218,0.783,0.727,181.519,2.823,-0.023,-0.054,0.727,4.637820,-74.083632,0.19,0,0
6589,67463090,-0.513,-0.240,-9.855,0.309,0.660,0.574,181.513,2.837,-0.024,-0.052,0.574,4.637820,-74.083632,0.19,0,0
6590,67473096,-0.487,-0.302,-9.835,0.126,0.477,0.727,181.534,2.836,-0.031,-0.050,0.727,4.637820,-74.083632,0.19,0,0
6591,67483090,-0.437,-0.322,-9.883,-0.454,0.264,0.788,181.555,2.811,-0.033,-0.045,0.788,4.637820,-74.083632,0.19,0,0
6592,67493095,-0.437,-0.208,-9.910,-0.851,-0.133,0.635,181.521,2.783,-0.021,-0.045,0.635,4.637820,-74.083632,0.19,0,0
6593,67503090,-0.444,-0.107,-9.970,-0.667,-0.408,0.635,181.446,2.757,-0.011,-0.045,0.635,4.637820,-74.083632,0.19,0,0
6594,67513096,-0.470,-0.011,-9.980,0.004,-0.682,1.063,181.342,2.742,-0.001,-0.048,1.063,4.637820,-74.083632,0.19,0,0
6595,67523090,-0.499,-0.025,-9.934,1.042,-0.682,1.764,181.261,2.741,-0.003,-0.051,1.764,4.637820,-74.083632,0.19,0,0
6596,67533095,-0.532,-0.177,-9.833,1.896,-0.896,2.283,181.261,2.755,-0.018,-0.054,2.283,4.637820,-74.083632,0.19,0,0
6597,67543090,-0.563,-0.343,-9.771,2.201,-1.293,2.161,181.339,2.780,-0.035,-0.057,2.161,4.637820,-74.083632,0.19,0,0
6598,67553094,-0.632,-0.464,-9.780,1.713,-1.628,1.734,181.461,2.830,-0.047,-0.064,1.734,4.637820,-74.083632,0.19,0,0
6599,67582624,-0.628,-0.302,-9.963,-1.095,-0.652,-0.311,181.457,2.866,-0.031,-0.064,-0.311,4.637820,-74.083632,0.19,0,0
6600,67583945,-0.628,-0.302,-9.963,-1.095,-0.652,-0.311,181.463,2.911,-0.031,-0.064,-0.311,4.637820,-74.083632,0.19,0,0
6601,67585253,-0.628,-0.302,-9.963,-1.095,-0.652,-0.311,181.476,2.960,-0.031,-0.064,-0.311,4.637820,-74.083632,0.19,0,0
6602,67593088,-0.611,-0.220,-9.980,-1.217,0.325,-0.372,181.447,3.006,-0.022,-0.062,-0.372,4.637820,-74.083632,0.19,0,0
6603,67603092,-0.544,-0.206,-10.011,-1.095,0.935,-0.341,181.414,3.019,-0.021,-0.055,-0.341,4.637820,-74.083632,0.19,0,0
6604,67613094,-0.487,-0.175,-10.004,-0.789,1.179,-0.250,181.373,3.006,-0.018,-0.050,-0.250,4.637820,-74.083632,0.19,0,0
6605,67623091,-0.446,-0.129,-9.970,-0.210,1.118,-0.097,181.319,2.975,-0.013,-0.046,-0.097,4.637820,-74.083632,0.19,0,0
6606,67633099,-0.396,-0.124,-9.967,0.523,0.630,0.147,181.275,2.919,-0.013,-0.040,0.147,4.637820,-74.083632,0.19,0,0
6607,67643091,-0.375,-0.134,-9.972,1.286,0.081,0.452,181.246,2.853,-0.014,-0.038,0.452,4.637820,-74.083632,0.19,0,0
6608,67653097,-0.382,-0.170,-9.898,1.774,-0.377,0.757,181.242,2.793,-0.017,-0.039,0.757,4.637820,-74.083632,0.19,0,0
6609,67663090,-0.404,-0.228,-9.826,1.988,-0.652,1.063,181.267,2.748,-0.023,-0.041,1.063,4.637820,-74.083632,0.19,0,0
6610,67673111,-0.404,-0.317,-9.811,1.560,-0.713,1.368,181.328,2.705,-0.032,-0.041,1.368,4.637820,-74.083632,0.19,0,0
6611,67683098,-0.406,-0.367,-9.821,0.889,-0.865,1.490,181.401,2.666,-0.037,-0.041,1.490,4.637820,-74.083632,0.19,0,0
6612,67693102,-0.456,-0.302,-9.807,0.218,-1.079,1.398,181.432,2.651,-0.031,-0.046,1.398,4.637820,-74.083632,0.19,0,0
6613,67703098,-0.475,-0.232,-9.833,-0.088,-1.293,1.307,181.426,2.643,-0.024,-0.048,1.307,4.637820,-74.083632,0.19,0,0
6614,67713114,-0.489,-0.158,-9.864,0.157,-1.445,1.398,181.388,2.641,-0.016,-0.050,1.398,4.637820,-74.083632,0.19,0,0
6615,67723092,-0.518,-0.184,-9.886,0.736,-1.262,1.612,181.371,2.652,-0.019,-0.053,1.612,4.637820,-74.083632,0.19,0,0
6616,67733103,-0.539,-0.232,-9.883,0.797,-1.018,1.826,181.377,2.675,-0.024,-0.055,1.826,4.637820,-74.083632,0.19,0,0
6617,67743091,-0.535,-0.319,-9.852,0.767,-0.774,1.978,181.422,2.696,-0.033,-0.055,1.978,4.637820,-74.083632,0.19,0,0
6618,67753103,-0.561,-0.351,-9.835,0.584,-0.743,1.826,181.475,2.728,-0.036,-0.057,1.826,4.637820,-74.083632,0.19,0,0
6619,67763098,-0.570,-0.336,-9.857,0.309,-0.774,1.490,181.515,2.761,-0.034,-0.058,1.490,4.637820,-74.083632,0.19,0,0
6620,67773109,-0.563,-0.298,-9.869,-0.027,-0.774,1.215,181.532,2.788,-0.030,-0.057,1.215,4.637820,-74.083632,0.19,0,0
6621,67783104,-0.559,-0.249,-9.879,0.096,-0.591,1.032,181.527,2.813,-0.025,-0.057,1.032,4.637820,-74.083632,0.19,0,0
6622,67793100,-0.592,-0.259,-9.900,0.309,-0.499,1.063,181.528,2.850,-0.026,-0.060,1.063,4.637820,-74.083632,0.19,0,0
6623,67803114,-0.561,-0.276,-9.888,0.370,-0.316,1.032,181.537,2.873,-0.028,-0.057,1.032,4.637820,-74.083632,0.19,0,0
6624,67813106,-0.568,-0.300,-9.859,0.248,-0.133,0.971,181.556,2.899,-0.031,-0.058,0.971,4.637820,-74.083632,0.19,0,0
6625,67823097,-0.547,-0.302,-9.857,0.126,0.081,0.879,181.573,2.916,-0.031,-0.056,0.879,4.637820,-74.083632,0.19,0,0
6626,67833104,-0.549,-0.319,-9.879,-0.027,0.172,0.727,181.595,2.934,-0.033,-0.056,0.727,4.637820,-74.083632,0.19,0,0
6627,67843116,-0.513,-0.257,-9.905,-0.210,0.294,0.544,181.585,2.934,-0.026,-0.052,0.544,4.637820,-74.083632,0.19,0,0
6628,67853096,-0.506,-0.201,-9.948,-0.271,0.416,0.483,181.550,2.932,-0.021,-0.052,0.483,4.637820,-74.083632,0.19,0,0
6629,67863101,-0.489,-0.182,-9.900,-0.149,0.538,0.727,181.511,2.924,-0.019,-0.050,0.727,4.637820,-74.083632,0.19,0,0
6630,67873099,-0.470,-0.187,-9.888,0.096,0.630,0.757,181.480,2.910,-0.019,-0.048,0.757,4.637820,-74.083632,0.19,0,0
6631,67883097,-0.446,-0.175,-9.874,0.340,0.569,0.971,181.448,2.886,-0.018,-0.046,0.971,4.637820,-74.083632,0.19,0,0
6632,67893112,-0.456,-0.199,-9.823,0.645,0.447,1.276,181.433,2.869,-0.020,-0.046,1.276,4.637820,-74.083632,0.19,0,0
6633,67903095,-0.435,-0.247,-9.814,0.645,0.172,1.459,181.440,2.840,-0.025,-0.044,1.459,4.637820,-74.083632,0.19,0,0
6634,67920008,-0.477,-0.302,-9.780,0.096,-0.102,1.642,181.469,2.827,-0.031,-0.049,1.642,4.637820,-74.083632,0.19,0,0
6635,67923097,-0.477,-0.302,-9.780,0.096,-0.102,1.642,181.494,2.819,-0.031,-0.049,1.642,4.637820,-74.083632,0.19,0,0
6636,67933103,-0.456,-0.319,-9.751,-0.210,-0.194,1.734,181.523,2.801,-0.033,-0.046,1.734,4.637820,-74.083632,0.19,0,0
6637,67943108,-0.468,-0.314,-9.785,-0.576,-0.225,1.703,181.543,2.790,-0.032,-0.048,1.703,4.637820,-74.083632,0.19,0,0
6638,67953102,-0.487,-0.261,-9.816,-0.973,-0.255,1.703,181.533,2.787,-0.027,-0.050,1.703,4.637820,-74.083632,0.19,0,0
6639,67963097,-0.508,-0.213,-9.823,-1.308,-0.499,1.764,181.499,2.791,-0.022,-0.052,1.764,4.637820,-74.083632,0.19,0,0
6640,67973103,-0.535,-0.232,-9.845,-1.095,-0.835,1.887,181.478,2.804,-0.024,-0.055,1.887,4.637820,-74.083632,0.19,0,0
6641,67983125,-0.582,-0.257,-9.903,-0.759,-1.079,1.673,181.472,2.832,-0.026,-0.059,1.673,4.637820,-74.083632,0.19,0,0
6642,67993098,-0.613,-0.266,-9.936,-0.728,-1.232,1.246,181.471,2.870,-0.027,-0.063,1.246,4.637820,-74.083632,0.19,0,0
6643,68003107,-0.592,-0.245,-10.001,-0.606,-0.865,0.788,181.460,2.898,-0.025,-0.060,0.788,4.637820,-74.083632,0.19,0,0
6644,68013108,-0.597,-0.208,-10.042,-0.545,0.050,0.757,181.435,2.932,-0.021,-0.061,0.757,4.637820,-74.083632,0.19,0,0
6645,68023112,-0.547,-0.237,-9.996,-0.484,1.088,1.063,181.425,2.953,-0.024,-0.056,1.063,4.637820,-74.083632,0.19,0,0
6646,68033104,-0.463,-0.286,-9.912,-0.728,1.668,1.246,181.436,2.942,-0.029,-0.047,1.246,4.637820,-74.083632,0.19,0,0
6647,68043097,-0.435,-0.259,-9.864,-1.186,1.851,1.276,181.431,2.923,-0.026,-0.044,1.276,4.637820,-74.083632,0.19,0,0
6648,68053110,-0.394,-0.218,-9.816,-1.522,1.301,1.398,181.405,2.882,-0.022,-0.040,1.398,4.637820,-74.083632,0.19,0,0
6649,68063097,-0.387,-0.165,-9.792,-1.400,0.355,1.764,181.359,2.834,-0.017,-0.039,1.764,4.637820,-74.083632,0.19,0,0
6650,68073106,-0.451,-0.146,-9.823,-0.728,-0.835,2.009,181.314,2.806,-0.015,-0.046,2.009,4.637820,-74.083632,0.19,0,0
6651,68083098,-0.516,-0.170,-9.847,-0.027,-1.781,2.253,181.290,2.799,-0.017,-0.053,2.253,4.637820,-74.083632,0.19,0,0
6652,68093096,-0.585,-0.249,-9.895,0.431,-2.269,2.466,181.306,2.818,-0.025,-0.060,2.466,4.637820,-74.083632,0.19,0,0
6653,68103092,-0.637,-0.363,-9.886,0.523,-2.269,2.405,181.372,2.859,-0.037,-0.065,2.405,4.637820,-74.083632,0.19,0,0
6654,68113098,-0.663,-0.423,-9.934,0.096,-1.903,2.070,181.455,2.910,-0.043,-0.068,2.070,4.637820,-74.083632,0.19,0,0
6655,68123092,-0.680,-0.375,-9.975,-0.637,-1.262,1.429,181.503,2.969,-0.038,-0.069,1.429,4.637820,-74.083632,0.19,0,0
6656,68133147,-0.668,-0.271,-10.011,-1.064,-0.499,0.971,181.497,3.025,-0.028,-0.068,0.971,4.637820,-74.083632,0.19,0,0
6657,68143091,-0.628,-0.211,-10.006,-0.851,0.233,0.879,181.468,3.065,-0.021,-0.064,0.879,4.637820,-74.083632,0.19,0,0
6658,68153098,-0.606,-0.204,-10.011,-0.484,0.813,0.910,181.441,3.099,-0.021,-0.062,0.910,4.637820,-74.083632,0.19,0,0
6659,68163092,-0.573,-0.179,-9.975,-0.179,0.966,0.910,181.408,3.118,-0.018,-0.058,0.910,4.637820,-74.083632,0.19,0,0
6660,68173096,-0.537,-0.170,-9.931,0.340,0.508,0.879,181.379,3.116,-0.017,-0.055,0.879,4.637820,-74.083632,0.19,0,0
6661,68183092,-0.520,-0.208,-9.900,1.042,-0.041,0.818,181.376,3.103,-0.021,-0.053,0.818,4.637820,-74.083632,0.19,0,0
6662,68193097,-0.530,-0.242,-9.888,1.438,-0.408,0.696,181.392,3.092,-0.025,-0.054,0.696,4.637820,-74.083632,0.19,0,0
6663,68203092,-0.537,-0.264,-9.893,1.255,-0.591,0.666,181.415,3.083,-0.027,-0.055,0.666,4.637820,-74.083632,0.19,0,0
6664,68213096,-0.528,-0.312,-9.883,1.072,-0.469,0.727,181.455,3.072,-0.032,-0.054,0.727,4.637820,-74.083632,0.19,0,0
6665,68223092,-0.530,-0.305,-9.895,0.523,-0.347,0.696,181.484,3.064,-0.031,-0.054,0.696,4.637820,-74.083632,0.19,0,0
6666,68233098,-0.506,-0.249,-9.893,0.157,-0.255,0.635,181.483,3.047,-0.025,-0.052,0.635,4.637820,-74.083632,0.19,0,0
6667,68243092,-0.516,-0.204,-9.862,0.187,-0.255,0.696,181.462,3.036,-0.021,-0.053,0.696,4.637820,-74.083632,0.19,0,0
6668,68253097,-0.549,-0.199,-9.883,0.431,-0.499,0.696,181.443,3.037,-0.020,-0.056,0.696,4.637820,-74.083632,0.19,0,0
6669,68266256,-0.566,-0.216,-9.895,0.828,-0.560,0.574,181.439,3.043,-0.022,-0.058,0.574,4.637820,-74.083632,0.19,0,0
6670,68273091,-0.575,-0.273,-9.891,1.133,-0.591,0.574,181.461,3.055,-0.028,-0.059,0.574,4.637820,-74.083632,0.19,0,0
6671,68283097,-0.575,-0.317,-9.903,1.225,-0.560,0.483,181.502,3.066,-0.032,-0.059,0.483,4.637820,-74.083632,0.19,0,0
6672,68293094,-0.580,-0.343,-9.898,0.828,-0.347,0.178,181.547,3.080,-0.035,-0.059,0.178,4.637820,-74.083632,0.19,0,0
6673,68303089,-0.625,-0.257,-9.936,0.523,-0.286,-0.006,181.547,3.113,-0.026,-0.064,-0.006,4.637820,-74.083632,0.19,0,0
6674,68313094,-0.597,-0.155,-9.939,0.340,-0.011,-0.006,181.501,3.133,-0.016,-0.061,-0.006,4.637820,-74.083632,0.19,0,0
6675,68323089,-0.575,-0.146,-9.915,0.736,0.325,0.086,181.458,3.146,-0.015,-0.059,0.086,4.637820,-74.083632,0.19,0,0
6676,68333094,-0.570,-0.201,-9.838,1.103,0.264,0.391,181.446,3.157,-0.021,-0.058,0.391,4.637820,-74.083632,0.19,0,0
6677,68343089,-0.554,-0.235,-9.783,1.316,0.172,0.544,181.454,3.161,-0.024,-0.056,0.544,4.637820,-74.083632,0.19,0,0
6678,68353093,-0.537,-0.249,-9.732,1.377,-0.102,0.666,181.468,3.155,-0.025,-0.055,0.666,4.637820,-74.083632,0.19,0,0
6679,68363091,-0.542,-0.300,-9.674,1.316,-0.499,0.696,181.504,3.150,-0.031,-0.055,0.696,4.637820,-74.083632,0.19,0,0
6680,68373093,-0.563,-0.358,-9.631,0.858,-0.743,0.666,181.560,3.153,-0.036,-0.057,0.666,4.637820,-74.083632,0.19,0,0
6681,68383090,-0.582,-0.413,-9.684,0.004,-0.896,0.574,181.628,3.162,-0.042,-0.059,0.574,4.637820,-74.083632,0.19,0,0
6682,68393094,-0.604,-0.454,-9.744,-0.942,-0.987,0.330,181.700,3.178,-0.046,-0.062,0.330,4.637820,-74.083632,0.19,0,0
6683,68403091,-0.604,-0.387,-9.819,-1.858,-0.865,-0.219,181.726,3.191,-0.039,-0.062,-0.219,4.637820,-74.083632,0.19,0,0
6684,68413096,-0.594,-0.281,-9.922,-2.590,-0.774,-0.738,181.694,3.198,-0.029,-0.061,-0.738,4.637820,-74.083632,0.19,0,0
6685,68423091,-0.601,-0.143,-10.004,-2.468,-0.469,-0.799,181.605,3.207,-0.015,-0.061,-0.799,4.637820,-74.083632,0.19,0,0
6686,68433095,-0.570,-0.078,-10.073,-1.583,-0.041,-0.616,181.503,3.205,-0.008,-0.058,-0.616,4.637820,-74.083632,0.19,0,0
6687,68443091,-0.566,-0.083,-10.049,-0.515,0.233,-0.341,181.420,3.204,-0.008,-0.058,-0.341,4.637820,-74.083632,0.19,0,0
6688,68453095,-0.544,-0.163,-9.975,0.523,0.599,-0.158,181.388,3.199,-0.017,-0.055,-0.158,4.637820,-74.083632,0.19,0,0
6689,68463091,-0.501,-0.290,-9.903,0.889,0.966,-0.006,181.419,3.180,-0.030,-0.051,-0.006,4.637820,-74.083632,0.19,0,0
6690,68473093,-0.473,-0.355,-9.833,0.492,1.149,0.025,181.474,3.154,-0.036,-0.048,0.025,4.637820,-74.083632,0.19,0,0
6691,68483089,-0.413,-0.377,-9.797,-0.149,1.179,0.055,181.529,3.104,-0.038,-0.042,0.055,4.637820,-74.083632,0.19,0,0
6692,68493094,-0.404,-0.326,-9.742,-0.851,0.844,0.178,181.551,3.051,-0.033,-0.041,0.178,4.637820,-74.083632,0.19,0,0
6693,68503091,-0.454,-0.247,-9.739,-1.308,-0.072,0.178,181.532,3.017,-0.025,-0.046,0.178,4.637820,-74.083632,0.19,0,0
6694,68513093,-0.530,-0.235,-9.821,-0.851,-1.048,-0.097,181.513,3.008,-0.024,-0.054,-0.097,4.637820,-74.083632,0.19,0,0
6695,68523089,-0.566,-0.213,-9.919,-0.210,-1.567,-0.463,181.490,3.008,-0.022,-0.058,-0.463,4.637820,-74.083632,0.19,0,0
6696,68533093,-0.606,-0.223,-10.049,0.096,-1.445,-0.494,181.475,3.024,-0.023,-0.062,-0.494,4.637820,-74.083632,0.19,0,0
6697,68543091,-0.597,-0.230,-10.109,-0.057,-0.560,-0.372,181.462,3.042,-0.023,-0.061,-0.372,4.637820,-74.083632,0.19,0,0
6698,68553095,-0.568,-0.189,-10.073,-0.057,0.752,-0.036,181.432,3.058,-0.019,-0.058,-0.036,4.637820,-74.083632,0.19,0,0
6699,68621548,-0.654,-0.433,-9.744,1.194,-3.246,1.703,181.627,2.913,-0.044,-0.067,1.703,4.637820,-74.083632,0.19,0,0
6700,68622874,-0.654,-0.433,-9.744,1.194,-3.246,1.703,181.808,2.834,-0.044,-0.067,1.703,4.637820,-74.083632,0.19,0,0
6701,68624184,-0.654,-0.433,-9.744,1.194,-3.246,1.703,181.963,2.807,-0.044,-0.067,1.703,4.637820,-74.083632,0.19,0,0
6702,68625494,-0.654,-0.433,-9.744,1.194,-3.246,1.703,182.090,2.815,-0.044,-0.067,1.703,4.637820,-74.083632,0.19,0,0
6703,68626811,-0.654,-0.433,-9.744,1.194,-3.246,1.703,182.190,2.849,-0.044,-0.067,1.703,4.637820,-74.083632,0.19,0,0
6704,68628117,-0.654,-0.433,-9.744,1.194,-3.246,1.703,182.264,2.901,-0.044,-0.067,1.703,4.637820,-74.083632,0.19,0,0
6705,68629431,-0.783,-0.464,-9.876,0.645,-3.887,0.818,182.328,3.043,-0.047,-0.080,0.818,4.637820,-74.083632,0.19,0,0
6706,68633098,-0.783,-0.464,-9.876,0.645,-3.887,0.818,182.376,3.178,-0.047,-0.080,0.818,4.637820,-74.083632,0.19,0,0
6707,68643092,-0.857,-0.401,-10.059,-0.118,-3.398,0.086,182.366,3.329,-0.041,-0.087,0.086,4.637820,-74.083632,0.19,0,0
6708,68653096,-0.897,-0.312,-10.126,-0.515,-1.934,-0.646,182.299,3.487,-0.032,-0.091,-0.646,4.637820,-74.083632,0.19,0,0
6709,68663092,-0.880,-0.218,-10.200,-0.545,0.142,-1.318,182.188,3.628,-0.022,-0.090,-1.318,4.637820,-74.083632,0.19,0,0
6710,68673104,-0.795,-0.167,-10.145,0.034,2.125,-1.684,182.071,3.724,-0.017,-0.081,-1.684,4.637820,-74.083632,0.19,0,0
6711,68683094,-0.632,-0.189,-10.011,0.462,3.529,-1.806,181.984,3.742,-0.019,-0.064,-1.806,4.637820,-74.083632,0.19,0,0
6712,68693117,-0.501,-0.213,-9.847,0.401,4.384,-1.592,181.922,3.703,-0.022,-0.051,-1.592,4.637820,-74.083632,0.19,0,0
6713,68703097,-0.380,-0.228,-9.696,0.065,4.109,-1.287,181.872,3.609,-0.023,-0.039,-1.287,4.637820,-74.083632,0.19,0,0
6714,68713098,-0.327,-0.249,-9.600,-0.149,2.583,-1.165,181.838,3.486,-0.025,-0.033,-1.165,4.637820,-74.083632,0.19,0,0
6715,68723099,-0.322,-0.252,-9.610,-0.332,0.630,-1.165,181.807,3.355,-0.026,-0.033,-1.165,4.637820,-74.083632,0.19,0,0
6716,68733100,-0.346,-0.179,-9.694,-0.576,-1.140,-0.952,181.741,3.232,-0.018,-0.035,-0.952,4.637820,-74.083632,0.19,0,0
6717,68743104,-0.413,-0.153,-9.831,-0.728,-2.300,-0.585,181.665,3.139,-0.016,-0.042,-0.585,4.637820,-74.083632,0.19,0,0
6718,68753103,-0.504,-0.129,-9.941,-0.545,-2.666,-0.097,181.585,3.090,-0.013,-0.051,-0.097,4.637820,-74.083632,0.19,0,0
6719,68763094,-0.611,-0.124,-9.931,-0.210,-2.391,0.269,181.514,3.099,-0.013,-0.062,0.269,4.637820,-74.083632,0.19,0,0
6720,68773105,-0.635,-0.196,-9.977,0.309,-1.811,0.483,181.487,3.121,-0.020,-0.065,0.483,4.637820,-74.083632,0.19,0,0
6721,68783110,-0.654,-0.269,-9.934,0.706,-1.110,0.544,181.499,3.157,-0.027,-0.067,0.544,4.637820,-74.083632,0.19,0,0
6722,68793109,-0.659,-0.326,-9.852,0.614,-0.408,0.422,181.536,3.202,-0.033,-0.067,0.422,4.637820,-74.083632,0.19,0,0
6723,68803099,-0.632,-0.413,-9.785,0.004,-0.011,0.086,181.606,3.236,-0.042,-0.064,0.086,4.637820,-74.083632,0.19,0,0
6724,68813101,-0.604,-0.423,-9.785,-0.789,0.294,-0.433,181.667,3.257,-0.043,-0.062,-0.433,4.637820,-74.083632,0.19,0,0
6725,68823097,-0.580,-0.341,-9.831,-1.278,0.142,-0.982,181.681,3.263,-0.035,-0.059,-0.982,4.637820,-74.083632,0.19,0,0
6726,68833103,-0.606,-0.235,-9.867,-1.491,-0.072,-1.318,181.643,3.278,-0.024,-0.062,-1.318,4.637820,-74.083632,0.19,0,0
6727,68843102,-0.592,-0.158,-9.919,-1.156,-0.225,-1.318,181.576,3.282,-0.016,-0.060,-1.318,4.637820,-74.083632,0.19,0,0
6728,68853101,-0.575,-0.201,-9.963,-0.728,-0.041,-1.043,181.537,3.279,-0.021,-0.059,-1.043,4.637820,-74.083632,0.19,0,0
6729,68863094,-0.563,-0.228,-9.953,-0.545,0.142,-0.921,181.515,3.273,-0.023,-0.057,-0.921,4.637820,-74.083632,0.19,0,0
6730,68873112,-0.566,-0.223,-9.915,-0.423,0.203,-0.768,181.495,3.270,-0.023,-0.058,-0.768,4.637820,-74.083632,0.19,0,0
6731,68883102,-0.535,-0.216,-9.903,-0.301,0.325,-0.830,181.473,3.255,-0.022,-0.055,-0.830,4.637820,-74.083632,0.19,0,0
6732,68893103,-0.530,-0.230,-9.857,-0.332,0.447,-0.830,181.460,3.241,-0.023,-0.054,-0.830,4.637820,-74.083632,0.19,0,0
6733,68903099,-0.528,-0.261,-9.857,-0.301,0.264,-0.768,181.463,3.226,-0.027,-0.054,-0.768,4.637820,-74.083632,0.19,0,0
6734,68916578,-0.511,-0.230,-9.862,-0.484,0.142,-0.707,181.447,3.201,-0.023,-0.052,-0.707,4.637820,-74.083632,0.19,0,0
6735,68923098,-0.511,-0.264,-9.859,-0.545,-0.072,-0.677,181.449,3.178,-0.027,-0.052,-0.677,4.637820,-74.083632,0.19,0,0
6736,68933100,-0.492,-0.276,-9.888,-0.698,-0.286,-0.646,181.455,3.145,-0.028,-0.050,-0.646,4.637820,-74.083632,0.19,0,0
6737,68943095,-0.518,-0.223,-9.939,-0.667,-0.530,-0.677,181.436,3.123,-0.023,-0.053,-0.677,4.637820,-74.083632,0.19,0,0
6738,68953110,-0.547,-0.177,-9.960,-0.301,-0.591,-0.646,181.402,3.115,-0.018,-0.056,-0.646,4.637820,-74.083632,0.19,0,0
6739,68963103,-0.532,-0.182,-9.955,0.370,-0.316,-0.402,181.378,3.104,-0.019,-0.054,-0.402,4.637820,-74.083632,0.19,0,0
6740,68973104,-0.528,-0.278,-9.917,0.736,0.447,-0.067,181.403,3.099,-0.028,-0.054,-0.067,4.637820,-74.083632,0.19,0,0
6741,68983095,-0.499,-0.387,-9.886,0.523,1.210,0.117,181.473,3.089,-0.039,-0.051,0.117,4.637820,-74.083632,0.19,0,0
6742,68993099,-0.463,-0.408,-9.802,-0.271,1.607,0.269,181.541,3.070,-0.042,-0.047,0.269,4.637820,-74.083632,0.19,0,0
6743,69003101,-0.432,-0.341,-9.761,-1.278,1.484,0.330,181.565,3.039,-0.035,-0.044,0.330,4.637820,-74.083632,0.19,0,0
6744,69013103,-0.415,-0.269,-9.780,-1.736,0.599,0.300,181.550,2.993,-0.027,-0.042,0.300,4.637820,-74.083632,0.19,0,0
6745,69023099,-0.454,-0.211,-9.845,-1.461,-0.743,0.300,181.512,2.955,-0.021,-0.046,0.300,4.637820,-74.083632,0.19,0,0
6746,69033102,-0.537,-0.211,-9.965,-0.728,-1.964,-0.006,181.483,2.942,-0.021,-0.055,-0.006,4.637820,-74.083632,0.19,0,0
6747,69043092,-0.623,-0.163,-10.092,0.157,-2.605,-0.372,181.442,2.959,-0.017,-0.064,-0.372,4.637820,-74.083632,0.19,0,0
6748,69053116,-0.678,-0.155,-10.181,0.919,-1.995,-0.463,181.408,3.001,-0.016,-0.069,-0.463,4.637820,-74.083632,0.19,0,0
6749,69063097,-0.656,-0.204,-10.179,1.316,-0.225,-0.219,181.401,3.047,-0.021,-0.067,-0.219,4.637820,-74.083632,0.19,0,0
6750,69073100,-0.613,-0.288,-10.100,1.072,1.851,0.025,181.429,3.093,-0.029,-0.063,0.025,4.637820,-74.083632,0.19,0,0
6751,69083095,-0.504,-0.293,-9.965,0.523,3.285,0.208,181.453,3.103,-0.030,-0.051,0.208,4.637820,-74.083632,0.19,0,0
6752,69093096,-0.384,-0.235,-9.797,0.034,3.956,0.422,181.448,3.070,-0.024,-0.039,0.422,4.637820,-74.083632,0.19,0,0
6753,69103090,-0.270,-0.163,-9.672,-0.301,3.499,1.032,181.409,2.986,-0.017,-0.028,1.032,4.637820,-74.083632,0.19,0,0
6754,69113096,-0.258,-0.165,-9.571,-0.210,1.851,1.703,181.375,2.889,-0.017,-0.026,1.703,4.637820,-74.083632,0.19,0,0
6755,69123090,-0.289,-0.218,-9.547,0.248,-0.225,2.222,181.373,2.795,-0.022,-0.029,2.222,4.637820,-74.083632,0.19,0,0
6756,69133148,-0.420,-0.324,-9.612,0.401,-2.422,2.466,181.420,2.746,-0.033,-0.043,2.466,4.637820,-74.083632,0.19,0,0
6757,69143085,-0.566,-0.396,-9.768,0.248,-4.039,2.314,181.491,2.747,-0.040,-0.058,2.314,4.637820,-74.083632,0.19,0,0
6758,69153095,-0.694,-0.358,-9.960,-0.149,-4.741,1.642,181.534,2.793,-0.036,-0.071,1.642,4.637820,-74.083632,0.19,0,0
6759,69163090,-0.838,-0.249,-10.131,-0.301,-4.253,1.002,181.522,2.897,-0.025,-0.085,1.002,4.637820,-74.083632,0.19,0,0
6760,69173096,-0.890,-0.165,-10.234,-0.271,-2.544,0.574,181.474,3.027,-0.017,-0.091,0.574,4.637820,-74.083632,0.19,0,0
6761,69183090,-0.845,-0.146,-10.239,0.187,-0.377,0.269,181.426,3.148,-0.015,-0.086,0.269,4.637820,-74.083632,0.19,0,0
6762,69193095,-0.795,-0.172,-10.152,0.797,1.668,0.086,181.400,3.260,-0.018,-0.081,0.086,4.637820,-74.083632,0.19,0,0
6763,69203090,-0.709,-0.213,-10.008,1.225,2.980,-0.280,181.398,3.343,-0.022,-0.072,-0.280,4.637820,-74.083632,0.19,0,0
6764,69213095,-0.606,-0.208,-9.886,1.347,3.468,-0.768,181.396,3.384,-0.021,-0.062,-0.768,4.637820,-74.083632,0.19,0,0
6765,69223090,-0.542,-0.242,-9.778,1.133,3.193,-1.104,181.409,3.393,-0.025,-0.055,-1.104,4.637820,-74.083632,0.19,0,0
6766,69233095,-0.470,-0.228,-9.727,0.858,2.522,-1.257,181.412,3.364,-0.023,-0.048,-1.257,4.637820,-74.083632,0.19,0,0
6767,69243090,-0.430,-0.143,-9.699,0.492,1.668,-1.104,181.374,3.312,-0.015,-0.044,-1.104,4.637820,-74.083632,0.19,0,0
6768,69256285,-0.439,-0.114,-9.720,0.187,0.691,-0.616,181.323,3.259,-0.012,-0.045,-0.616,4.637820,-74.083632,0.19,0,0
6769,69263092,-0.458,-0.117,-9.742,0.218,-0.133,-0.036,181.276,3.210,-0.012,-0.047,-0.036,4.637820,-74.083632,0.19,0,0
6770,69273096,-0.508,-0.131,-9.744,0.218,-0.774,0.300,181.239,3.181,-0.013,-0.052,0.300,4.637820,-74.083632,0.19,0,0
6771,69283092,-0.568,-0.170,-9.754,0.157,-1.415,0.635,181.222,3.175,-0.017,-0.058,0.635,4.637820,-74.083632,0.19,0,0
6772,69293098,-0.632,-0.240,-9.802,0.340,-1.811,0.635,181.240,3.194,-0.024,-0.064,0.635,4.637820,-74.083632,0.19,0,0
6773,69303092,-0.702,-0.298,-9.816,0.279,-2.056,0.361,181.281,3.239,-0.030,-0.072,0.361,4.637820,-74.083632,0.19,0,0
6774,69313098,-0.737,-0.343,-9.850,-0.240,-1.903,-0.219,181.334,3.297,-0.035,-0.075,-0.219,4.637820,-74.083632,0.19,0,0
6775,69323093,-0.761,-0.353,-9.922,-0.698,-1.445,-0.830,181.382,3.363,-0.036,-0.078,-0.830,4.637820,-74.083632,0.19,0,0
6776,69333096,-0.761,-0.322,-10.006,-1.156,-0.682,-1.287,181.407,3.428,-0.033,-0.078,-1.287,4.637820,-74.083632,0.19,0,0
6777,69343092,-0.699,-0.257,-10.032,-1.247,0.294,-1.715,181.401,3.469,-0.026,-0.071,-1.715,4.637820,-74.083632,0.19,0,0
6778,69353097,-0.630,-0.196,-10.028,-0.912,1.149,-1.989,181.371,3.485,-0.020,-0.064,-1.989,4.637820,-74.083632,0.19,0,0
6779,69363094,-0.575,-0.208,-10.020,-0.667,1.881,-2.020,181.352,3.483,-0.021,-0.059,-2.020,4.637820,-74.083632,0.19,0,0
6780,69373097,-0.497,-0.223,-9.953,-0.362,2.247,-1.776,181.344,3.452,-0.023,-0.051,-1.776,4.637820,-74.083632,0.19,0,0
6781,69383093,-0.449,-0.228,-9.867,-0.271,2.217,-1.531,181.340,3.403,-0.023,-0.046,-1.531,4.637820,-74.083632,0.19,0,0
6782,69393098,-0.406,-0.235,-9.807,-0.149,1.637,-1.318,181.342,3.335,-0.024,-0.041,-1.318,4.637820,-74.083632,0.19,0,0
6783,69403092,-0.358,-0.225,-9.797,0.065,0.691,-1.165,181.341,3.243,-0.023,-0.037,-1.165,4.637820,-74.083632,0.19,0,0
6784,69413097,-0.361,-0.223,-9.828,0.096,-0.225,-1.043,181.339,3.149,-0.023,-0.037,-1.043,4.637820,-74.083632,0.19,0,0
6785,69423092,-0.427,-0.216,-9.852,0.004,-0.926,-0.799,181.333,3.086,-0.022,-0.044,-0.799,4.637820,-74.083632,0.19,0,0
6786,69433097,-0.461,-0.179,-9.948,-0.057,-1.323,-0.463,181.310,3.036,-0.018,-0.047,-0.463,4.637820,-74.083632,0.19,0,0
6787,69443092,-0.501,-0.124,-9.987,0.187,-1.354,-0.280,181.267,3.007,-0.013,-0.051,-0.280,4.637820,-74.083632,0.19,0,0
6788,69453097,-0.573,-0.112,-9.963,0.797,-1.140,-0.189,181.227,3.014,-0.011,-0.058,-0.189,4.637820,-74.083632,0.19,0,0
6789,69463092,-0.611,-0.155,-9.965,1.438,-0.713,-0.036,181.215,3.040,-0.016,-0.062,-0.036,4.637820,-74.083632,0.19,0,0
6790,69473097,-0.604,-0.254,-9.910,1.713,-0.225,-0.067,181.251,3.068,-0.026,-0.062,-0.067,4.637820,-74.083632,0.19,0,0
6791,69483093,-0.594,-0.298,-9.859,1.499,0.447,-0.189,181.302,3.097,-0.030,-0.061,-0.189,4.637820,-74.083632,0.19,0,0
6792,69493097,-0.592,-0.300,-9.804,1.011,0.996,-0.402,181.346,3.129,-0.031,-0.060,-0.402,4.637820,-74.083632,0.19,0,0
6793,69503093,-0.549,-0.300,-9.763,0.462,1.149,-0.555,181.382,3.142,-0.031,-0.056,-0.555,4.637820,-74.083632,0.19,0,0
6794,69513096,-0.528,-0.293,-9.699,0.065,1.149,-0.585,181.410,3.146,-0.030,-0.054,-0.585,4.637820,-74.083632,0.19,0,0
6795,69523092,-0.547,-0.334,-9.634,-0.179,0.660,-0.494,181.452,3.156,-0.034,-0.056,-0.494,4.637820,-74.083632,0.19,0,0
6796,69533097,-0.554,-0.413,-9.670,-0.606,-0.163,-0.707,181.523,3.159,-0.042,-0.056,-0.707,4.637820,-74.083632,0.19,0,0
6797,69543093,-0.563,-0.380,-9.823,-1.308,-0.896,-1.409,181.564,3.155,-0.039,-0.057,-1.409,4.637820,-74.083632,0.19,0,0
6798,69553097,-0.606,-0.235,-9.955,-1.766,-1.171,-1.867,181.532,3.165,-0.024,-0.062,-1.867,4.637820,-74.083632,0.19,0,0
6799,69582733,-0.547,-0.052,-10.136,-0.210,1.393,-1.470,181.421,3.184,-0.005,-0.056,-1.470,4.637820,-74.083632,0.19,0,0
6800,69584056,-0.547,-0.052,-10.136,-0.210,1.393,-1.470,181.315,3.193,-0.005,-0.056,-1.470,4.637820,-74.083632,0.19,0,0
6801,69585369,-0.547,-0.052,-10.136,-0.210,1.393,-1.470,181.222,3.194,-0.005,-0.056,-1.470,4.637820,-74.083632,0.19,0,0
6802,69593094,-0.489,-0.093,-10.020,0.614,2.553,-0.830,181.167,3.178,-0.009,-0.050,-0.830,4.637820,-74.083632,0.19,0,0
6803,69603091,-0.406,-0.216,-9.809,0.950,2.980,-0.280,181.184,3.132,-0.022,-0.041,-0.280,4.637820,-74.083632,0.19,0,0
6804,69613093,-0.356,-0.322,-9.667,0.675,2.400,0.025,181.252,3.063,-0.033,-0.036,0.025,4.637820,-74.083632,0.19,0,0
6805,69623089,-0.346,-0.346,-9.607,0.279,1.179,0.147,181.322,2.987,-0.035,-0.035,0.147,4.637820,-74.083632,0.19,0,0
6806,69633155,-0.389,-0.389,-9.624,-0.179,-0.347,-0.006,181.402,2.924,-0.040,-0.040,-0.006,4.637820,-74.083632,0.19,0,0
6807,69643090,-0.446,-0.380,-9.735,-0.698,-1.598,-0.189,181.464,2.881,-0.039,-0.046,-0.189,4.637820,-74.083632,0.19,0,0
6808,69653095,-0.485,-0.281,-9.867,-1.339,-2.361,-0.189,181.465,2.849,-0.029,-0.049,-0.189,4.637820,-74.083632,0.19,0,0
6809,69663090,-0.580,-0.201,-10.001,-1.369,-2.147,-0.097,181.428,2.863,-0.021,-0.059,-0.097,4.637820,-74.083632,0.19,0,0
6810,69673104,-0.637,-0.189,-10.095,-0.973,-1.628,0.208,181.392,2.903,-0.019,-0.065,0.208,4.637820,-74.083632,0.19,0,0
6811,69683097,-0.649,-0.189,-10.085,-0.362,-0.804,0.025,181.364,2.952,-0.019,-0.066,0.025,4.637820,-74.083632,0.19,0,0
6812,69693099,-0.642,-0.204,-10.056,0.279,0.020,-0.219,181.351,3.003,-0.021,-0.065,-0.219,4.637820,-74.083632,0.19,0,0
6813,69703130,-0.573,-0.235,-10.008,0.675,0.691,-0.433,181.357,3.026,-0.024,-0.058,-0.433,4.637820,-74.083632,0.19,0,0
6814,69713105,-0.582,-0.254,-9.874,0.584,1.149,-0.524,181.372,3.060,-0.026,-0.059,-0.524,4.637820,-74.083632,0.19,0,0
6815,69723096,-0.518,-0.360,-9.857,0.218,1.393,-0.768,181.430,3.064,-0.037,-0.053,-0.768,4.637820,-74.083632,0.19,0,0
6816,69733117,-0.461,-0.339,-9.898,-0.393,1.393,-1.226,181.468,3.042,-0.035,-0.047,-1.226,4.637820,-74.083632,0.19,0,0
6817,69743105,-0.449,-0.114,-9.857,-0.789,1.210,-1.409,181.399,3.015,-0.012,-0.046,-1.409,4.637820,-74.083632,0.19,0,0
6818,69753102,-0.449,-0.107,-9.879,-0.515,1.240,-1.043,181.335,2.991,-0.011,-0.046,-1.043,4.637820,-74.083632,0.19,0,0
6819,69763097,-0.411,-0.151,-9.924,-0.240,1.271,-0.433,181.298,2.950,-0.015,-0.042,-0.433,4.637820,-74.083632,0.19,0,0
6820,69773110,-0.435,-0.160,-9.867,-0.393,1.057,-0.128,181.266,2.923,-0.016,-0.044,-0.128,4.637820,-74.083632,0.19,0,0
6821,69783102,-0.463,-0.146,-9.835,-0.240,0.508,0.178,181.233,2.906,-0.015,-0.047,0.178,4.637820,-74.083632,0.19,0,0
6822,69793103,-0.525,-0.134,-9.819,0.248,-0.225,0.391,181.201,2.911,-0.014,-0.054,0.391,4.637820,-74.083632,0.19,0,0
6823,69803094,-0.563,-0.196,-9.869,0.767,-0.896,0.452,181.204,2.926,-0.020,-0.057,0.452,4.637820,-74.083632,0.19,0,0
6824,69813108,-0.599,-0.254,-9.898,0.797,-1.293,0.269,181.232,2.951,-0.026,-0.061,0.269,4.637820,-74.083632,0.19,0,0
6825,69823101,-0.704,-0.266,-9.917,0.614,-1.445,-0.067,181.261,3.018,-0.027,-0.072,-0.067,4.637820,-74.083632,0.19,0,0
6826,69833107,-0.716,-0.281,-9.982,0.492,-1.079,-0.555,181.293,3.086,-0.029,-0.073,-0.555,4.637820,-74.083632,0.19,0,0
6827,69843105,-0.711,-0.302,-10.013,0.340,-0.286,-1.043,181.330,3.154,-0.031,-0.073,-1.043,4.637820,-74.083632,0.19,0,0
6828,69853107,-0.690,-0.264,-9.975,0.218,0.599,-1.318,181.347,3.216,-0.027,-0.070,-1.318,4.637820,-74.083632,0.19,0,0
6829,69863097,-0.659,-0.216,-9.927,0.340,1.393,-1.409,181.342,3.269,-0.022,-0.067,-1.409,4.637820,-74.083632,0.19,0,0
6830,69873099,-0.604,-0.276,-9.843,0.340,1.942,-1.287,181.366,3.301,-0.028,-0.062,-1.287,4.637820,-74.083632,0.19,0,0
6831,69883131,-0.530,-0.341,-9.768,0.218,1.973,-1.348,181.417,3.300,-0.035,-0.054,-1.348,4.637820,-74.083632,0.19,0,0
6832,69893104,-0.504,-0.324,-9.723,-0.271,1.546,-1.684,181.452,3.284,-0.033,-0.051,-1.684,4.637820,-74.083632,0.19,0,0
6833,69903098,-0.456,-0.273,-9.768,-0.667,0.752,-1.776,181.458,3.240,-0.028,-0.046,-1.776,4.637820,-74.083632,0.19,0,0
6834,69916684,-0.437,-0.187,-9.773,-0.942,0.111,-1.623,181.419,3.183,-0.019,-0.045,-1.623,4.637820,-74.083632,0.19,0,0
6835,69923102,-0.435,-0.155,-9.828,-1.003,-0.286,-1.257,181.370,3.125,-0.016,-0.044,-1.257,4.637820,-74.083632,0.19,0,0
6836,69933098,-0.461,-0.172,-9.879,-1.003,-0.591,-0.921,181.333,3.080,-0.018,-0.047,-0.921,4.637820,-74.083632,0.19,0,0
6837,69943094,-0.480,-0.136,-9.910,-0.667,-0.804,-0.677,181.285,3.045,-0.014,-0.049,-0.677,4.637820,-74.083632,0.19,0,0
6838,69953113,-0.494,-0.138,-9.941,-0.332,-0.804,-0.524,181.245,3.018,-0.014,-0.050,-0.524,4.637820,-74.083632,0.19,0,0
6839,69963101,-0.523,-0.163,-9.953,0.096,-0.743,-0.372,181.222,3.006,-0.017,-0.053,-0.372,4.637820,-74.083632,0.19,0,0
6840,69973112,-0.554,-0.179,-9.927,0.462,-0.530,-0.311,181.212,3.011,-0.018,-0.056,-0.311,4.637820,-74.083632,0.19,0,0
6841,69983097,-0.594,-0.247,-9.915,0.584,-0.225,-0.372,181.235,3.037,-0.025,-0.061,-0.372,4.637820,-74.083632,0.19,0,0
6842,69993101,-0.573,-0.278,-9.895,0.431,0.111,-0.616,181.268,3.055,-0.028,-0.058,-0.616,4.637820,-74.083632,0.19,0,0
6843,70003102,-0.549,-0.288,-9.838,0.218,0.538,-0.799,181.302,3.066,-0.029,-0.056,-0.799,4.637820,-74.083632,0.19,0,0
6844,70013107,-0.554,-0.302,-9.823,-0.057,0.783,-1.104,181.337,3.081,-0.031,-0.056,-1.104,4.637820,-74.083632,0.19,0,0
6845,70023099,-0.551,-0.293,-9.819,-0.393,0.844,-1.409,181.362,3.095,-0.030,-0.056,-1.409,4.637820,-74.083632,0.19,0,0
6846,70033101,-0.539,-0.288,-9.835,-0.515,0.783,-1.684,181.382,3.101,-0.029,-0.055,-1.684,4.637820,-74.083632,0.19,0,0
6847,70043094,-0.542,-0.317,-9.835,-0.667,0.813,-1.989,181.412,3.108,-0.032,-0.055,-1.989,4.637820,-74.083632,0.19,0,0
6848,70053107,-0.523,-0.278,-9.898,-0.881,0.844,-2.325,181.419,3.105,-0.028,-0.053,-2.325,4.637820,-74.083632,0.19,0,0
6849,70063128,-0.475,-0.240,-9.922,-1.095,1.118,-2.447,181.407,3.083,-0.024,-0.048,-2.447,4.637820,-74.083632,0.19,0,0
6850,70073097,-0.420,-0.199,-9.963,-1.247,1.393,-2.355,181.376,3.041,-0.020,-0.043,-2.355,4.637820,-74.083632,0.19,0,0
6851,70083096,-0.382,-0.110,-10.001,-1.217,1.759,-1.959,181.308,2.988,-0.011,-0.039,-1.959,4.637820,-74.083632,0.19,0,0
6852,70093096,-0.368,-0.054,-9.963,-0.851,1.881,-1.257,181.225,2.934,-0.006,-0.038,-1.257,4.637820,-74.083632,0.19,0,0
6853,70103092,-0.334,-0.044,-9.888,-0.118,1.546,-0.463,181.150,2.868,-0.005,-0.034,-0.463,4.637820,-74.083632,0.19,0,0
6854,70113097,-0.384,-0.119,-9.826,0.767,0.722,0.300,181.123,2.823,-0.012,-0.039,0.300,4.637820,-74.083632,0.19,0,0
6855,70123092,-0.427,-0.247,-9.732,1.408,-0.133,0.605,181.162,2.794,-0.025,-0.044,0.605,4.637820,-74.083632,0.19,0,0
6856,70133146,-0.508,-0.404,-9.754,1.499,-0.896,0.483,181.268,2.795,-0.041,-0.052,0.483,4.637820,-74.083632,0.19,0,0
6857,70143095,-0.592,-0.490,-9.835,0.889,-1.567,0.025,181.398,2.826,-0.050,-0.060,0.025,4.637820,-74.083632,0.19,0,0
6858,70153093,-0.644,-0.452,-9.886,0.157,-1.659,-0.616,181.493,2.875,-0.046,-0.066,-0.616,4.637820,-74.083632,0.19,0,0
6859,70163092,-0.673,-0.372,-9.992,-0.484,-0.957,-1.257,181.537,2.936,-0.038,-0.069,-1.257,4.637820,-74.083632,0.19,0,0
6860,70173097,-0.654,-0.298,-10.035,-0.942,0.264,-1.501,181.542,2.994,-0.030,-0.067,-1.501,4.637820,-74.083632,0.19,0,0
6861,70183092,-0.637,-0.281,-10.066,-1.034,1.515,-1.531,181.537,3.052,-0.029,-0.065,-1.531,4.637820,-74.083632,0.19,0,0
6862,70193096,-0.590,-0.245,-10.035,-0.789,2.308,-1.715,181.519,3.092,-0.025,-0.060,-1.715,4.637820,-74.083632,0.19,0,0
6863,70203092,-0.511,-0.187,-9.982,-0.393,2.705,-1.959,181.482,3.101,-0.019,-0.052,-1.959,4.637820,-74.083632,0.19,0,0
6864,70213096,-0.427,-0.134,-9.922,0.309,2.400,-1.959,181.431,3.070,-0.014,-0.044,-1.959,4.637820,-74.083632,0.19,0,0
6865,70223093,-0.377,-0.138,-9.876,0.797,1.668,-1.745,181.391,3.014,-0.014,-0.038,-1.745,4.637820,-74.083632,0.19,0,0
6866,70233096,-0.346,-0.160,-9.850,1.103,0.844,-1.440,181.367,2.942,-0.016,-0.035,-1.440,4.637820,-74.083632,0.19,0,0
6867,70243092,-0.368,-0.189,-9.802,1.194,0.233,-1.043,181.359,2.879,-0.019,-0.038,-1.043,4.637820,-74.083632,0.19,0,0
6868,70258570,-0.435,-0.225,-9.819,1.042,-0.652,-0.616,181.371,2.836,-0.023,-0.044,-0.616,4.637820,-74.083632,0.19,0,0
6869,70263092,-0.435,-0.225,-9.819,1.042,-0.652,-0.616,181.376,2.802,-0.023,-0.044,-0.616,4.637820,-74.083632,0.19,0,0
6870,70273096,-0.446,-0.247,-9.859,0.706,-0.591,-0.463,181.388,2.776,-0.025,-0.046,-0.463,4.637820,-74.083632,0.19,0,0
6871,70283090,-0.497,-0.211,-9.828,0.248,-0.438,-0.250,181.378,2.776,-0.021,-0.051,-0.250,4.637820,-74.083632,0.19,0,0
6872,70293095,-0.539,-0.216,-9.845,0.004,-0.316,-0.311,181.369,2.797,-0.022,-0.055,-0.311,4.637820,-74.083632,0.19,0,0
6873,70303090,-0.516,-0.216,-9.850,-0.149,0.020,-0.402,181.359,2.808,-0.022,-0.053,-0.402,4.637820,-74.083632,0.19,0,0
6874,70313095,-0.537,-0.204,-9.840,-0.149,0.233,-0.311,181.345,2.831,-0.021,-0.055,-0.311,4.637820,-74.083632,0.19,0,0
6875,70323090,-0.535,-0.230,-9.831,-0.179,0.447,-0.097,181.344,2.852,-0.023,-0.055,-0.097,4.637820,-74.083632,0.19,0,0
6876,70333095,-0.532,-0.295,-9.790,-0.240,0.599,-0.158,181.371,2.873,-0.030,-0.054,-0.158,4.637820,-74.083632,0.19,0,0
6877,70343090,-0.532,-0.363,-9.795,-0.423,0.477,-0.372,181.425,2.891,-0.037,-0.054,-0.372,4.637820,-74.083632,0.19,0,0
6878,70353095,-0.530,-0.389,-9.859,-0.820,0.203,-0.830,181.482,2.903,-0.040,-0.054,-0.830,4.637820,-74.083632,0.19,0,0
6879,70363090,-0.508,-0.341,-9.915,-1.186,0.203,-1.257,181.509,2.903,-0.035,-0.052,-1.257,4.637820,-74.083632,0.19,0,0
6880,70373096,-0.487,-0.237,-9.955,-1.400,0.355,-1.287,181.486,2.894,-0.024,-0.050,-1.287,4.637820,-74.083632,0.19,0,0
6881,70383090,-0.466,-0.167,-9.980,-1.156,0.538,-1.043,181.436,2.878,-0.017,-0.047,-1.043,4.637820,-74.083632,0.19,0,0
6882,70393096,-0.461,-0.189,-9.967,-0.698,0.630,-0.707,181.403,2.862,-0.019,-0.047,-0.707,4.637820,-74.083632,0.19,0,0
6883,70403090,-0.444,-0.254,-9.963,-0.362,0.569,-0.646,181.405,2.839,-0.026,-0.045,-0.646,4.637820,-74.083632,0.19,0,0
6884,70413095,-0.442,-0.240,-9.946,-0.179,0.416,-0.494,181.402,2.816,-0.024,-0.045,-0.494,4.637820,-74.083632,0.19,0,0
6885,70423090,-0.394,-0.257,-9.939,-0.271,0.264,-0.341,181.405,2.772,-0.026,-0.040,-0.341,4.637820,-74.083632,0.19,0,0
6886,70433096,-0.415,-0.269,-9.963,-0.576,0.081,-0.128,181.411,2.739,-0.027,-0.042,-0.128,4.637820,-74.083632,0.19,0,0
6887,70443090,-0.408,-0.211,-9.975,-0.606,-0.133,0.025,181.391,2.704,-0.021,-0.042,0.025,4.637820,-74.083632,0.19,0,0
6888,70453095,-0.454,-0.153,-9.999,-0.149,-0.438,0.147,181.351,2.687,-0.016,-0.046,0.147,4.637820,-74.083632,0.19,0,0
6889,70463090,-0.432,-0.153,-9.975,0.645,-0.774,0.513,181.321,2.660,-0.016,-0.044,0.513,4.637820,-74.083632,0.19,0,0
6890,70473095,-0.442,-0.170,-9.982,1.377,-0.804,1.002,181.308,2.639,-0.017,-0.045,1.002,4.637820,-74.083632,0.19,0,0
6891,70483090,-0.499,-0.247,-9.905,1.866,-0.652,1.337,181.335,2.647,-0.025,-0.051,1.337,4.637820,-74.083632,0.19,0,0
6892,70493095,-0.516,-0.329,-9.831,2.079,-0.713,1.368,181.399,2.663,-0.034,-0.053,1.368,4.637820,-74.083632,0.19,0,0
6893,70503090,-0.535,-0.399,-9.790,1.652,-0.835,1.215,181.486,2.686,-0.041,-0.055,1.215,4.637820,-74.083632,0.19,0,0
6894,70513095,-0.575,-0.411,-9.804,1.133,-1.110,1.002,181.566,2.722,-0.042,-0.059,1.002,4.637820,-74.083632,0.19,0,0
6895,70523090,-0.592,-0.363,-9.835,0.828,-1.445,0.574,181.616,2.760,-0.037,-0.060,0.574,4.637820,-74.083632,0.19,0,0
6896,70533095,-0.628,-0.300,-9.867,0.675,-1.537,-0.036,181.632,2.808,-0.031,-0.064,-0.036,4.637820,-74.083632,0.19,0,0
6897,70543090,-0.647,-0.286,-9.939,0.828,-1.323,-0.646,181.642,2.861,-0.029,-0.066,-0.646,4.637820,-74.083632,0.19,0,0
6898,70553095,-0.630,-0.288,-9.980,0.919,-0.530,-1.074,181.651,2.909,-0.029,-0.064,-1.074,4.637820,-74.083632,0.19,0,0
6899,70594449,-0.320,-0.054,-9.859,-0.820,2.949,-0.952,181.499,2.905,-0.006,-0.033,-0.952,4.637820,-74.083632,0.19,0,0
6900,70595783,-0.320,-0.054,-9.859,-0.820,2.949,-0.952,181.356,2.872,-0.006,-0.033,-0.952,4.637820,-74.083632,0.19,0,0
6901,70597089,-0.311,0.006,-9.766,-0.240,2.522,-0.250,181.207,2.806,0.001,-0.032,-0.250,4.637820,-74.083632,0.19,0,0
6902,70598395,-0.311,0.006,-9.766,-0.240,2.522,-0.250,181.077,2.734,0.001,-0.032,-0.250,4.637820,-74.083632,0.19,0,0
6903,70603089,-0.311,0.006,-9.766,-0.240,2.522,-0.250,180.966,2.663,0.001,-0.032,-0.250,4.637820,-74.083632,0.19,0,0
6904,70613093,-0.263,-0.035,-9.679,0.675,1.484,0.666,180.901,2.567,-0.004,-0.027,0.666,4.637820,-74.083632,0.19,0,0
6905,70623089,-0.294,-0.165,-9.629,1.591,0.020,1.185,180.923,2.488,-0.017,-0.030,1.185,4.637820,-74.083632,0.19,0,0
6906,70633149,-0.377,-0.319,-9.636,1.774,-1.506,1.307,181.026,2.448,-0.033,-0.038,1.307,4.637820,-74.083632,0.19,0,0
6907,70643091,-0.492,-0.445,-9.679,1.072,-2.605,1.063,181.176,2.460,-0.045,-0.050,1.063,4.637820,-74.083632,0.19,0,0
6908,70653096,-0.573,-0.442,-9.799,-0.057,-2.971,0.727,181.296,2.504,-0.045,-0.058,0.727,4.637820,-74.083632,0.19,0,0
6909,70663090,-0.668,-0.331,-9.917,-1.064,-2.483,0.147,181.339,2.590,-0.034,-0.068,0.147,4.637820,-74.083632,0.19,0,0
6910,70673104,-0.711,-0.228,-10.028,-1.400,-1.537,-0.189,181.323,2.693,-0.023,-0.073,-0.189,4.637820,-74.083632,0.19,0,0
6911,70683100,-0.692,-0.172,-10.083,-1.034,-0.286,-0.341,181.286,2.787,-0.018,-0.071,-0.341,4.637820,-74.083632,0.19,0,0
6912,70693115,-0.654,-0.182,-10.047,-0.576,0.996,-0.372,181.261,2.867,-0.019,-0.067,-0.372,4.637820,-74.083632,0.19,0,0
6913,70703096,-0.590,-0.220,-9.996,-0.301,1.759,-0.463,181.259,2.920,-0.022,-0.060,-0.463,4.637820,-74.083632,0.19,0,0
6914,70713103,-0.563,-0.235,-9.977,-0.179,2.034,-0.707,181.265,2.959,-0.024,-0.057,-0.707,4.637820,-74.083632,0.19,0,0
6915,70723094,-0.525,-0.213,-9.924,-0.057,1.698,-0.982,181.262,2.976,-0.022,-0.054,-0.982,4.637820,-74.083632,0.19,0,0
6916,70733117,-0.511,-0.170,-9.905,0.462,1.118,-1.226,181.245,2.980,-0.017,-0.052,-1.226,4.637820,-74.083632,0.19,0,0
6917,70743092,-0.492,-0.189,-9.893,0.889,0.752,-1.196,181.242,2.972,-0.019,-0.050,-1.196,4.637820,-74.083632,0.19,0,0
6918,70753099,-0.485,-0.223,-9.891,1.042,0.447,-1.043,181.256,2.959,-0.023,-0.049,-1.043,4.637820,-74.083632,0.19,0,0
6919,70763094,-0.466,-0.273,-9.883,0.858,0.447,-0.830,181.290,2.938,-0.028,-0.047,-0.830,4.637820,-74.083632,0.19,0,0
6920,70773101,-0.489,-0.300,-9.850,0.492,0.477,-0.585,181.330,2.931,-0.031,-0.050,-0.585,4.637820,-74.083632,0.19,0,0
6921,70783102,-0.497,-0.290,-9.850,0.126,0.447,-0.585,181.359,2.927,-0.030,-0.051,-0.585,4.637820,-74.083632,0.19,0,0
6922,70793101,-0.489,-0.264,-9.833,-0.149,0.081,-0.555,181.372,2.918,-0.027,-0.050,-0.555,4.637820,-74.083632,0.19,0,0
6923,70803102,-0.511,-0.235,-9.795,0.004,-0.286,-0.524,181.373,2.916,-0.024,-0.052,-0.524,4.637820,-74.083632,0.19,0,0
6924,70813118,-0.537,-0.252,-9.821,0.248,-0.591,-0.433,181.383,2.923,-0.026,-0.055,-0.433,4.637820,-74.083632,0.19,0,0
6925,70823105,-0.566,-0.310,-9.855,0.279,-0.865,-0.646,181.418,2.938,-0.032,-0.058,-0.646,4.637820,-74.083632,0.19,0,0
6926,70833097,-0.575,-0.331,-9.912,0.157,-0.926,-1.013,181.458,2.955,-0.034,-0.059,-1.013,4.637820,-74.083632,0.19,0,0
6927,70843096,-0.568,-0.314,-9.965,0.065,-0.621,-1.257,181.486,2.968,-0.032,-0.058,-1.257,4.637820,-74.083632,0.19,0,0
6928,70853103,-0.568,-0.298,-9.987,-0.057,-0.133,-1.318,181.503,2.984,-0.030,-0.058,-1.318,4.637820,-74.083632,0.19,0,0
6929,70863094,-0.570,-0.249,-9.996,-0.118,0.447,-1.409,181.496,3.006,-0.025,-0.058,-1.409,4.637820,-74.083632,0.19,0,0
6930,70873103,-0.504,-0.220,-9.965,0.126,0.813,-1.135,181.481,3.000,-0.022,-0.051,-1.135,4.637820,-74.083632,0.19,0,0
6931,70883096,-0.497,-0.223,-9.915,0.340,0.813,-0.860,181.469,2.993,-0.023,-0.051,-0.860,4.637820,-74.083632,0.19,0,0
6932,70893097,-0.485,-0.247,-9.879,0.431,0.508,-0.860,181.471,2.980,-0.025,-0.049,-0.860,4.637820,-74.083632,0.19,0,0
6933,70903100,-0.473,-0.240,-9.867,0.492,0.050,-0.921,181.470,2.958,-0.024,-0.048,-0.921,4.637820,-74.083632,0.19,0,0
6934,70916561,-0.508,-0.201,-9.876,0.584,-0.682,-0.799,181.454,2.943,-0.021,-0.052,-0.799,4.637820,-74.083632,0.19,0,0
6935,70923097,-0.508,-0.201,-9.876,0.584,-0.682,-0.799,181.438,2.932,-0.021,-0.052,-0.799,4.637820,-74.083632,0.19,0,0
6936,70933100,-0.544,-0.235,-9.881,0.797,-0.682,-0.768,181.440,2.939,-0.024,-0.055,-0.768,4.637820,-74.083632,0.19,0,0
6937,70943102,-0.516,-0.266,-9.881,1.072,-0.469,-0.799,181.458,2.934,-0.027,-0.053,-0.799,4.637820,-74.083632,0.19,0,0
6938,70953108,-0.513,-0.266,-9.847,1.103,-0.041,-0.830,181.476,2.933,-0.027,-0.052,-0.830,4.637820,-74.083632,0.19,0,0
6939,70963129,-0.477,-0.278,-9.816,0.981,0.569,-0.646,181.497,2.922,-0.028,-0.049,-0.646,4.637820,-74.083632,0.19,0,0
6940,70973097,-0.432,-0.355,-9.763,0.828,1.118,-0.402,181.550,2.899,-0.036,-0.044,-0.402,4.637820,-74.083632,0.19,0,0
6941,70983102,-0.382,-0.437,-9.679,0.279,1.393,-0.372,181.633,2.858,-0.045,-0.039,-0.372,4.637820,-74.083632,0.19,0,0
6942,70993098,-0.320,-0.462,-9.672,-0.820,1.210,-0.402,181.710,2.791,-0.047,-0.033,-0.402,4.637820,-74.083632,0.19,0,0
6943,71003112,-0.303,-0.380,-9.718,-2.041,0.569,-0.494,181.732,2.715,-0.039,-0.031,-0.494,4.637820,-74.083632,0.19,0,0
6944,71013097,-0.299,-0.232,-9.814,-2.773,-0.286,-0.433,181.678,2.634,-0.024,-0.030,-0.433,4.637820,-74.083632,0.19,0,0
6945,71023101,-0.368,-0.100,-9.915,-2.651,-1.110,-0.158,181.570,2.580,-0.010,-0.038,-0.158,4.637820,-74.083632,0.19,0,0
6946,71033103,-0.423,-0.028,-10.028,-1.583,-1.872,-0.097,181.448,2.546,-0.003,-0.043,-0.097,4.637820,-74.083632,0.19,0,0
6947,71043101,-0.482,-0.037,-10.109,-0.027,-1.934,-0.067,181.354,2.538,-0.004,-0.049,-0.067,4.637820,-74.083632,0.19,0,0
6948,71053117,-0.513,-0.138,-10.164,1.225,-1.140,0.178,181.322,2.550,-0.014,-0.052,0.178,4.637820,-74.083632,0.19,0,0
6949,71063097,-0.506,-0.273,-10.078,1.530,0.203,0.452,181.354,2.572,-0.028,-0.052,0.452,4.637820,-74.083632,0.19,0,0
6950,71073106,-0.487,-0.363,-9.980,1.103,1.759,0.605,181.420,2.601,-0.037,-0.050,0.605,4.637820,-74.083632,0.19,0,0
6951,71083097,-0.418,-0.404,-9.917,0.187,2.766,0.513,181.492,2.608,-0.041,-0.043,0.513,4.637820,-74.083632,0.19,0,0
6952,71093097,-0.339,-0.310,-9.790,-0.728,3.102,0.361,181.510,2.584,-0.032,-0.035,0.361,4.637820,-74.083632,0.19,0,0
6953,71103092,-0.296,-0.175,-9.727,-0.912,2.766,0.513,181.465,2.542,-0.018,-0.030,0.513,4.637820,-74.083632,0.19,0,0
6954,71113097,-0.287,-0.081,-9.689,-0.515,1.820,1.002,181.386,2.489,-0.008,-0.029,1.002,4.637820,-74.083632,0.19,0,0
6955,71123093,-0.332,-0.129,-9.648,0.370,0.508,1.703,181.342,2.450,-0.013,-0.034,1.703,4.637820,-74.083632,0.19,0,0
6956,71133157,-0.406,-0.295,-9.636,0.919,-0.835,2.253,181.383,2.435,-0.030,-0.041,2.253,4.637820,-74.083632,0.19,0,0
6957,71143093,-0.523,-0.445,-9.665,0.675,-1.934,2.161,181.485,2.463,-0.045,-0.053,2.161,4.637820,-74.083632,0.19,0,0
6958,71153096,-0.628,-0.519,-9.773,-0.057,-2.452,1.520,181.603,2.528,-0.053,-0.064,1.520,4.637820,-74.083632,0.19,0,0
6959,71163092,-0.666,-0.495,-9.936,-1.247,-2.208,0.574,181.688,2.602,-0.051,-0.068,0.574,4.637820,-74.083632,0.19,0,0
6960,71173097,-0.718,-0.380,-10.109,-2.254,-1.201,-0.280,181.703,2.698,-0.039,-0.073,-0.280,4.637820,-74.083632,0.19,0,0
6961,71183092,-0.694,-0.167,-10.203,-2.437,0.416,-0.738,181.622,2.789,-0.017,-0.071,-0.738,4.637820,-74.083632,0.19,0,0
6962,71193096,-0.628,-0.028,-10.169,-1.858,1.942,-0.707,181.494,2.859,-0.003,-0.064,-0.707,4.637820,-74.083632,0.19,0,0
6963,71203092,-0.542,0.004,-10.090,-0.789,3.010,-0.280,181.372,2.899,0.000,-0.055,-0.280,4.637820,-74.083632,0.19,0,0
6964,71213097,-0.461,-0.081,-9.955,0.187,3.285,0.208,181.305,2.906,-0.008,-0.047,0.208,4.637820,-74.083632,0.19,0,0
6965,71223092,-0.404,-0.170,-9.804,0.828,2.705,0.513,181.289,2.885,-0.017,-0.041,0.513,4.637820,-74.083632,0.19,0,0
6966,71233098,-0.406,-0.257,-9.720,0.981,1.607,0.574,181.316,2.858,-0.026,-0.041,0.574,4.637820,-74.083632,0.19,0,0
6967,71243092,-0.401,-0.290,-9.689,0.736,0.416,0.269,181.354,2.820,-0.030,-0.041,0.269,4.637820,-74.083632,0.19,0,0
6968,71256239,-0.470,-0.346,-9.792,-0.454,-0.743,0.269,181.401,2.800,-0.035,-0.048,0.269,4.637820,-74.083632,0.19,0,0
6969,71263089,-0.470,-0.346,-9.792,-0.454,-0.743,0.269,181.445,2.785,-0.035,-0.048,0.269,4.637820,-74.083632,0.19,0,0
6970,71273095,-0.501,-0.334,-9.874,-1.247,-0.591,0.239,181.472,2.784,-0.034,-0.051,0.239,4.637820,-74.083632,0.19,0,0
6971,71283090,-0.530,-0.247,-9.994,-1.583,-0.286,0.025,181.454,2.797,-0.025,-0.054,0.025,4.637820,-74.083632,0.19,0,0
6972,71293095,-0.525,-0.160,-10.020,-1.400,0.203,-0.158,181.400,2.810,-0.016,-0.054,-0.158,4.637820,-74.083632,0.19,0,0
6973,71303090,-0.518,-0.129,-10.011,-0.973,0.722,-0.067,181.340,2.824,-0.013,-0.053,-0.067,4.637820,-74.083632,0.19,0,0
6974,71313095,-0.463,-0.148,-9.967,-0.301,1.149,0.269,181.301,2.818,-0.015,-0.047,0.269,4.637820,-74.083632,0.19,0,0
6975,71323090,-0.430,-0.177,-9.871,0.065,1.057,0.574,181.281,2.798,-0.018,-0.044,0.574,4.637820,-74.083632,0.19,0,0
6976,71333095,-0.442,-0.240,-9.797,0.187,0.599,0.513,181.292,2.783,-0.024,-0.045,0.513,4.637820,-74.083632,0.19,0,0
6977,71343090,-0.446,-0.281,-9.826,-0.088,0.111,0.513,181.318,2.766,-0.029,-0.046,0.513,4.637820,-74.083632,0.19,0,0
6978,71353095,-0.466,-0.298,-9.879,-0.240,-0.743,0.208,181.348,2.749,-0.030,-0.047,0.208,4.637820,-74.083632,0.19,0,0
6979,71363090,-0.511,-0.259,-9.898,-0.149,-1.293,-0.219,181.358,2.749,-0.026,-0.052,-0.219,4.637820,-74.083632,0.19,0,0
6980,71373095,-0.575,-0.218,-9.941,-0.088,-1.140,-0.219,181.350,2.777,-0.022,-0.059,-0.219,4.637820,-74.083632,0.19,0,0
6981,71383090,-0.580,-0.245,-9.992,0.096,-0.530,0.055,181.356,2.809,-0.025,-0.059,0.055,4.637820,-74.083632,0.19,0,0
6982,71393095,-0.568,-0.312,-9.975,0.004,-0.072,0.025,181.389,2.839,-0.032,-0.058,0.025,4.637820,-74.083632,0.19,0,0
6983,71403090,-0.566,-0.372,-9.951,-0.118,0.264,-0.402,181.446,2.868,-0.038,-0.058,-0.402,4.637820,-74.083632,0.19,0,0
6984,71413096,-0.547,-0.317,-9.982,-0.332,0.508,-1.043,181.472,2.889,-0.032,-0.056,-1.043,4.637820,-74.083632,0.19,0,0
6985,71423090,-0.508,-0.208,-9.987,-0.484,0.722,-1.348,181.447,2.893,-0.021,-0.052,-1.348,4.637820,-74.083632,0.19,0,0
6986,71433095,-0.435,-0.160,-10.001,-0.454,1.088,-1.196,181.403,2.868,-0.016,-0.044,-1.196,4.637820,-74.083632,0.19,0,0
6987,71443090,-0.399,-0.124,-9.943,-0.027,1.332,-0.677,181.351,2.832,-0.013,-0.041,-0.677,4.637820,-74.083632,0.19,0,0
6988,71453094,-0.365,-0.153,-9.895,0.279,0.966,-0.341,181.318,2.782,-0.016,-0.037,-0.341,4.637820,-74.083632,0.19,0,0
6989,71463090,-0.320,-0.216,-9.835,0.767,0.264,-0.036,181.321,2.711,-0.022,-0.033,-0.036,4.637820,-74.083632,0.19,0,0
6990,71473095,-0.349,-0.232,-9.792,1.164,-0.377,0.361,181.335,2.652,-0.024,-0.036,0.361,4.637820,-74.083632,0.19,0,0
6991,71483090,-0.382,-0.326,-9.783,1.347,-0.926,0.757,181.392,2.607,-0.033,-0.039,0.757,4.637820,-74.083632,0.19,0,0
6992,71493095,-0.401,-0.418,-9.795,0.767,-1.323,0.910,181.480,2.570,-0.043,-0.041,0.910,4.637820,-74.083632,0.19,0,0
6993,71503090,-0.420,-0.380,-9.804,-0.149,-1.628,0.696,181.535,2.542,-0.039,-0.043,0.696,4.637820,-74.083632,0.19,0,0
6994,71513095,-0.485,-0.283,-9.883,-0.637,-1.811,0.513,181.538,2.541,-0.029,-0.049,0.513,4.637820,-74.083632,0.19,0,0
6995,71523090,-0.535,-0.208,-9.924,-0.454,-1.628,0.483,181.509,2.563,-0.021,-0.055,0.483,4.637820,-74.083632,0.19,0,0
6996,71533095,-0.566,-0.182,-9.982,0.004,-1.445,0.452,181.474,2.597,-0.019,-0.058,0.452,4.637820,-74.083632,0.19,0,0
6997,71543090,-0.592,-0.235,-9.994,0.462,-0.896,0.147,181.469,2.645,-0.024,-0.060,0.147,4.637820,-74.083632,0.19,0,0
6998,71553095,-0.549,-0.264,-9.982,0.645,-0.194,-0.219,181.479,2.677,-0.027,-0.056,-0.219,4.637820,-74.083632,0.19,0,0
6999,71581516,-0.380,-0.261,-9.855,-0.484,2.003,-0.402,181.471,2.677,-0.027,-0.039,-0.402,4.637820,-74.083632,0.19,0,0
7000,71582840,-0.380,-0.261,-9.855,-0.484,2.003,-0.402,181.468,2.662,-0.027,-0.039,-0.402,4.637820,-74.083632,0.19,0,0
7001,71584148,-0.380,-0.261,-9.855,-0.484,2.003,-0.402,181.468,2.638,-0.027,-0.039,-0.402,4.637820,-74.083632,0.19,0,0
7002,71593095,-0.327,-0.237,-9.775,-0.973,2.095,-0.128,181.453,2.590,-0.024,-0.033,-0.128,4.637820,-74.083632,0.19,0,0
7003,71603091,-0.272,-0.177,-9.749,-1.186,1.637,0.330,181.408,2.517,-0.018,-0.028,0.330,4.637820,-74.083632,0.19,0,0
7004,71613095,-0.246,-0.141,-9.682,-0.973,0.599,0.910,181.351,2.430,-0.014,-0.025,0.910,4.637820,-74.083632,0.19,0,0
7005,71623091,-0.256,-0.143,-9.636,-0.698,-0.743,1.490,181.304,2.344,-0.015,-0.026,1.490,4.637820,-74.083632,0.19,0,0
7006,71633144,-0.337,-0.189,-9.643,-0.423,-2.056,1.978,181.286,2.293,-0.019,-0.034,1.978,4.637820,-74.083632,0.19,0,0
7007,71643090,-0.406,-0.247,-9.636,-0.362,-3.002,2.375,181.298,2.271,-0.025,-0.041,2.375,4.637820,-74.083632,0.19,0,0
7008,71653095,-0.501,-0.370,-9.691,-0.667,-3.398,2.436,181.363,2.290,-0.038,-0.051,2.436,4.637820,-74.083632,0.19,0,0
7009,71663090,-0.559,-0.481,-9.766,-1.644,-3.368,2.161,181.464,2.332,-0.049,-0.057,2.161,4.637820,-74.083632,0.19,0,0
7010,71673096,-0.561,-0.502,-9.845,-2.743,-2.910,1.673,181.554,2.374,-0.051,-0.057,1.673,4.637820,-74.083632,0.19,0,0
7011,71683098,-0.597,-0.428,-9.927,-3.902,-1.964,1.154,181.590,2.435,-0.044,-0.061,1.154,4.637820,-74.083632,0.19,0,0
7012,71693109,-0.554,-0.363,-9.967,-4.330,-0.987,0.788,181.589,2.480,-0.037,-0.056,0.788,4.637820,-74.083632,0.19,0,0
7013,71703104,-0.480,-0.283,-10.006,-4.452,-0.072,0.879,181.551,2.495,-0.029,-0.049,0.879,4.637820,-74.083632,0.19,0,0
7014,71713095,-0.382,-0.247,-9.996,-4.238,0.508,1.246,181.502,2.472,-0.025,-0.039,1.246,4.637820,-74.083632,0.19,0,0
7015,71723097,-0.318,-0.242,-9.939,-3.902,0.569,1.642,181.458,2.423,-0.025,-0.032,1.642,4.637820,-74.083632,0.19,0,0
7016,71733112,-0.263,-0.242,-9.927,-3.536,-0.072,1.948,181.422,2.348,-0.025,-0.027,1.948,4.637820,-74.083632,0.19,0,0
7017,71743100,-0.282,-0.208,-9.946,-3.200,-0.987,2.192,181.376,2.279,-0.021,-0.029,2.192,4.637820,-74.083632,0.19,0,0
7018,71753096,-0.296,-0.199,-9.970,-2.651,-1.872,2.466,181.334,2.213,-0.020,-0.030,2.466,4.637820,-74.083632,0.19,0,0
7019,71763091,-0.368,-0.194,-10.028,-2.193,-2.605,2.527,181.297,2.176,-0.020,-0.038,2.527,4.637820,-74.083632,0.19,0,0
7020,71773101,-0.399,-0.163,-10.126,-1.827,-2.910,2.558,181.251,2.151,-0.017,-0.041,2.558,4.637820,-74.083632,0.19,0,0
7021,71783115,-0.432,-0.093,-10.167,-1.308,-2.696,2.527,181.184,2.143,-0.009,-0.044,2.527,4.637820,-74.083632,0.19,0,0
7022,71793104,-0.477,-0.035,-10.174,-0.698,-1.811,2.833,181.102,2.164,-0.004,-0.049,2.833,4.637820,-74.083632,0.19,0,0
7023,71803097,-0.468,-0.030,-10.066,0.004,-0.743,3.321,181.032,2.191,-0.003,-0.048,3.321,4.637820,-74.083632,0.19,0,0
7024,71813112,-0.458,-0.076,-9.910,0.584,-0.011,3.840,180.992,2.221,-0.008,-0.047,3.840,4.637820,-74.083632,0.19,0,0
7025,71823103,-0.442,-0.220,-9.778,0.645,0.447,4.084,181.022,2.249,-0.022,-0.045,4.084,4.637820,-74.083632,0.19,0,0
7026,71833095,-0.406,-0.314,-9.638,0.187,0.294,4.145,181.088,2.260,-0.032,-0.041,4.145,4.637820,-74.083632,0.19,0,0
7027,71843102,-0.423,-0.351,-9.593,-0.667,-0.316,3.840,181.159,2.272,-0.036,-0.043,3.840,4.637820,-74.083632,0.19,0,0
7028,71853101,-0.423,-0.295,-9.574,-1.888,-1.262,3.748,181.189,2.276,-0.030,-0.043,3.748,4.637820,-74.083632,0.19,0,0
7029,71863095,-0.473,-0.254,-9.665,-2.651,-2.117,3.657,181.189,2.292,-0.026,-0.048,3.657,4.637820,-74.083632,0.19,0,0
7030,71873108,-0.537,-0.204,-9.778,-3.078,-2.605,3.534,181.161,2.328,-0.021,-0.055,3.534,4.637820,-74.083632,0.19,0,0
7031,71883102,-0.587,-0.151,-9.922,-3.261,-2.727,3.382,181.109,2.380,-0.015,-0.060,3.382,4.637820,-74.083632,0.19,0,0
7032,71893105,-0.611,-0.126,-10.052,-2.926,-2.361,3.290,181.053,2.437,-0.013,-0.062,3.290,4.637820,-74.083632,0.19,0,0
7033,71903100,-0.623,-0.107,-10.095,-2.468,-1.598,3.351,180.997,2.502,-0.011,-0.064,3.351,4.637820,-74.083632,0.19,0,0
7034,71916638,-0.666,-0.177,-10.107,-1.675,-0.225,3.382,180.977,2.592,-0.018,-0.068,3.382,4.637820,-74.083632,0.19,0,0
7035,71923102,-0.666,-0.177,-10.107,-1.675,-0.225,3.382,180.965,2.677,-0.018,-0.068,3.382,4.637820,-74.083632,0.19,0,0
7036,71933100,-0.623,-0.175,-10.085,-1.247,0.081,2.833,180.956,2.740,-0.018,-0.064,2.833,4.637820,-74.083632,0.19,0,0
7037,71943095,-0.601,-0.122,-10.085,-1.125,0.142,2.527,180.925,2.789,-0.012,-0.061,2.527,4.637820,-74.083632,0.19,0,0
7038,71953102,-0.592,-0.008,-10.059,-0.820,0.172,2.436,180.851,2.831,-0.001,-0.060,2.436,4.637820,-74.083632,0.19,0,0
7039,71963111,-0.575,0.064,-10.047,-0.088,0.020,2.466,180.757,2.862,0.007,-0.059,2.466,4.637820,-74.083632,0.19,0,0
7040,71973100,-0.594,0.016,-9.967,0.645,-0.041,2.497,180.698,2.899,0.002,-0.061,2.497,4.637820,-74.083632,0.19,0,0
7041,71983101,-0.590,-0.066,-9.900,1.316,-0.011,2.527,180.686,2.934,-0.007,-0.060,2.527,4.637820,-74.083632,0.19,0,0
7042,71993113,-0.566,-0.148,-9.888,1.316,-0.011,2.558,180.712,2.956,-0.015,-0.058,2.558,4.637820,-74.083632,0.19,0,0
7043,72003114,-0.554,-0.170,-9.816,0.614,-0.133,2.588,180.740,2.971,-0.017,-0.056,2.588,4.637820,-74.083632,0.19,0,0
7044,72013097,-0.566,-0.148,-9.771,-0.210,-0.438,2.436,180.748,2.989,-0.015,-0.058,2.436,4.637820,-74.083632,0.19,0,0
7045,72023103,-0.575,-0.032,-9.819,-0.637,-0.987,2.192,180.700,3.004,-0.003,-0.059,2.192,4.637820,-74.083632,0.19,0,0
7046,72033098,-0.580,0.079,-9.814,-0.393,-1.659,2.192,180.608,3.013,0.008,-0.059,2.192,4.637820,-74.083632,0.19,0,0
7047,72043092,-0.628,0.107,-9.828,0.401,-2.239,2.405,180.518,3.037,0.011,-0.064,2.405,4.637820,-74.083632,0.19,0,0
7048,72053113,-0.656,0.011,-9.845,1.194,-2.269,2.527,180.485,3.071,0.001,-0.067,2.527,4.637820,-74.083632,0.19,0,0
7049,72063094,-0.692,-0.107,-9.852,1.438,-1.842,2.619,180.509,3.123,-0.011,-0.071,2.619,4.637820,-74.083632,0.19,0,0
7050,72073105,-0.697,-0.230,-9.807,0.919,-1.232,2.466,180.582,3.179,-0.023,-0.071,2.466,4.637820,-74.083632,0.19,0,0
7051,72083097,-0.673,-0.307,-9.778,-0.179,-0.469,2.161,180.674,3.228,-0.031,-0.069,2.161,4.637820,-74.083632,0.19,0,0
7052,72093096,-0.644,-0.300,-9.766,-1.736,0.020,1.642,180.741,3.266,-0.031,-0.066,1.642,4.637820,-74.083632,0.19,0,0
7053,72103092,-0.618,-0.184,-9.838,-3.048,-0.041,1.032,180.739,3.286,-0.019,-0.063,1.032,4.637820,-74.083632,0.19,0,0
7054,72113098,-0.575,0.018,-9.910,-3.231,-0.377,0.849,180.645,3.281,0.002,-0.059,0.849,4.637820,-74.083632,0.19,0,0
7055,72123092,-0.568,0.175,-9.955,-2.376,-0.804,1.002,180.498,3.269,0.018,-0.058,1.002,4.637820,-74.083632,0.19,0,0
7056,72133099,-0.616,0.132,-9.982,-0.820,-1.293,1.368,180.395,3.272,0.013,-0.063,1.368,4.637820,-74.083632,0.19,0,0
7057,72143092,-0.652,-0.013,-9.963,0.614,-1.476,1.673,180.377,3.290,-0.001,-0.066,1.673,4.637820,-74.083632,0.19,0,0
7058,72153097,-0.680,-0.136,-9.924,1.194,-1.598,1.490,180.419,3.319,-0.014,-0.069,1.490,4.637820,-74.083632,0.19,0,0
7059,72163092,-0.742,-0.286,-9.919,1.225,-1.537,0.940,180.525,3.374,-0.029,-0.076,0.940,4.637820,-74.083632,0.19,0,0
7060,72173096,-0.759,-0.276,-9.946,0.706,-1.171,-0.006,180.613,3.434,-0.028,-0.077,-0.006,4.637820,-74.083632,0.19,0,0
7061,72183092,-0.704,-0.177,-10.006,0.157,-0.225,-0.768,180.645,3.473,-0.018,-0.072,-0.768,4.637820,-74.083632,0.19,0,0
7062,72193097,-0.659,-0.117,-10.028,-0.149,1.118,-0.921,180.646,3.501,-0.012,-0.067,-0.921,4.637820,-74.083632,0.19,0,0
7063,72203092,-0.582,-0.071,-9.984,-0.454,2.369,-0.891,180.624,3.506,-0.007,-0.059,-0.891,4.637820,-74.083632,0.19,0,0
7064,72213096,-0.475,-0.018,-9.919,-0.698,3.010,-0.555,180.579,3.472,-0.002,-0.048,-0.555,4.637820,-74.083632,0.19,0,0
7065,72223092,-0.430,0.011,-9.802,-0.515,2.797,-0.067,180.525,3.421,0.001,-0.044,-0.067,4.637820,-74.083632,0.19,0,0
7066,72233097,-0.408,0.013,-9.749,-0.027,1.820,0.330,180.480,3.355,0.001,-0.042,0.330,4.637820,-74.083632,0.19,0,0
7067,72243092,-0.392,-0.013,-9.725,0.462,0.325,0.666,180.454,3.274,-0.001,-0.040,0.666,4.637820,-74.083632,0.19,0,0
7068,72253098,-0.449,-0.056,-9.732,0.553,-1.140,0.849,180.450,3.212,-0.006,-0.046,0.849,4.637820,-74.083632,0.19,0,0
7069,72266292,-0.618,-0.138,-9.881,0.401,-2.666,1.093,180.483,3.202,-0.014,-0.063,1.093,4.637820,-74.083632,0.19,0,0
7070,72273094,-0.618,-0.138,-9.881,0.401,-2.666,1.093,180.512,3.203,-0.014,-0.063,1.093,4.637820,-74.083632,0.19,0,0
7071,72283089,-0.656,-0.172,-9.980,-0.088,-2.483,0.879,180.548,3.219,-0.018,-0.067,0.879,4.637820,-74.083632,0.19,0,0
7072,72293094,-0.683,-0.112,-10.042,-0.545,-1.720,0.849,180.551,3.251,-0.011,-0.070,0.849,4.637820,-74.083632,0.19,0,0
7073,72303091,-0.728,-0.069,-10.023,-0.515,-0.682,1.002,180.534,3.310,-0.007,-0.074,1.002,4.637820,-74.083632,0.19,0,0
7074,72313095,-0.730,-0.061,-10.006,0.065,-0.225,1.032,180.521,3.370,-0.006,-0.074,1.032,4.637820,-74.083632,0.19,0,0
7075,72323091,-0.718,-0.090,-9.943,0.919,-0.194,0.696,180.530,3.423,-0.009,-0.073,0.696,4.637820,-74.083632,0.19,0,0
7076,72333093,-0.721,-0.122,-9.888,1.499,-0.316,0.330,180.558,3.473,-0.012,-0.073,0.330,4.637820,-74.083632,0.19,0,0
7077,72343089,-0.725,-0.177,-9.826,1.805,-0.377,0.086,180.611,3.523,-0.018,-0.074,0.086,4.637820,-74.083632,0.19,0,0
7078,72353094,-0.735,-0.240,-9.792,1.438,-0.286,-0.219,180.686,3.575,-0.024,-0.075,-0.219,4.637820,-74.083632,0.19,0,0
7079,72363091,-0.740,-0.295,-9.790,0.797,-0.225,-0.799,180.773,3.626,-0.030,-0.075,-0.799,4.637820,-74.083632,0.19,0,0
7080,72373094,-0.673,-0.288,-9.775,0.187,0.111,-1.318,180.845,3.646,-0.029,-0.069,-1.318,4.637820,-74.083632,0.19,0,0
7081,72383091,-0.659,-0.228,-9.826,-0.637,0.508,-1.684,180.877,3.661,-0.023,-0.067,-1.684,4.637820,-74.083632,0.19,0,0
7082,72393094,-0.609,-0.165,-9.876,-1.278,0.935,-1.898,180.871,3.656,-0.017,-0.062,-1.898,4.637820,-74.083632,0.19,0,0
7083,72403091,-0.551,-0.066,-9.905,-1.705,1.088,-1.898,180.819,3.626,-0.007,-0.056,-1.898,4.637820,-74.083632,0.19,0,0
7084,72413094,-0.494,-0.006,-9.910,-1.644,1.118,-1.715,180.744,3.573,-0.001,-0.050,-1.715,4.637820,-74.083632,0.19,0,0
7085,72423091,-0.463,0.059,-9.895,-0.912,0.599,-1.470,180.653,3.507,0.006,-0.047,-1.470,4.637820,-74.083632,0.19,0,0
7086,72433094,-0.449,0.079,-9.915,-0.149,0.081,-1.074,180.568,3.434,0.008,-0.046,-1.074,4.637820,-74.083632,0.19,0,0
7087,72443089,-0.454,0.033,-9.888,0.584,-0.316,-0.585,180.516,3.365,0.003,-0.046,-0.585,4.637820,-74.083632,0.19,0,0
7088,72453093,-0.437,-0.032,-9.859,0.950,-0.377,-0.036,180.500,3.294,-0.003,-0.045,-0.036,4.637820,-74.083632,0.19,0,0
7089,72463089,-0.435,-0.141,-9.828,0.889,-0.347,0.391,180.534,3.229,-0.014,-0.044,0.391,4.637820,-74.083632,0.19,0,0
7090,72473094,-0.461,-0.223,-9.775,0.279,-0.255,0.696,180.595,3.182,-0.023,-0.047,0.696,4.637820,-74.083632,0.19,0,0
7091,72483091,-0.492,-0.232,-9.773,-0.332,-0.194,0.727,180.651,3.153,-0.024,-0.050,0.727,4.637820,-74.083632,0.19,0,0
7092,72493095,-0.494,-0.252,-9.816,-1.186,-0.133,0.727,180.703,3.127,-0.026,-0.050,0.727,4.637820,-74.083632,0.19,0,0
7093,72503091,-0.449,-0.182,-9.840,-1.827,-0.194,0.696,180.714,3.082,-0.019,-0.046,0.696,4.637820,-74.083632,0.19,0,0
7094,72513093,-0.444,-0.088,-9.876,-2.224,-0.469,0.666,180.678,3.035,-0.009,-0.045,0.666,4.637820,-74.083632,0.19,0,0
7095,72523090,-0.427,-0.008,-9.919,-1.949,-0.743,0.910,180.613,2.981,-0.001,-0.044,0.910,4.637820,-74.083632,0.19,0,0
7096,72533094,-0.444,0.042,-9.922,-1.247,-1.140,1.307,180.536,2.934,0.004,-0.045,1.307,4.637820,-74.083632,0.19,0,0
7097,72543091,-0.489,-0.032,-9.919,-0.423,-1.323,1.887,180.506,2.909,-0.003,-0.050,1.887,4.637820,-74.083632,0.19,0,0
7098,72553095,-0.547,-0.179,-9.941,0.034,-1.445,2.253,180.547,2.910,-0.018,-0.056,2.253,4.637820,-74.083632,0.19,0,0
7099,72610251,-0.435,0.021,-9.948,-1.430,1.515,2.009,180.409,2.924,0.002,-0.044,2.009,4.637820,-74.083632,0.19,0,0
7100,72611575,-0.435,0.021,-9.948,-1.430,1.515,2.009,180.289,2.920,0.002,-0.044,2.009,4.637820,-74.083632,0.19,0,0
7101,72612889,-0.435,0.021,-9.948,-1.430,1.515,2.009,180.191,2.906,0.002,-0.044,2.009,4.637820,-74.083632,0.19,0,0
7102,72614199,-0.399,0.081,-9.876,-0.912,1.057,2.772,180.084,2.848,0.008,-0.041,2.772,4.637820,-74.083632,0.19,0,0
7103,72615512,-0.399,0.081,-9.876,-0.912,1.057,2.772,180.000,2.795,0.008,-0.041,2.772,4.637820,-74.083632,0.19,0,0
7104,72616825,-0.399,0.081,-9.876,-0.912,1.057,2.772,179.935,2.746,0.008,-0.041,2.772,4.637820,-74.083632,0.19,0,0
7105,72623092,-0.399,0.081,-9.876,-0.912,1.057,2.772,179.883,2.704,0.008,-0.041,2.772,4.637820,-74.083632,0.19,0,0
7106,72633157,-0.415,0.042,-9.804,0.126,-0.102,3.443,179.871,2.671,0.004,-0.042,3.443,4.637820,-74.083632,0.19,0,0
7107,72643093,-0.523,-0.095,-9.756,1.164,-1.659,3.809,179.950,2.691,-0.010,-0.053,3.809,4.637820,-74.083632,0.19,0,0
7108,72653096,-0.599,-0.230,-9.790,1.560,-2.941,3.565,180.097,2.737,-0.023,-0.061,3.565,4.637820,-74.083632,0.19,0,0
7109,72663093,-0.716,-0.286,-9.869,1.347,-3.642,3.077,180.253,2.829,-0.029,-0.073,3.077,4.637820,-74.083632,0.19,0,0
7110,72673109,-0.787,-0.245,-9.972,0.614,-3.673,2.466,180.362,2.942,-0.025,-0.080,2.466,4.637820,-74.083632,0.19,0,0
7111,72683100,-0.811,-0.146,-10.056,0.126,-2.819,2.039,180.405,3.058,-0.015,-0.083,2.039,4.637820,-74.083632,0.19,0,0
7112,72693119,-0.854,-0.064,-10.116,-0.057,-1.293,1.887,180.401,3.194,-0.006,-0.087,1.887,4.637820,-74.083632,0.19,0,0
7113,72703105,-0.840,-0.059,-10.071,0.309,0.172,1.764,180.399,3.324,-0.006,-0.086,1.764,4.637820,-74.083632,0.19,0,0
7114,72713097,-0.792,-0.078,-9.953,0.736,1.027,1.703,180.410,3.431,-0.008,-0.081,1.703,4.637820,-74.083632,0.19,0,0
7115,72723097,-0.740,-0.122,-9.895,0.981,1.362,1.429,180.444,3.509,-0.012,-0.075,1.429,4.637820,-74.083632,0.19,0,0
7116,72733115,-0.711,-0.146,-9.778,0.950,1.210,1.093,180.486,3.568,-0.015,-0.073,1.093,4.637820,-74.083632,0.19,0,0
7117,72743102,-0.666,-0.177,-9.749,0.584,0.722,0.849,180.537,3.598,-0.018,-0.068,0.849,4.637820,-74.083632,0.19,0,0
7118,72753097,-0.642,-0.165,-9.730,0.096,-0.041,0.666,180.573,3.608,-0.017,-0.065,0.666,4.637820,-74.083632,0.19,0,0
7119,72763101,-0.687,-0.141,-9.723,-0.332,-0.896,0.452,180.590,3.630,-0.014,-0.070,0.452,4.637820,-74.083632,0.19,0,0
7120,72773113,-0.714,-0.136,-9.804,-0.576,-1.689,0.117,180.602,3.652,-0.014,-0.073,0.117,4.637820,-74.083632,0.19,0,0
7121,72783104,-0.723,-0.107,-9.910,-0.698,-2.117,-0.189,180.597,3.669,-0.011,-0.074,-0.189,4.637820,-74.083632,0.19,0,0
7122,72793106,-0.733,-0.013,-9.972,-0.851,-1.995,-0.372,180.549,3.689,-0.001,-0.075,-0.372,4.637820,-74.083632,0.19,0,0
7123,72803102,-0.795,0.059,-10.025,-0.576,-1.659,-0.250,180.475,3.735,0.006,-0.081,-0.250,4.637820,-74.083632,0.19,0,0
7124,72813116,-0.814,0.064,-9.975,0.157,-1.201,-0.189,180.412,3.792,0.007,-0.083,-0.189,4.637820,-74.083632,0.19,0,0
7125,72823105,-0.830,0.006,-9.917,0.767,-0.804,-0.372,180.385,3.857,0.001,-0.085,-0.372,4.637820,-74.083632,0.19,0,0
7126,72833100,-0.823,-0.083,-9.847,1.164,-0.377,-0.616,180.404,3.921,-0.008,-0.084,-0.616,4.637820,-74.083632,0.19,0,0
7127,72843101,-0.807,-0.122,-9.811,1.133,0.020,-0.952,180.438,3.977,-0.012,-0.082,-0.952,4.637820,-74.083632,0.19,0,0
7128,72853099,-0.799,-0.085,-9.727,0.706,0.325,-1.318,180.450,4.031,-0.009,-0.082,-1.318,4.637820,-74.083632,0.19,0,0
7129,72863101,-0.740,-0.069,-9.687,0.523,0.630,-1.745,180.452,4.059,-0.007,-0.075,-1.745,4.637820,-74.083632,0.19,0,0
7130,72873109,-0.711,-0.122,-9.641,0.401,1.027,-1.867,180.477,4.077,-0.012,-0.073,-1.867,4.637820,-74.083632,0.19,0,0
7131,72883104,-0.687,-0.199,-9.629,-0.057,1.454,-2.020,180.531,4.086,-0.020,-0.070,-2.020,4.637820,-74.083632,0.19,0,0
7132,72893108,-0.644,-0.298,-9.643,-0.912,1.790,-2.294,180.618,4.079,-0.030,-0.066,-2.294,4.637820,-74.083632,0.19,0,0
7133,72903097,-0.601,-0.300,-9.708,-2.346,2.095,-2.813,180.685,4.053,-0.031,-0.061,-2.813,4.637820,-74.083632,0.19,0,0
7134,72918851,-0.501,-0.003,-9.855,-4.207,2.064,-3.332,180.572,3.986,-0.000,-0.051,-3.332,4.637820,-74.083632,0.19,0,0
7135,72923102,-0.501,-0.003,-9.855,-4.207,2.064,-3.332,180.490,3.916,-0.000,-0.051,-3.332,4.637820,-74.083632,0.19,0,0
7136,72933106,-0.463,0.117,-9.975,-3.933,1.942,-2.996,180.363,3.831,0.012,-0.047,-2.996,4.637820,-74.083632,0.19,0,0
7137,72943100,-0.458,0.194,-10.020,-2.987,1.576,-2.539,180.221,3.747,0.020,-0.047,-2.539,4.637820,-74.083632,0.19,0,0
7138,72953104,-0.466,0.214,-10.073,-1.766,1.210,-1.959,180.093,3.669,0.022,-0.047,-1.959,4.637820,-74.083632,0.19,0,0
7139,72963123,-0.494,0.168,-10.056,-0.393,0.844,-1.348,180.009,3.606,0.017,-0.050,-1.348,4.637820,-74.083632,0.19,0,0
7140,72973096,-0.547,0.016,-10.011,0.736,0.599,-0.982,180.008,3.570,0.002,-0.056,-0.982,4.637820,-74.083632,0.19,0,0
7141,72983092,-0.590,-0.117,-9.989,1.072,0.569,-0.982,180.070,3.556,-0.012,-0.060,-0.982,4.637820,-74.083632,0.19,0,0
7142,72993096,-0.613,-0.175,-9.912,0.981,0.691,-1.013,180.151,3.558,-0.018,-0.063,-1.013,4.637820,-74.083632,0.19,0,0
7143,73003107,-0.604,-0.167,-9.903,0.614,0.905,-1.165,180.220,3.557,-0.017,-0.062,-1.165,4.637820,-74.083632,0.19,0,0
7144,73013105,-0.590,-0.126,-9.881,0.248,1.393,-1.348,180.263,3.555,-0.013,-0.060,-1.348,4.637820,-74.083632,0.19,0,0
7145,73023101,-0.618,-0.105,-9.797,0.279,1.820,-1.318,180.292,3.572,-0.011,-0.063,-1.318,4.637820,-74.083632,0.19,0,0
7146,73033105,-0.606,-0.196,-9.747,0.553,1.942,-1.165,180.364,3.584,-0.020,-0.062,-1.165,4.637820,-74.083632,0.19,0,0
7147,73043089,-0.592,-0.343,-9.785,0.248,2.064,-1.379,180.493,3.590,-0.035,-0.060,-1.379,4.637820,-74.083632,0.19,0,0
7148,73053111,-0.559,-0.360,-9.879,-0.728,2.308,-2.142,180.609,3.580,-0.037,-0.057,-2.142,4.637820,-74.083632,0.19,0,0
7149,73063091,-0.532,-0.196,-9.975,-1.613,2.614,-2.752,180.634,3.560,-0.020,-0.054,-2.752,4.637820,-74.083632,0.19,0,0
7150,73073099,-0.451,0.004,-10.011,-1.766,3.132,-2.630,180.568,3.510,0.000,-0.046,-2.630,4.637820,-74.083632,0.19,0,0
7151,73083094,-0.380,0.144,-9.958,-1.156,3.651,-1.715,180.452,3.438,0.015,-0.039,-1.715,4.637820,-74.083632,0.19,0,0
7152,73093095,-0.284,0.071,-9.843,-0.088,3.895,-0.524,180.385,3.334,0.007,-0.029,-0.524,4.637820,-74.083632,0.19,0,0
7153,73103090,-0.239,-0.083,-9.749,0.370,3.316,0.666,180.397,3.213,-0.008,-0.024,0.666,4.637820,-74.083632,0.19,0,0
7154,73113095,-0.287,-0.124,-9.694,0.004,1.698,1.337,180.423,3.109,-0.013,-0.029,1.337,4.637820,-74.083632,0.19,0,0
7155,73123090,-0.365,-0.141,-9.703,-0.149,-0.469,1.398,180.453,3.028,-0.014,-0.037,1.398,4.637820,-74.083632,0.19,0,0
7156,73133145,-0.487,-0.069,-9.826,0.218,-2.605,1.429,180.452,2.985,-0.007,-0.050,1.429,4.637820,-74.083632,0.19,0,0
7157,73143092,-0.649,-0.001,-10.006,1.011,-3.978,1.368,180.428,3.000,-0.000,-0.066,1.368,4.637820,-74.083632,0.19,0,0
7158,73153096,-0.821,-0.008,-10.090,1.591,-4.344,1.215,180.414,3.081,-0.001,-0.084,1.215,4.637820,-74.083632,0.19,0,0
7159,73163090,-0.973,-0.066,-10.140,2.232,-3.429,0.849,180.432,3.228,-0.007,-0.099,0.849,4.637820,-74.083632,0.19,0,0
7160,73173097,-1.031,-0.165,-10.128,2.720,-1.842,0.178,180.496,3.404,-0.017,-0.105,0.178,4.637820,-74.083632,0.19,0,0
7161,73183091,-1.038,-0.182,-10.116,2.659,-0.011,-1.043,180.562,3.587,-0.019,-0.106,-1.043,4.637820,-74.083632,0.19,0,0
7162,73193096,-1.031,-0.146,-10.035,2.384,1.668,-2.539,180.605,3.771,-0.015,-0.105,-2.539,4.637820,-74.083632,0.19,0,0
7163,73203090,-0.942,-0.097,-9.888,2.079,3.071,-3.637,180.621,3.923,-0.010,-0.096,-3.637,4.637820,-74.083632,0.19,0,0
7164,73213095,-0.845,-0.071,-9.787,1.743,4.109,-4.400,180.622,4.034,-0.007,-0.086,-4.400,4.637820,-74.083632,0.19,0,0
7165,73223090,-0.742,-0.093,-9.696,1.286,4.597,-5.071,180.629,4.099,-0.009,-0.076,-5.071,4.637820,-74.083632,0.19,0,0
7166,73233095,-0.652,-0.134,-9.595,0.340,4.292,-5.651,180.646,4.118,-0.014,-0.066,-5.651,4.637820,-74.083632,0.19,0,0
7167,73243090,-0.539,-0.158,-9.612,-0.820,3.529,-6.414,180.661,4.078,-0.016,-0.055,-6.414,4.637820,-74.083632,0.19,0,0
7168,73253094,-0.487,-0.071,-9.687,-2.041,2.644,-6.750,180.624,4.007,-0.007,-0.050,-6.750,4.637820,-74.083632,0.19,0,0
7169,73271497,-0.485,0.088,-9.912,-3.414,0.722,-6.201,180.476,3.914,0.009,-0.049,-6.201,4.637820,-74.083632,0.19,0,0
7170,73273096,-0.485,0.088,-9.912,-3.414,0.722,-6.201,180.366,3.828,0.009,-0.049,-6.201,4.637820,-74.083632,0.19,0,0
7171,73283091,-0.508,0.194,-10.018,-3.139,-0.499,-5.956,180.221,3.746,0.020,-0.052,-5.956,4.637820,-74.083632,0.19,0,0
7172,73293094,-0.585,0.281,-10.090,-2.010,-1.598,-5.529,180.059,3.693,0.029,-0.060,-5.529,4.637820,-74.083632,0.19,0,0
7173,73303091,-0.668,0.271,-10.100,-0.362,-2.300,-4.949,179.931,3.675,0.028,-0.068,-4.949,4.637820,-74.083632,0.19,0,0
7174,73313093,-0.776,0.088,-10.028,1.194,-2.757,-4.339,179.909,3.704,0.009,-0.079,-4.339,4.637820,-74.083632,0.19,0,0
7175,73323091,-0.828,-0.172,-9.948,1.988,-3.093,-4.186,180.012,3.753,-0.018,-0.084,-4.186,4.637820,-74.083632,0.19,0,0
7176,73333094,-0.923,-0.399,-9.905,1.560,-3.368,-4.888,180.205,3.840,-0.041,-0.094,-4.888,4.637820,-74.083632,0.19,0,0
7177,73343091,-0.995,-0.505,-9.915,0.279,-3.612,-6.109,180.417,3.948,-0.051,-0.101,-6.109,4.637820,-74.083632,0.19,0,0
7178,73353094,-1.009,-0.483,-10.001,-1.217,-3.642,-7.726,180.588,4.050,-0.049,-0.103,-7.726,4.637820,-74.083632,0.19,0,0
7179,73363091,-0.983,-0.295,-10.169,-2.560,-3.154,-9.313,180.648,4.130,-0.030,-0.100,-9.313,4.637820,-74.083632,0.19,0,0
7180,73373095,-0.976,-0.028,-10.301,-2.987,-2.513,-10.107,180.582,4.201,-0.003,-0.100,-10.107,4.637820,-74.083632,0.19,0,0
7181,73383092,-0.942,0.211,-10.366,-2.163,-1.995,-10.320,180.429,4.255,0.022,-0.096,-10.320,4.637820,-74.083632,0.19,0,0
7182,73393095,-0.978,0.332,-10.354,-0.301,-1.811,-10.198,180.253,4.322,0.034,-0.100,-10.198,4.637820,-74.083632,0.19,0,0
7183,73403091,-0.868,0.204,-10.220,1.957,-1.903,-9.771,180.164,4.341,0.021,-0.089,-9.771,4.637820,-74.083632,0.19,0,0
7184,73413093,-0.783,0.057,-10.001,3.880,-1.415,-10.565,180.163,4.334,0.006,-0.080,-10.565,4.637820,-74.083632,0.19,0,0
7185,73423091,-0.838,-0.037,-9.893,4.704,-1.384,-11.236,180.211,4.356,-0.004,-0.085,-11.236,4.637820,-74.083632,0.19,0,0
7186,73433094,-0.756,-0.271,-9.701,4.032,-1.476,-11.114,180.355,4.346,-0.028,-0.077,-11.114,4.637820,-74.083632,0.19,0,0
7187,73443091,-0.656,-0.343,-9.569,2.628,-1.567,-11.816,180.510,4.296,-0.035,-0.067,-11.816,4.637820,-74.083632,0.19,0,0
7188,73453094,-0.649,-0.259,-9.530,0.828,-2.025,-12.365,180.598,4.242,-0.026,-0.066,-12.365,4.637820,-74.083632,0.19,0,0
7189,73463091,-0.635,-0.189,-9.547,-0.393,-2.666,-12.762,180.636,4.180,-0.019,-0.065,-12.762,4.637820,-74.083632,0.19,0,0
7190,73473094,-0.590,-0.105,-9.605,-1.125,-3.337,-13.281,180.625,4.095,-0.011,-0.060,-13.281,4.637820,-74.083632,0.19,0,0
7191,73483091,-0.597,-0.040,-9.771,-1.247,-4.161,-13.769,180.584,4.006,-0.004,-0.061,-13.769,4.637820,-74.083632,0.19,0,0
7192,73493094,-0.640,0.134,-9.936,-1.125,-4.100,-14.105,180.471,3.940,0.014,-0.065,-14.105,4.637820,-74.083632,0.19,0,0
7193,73503091,-0.649,0.226,-10.035,-0.362,-3.002,-13.738,180.334,3.890,0.023,-0.066,-13.738,4.637820,-74.083632,0.19,0,0
7194,73513095,-0.623,0.122,-10.064,2.415,-0.041,-13.586,180.278,3.859,0.012,-0.064,-13.586,4.637820,-74.083632,0.19,0,0
7195,73523091,-0.582,0.226,-9.874,3.666,2.095,-13.311,180.192,3.837,0.023,-0.059,-13.311,4.637820,-74.083632,0.19,0,0
7196,73533094,-0.370,-0.090,-9.473,5.100,4.536,-12.152,180.266,3.754,-0.009,-0.038,-12.152,4.637820,-74.083632,0.19,0,0
7197,73543091,-0.237,-0.618,-9.149,4.643,5.787,-11.541,180.584,3.630,-0.063,-0.024,-11.541,4.637820,-74.083632,0.19,0,0
7198,73553094,-0.163,-0.705,-9.093,1.530,5.696,-12.396,180.892,3.480,-0.072,-0.017,-12.396,4.637820,-74.083632,0.19,0,0
